date,wti,henry_hub,brent,rbob,pjm_west,cels
2016-01-01,,2.28,,,,
2016-01-04,36.81,2.39,36.28,1.967,41.7,209.17
2016-01-05,35.97,2.33,35.56,1.899,43.06,209.52
2016-01-06,33.97,2.37,33.89,1.672,36.76,204.75
2016-01-07,33.29,2.35,33.57,1.463,31.5,194.01
2016-01-08,33.2,2.47,31.67,1.33,26.81,192.97
2016-01-11,31.42,2.54,30.14,1.345,39.79,191.71
2016-01-12,30.42,2.4,29.14,1.32,38.17,190.16
2016-01-13,30.42,2.28,28.58,1.219,44.38,183.65
2016-01-14,31.22,2.21,28.84,1.134,30.25,184.79
2016-01-15,29.45,2.18,28.8,1.093,24.19,179.21
2016-01-18,,2.18,27.36,,46.11,
2016-01-19,28.47,2.23,27.36,1.107,55.07,176.15
2016-01-20,26.68,2.18,26.01,1.074,39.23,178.11
2016-01-21,29.55,2.22,27.59,1.089,34.68,179.95
2016-01-22,32.07,2.21,30.46,1.122,36.71,185.79
2016-01-25,30.31,2.16,29.82,1.028,37.58,181.09
2016-01-26,29.54,2.26,30.94,1.247,31.14,185.26
2016-01-27,32.32,2.26,31.83,1.239,28.75,182.55
2016-01-28,33.21,2.15,33.01,1.097,31.44,183.82
2016-01-29,33.66,2.28,33.14,1.245,30.85,189.8
2016-02-01,31.62,2.28,32.45,1.194,25.31,189.42
2016-02-02,29.9,2.07,30.98,1.144,25.56,182.65
2016-02-03,32.29,2.06,32.38,1.175,23.57,183.44
2016-02-04,31.63,2.07,32.76,1.02,25.62,185.69
2016-02-05,30.86,2.08,32.35,1.067,29.08,180.79
2016-02-08,29.71,2.23,31.64,1.05,31.47,175.43
2016-02-09,27.96,2.17,30.15,0.945,35.41,174.05
2016-02-10,27.54,2.16,29.64,0.873,35.54,169.39
2016-02-11,26.19,2.15,28.82,0.886,41.5,165.73
2016-02-12,29.32,2.08,31.8,0.878,39.98,168.01
2016-02-15,,2.08,,,44.1,
2016-02-16,29.05,1.95,31.09,0.815,31.37,174.65
2016-02-17,30.68,1.93,33.21,0.736,31.14,179.76
2016-02-18,30.77,1.89,33.2,0.644,29.4,178.57
2016-02-19,29.59,1.83,31.66,0.618,25.04,177.16
2016-02-22,31.37,1.86,33.59,0.739,25.41,180.97
2016-02-23,31.84,1.85,31.9,0.765,27.1,177.28
2016-02-24,30.35,1.85,31.5,1.241,24.81,181.7
2016-02-25,31.4,1.78,32.83,1.236,26.12,185.33
2016-02-26,31.65,1.78,35.76,1.22,32.28,185.21
2016-02-29,32.74,1.62,35.92,1.248,25.61,187.04
2016-03-01,34.39,1.57,35.73,1.156,25.14,186.81
2016-03-02,34.57,1.6,36.38,1.165,30.14,189.71
2016-03-03,34.56,1.59,35.75,1.208,33.76,190.65
2016-03-04,35.91,1.49,37.61,1.306,30.28,191.32
2016-03-07,37.9,1.56,39.02,1.362,27.11,192.9
2016-03-08,36.67,1.6,39.16,1.352,23.76,189.43
2016-03-09,37.62,1.61,40.26,1.475,23.84,192.52
2016-03-10,37.77,1.72,38.63,1.506,24.25,191.89
2016-03-11,38.51,1.74,39.41,1.54,23.96,195.37
2016-03-14,37.2,1.68,38.06,1.545,27.52,195.24
2016-03-15,36.32,1.81,37.49,1.621,29.95,194.53
2016-03-16,38.43,1.77,38.38,1.6,27.52,196.08
2016-03-17,40.17,1.84,39.29,1.54,25.79,198.79
2016-03-18,39.47,1.84,39.26,1.579,25.69,199.33
2016-03-21,39.91,1.79,39.91,1.629,37.43,199.14
2016-03-22,41.45,1.79,40.54,1.683,27.78,197.34
2016-03-23,38.28,1.79,38.84,1.661,24.3,190.87
2016-03-24,38.14,1.78,38.33,1.722,24.1,192.01
2016-03-25,,1.78,,,23.82,
2016-03-28,37.99,1.78,38.33,1.733,,191.57
2016-03-29,36.91,1.77,36.75,1.713,30.55,194.57
2016-03-30,36.91,1.87,36.75,1.687,28.7,194.59
2016-03-31,36.94,1.98,36.75,1.645,26.65,194.78
2016-04-01,35.36,1.88,36.42,1.586,28.17,195.67
2016-04-04,34.3,1.96,36.05,1.557,33.14,193.73
2016-04-05,34.52,1.96,35.88,1.497,37.9,193.59
2016-04-06,37.74,1.91,37.77,1.406,32.89,197.35
2016-04-07,37.3,1.96,37.15,1.399,28.78,193.66
2016-04-08,39.74,1.99,40.71,1.469,32.63,194.09
2016-04-11,40.46,1.9,41.58,1.613,34.56,193.89
2016-04-12,42.12,1.97,43.02,1.644,35.72,194.78
2016-04-13,41.7,2.01,42.81,1.63,33.71,199.23
2016-04-14,41.45,1.93,43.02,1.604,33.0,198.86
2016-04-15,40.4,1.71,41.32,1.543,31.16,198.11
2016-04-18,39.74,1.76,41.64,1.513,35.93,200.13
2016-04-19,40.88,1.94,43.02,1.521,42.82,199.1
2016-04-20,42.72,1.94,43.09,1.492,35.3,201.72
2016-04-21,43.18,1.96,43.48,1.502,34.96,202.45
2016-04-22,42.76,1.92,43.97,1.515,42.1,203.92
2016-04-25,41.67,1.97,42.97,1.591,47.86,200.57
2016-04-26,42.52,1.97,43.94,1.58,37.16,204.44
2016-04-27,45.29,1.88,44.17,1.612,29.07,205.82
2016-04-28,46.03,1.88,45.6,1.623,26.65,200.52
2016-04-29,45.98,1.89,45.64,1.677,27.66,196.23
2016-05-02,44.75,1.91,45.82,1.628,30.64,196.42
2016-05-03,43.65,1.94,43.09,1.558,31.28,191.14
2016-05-04,43.77,2.03,43.08,1.543,28.22,187.54
2016-05-05,44.33,2.05,44.39,1.474,28.59,185.05
2016-05-06,44.58,1.86,44.6,1.461,27.93,185.68
2016-05-09,43.45,2.01,42.43,1.383,29.18,184.12
2016-05-10,44.68,2.01,44.01,1.43,26.31,183.32
2016-05-11,46.21,2.01,46.08,1.495,27.78,183.28
2016-05-12,46.64,2.01,46.43,1.478,30.18,180.36
2016-05-13,46.22,1.96,47.05,1.493,26.86,180.28
2016-05-16,47.72,1.91,48.49,1.514,26.4,182.36
2016-05-17,48.29,1.97,48.71,1.537,26.97,180.27
2016-05-18,48.12,1.91,48.93,1.535,27.96,181.67
2016-05-19,48.16,1.83,47.01,1.511,25.78,181.22
2016-05-20,47.67,1.81,48.54,1.545,25.63,185.66
2016-05-23,48.12,1.96,47.77,1.556,27.83,187.4
2016-05-24,48.04,1.91,48.42,1.62,29.75,191.11
2016-05-25,49.1,1.77,48.87,1.583,36.98,192.04
2016-05-26,49.0,1.77,49.52,1.514,39.25,192.01
2016-05-27,49.36,1.77,49.09,1.636,40.59,192.21
2016-05-30,,1.77,,,,
2016-05-31,49.1,2.12,49.26,1.54,40.65,193.08
2016-06-01,49.07,2.25,48.81,1.579,32.59,192.87
2016-06-02,49.14,2.3,49.05,1.609,31.95,193.01
2016-06-03,48.69,2.31,48.5,1.596,29.9,191.7
2016-06-06,49.71,2.32,48.94,1.67,33.5,194.52
2016-06-07,50.37,2.32,49.76,1.625,31.72,196.49
2016-06-08,51.23,2.36,50.73,1.706,26.37,197.16
2016-06-09,50.52,2.34,50.59,1.696,25.09,195.35
2016-06-10,49.09,2.46,49.7,1.594,28.48,189.51
2016-06-13,48.89,2.55,49.36,1.564,34.88,188.0
2016-06-14,48.49,2.55,47.88,1.547,28.34,187.56
2016-06-15,47.92,2.62,47.47,1.527,33.8,188.02
2016-06-16,46.14,2.62,45.66,1.513,29.25,187.5
2016-06-17,48.0,2.59,46.57,1.651,27.81,186.56
2016-06-20,49.4,2.74,48.68,1.709,41.6,189.75
2016-06-21,48.95,2.79,48.18,1.764,41.68,189.31
2016-06-22,49.16,2.82,48.43,1.682,32.05,187.06
2016-06-23,49.34,2.69,48.63,1.787,30.76,189.94
2016-06-24,46.7,2.71,46.69,1.716,30.43,181.38
2016-06-27,45.8,2.79,45.07,1.621,38.48,175.0
2016-06-28,47.93,2.89,46.29,1.69,33.26,180.78
2016-06-29,49.85,2.94,48.4,1.692,29.24,185.1
2016-06-30,48.27,2.94,48.05,1.597,33.15,188.91
2016-07-01,49.02,2.89,47.65,1.608,31.81,189.5
2016-07-04,,2.89,48.02,,,
2016-07-05,46.73,2.82,45.64,1.51,34.14,186.14
2016-07-06,47.37,2.82,45.7,1.522,43.16,187.68
2016-07-07,45.22,2.78,45.93,1.417,50.89,187.09
2016-07-08,45.37,2.8,44.53,1.422,50.24,191.57
2016-07-11,44.73,2.88,44.04,1.428,34.13,194.2
2016-07-12,46.82,2.88,46.72,1.495,40.3,195.44
2016-07-13,44.87,2.81,44.67,1.495,37.3,193.82
2016-07-14,45.64,2.79,46.01,1.489,48.29,195.57
2016-07-15,45.93,2.7,46.25,1.482,41.85,195.49
2016-07-18,45.23,2.83,45.35,1.436,46.83,197.52
2016-07-19,44.64,2.83,45.7,1.414,37.14,196.64
2016-07-20,44.96,2.76,45.82,1.401,35.45,199.16
2016-07-21,43.96,2.76,44.99,1.33,44.28,197.79
2016-07-22,43.41,2.8,44.24,1.348,57.36,198.2
2016-07-25,42.4,2.8,43.76,1.323,58.45,199.08
2016-07-26,42.16,2.84,43.56,1.329,48.23,205.3
2016-07-27,41.9,2.84,42.78,1.237,42.89,204.2
2016-07-28,41.13,2.79,41.87,1.18,39.38,203.1
2016-07-29,41.54,2.97,40.76,1.17,33.93,203.23
2016-08-01,40.05,2.97,40.17,1.167,37.11,203.16
2016-08-02,39.5,2.79,40.0,1.178,38.27,200.54
2016-08-03,40.8,2.89,40.45,1.233,35.82,202.31
2016-08-04,41.92,2.89,41.33,1.275,35.74,200.41
2016-08-05,41.83,2.88,42.47,1.29,33.76,202.66
2016-08-08,43.06,2.85,43.24,1.259,33.28,202.86
2016-08-09,42.78,2.85,43.37,1.249,34.8,202.44
2016-08-10,41.75,2.76,42.19,1.22,40.65,197.99
2016-08-11,43.51,2.7,44.23,1.287,50.29,198.85
2016-08-12,44.47,2.7,45.12,1.308,58.43,199.14
2016-08-15,45.72,2.75,47.31,1.335,49.17,200.56
2016-08-16,46.57,2.75,48.27,1.433,45.52,198.2
2016-08-17,46.81,2.76,48.58,1.532,37.79,196.33
2016-08-18,48.2,2.75,49.46,1.509,37.32,198.31
2016-08-19,48.48,2.67,49.39,1.482,37.83,198.8
2016-08-22,46.8,2.75,48.1,1.508,31.26,198.02
2016-08-23,47.54,2.75,48.7,1.533,29.6,199.22
2016-08-24,46.29,2.82,47.56,1.519,33.94,197.29
2016-08-25,46.97,2.89,49.25,1.494,39.56,197.36
2016-08-26,47.64,2.91,49.66,1.547,47.96,197.46
2016-08-29,46.97,2.97,49.66,1.52,52.97,197.37
2016-08-30,46.32,2.95,47.94,1.536,38.32,197.35
2016-08-31,44.68,2.95,47.94,1.511,35.72,196.03
2016-09-01,43.17,2.95,45.05,1.45,29.82,196.08
2016-09-02,44.39,2.88,45.96,1.457,27.45,197.23
2016-09-05,,2.88,46.72,,,
2016-09-06,44.85,2.88,46.21,1.594,38.47,198.08
2016-09-07,45.47,2.77,47.0,1.565,48.31,198.03
2016-09-08,47.63,2.88,49.23,1.635,52.08,197.89
2016-09-09,45.88,2.93,48.37,1.591,43.68,191.65
2016-09-12,46.28,3.04,47.82,1.628,34.84,194.02
2016-09-13,44.91,3.04,46.48,1.619,35.52,190.22
2016-09-14,43.62,3.07,45.65,1.433,46.38,188.51
2016-09-15,43.85,2.98,45.83,1.514,33.74,191.05
2016-09-16,43.04,2.97,45.26,1.487,32.6,191.03
2016-09-19,43.34,3.0,46.04,1.498,40.4,193.13
2016-09-20,43.85,3.12,45.24,1.446,47.61,191.9
2016-09-21,45.33,3.19,45.99,1.49,48.85,194.42
2016-09-22,46.1,3.18,47.21,1.534,41.77,197.74
2016-09-23,44.36,3.06,46.71,1.518,40.71,196.44
2016-09-26,45.6,3.06,46.61,1.577,33.42,194.52
2016-09-27,44.65,3.09,44.95,1.546,30.8,196.83
2016-09-28,47.07,3.07,45.49,1.611,29.97,198.29
2016-09-29,47.72,2.98,48.43,1.745,30.41,196.43
2016-09-30,47.72,2.84,48.24,1.758,29.39,198.85
2016-10-03,48.8,2.84,48.61,1.74,32.21,198.47
2016-10-04,48.67,2.83,48.81,1.769,36.03,196.2
2016-10-05,49.75,2.83,49.57,1.694,35.58,198.32
2016-10-06,50.44,3.04,50.14,1.527,36.75,198.34
2016-10-07,49.76,3.02,50.49,1.503,34.25,194.88
2016-10-10,49.76,3.18,51.54,1.503,33.31,196.22
2016-10-11,50.72,3.17,50.48,1.511,34.45,192.53
2016-10-12,50.14,3.17,49.53,1.619,37.55,191.88
2016-10-13,50.47,3.16,49.29,1.597,38.47,190.93
2016-10-14,50.35,3.18,48.87,1.674,35.39,191.06
2016-10-17,49.97,3.21,49.31,1.672,41.95,190.09
2016-10-18,50.3,3.25,49.81,1.675,48.84,192.33
2016-10-19,51.59,3.18,51.85,1.6,40.93,193.27
2016-10-20,50.31,3.12,50.42,1.57,35.15,193.5
2016-10-21,50.61,2.92,50.28,1.637,31.8,193.49
2016-10-24,50.18,2.78,49.8,1.507,32.44,194.7
2016-10-25,49.45,2.69,49.08,1.518,35.35,193.05
2016-10-26,48.75,2.69,48.98,1.517,34.52,192.85
2016-10-27,49.71,2.72,49.13,1.71,33.93,191.71
2016-10-28,48.72,2.72,47.78,1.873,30.0,190.45
2016-10-31,46.83,2.85,46.2,1.579,30.69,191.01
2016-11-01,46.66,2.53,45.77,1.639,34.64,188.82
2016-11-02,45.32,2.53,44.26,1.727,33.35,186.63
2016-11-03,44.66,2.41,43.84,1.718,33.45,187.69
2016-11-04,44.07,2.2,43.06,1.649,28.73,187.93
2016-11-07,44.88,2.37,42.83,1.63,32.05,191.01
2016-11-08,44.96,2.34,43.47,1.567,29.05,191.53
2016-11-09,45.2,2.22,43.88,1.508,29.93,189.97
2016-11-10,44.62,2.08,43.67,1.485,29.0,189.55
2016-11-11,43.39,2.08,41.61,1.319,27.33,193.93
2016-11-14,43.29,2.26,41.83,1.3,31.26,195.7
2016-11-15,45.86,2.49,44.15,1.357,30.03,197.36
2016-11-16,45.56,2.49,45.07,1.195,29.81,197.24
2016-11-17,45.37,2.37,44.57,1.463,28.21,197.15
2016-11-18,45.69,2.6,44.41,1.268,26.69,196.52
2016-11-21,47.48,2.81,45.96,1.33,37.84,197.47
2016-11-22,48.07,2.73,46.1,1.338,33.03,200.56
2016-11-23,46.72,2.76,46.54,1.352,28.96,203.03
2016-11-24,,2.76,47.54,,,
2016-11-25,46.72,2.76,46.32,1.352,22.82,204.49
2016-11-28,45.66,2.96,46.64,1.341,29.25,203.13
2016-11-29,45.29,3.02,44.68,1.286,28.83,200.54
2016-11-30,49.41,3.32,47.95,1.383,29.69,199.55
2016-12-01,51.08,3.32,52.28,1.447,31.07,194.72
2016-12-02,51.7,3.44,52.35,1.509,33.02,195.13
2016-12-05,51.72,3.44,53.3,1.48,35.82,199.06
2016-12-06,50.95,3.75,52.31,1.459,37.91,199.87
2016-12-07,49.85,3.8,51.9,1.442,38.15,204.32
2016-12-08,50.84,3.68,51.6,1.369,39.09,204.96
2016-12-09,51.51,3.75,52.19,1.346,40.29,205.63
2016-12-12,52.74,3.6,53.99,1.383,36.01,203.54
2016-12-13,52.99,3.65,53.28,1.385,37.21,205.13
2016-12-14,51.01,3.55,53.15,1.375,43.52,202.86
2016-12-15,50.9,3.56,51.72,1.444,68.46,205.17
2016-12-16,51.93,3.51,54.15,1.515,56.42,205.27
2016-12-19,52.13,3.55,53.53,1.514,47.99,207.43
2016-12-20,52.22,3.39,54.56,1.478,41.66,207.63
2016-12-21,51.44,3.5,53.01,1.485,32.99,205.78
2016-12-22,51.98,3.5,54.04,1.485,30.44,205.2
2016-12-23,52.01,3.6,53.93,1.598,28.15,206.53
2016-12-26,,3.6,,,,
2016-12-27,52.82,3.7,,1.63,29.0,209.56
2016-12-28,54.01,3.7,54.95,1.646,29.82,205.59
2016-12-29,53.8,3.71,54.97,1.689,32.76,205.24
2016-12-30,53.75,3.71,54.96,1.732,32.62,203.32
2017-01-02,,3.71,,,,
2017-01-03,52.36,3.41,55.05,1.687,28.39,205.49
2017-01-04,53.26,3.42,54.57,1.692,34.39,209.55
2017-01-05,53.77,3.42,54.99,1.69,38.59,207.74
2017-01-06,53.98,3.38,55.9,1.715,45.24,208.09
2017-01-09,51.95,3.14,54.39,1.755,50.89,205.92
2017-01-10,50.82,3.21,53.2,1.705,40.17,208.07
2017-01-11,52.19,3.27,53.61,1.66,30.75,208.73
2017-01-12,53.01,3.36,54.51,1.656,27.08,207.22
2017-01-13,52.36,3.36,54.37,1.577,31.66,209.51
2017-01-16,,3.36,54.3,,33.43,
2017-01-17,52.45,3.37,54.68,1.577,31.2,207.41
2017-01-18,51.12,3.26,53.77,1.536,32.45,207.91
2017-01-19,51.39,3.25,53.18,1.524,32.67,207.05
2017-01-20,52.33,3.23,55.04,1.516,32.5,208.94
2017-01-23,52.77,3.16,54.8,1.522,35.26,208.21
2017-01-24,52.38,3.16,54.7,1.504,30.31,210.08
2017-01-25,52.14,3.26,54.34,1.467,28.59,212.56
2017-01-26,53.24,3.44,55.89,1.585,28.57,211.49
2017-01-27,53.18,3.31,54.8,1.574,31.53,210.06
2017-01-30,52.63,3.22,54.77,1.599,38.26,207.71
2017-01-31,52.75,3.0,55.25,1.62,30.27,208.34
2017-02-01,53.9,3.15,55.79,1.72,27.51,209.35
2017-02-02,53.55,3.13,55.94,1.699,30.48,208.25
2017-02-03,53.81,3.13,55.92,1.738,32.86,210.77
2017-02-06,53.01,2.92,55.02,1.685,28.42,210.4
2017-02-07,52.19,3.03,53.79,1.658,26.11,210.0
2017-02-08,52.37,3.05,54.42,1.728,26.95,210.74
2017-02-09,52.99,3.11,53.98,1.762,36.84,211.46
2017-02-10,53.84,3.11,55.2,1.793,37.03,213.27
2017-02-13,52.96,2.93,54.15,1.764,28.7,216.28
2017-02-14,53.21,2.85,54.96,1.752,30.27,217.14
2017-02-15,53.11,2.95,54.57,1.749,30.08,219.53
2017-02-16,53.41,2.88,54.16,1.722,32.87,218.31
2017-02-17,53.41,2.75,54.48,1.703,28.93,220.19
2017-02-20,,2.75,55.25,,25.67,
2017-02-21,54.02,2.56,56.34,1.692,29.04,223.73
2017-02-22,53.61,2.52,54.9,1.754,26.95,221.09
2017-02-23,54.48,2.63,55.82,1.985,25.33,220.03
2017-02-24,53.99,2.63,54.69,1.798,25.48,221.98
2017-02-27,54.04,2.44,54.65,1.882,28.68,223.07
2017-02-28,54.0,2.54,53.36,1.828,26.75,219.0
2017-03-01,53.82,2.54,55.72,1.794,25.62,220.03
2017-03-02,52.63,2.59,54.16,1.793,28.66,218.5
2017-03-03,53.33,2.5,54.12,1.825,33.74,217.43
2017-03-06,53.19,2.68,54.73,1.831,30.62,215.46
2017-03-07,52.68,2.68,54.61,1.814,27.06,215.18
2017-03-08,49.83,2.59,53.3,1.782,26.14,214.42
2017-03-09,48.75,2.83,50.65,1.793,27.61,213.88
2017-03-10,48.05,2.98,50.63,1.706,33.24,214.73
2017-03-13,47.95,3.04,50.1,1.692,43.65,216.04
2017-03-14,47.24,3.02,49.6,1.697,49.84,215.49
2017-03-15,48.34,3.02,50.63,1.694,56.55,218.61
2017-03-16,48.3,2.84,50.56,1.652,45.65,220.06
2017-03-17,48.34,2.85,50.58,1.629,33.76,220.19
2017-03-20,47.79,2.93,50.67,1.645,31.92,218.9
2017-03-21,47.02,3.09,50.14,1.635,31.28,212.84
2017-03-22,47.29,3.02,49.56,1.587,38.23,213.85
2017-03-23,47.0,2.93,50.17,1.554,36.94,213.93
2017-03-24,47.3,2.97,49.97,1.703,30.1,215.25
2017-03-27,47.02,2.94,50.12,1.707,29.53,215.91
2017-03-28,48.36,2.95,50.72,1.714,31.43,218.04
2017-03-29,49.47,3.03,51.36,1.747,31.2,218.58
2017-03-30,50.3,3.08,52.25,1.761,32.15,219.64
2017-03-31,50.54,3.13,52.2,1.801,34.54,219.79
2017-04-03,50.25,3.13,52.04,1.793,33.51,219.21
2017-04-04,50.99,3.06,53.08,1.801,34.72,216.55
2017-04-05,51.14,3.22,53.41,1.795,32.42,213.98
2017-04-06,51.69,3.23,53.62,1.838,34.94,216.15
2017-04-07,52.25,3.23,54.24,1.839,37.18,216.38
2017-04-10,53.06,3.15,54.79,1.85,36.22,219.02
2017-04-11,53.38,3.11,54.73,1.845,36.6,218.55
2017-04-12,53.12,2.97,54.75,1.828,33.04,214.96
2017-04-13,53.19,3.0,55.05,1.867,32.12,213.34
2017-04-14,,3.0,,,28.32,
2017-04-17,52.62,3.09,54.79,1.854,,215.46
2017-04-18,52.46,3.11,52.6,1.843,32.59,215.58
2017-04-19,50.49,3.11,52.43,1.751,32.34,216.19
2017-04-20,50.26,3.13,50.66,1.73,37.2,218.05
2017-04-21,49.64,3.06,49.93,1.684,35.48,216.96
2017-04-24,48.9,3.06,49.45,1.706,33.38,221.0
2017-04-25,49.22,2.99,49.37,1.708,32.63,222.65
2017-04-26,49.22,3.06,49.99,1.656,32.4,221.85
2017-04-27,48.96,3.13,49.46,1.648,36.61,223.41
2017-04-28,49.31,3.2,49.46,1.634,36.81,220.75
2017-05-01,48.83,3.2,50.41,1.596,36.29,221.6
2017-05-02,47.65,3.13,49.31,1.586,30.28,221.31
2017-05-03,47.79,3.14,48.82,1.632,29.76,220.04
2017-05-04,45.55,3.11,47.53,1.586,30.47,218.85
2017-05-05,46.23,3.1,47.45,1.627,29.4,224.29
2017-05-08,46.46,3.06,46.61,1.647,32.54,224.65
2017-05-09,45.84,3.03,47.06,1.645,34.23,227.1
2017-05-10,47.28,3.03,48.09,1.697,33.79,228.37
2017-05-11,47.81,3.23,49.18,1.721,35.33,227.67
2017-05-12,47.83,3.24,49.08,1.726,33.8,225.41
2017-05-15,48.86,3.26,51.29,1.776,33.39,227.71
2017-05-16,48.64,3.27,51.21,1.805,36.95,227.72
2017-05-17,49.04,3.27,51.76,1.821,48.07,219.85
2017-05-18,49.36,3.13,51.71,1.886,63.69,221.88
2017-05-19,50.32,3.11,52.78,1.931,42.61,223.8
2017-05-22,50.81,3.24,53.35,1.9,33.3,225.93
2017-05-23,51.12,3.22,53.19,1.862,31.15,225.14
2017-05-24,50.99,3.22,53.29,1.803,29.43,227.68
2017-05-25,48.57,3.1,52.25,1.757,29.54,228.4
2017-05-26,49.58,3.1,50.84,1.768,,228.21
2017-05-29,,3.1,52.25,,,
2017-05-30,49.63,3.1,50.65,1.816,32.8,229.13
2017-05-31,48.29,3.05,49.4,1.802,28.86,228.98
2017-06-01,48.32,3.05,50.41,1.738,28.18,231.4
2017-06-02,47.68,2.85,48.46,1.718,27.97,232.44
2017-06-05,47.4,2.92,48.25,1.662,30.5,232.16
2017-06-06,48.13,2.92,48.11,1.665,27.31,233.91
2017-06-07,45.8,3.06,47.08,1.621,24.03,234.97
2017-06-08,45.68,2.98,46.3,1.612,24.75,240.41
2017-06-09,45.82,3.03,46.64,1.603,27.46,236.02
2017-06-12,46.1,3.12,47.18,1.596,53.59,234.43
2017-06-13,46.41,3.12,46.95,1.608,45.43,237.08
2017-06-14,44.79,2.95,45.47,1.555,36.56,235.14
2017-06-15,44.47,2.94,45.61,1.581,28.91,232.47
2017-06-16,44.73,3.01,45.7,1.597,30.3,232.32
2017-06-19,44.24,2.87,45.93,1.592,31.37,234.53
2017-06-20,43.34,2.91,43.98,1.559,31.92,232.29
2017-06-21,42.48,2.91,44.62,1.548,29.23,233.21
2017-06-22,42.53,2.88,44.46,1.543,35.51,236.51
2017-06-23,42.86,2.89,44.14,1.583,32.16,239.4
2017-06-26,43.24,2.98,44.09,1.582,26.93,239.77
2017-06-27,44.25,2.99,46.17,1.621,24.63,235.86
2017-06-28,44.74,3.03,46.45,1.658,25.91,239.23
2017-06-29,44.88,3.07,47.02,1.657,31.19,237.13
2017-06-30,46.02,2.98,47.08,1.727,35.05,236.89
2017-07-03,,2.98,49.13,,32.03,235.96
2017-07-04,,2.98,49.15,,,
2017-07-05,45.11,2.98,47.58,1.657,33.5,233.98
2017-07-06,45.52,2.89,48.53,1.68,30.76,231.48
2017-07-07,44.25,2.91,46.47,1.652,31.76,234.35
2017-07-10,44.4,2.92,46.57,1.651,33.22,235.14
2017-07-11,45.06,2.98,46.68,1.658,37.29,236.29
2017-07-12,45.48,3.01,46.73,1.588,43.21,241.38
2017-07-13,46.06,2.96,47.65,1.597,42.18,241.22
2017-07-14,46.53,2.94,47.89,1.607,32.5,244.23
2017-07-17,46.02,3.04,47.66,1.603,31.69,243.57
2017-07-18,46.4,3.11,47.92,1.619,36.1,246.82
2017-07-19,47.1,3.11,48.34,1.658,43.77,250.68
2017-07-20,46.73,3.12,48.54,1.68,53.05,251.25
2017-07-21,45.78,3.06,47.47,1.63,45.21,249.95
2017-07-24,46.21,2.99,47.81,1.629,34.6,251.16
2017-07-25,47.77,2.99,49.19,1.672,28.97,250.58
2017-07-26,48.58,2.92,50.08,1.717,30.41,250.94
2017-07-27,49.05,2.95,50.67,1.753,30.94,248.53
2017-07-28,49.72,2.96,52.0,1.787,30.0,249.96
2017-07-31,50.21,2.87,51.99,1.766,31.51,248.49
2017-08-01,49.19,2.8,50.77,1.743,35.21,249.12
2017-08-02,49.6,2.8,52.09,1.721,36.44,245.61
2017-08-03,49.03,2.76,52.88,1.72,34.76,245.83
2017-08-04,49.57,2.76,52.48,1.729,30.52,246.14
2017-08-07,49.37,2.8,51.42,1.714,28.86,248.72
2017-08-08,49.07,2.81,52.18,1.704,27.5,247.22
2017-08-09,49.59,2.81,52.16,1.713,28.61,245.61
2017-08-10,48.54,2.89,52.59,1.716,30.98,239.21
2017-08-11,48.81,2.96,51.47,1.752,29.56,240.83
2017-08-14,47.59,3.02,51.29,1.718,29.2,244.63
2017-08-15,47.57,2.96,49.9,1.712,32.92,243.93
2017-08-16,46.8,2.94,50.39,1.689,37.74,243.83
2017-08-17,47.07,2.91,50.37,1.693,36.6,238.04
2017-08-18,48.59,2.9,50.96,1.724,34.91,237.78
2017-08-21,47.39,3.0,51.94,1.705,39.18,234.92
2017-08-22,47.65,3.0,52.29,1.727,42.8,237.66
2017-08-23,48.45,2.94,52.31,1.707,31.21,238.19
2017-08-24,47.24,2.97,51.73,1.879,26.51,239.78
2017-08-25,47.65,2.93,51.87,1.892,25.92,238.57
2017-08-28,46.4,2.95,51.87,1.981,27.23,238.87
2017-08-29,46.46,2.95,51.64,2.062,26.86,239.36
2017-08-30,45.96,2.95,51.91,2.16,27.41,243.83
2017-08-31,47.26,2.92,52.69,2.395,29.35,245.88
2017-09-01,47.32,2.88,53.15,1.999,24.15,247.34
2017-09-04,,2.88,52.6,,,
2017-09-05,48.63,2.88,53.63,1.938,32.33,245.77
2017-09-06,49.13,2.98,54.48,1.943,25.16,245.53
2017-09-07,49.1,2.92,54.16,1.923,23.95,246.02
2017-09-08,47.44,2.88,54.55,1.89,22.7,244.49
2017-09-11,48.06,2.88,54.2,1.831,26.08,248.48
2017-09-12,48.21,2.88,55.06,1.862,30.15,249.02
2017-09-13,49.3,3.02,55.52,1.844,32.29,249.44
2017-09-14,49.86,3.03,56.76,1.782,34.07,250.51
2017-09-15,49.9,3.0,56.18,1.843,35.12,251.61
2017-09-18,49.88,3.11,55.5,1.807,35.84,253.87
2017-09-19,49.54,3.18,56.58,1.759,36.22,252.84
2017-09-20,50.29,3.13,57.2,1.733,44.4,251.36
2017-09-21,50.58,3.11,57.73,1.696,51.44,249.12
2017-09-22,50.33,2.93,58.16,1.647,53.24,250.1
2017-09-25,51.85,2.96,59.42,1.791,68.98,246.24
2017-09-26,51.59,2.96,59.77,1.782,49.01,246.23
2017-09-27,52.14,2.98,58.74,1.746,38.76,250.61
2017-09-28,51.62,2.96,58.8,1.762,32.7,251.5
2017-09-29,51.67,2.94,57.02,1.712,27.49,252.12
2017-10-02,50.59,2.94,55.67,1.678,30.14,253.97
2017-10-03,50.44,2.73,56.12,1.682,31.98,255.49
2017-10-04,50.0,2.8,56.0,1.693,35.14,256.88
2017-10-05,50.79,2.8,57.09,1.73,39.22,256.62
2017-10-06,49.34,2.93,55.5,1.645,38.43,257.12
2017-10-09,49.58,2.87,55.29,1.633,47.53,255.88
2017-10-10,50.93,2.89,56.62,1.662,50.16,257.33
2017-10-11,51.3,2.89,56.13,1.664,37.11,256.37
2017-10-12,50.61,2.95,56.13,1.657,31.35,257.69
2017-10-13,51.43,2.99,56.86,1.771,29.2,258.61
2017-10-16,51.86,2.87,57.49,1.779,30.23,258.78
2017-10-17,51.87,2.88,57.63,1.815,31.89,258.85
2017-10-18,52.05,2.81,58.05,1.799,30.28,261.44
2017-10-19,51.29,2.83,57.82,1.781,28.66,260.39
2017-10-20,51.63,2.8,57.89,1.822,27.09,261.35
2017-10-23,51.91,2.95,57.69,1.815,30.44,260.61
2017-10-24,52.32,2.95,57.84,1.86,31.02,261.62
2017-10-25,51.97,2.98,58.45,1.825,31.14,257.21
2017-10-26,52.41,2.91,58.75,1.862,30.36,258.03
2017-10-27,53.92,2.78,60.15,1.839,28.0,263.01
2017-10-30,54.11,2.94,60.65,1.862,33.53,264.64
2017-10-31,54.36,2.84,61.35,1.876,32.63,267.16
2017-11-01,54.32,2.68,60.98,1.924,33.5,264.86
2017-11-02,54.55,2.68,60.79,1.964,30.14,262.97
2017-11-03,55.63,2.75,61.42,1.894,29.77,266.98
2017-11-06,57.34,3.01,64.27,2.153,34.16,271.02
2017-11-07,57.19,3.07,64.36,2.071,35.3,269.23
2017-11-08,56.82,3.16,63.96,2.032,44.64,269.11
2017-11-09,57.16,3.18,64.49,1.922,51.13,267.47
2017-11-10,56.75,3.17,64.35,1.939,58.28,267.99
2017-11-13,56.77,3.13,62.94,1.908,40.87,268.43
2017-11-14,55.67,3.06,60.91,1.855,40.39,267.73
2017-11-15,55.28,3.16,61.25,1.766,34.11,264.98
2017-11-16,55.14,3.09,61.18,1.68,32.95,268.55
2017-11-17,56.21,3.04,61.34,1.706,31.25,268.38
2017-11-20,56.21,3.04,61.34,1.706,34.17,270.0
2017-11-21,56.84,3.05,62.28,1.707,27.8,272.39
2017-11-22,57.88,3.05,62.92,1.696,28.0,270.87
2017-11-23,,3.05,63.27,,,
2017-11-24,58.94,3.05,63.58,1.801,24.63,272.1
2017-11-27,58.1,2.88,63.25,1.806,30.08,270.09
2017-11-28,57.96,2.88,63.56,1.733,27.57,272.58
2017-11-29,57.25,3.06,63.74,1.742,28.17,264.22
2017-11-30,57.4,3.06,63.53,1.702,28.75,266.37
2017-12-01,58.35,2.84,64.57,1.719,27.53,263.19
2017-12-04,57.48,2.91,63.45,1.655,28.21,256.69
2017-12-05,57.66,2.86,63.45,1.652,28.78,257.25
2017-12-06,55.79,2.86,62.25,1.663,30.2,257.29
2017-12-07,56.5,2.81,62.37,1.64,37.44,261.31
2017-12-08,57.15,2.78,63.86,1.646,36.97,262.54
2017-12-11,57.84,2.81,65.62,1.652,40.28,263.64
2017-12-12,57.12,2.87,64.96,1.622,39.38,263.89
2017-12-13,56.59,2.87,63.66,1.493,47.76,263.82
2017-12-14,57.0,2.69,63.72,1.589,40.9,264.16
2017-12-15,57.29,2.6,63.81,1.538,38.52,267.97
2017-12-18,57.17,2.71,64.45,1.49,29.73,272.59
2017-12-19,57.49,2.75,63.69,1.525,27.32,269.45
2017-12-20,58.09,2.72,64.43,1.627,28.79,269.58
2017-12-21,58.34,2.64,64.64,1.604,32.29,269.57
2017-12-22,58.25,2.63,64.61,1.601,25.69,268.02
2017-12-25,,,,,,
2017-12-26,59.55,2.68,,1.795,34.22,266.37
2017-12-27,59.67,2.76,66.03,1.799,68.85,267.96
2017-12-28,59.84,2.97,66.8,1.811,125.29,268.3
2017-12-29,60.46,3.69,66.73,1.844,104.69,265.91
2018-01-01,,,,,,
2018-01-02,60.37,6.24,66.65,1.849,186.89,271.5
2018-01-03,61.61,6.24,67.85,1.877,,273.06
2018-01-04,61.98,4.65,68.73,1.967,172.81,273.03
2018-01-05,61.49,,68.01,1.971,366.91,274.78
2018-01-08,61.73,2.89,68.48,1.977,79.43,279.4
2018-01-09,62.92,2.93,69.08,1.925,,273.67
2018-01-10,63.6,3.16,69.79,1.913,36.31,271.45
2018-01-11,63.81,3.16,70.36,1.872,29.31,278.48
2018-01-12,64.22,4.06,69.64,1.828,29.93,278.02
2018-01-15,,,70.31,,82.65,
2018-01-16,63.82,5.46,69.4,1.815,91.46,276.36
2018-01-17,63.92,3.92,69.19,1.835,107.95,280.47
2018-01-18,63.96,3.92,69.48,1.871,64.23,280.12
2018-01-19,63.38,3.2,68.56,1.876,39.14,282.27
2018-01-22,63.66,3.13,69.32,1.948,30.16,282.27
2018-01-23,64.45,3.35,69.81,2.053,26.28,281.05
2018-01-24,65.69,3.54,69.91,2.038,32.5,277.94
2018-01-25,65.62,3.54,71.08,2.061,40.31,274.5
2018-01-26,66.27,3.58,70.08,2.089,33.2,278.44
2018-01-29,65.71,3.6,68.41,2.115,31.42,277.37
2018-01-30,64.64,3.6,67.78,2.071,46.65,272.71
2018-01-31,64.82,3.34,67.78,2.093,47.04,271.65
2018-02-01,65.92,3.06,68.6,2.096,35.12,269.92
2018-02-02,65.5,2.91,67.45,2.067,54.6,263.76
2018-02-05,64.18,2.85,67.69,2.019,43.31,253.02
2018-02-06,63.48,2.75,66.75,1.987,32.09,255.47
2018-02-07,61.91,2.74,65.74,1.937,31.92,253.21
2018-02-08,61.3,2.74,64.26,1.889,38.38,244.9
2018-02-09,59.2,2.66,63.04,1.835,31.6,247.14
2018-02-12,59.41,2.6,62.2,1.74,28.13,250.96
2018-02-13,59.33,2.58,61.94,1.776,30.68,253.08
2018-02-14,60.7,2.53,62.29,1.79,24.66,258.3
2018-02-15,61.48,2.49,62.86,1.779,22.71,263.89
2018-02-16,61.89,2.49,64.3,1.851,23.87,262.97
2018-02-19,,,64.95,,24.77,
2018-02-20,61.91,2.61,64.68,1.872,25.0,264.69
2018-02-21,61.73,2.65,64.81,1.903,24.29,263.22
2018-02-22,62.72,2.65,66.12,1.985,29.89,262.54
2018-02-23,63.52,2.58,67.04,1.834,27.21,261.43
2018-02-26,63.81,2.6,67.96,1.816,25.61,265.51
2018-02-27,62.94,2.59,67.59,1.788,26.46,262.91
2018-02-28,61.43,2.66,66.08,1.728,26.22,259.75
2018-03-01,60.98,2.67,64.23,1.899,27.28,256.89
2018-03-02,61.19,2.67,64.26,1.932,32.58,259.86
2018-03-05,62.49,2.7,65.78,1.976,33.34,260.93
2018-03-06,62.54,2.7,65.67,1.978,33.69,264.99
2018-03-07,61.09,2.8,65.09,2.004,36.54,265.12
2018-03-08,60.13,2.8,63.87,2.0,38.75,266.03
2018-03-09,62.02,2.71,65.19,2.008,35.58,269.81
2018-03-12,61.35,2.78,64.53,2.036,38.81,272.31
2018-03-13,60.69,2.76,64.2,2.015,54.14,269.59
2018-03-14,60.89,2.69,63.61,2.066,43.64,267.55
2018-03-15,61.16,2.7,63.67,2.093,36.3,267.0
2018-03-16,62.29,2.62,64.68,2.107,35.11,268.27
2018-03-19,62.01,2.62,64.82,2.089,33.91,265.26
2018-03-20,63.37,2.71,66.0,2.158,46.13,267.29
2018-03-21,65.1,2.74,68.15,2.205,49.84,269.39
2018-03-22,64.25,2.62,68.98,2.174,44.02,262.14
2018-03-23,65.8,2.58,69.03,2.187,35.13,257.17
2018-03-26,65.49,2.63,68.81,2.163,35.02,263.61
2018-03-27,65.21,2.6,68.63,2.107,32.54,256.85
2018-03-28,64.3,2.64,68.13,2.199,31.79,250.54
2018-03-29,64.87,2.81,69.02,2.183,31.37,255.39
2018-03-30,,,,,25.89,
2018-04-02,63.05,2.75,,2.138,,248.66
2018-04-03,63.41,2.75,69.02,2.144,34.15,252.21
2018-04-04,63.35,2.81,66.04,2.189,33.9,255.55
2018-04-05,63.53,2.81,66.54,2.194,40.55,259.64
2018-04-06,62.03,2.81,66.51,2.152,34.23,253.42
2018-04-09,63.4,2.78,68.19,2.165,48.31,253.51
2018-04-10,65.48,2.78,70.67,2.242,40.72,258.26
2018-04-11,66.81,2.74,72.74,2.217,34.7,258.2
2018-04-12,67.07,2.76,71.44,2.211,31.65,259.38
2018-04-13,67.35,2.82,73.18,2.197,30.31,258.7
2018-04-16,66.23,2.88,72.05,2.147,41.08,258.58
2018-04-17,66.5,2.84,71.71,2.17,48.88,262.26
2018-04-18,68.44,2.85,73.73,2.229,38.8,265.02
2018-04-19,68.3,2.8,74.85,2.246,39.26,261.18
2018-04-20,68.26,2.78,74.62,2.259,41.79,259.14
2018-04-23,67.61,2.78,74.54,2.261,36.12,257.25
2018-04-24,67.66,2.79,75.86,2.238,38.99,255.57
2018-04-25,68.0,2.81,73.79,2.22,37.37,253.95
2018-04-26,68.18,2.81,75.39,2.246,36.78,256.07
2018-04-27,68.11,2.82,75.33,2.296,34.64,255.41
2018-04-30,68.56,2.75,75.92,2.307,37.29,250.56
2018-05-01,67.28,2.75,74.85,2.273,38.51,250.92
2018-05-02,67.91,2.77,73.14,2.261,47.13,253.2
2018-05-03,68.45,2.75,73.45,2.28,57.29,251.22
2018-05-04,69.71,2.75,74.75,2.293,51.45,255.36
2018-05-07,70.74,2.74,,2.302,31.43,258.55
2018-05-08,68.83,2.77,74.16,2.331,33.69,258.56
2018-05-09,71.16,2.75,77.6,2.4,38.02,261.11
2018-05-10,71.36,2.78,77.59,2.373,38.66,265.27
2018-05-11,70.69,2.75,77.37,2.338,36.19,263.47
2018-05-14,71.01,2.84,78.17,2.274,48.99,264.65
2018-05-15,71.34,2.83,78.94,2.271,58.69,264.49
2018-05-16,71.43,2.85,78.19,2.325,39.44,265.86
2018-05-17,71.47,2.75,80.09,2.323,35.19,266.17
2018-05-18,71.23,2.75,78.38,2.251,33.06,263.91
2018-05-21,72.26,2.77,78.34,2.28,40.59,266.9
2018-05-22,72.09,2.76,80.42,2.321,39.45,265.24
2018-05-23,71.85,2.89,78.69,2.319,41.92,264.03
2018-05-24,70.77,2.88,78.9,2.275,46.83,262.73
2018-05-25,67.92,2.88,76.6,2.259,56.81,264.36
2018-05-28,,,,,,
2018-05-29,66.8,2.84,74.51,2.256,61.93,264.74
2018-05-30,68.24,2.83,75.89,2.307,36.25,266.69
2018-05-31,66.98,2.94,76.45,2.225,50.83,262.99
2018-06-01,65.81,2.91,74.54,2.238,58.21,263.55
2018-06-04,64.76,2.89,73.41,2.209,30.05,263.31
2018-06-05,65.51,2.89,72.91,2.156,28.83,262.69
2018-06-06,64.75,2.89,73.23,2.15,27.75,264.33
2018-06-07,65.96,3.02,75.23,2.188,32.57,262.2
2018-06-08,65.77,2.91,75.11,2.198,35.83,261.11
2018-06-11,66.1,3.0,74.58,2.174,30.09,262.02
2018-06-12,66.38,2.98,74.86,2.157,28.37,264.48
2018-06-13,66.63,2.98,75.07,2.163,34.04,264.68
2018-06-14,66.91,2.99,74.77,2.103,34.52,266.8
2018-06-15,65.01,3.02,72.02,2.042,32.51,263.91
2018-06-18,65.91,2.99,74.87,2.078,74.49,265.39
2018-06-19,65.09,2.95,74.92,2.084,48.03,261.91
2018-06-20,65.92,2.96,74.25,2.054,33.82,263.49
2018-06-21,65.68,3.08,72.87,2.051,32.52,260.82
2018-06-22,69.02,2.95,73.67,2.071,28.03,260.86
2018-06-25,69.91,2.96,72.82,2.069,32.3,256.63
2018-06-26,75.23,2.98,73.58,2.096,31.6,258.1
2018-06-27,77.41,3.01,76.09,2.171,29.57,254.42
2018-06-28,73.45,2.99,76.26,2.18,38.6,254.69
2018-06-29,74.13,2.96,77.44,2.229,50.64,254.93
2018-07-02,73.89,2.9,76.71,2.16,64.87,255.71
2018-07-03,74.19,2.9,75.87,2.176,64.49,255.41
2018-07-04,,,76.99,,,
2018-07-05,73.05,2.91,77.09,2.187,47.39,259.52
2018-07-06,73.78,2.91,74.98,2.159,34.62,261.98
2018-07-09,73.93,2.9,77.08,2.209,37.02,264.2
2018-07-10,74.11,2.9,77.8,2.243,40.94,265.6
2018-07-11,70.47,2.89,75.35,2.137,37.68,261.64
2018-07-12,70.28,2.89,72.11,2.132,34.16,263.58
2018-07-13,71.03,2.86,74.11,2.148,38.49,263.12
2018-07-16,68.22,2.76,71.03,2.045,50.29,261.43
2018-07-17,68.03,2.81,70.87,2.041,40.88,263.45
2018-07-18,68.78,2.8,70.52,2.068,33.38,264.78
2018-07-19,69.42,2.75,71.94,2.05,33.6,265.09
2018-07-20,70.31,2.79,71.99,2.06,34.84,261.65
2018-07-23,67.9,2.79,73.45,2.101,37.5,259.53
2018-07-24,70.77,2.73,73.53,2.102,35.93,258.44
2018-07-25,71.13,2.82,73.67,2.162,37.52,261.74
2018-07-26,71.59,2.82,74.51,2.192,41.38,263.29
2018-07-27,68.66,2.78,74.84,2.196,37.32,259.91
2018-07-30,71.19,2.75,74.99,2.185,68.34,257.37
2018-07-31,69.88,2.82,74.16,2.154,33.13,261.58
2018-08-01,68.8,2.8,72.28,2.069,36.59,260.81
2018-08-02,68.95,2.77,72.95,2.094,39.15,266.45
2018-08-03,68.49,2.86,72.48,2.072,35.16,263.94
2018-08-06,69.01,2.85,72.51,2.068,48.44,265.53
2018-08-07,69.17,2.95,72.31,2.093,46.16,270.0
2018-08-08,66.92,2.99,70.71,2.012,41.16,269.92
2018-08-09,66.81,3.02,70.55,1.963,39.0,268.54
2018-08-10,67.61,2.96,71.0,1.99,37.98,266.43
2018-08-13,67.25,2.92,70.62,1.968,35.73,264.93
2018-08-14,67.04,3.02,70.77,1.977,37.13,265.5
2018-08-15,65.07,3.02,68.38,1.916,38.67,261.41
2018-08-16,65.44,3.02,69.21,1.97,39.77,262.47
2018-08-17,65.93,3.01,70.14,1.955,40.3,260.03
2018-08-20,66.5,3.04,71.11,2.022,35.04,263.05
2018-08-21,67.32,3.01,71.65,2.027,32.54,266.77
2018-08-22,67.85,3.02,72.96,2.111,33.07,265.94
2018-08-23,69.13,3.01,73.73,2.09,29.86,264.12
2018-08-24,69.71,2.99,74.41,2.217,28.66,266.92
2018-08-27,69.97,2.98,74.41,2.229,46.07,269.27
2018-08-28,68.54,2.98,75.91,2.213,54.3,267.64
2018-08-29,69.68,2.96,76.07,2.245,48.26,268.25
2018-08-30,70.25,2.96,77.05,2.315,40.88,265.9
2018-08-31,69.84,2.98,76.94,2.17,33.19,268.53
2018-09-03,,,77.81,,,
2018-09-04,69.82,2.96,77.51,2.168,52.78,266.78
2018-09-05,68.69,3.0,76.68,2.149,52.84,265.34
2018-09-06,67.81,2.93,75.67,2.142,43.3,262.34
2018-09-07,67.73,2.88,75.55,2.175,34.94,259.54
2018-09-10,67.55,2.9,76.77,2.153,32.6,260.87
2018-09-11,69.29,2.94,78.22,2.207,36.03,262.69
2018-09-12,70.37,2.98,80.02,2.212,36.73,263.79
2018-09-13,68.6,2.94,77.66,2.172,39.63,264.21
2018-09-14,68.98,2.91,77.87,2.144,45.15,265.59
2018-09-17,68.86,2.95,78.22,2.144,41.05,263.6
2018-09-18,69.87,3.0,79.25,2.187,48.42,264.17
2018-09-19,71.08,3.11,79.43,2.192,47.32,265.23
2018-09-20,70.77,3.07,79.03,2.194,50.13,268.61
2018-09-21,70.8,3.02,78.9,2.2,47.71,268.16
2018-09-24,73.23,3.04,80.89,2.331,36.04,266.19
2018-09-25,73.4,3.12,82.21,2.335,37.88,262.91
2018-09-26,72.22,3.1,81.87,2.336,43.19,260.19
2018-09-27,72.18,3.05,81.54,2.351,30.92,259.86
2018-09-28,73.16,3.01,82.72,2.365,29.75,257.32
2018-10-01,75.37,3.13,84.94,2.453,39.41,259.98
2018-10-02,75.16,3.14,85.63,2.481,42.97,260.91
2018-10-03,76.4,3.26,85.45,2.474,42.81,259.16
2018-10-04,74.44,3.39,86.07,2.379,42.95,254.19
2018-10-05,74.26,3.25,85.12,2.36,32.88,248.72
2018-10-08,74.27,3.28,84.22,2.423,46.72,247.08
2018-10-09,74.95,3.4,85.16,2.39,53.48,244.81
2018-10-10,73.18,3.45,83.82,2.332,47.3,237.16
2018-10-11,70.97,3.16,81.35,2.244,36.5,234.97
2018-10-12,71.41,3.19,80.71,2.359,30.28,238.38
2018-10-15,71.84,3.26,80.91,2.351,32.1,240.5
2018-10-16,71.93,3.27,80.53,2.301,35.1,247.7
2018-10-17,69.63,3.3,79.91,2.275,31.11,246.6
2018-10-18,68.63,3.28,80.3,2.258,35.36,241.81
2018-10-19,69.16,3.2,80.38,2.316,32.01,239.74
2018-10-22,69.25,3.2,80.45,2.385,38.18,239.78
2018-10-23,66.49,3.28,78.67,2.278,35.0,239.3
2018-10-24,66.56,3.42,77.34,1.998,39.02,230.61
2018-10-25,67.25,3.42,77.3,2.006,42.08,236.08
2018-10-26,67.58,3.27,77.4,1.988,40.33,233.71
2018-10-29,67.0,3.2,77.56,2.005,40.07,234.36
2018-10-30,66.18,3.27,75.68,1.915,36.8,241.1
2018-10-31,65.31,3.31,74.84,1.878,33.26,246.01
2018-11-01,63.67,3.36,71.25,1.823,34.56,253.07
2018-11-02,63.12,3.26,71.11,1.808,33.53,251.49
2018-11-05,63.12,3.53,72.68,1.828,37.28,250.89
2018-11-06,62.16,3.53,70.64,1.885,36.45,251.17
2018-11-07,61.69,3.54,70.1,1.822,36.16,255.64
2018-11-08,60.71,3.54,69.29,1.789,40.03,254.39
2018-11-09,60.19,3.74,69.01,1.753,45.92,251.3
2018-11-12,59.85,3.96,69.81,1.695,47.25,243.45
2018-11-13,55.63,4.1,65.45,1.623,43.95,244.39
2018-11-14,56.16,4.1,64.88,1.643,50.41,243.78
2018-11-15,56.45,4.69,65.61,1.641,62.25,248.5
2018-11-16,56.49,4.3,65.29,1.669,44.53,250.76
2018-11-19,57.16,4.65,64.14,1.779,44.35,246.63
2018-11-20,53.39,4.65,61.5,1.697,39.29,242.56
2018-11-21,54.41,4.7,61.65,1.857,41.05,245.21
2018-11-22,,,61.11,,,
2018-11-23,,,57.69,,44.1,244.97
2018-11-26,51.46,4.28,59.7,1.84,39.54,249.8
2018-11-27,51.31,4.28,59.58,1.654,44.78,249.52
2018-11-28,50.06,4.5,57.97,1.569,47.76,254.9
2018-11-29,51.46,4.5,58.29,1.629,44.34,253.65
2018-11-30,50.78,4.61,57.71,1.546,38.82,254.41
2018-12-03,52.98,4.4,60.17,1.545,37.72,258.92
2018-12-04,53.21,4.4,61.22,1.508,44.79,250.62
2018-12-05,52.64,4.69,61.4,1.524,53.98,
2018-12-06,51.54,4.44,57.83,1.49,50.67,249.95
2018-12-07,52.76,4.51,61.71,1.551,44.03,244.31
2018-12-10,51.07,4.54,60.29,1.485,48.12,245.18
2018-12-11,51.65,4.53,59.73,1.508,48.93,244.61
2018-12-12,51.04,4.53,59.94,1.529,42.43,246.92
2018-12-13,52.69,4.31,59.03,1.591,37.45,246.67
2018-12-14,51.26,3.99,58.56,1.534,34.91,242.14
2018-12-17,49.8,3.8,57.59,1.747,37.6,235.21
2018-12-18,46.12,3.8,55.26,1.85,40.09,235.6
2018-12-19,47.96,3.64,55.6,2.097,36.56,230.63
2018-12-20,45.64,3.7,52.84,1.609,35.73,225.26
2018-12-21,45.38,3.7,51.93,1.56,30.12,221.8
2018-12-24,,,,,28.12,214.97
2018-12-25,,,,,,
2018-12-26,46.04,3.42,,1.597,31.88,227.08
2018-12-27,44.48,3.1,51.49,1.57,31.01,227.81
2018-12-28,45.15,3.25,50.57,1.56,25.2,228.92
2018-12-31,,,,,26.96,230.89
2019-01-01,,,,,,
2019-01-02,46.31,3.25,54.06,1.579,30.93,230.63
2019-01-03,46.92,2.72,53.23,1.525,28.95,223.09
2019-01-04,47.76,2.8,55.64,1.508,26.16,232.78
2019-01-07,48.27,2.74,57.1,1.495,30.45,235.19
2019-01-08,49.58,2.89,56.91,1.51,24.89,237.17
2019-01-09,52.19,2.92,59.46,1.576,31.03,240.4
2019-01-10,52.42,2.95,60.47,1.564,36.06,244.01
2019-01-11,51.44,2.95,59.24,1.55,40.57,245.78
2019-01-14,50.31,3.36,58.8,1.565,36.46,241.65
2019-01-15,51.8,3.54,58.65,1.634,36.59,242.3
2019-01-16,52.08,3.58,59.81,1.657,31.78,243.48
2019-01-17,51.83,3.58,59.85,1.669,35.38,245.96
2019-01-18,53.6,3.43,62.04,1.809,32.27,246.06
2019-01-21,,,62.18,,98.64,
2019-01-22,52.59,3.43,60.9,1.745,58.63,240.38
2019-01-23,52.44,3.13,61.05,1.673,31.32,239.49
2019-01-24,52.94,3.13,61.09,1.673,29.67,246.87
2019-01-25,53.53,3.07,61.49,1.589,38.81,251.29
2019-01-28,51.79,3.05,59.71,1.552,31.76,250.8
2019-01-29,53.07,2.94,60.98,1.538,35.29,250.11
2019-01-30,54.18,3.0,61.89,1.678,70.75,252.81
2019-01-31,53.84,2.82,62.46,1.648,93.18,255.54
2019-02-01,55.29,2.7,61.86,1.808,46.87,256.47
2019-02-04,54.57,2.57,62.26,1.873,26.55,259.47
2019-02-05,53.69,2.54,61.67,1.862,24.16,261.33
2019-02-06,53.94,2.58,62.22,1.902,25.54,262.94
2019-02-07,52.68,2.62,61.01,1.871,22.58,258.08
2019-02-08,52.75,2.66,61.37,1.802,26.4,257.79
2019-02-11,52.43,2.76,61.3,1.825,30.76,259.76
2019-02-12,53.14,2.71,62.58,1.798,29.98,262.47
2019-02-13,53.84,2.61,63.27,1.819,27.92,263.19
2019-02-14,54.4,2.61,64.0,1.841,25.98,263.69
2019-02-15,55.58,2.59,65.65,1.904,24.14,265.34
2019-02-18,,,66.41,,29.43,
2019-02-19,56.12,2.69,65.86,1.895,33.63,266.41
2019-02-20,56.9,2.69,66.82,1.901,35.22,266.55
2019-02-21,56.95,2.73,66.91,1.744,26.39,267.19
2019-02-22,57.01,2.74,66.91,1.742,27.12,273.94
2019-02-25,55.32,2.84,64.02,1.71,30.42,274.98
2019-02-26,55.4,2.74,64.51,1.753,35.48,273.52
2019-02-27,56.92,2.89,65.55,1.7,31.74,274.03
2019-02-28,57.21,2.89,65.03,1.689,31.98,272.87
2019-03-01,55.76,3.19,63.71,1.816,33.56,272.11
2019-03-04,56.6,4.25,64.44,1.837,42.68,270.7
2019-03-05,56.55,3.18,64.24,1.855,48.88,269.22
2019-03-06,56.22,3.18,64.51,1.877,45.53,265.04
2019-03-07,56.6,2.9,64.82,1.912,37.68,262.68
2019-03-08,55.77,2.9,65.66,1.916,34.36,262.93
2019-03-11,56.79,2.86,65.06,1.942,31.46,268.29
2019-03-12,56.89,2.83,65.33,1.939,32.61,268.49
2019-03-13,58.27,2.87,65.89,1.958,33.06,269.69
2019-03-14,58.59,2.95,66.18,1.926,27.27,268.19
2019-03-15,58.51,2.95,66.11,1.941,25.07,268.8
2019-03-18,59.09,2.9,66.65,1.962,,269.74
2019-03-19,59.12,2.92,67.13,2.017,34.5,269.96
2019-03-20,60.12,2.86,68.35,2.037,32.13,268.38
2019-03-21,59.98,2.86,68.3,2.159,32.68,270.67
2019-03-22,58.87,2.75,66.29,2.093,33.53,261.71
2019-03-25,58.71,2.72,67.37,2.111,33.9,260.05
2019-03-26,59.87,2.74,67.51,2.252,33.94,260.36
2019-03-27,59.39,2.69,67.35,2.189,31.96,259.59
2019-03-28,59.29,2.69,66.08,2.169,27.12,260.82
2019-03-29,60.19,2.73,67.93,2.176,25.51,262.57
2019-04-01,61.59,2.73,69.08,2.201,34.25,268.07
2019-04-02,62.53,2.76,69.68,2.29,31.11,267.85
2019-04-03,62.46,2.74,69.21,2.35,28.35,272.92
2019-04-04,62.12,2.66,69.8,2.349,28.44,272.96
2019-04-05,63.1,2.62,69.93,2.507,31.28,276.13
2019-04-08,64.37,2.72,71.12,2.523,34.03,277.38
2019-04-09,64.05,2.71,71.02,2.559,34.93,274.02
2019-04-10,64.62,2.72,71.63,2.622,29.6,277.08
2019-04-11,63.61,2.72,71.3,2.633,27.57,275.33
2019-04-12,63.86,2.75,71.57,2.554,26.89,277.22
2019-04-15,63.43,2.75,70.9,2.537,31.05,276.53
2019-04-16,64.01,2.66,70.74,2.536,29.89,278.89
2019-04-17,63.74,2.55,71.14,2.544,27.05,278.5
2019-04-18,64.02,2.54,70.71,2.602,30.61,278.86
2019-04-19,,,,,25.93,
2019-04-22,65.66,2.61,70.71,2.661,,277.2
2019-04-23,66.24,2.53,74.39,2.567,29.27,278.5
2019-04-24,65.96,2.53,73.59,2.563,30.19,278.92
2019-04-25,65.23,2.54,74.94,2.508,27.93,274.63
2019-04-26,63.29,2.58,71.03,2.417,27.25,275.52
2019-04-29,63.39,2.58,71.22,2.549,28.41,274.69
2019-04-30,63.83,2.59,72.19,2.585,32.65,274.44
2019-05-01,63.55,2.59,72.01,2.552,32.81,271.83
2019-05-02,61.75,2.63,70.56,2.492,38.37,273.32
2019-05-03,61.98,2.59,71.95,2.526,31.54,280.33
2019-05-06,62.3,2.54,71.95,2.504,28.57,277.95
2019-05-07,61.41,2.54,70.98,2.409,27.62,276.98
2019-05-08,62.13,2.64,71.09,2.293,25.89,271.82
2019-05-09,61.58,2.62,70.61,2.248,25.14,268.77
2019-05-10,61.65,2.64,71.63,2.187,26.48,268.93
2019-05-13,60.97,2.71,72.35,2.153,25.02,258.68
2019-05-14,61.82,2.7,72.53,2.211,26.4,262.6
2019-05-15,62.03,2.69,73.09,2.252,25.7,265.27
2019-05-16,62.93,2.62,74.7,2.29,27.4,265.57
2019-05-17,62.77,2.61,73.94,2.248,29.73,259.18
2019-05-20,63.12,2.7,73.21,2.222,36.58,255.42
2019-05-21,63.02,2.73,72.94,2.212,26.93,260.56
2019-05-22,61.42,2.73,71.94,2.143,26.28,258.55
2019-05-23,57.65,2.56,68.37,2.073,31.66,253.11
2019-05-24,58.4,2.6,67.98,2.11,27.83,253.74
2019-05-27,,,,,,
2019-05-28,58.91,2.65,70.19,2.115,40.49,253.98
2019-05-29,58.84,2.69,70.64,2.143,35.35,251.37
2019-05-30,56.47,2.69,69.55,2.051,33.09,251.22
2019-05-31,53.49,2.59,66.78,1.958,28.17,246.3
2019-06-03,53.25,2.5,63.16,1.888,24.66,248.35
2019-06-04,53.5,2.45,63.56,1.879,24.02,256.16
2019-06-05,51.57,2.45,62.14,1.849,29.11,256.38
2019-06-06,52.59,2.4,62.77,1.883,31.27,257.65
2019-06-07,53.95,2.43,64.1,1.895,26.59,260.76
2019-06-10,53.33,2.42,64.31,1.889,25.82,266.03
2019-06-11,53.3,2.41,63.56,1.909,23.4,267.04
2019-06-12,51.13,2.43,61.66,1.834,22.82,263.48
2019-06-13,52.38,2.43,63.28,1.782,21.18,267.51
2019-06-14,52.47,2.37,63.13,1.791,20.75,262.72
2019-06-17,51.94,2.46,62.56,1.712,31.36,263.5
2019-06-18,53.86,2.44,63.35,1.719,27.5,270.8
2019-06-19,53.74,2.43,62.85,1.726,26.65,271.52
2019-06-20,56.88,2.38,65.44,1.772,29.01,273.68
2019-06-21,57.35,2.27,65.99,1.781,23.81,271.66
2019-06-24,57.73,2.31,65.16,1.77,30.61,271.52
2019-06-25,57.63,2.31,66.24,1.903,30.77,267.53
2019-06-26,59.17,2.34,66.85,1.983,32.11,269.69
2019-06-27,59.18,2.32,66.78,2.029,34.82,274.55
2019-06-28,58.2,2.42,67.52,2.03,35.63,276.27
2019-07-01,58.91,2.33,65.1,2.043,28.47,279.67
2019-07-02,56.0,2.3,62.72,1.996,32.2,278.26
2019-07-03,57.06,2.29,63.53,1.974,33.85,281.21
2019-07-04,,,63.62,,,
2019-07-05,,,64.23,,29.35,281.59
2019-07-08,57.35,2.39,64.89,1.928,29.36,278.95
2019-07-09,57.57,2.41,64.3,1.947,30.26,280.14
2019-07-10,60.28,2.49,66.41,2.016,37.27,280.68
2019-07-11,59.93,2.54,67.64,1.977,36.63,278.48
2019-07-12,59.99,2.54,66.65,1.926,32.08,282.38
2019-07-15,59.3,2.53,66.86,1.873,33.55,283.69
2019-07-16,57.44,2.53,65.87,1.863,34.13,283.28
2019-07-17,56.5,2.44,63.67,1.822,38.42,283.35
2019-07-18,55.08,2.38,60.7,1.793,40.23,284.95
2019-07-19,55.42,2.3,61.04,1.797,52.16,285.66
2019-07-22,55.87,2.33,61.96,1.776,32.41,286.19
2019-07-23,56.58,2.34,62.28,1.791,25.03,289.18
2019-07-24,55.9,2.33,63.83,1.844,24.76,293.9
2019-07-25,55.88,2.26,63.47,1.866,28.22,286.88
2019-07-26,56.04,2.23,62.46,1.974,30.77,288.19
2019-07-29,56.85,2.23,62.29,1.965,33.92,288.64
2019-07-30,58.04,2.22,62.55,2.01,34.84,290.67
2019-07-31,58.53,2.28,64.07,2.012,29.34,288.76
2019-08-01,53.64,2.36,62.9,1.81,28.91,286.78
2019-08-02,55.67,2.12,61.12,1.821,27.94,284.02
2019-08-05,54.63,2.02,59.32,1.762,31.08,271.43
2019-08-06,53.6,2.15,58.63,1.723,32.67,275.91
2019-08-07,51.14,2.18,55.03,1.683,30.66,282.03
2019-08-08,52.6,2.13,56.29,1.674,28.95,288.45
2019-08-09,54.41,2.09,57.37,1.686,27.0,282.56
2019-08-12,54.98,2.21,57.13,1.695,31.11,278.66
2019-08-13,57.05,2.24,59.9,1.772,29.78,283.39
2019-08-14,55.16,2.22,57.86,1.711,28.02,272.83
2019-08-15,54.51,2.19,57.37,1.75,27.5,271.32
2019-08-16,54.83,2.2,59.0,1.766,29.25,277.94
2019-08-19,56.24,2.26,59.79,1.744,40.05,282.39
2019-08-20,56.18,2.35,59.03,1.76,35.52,281.84
2019-08-21,55.65,2.31,60.6,1.776,33.27,281.85
2019-08-22,55.33,2.28,59.81,1.767,30.38,279.36
2019-08-23,54.08,2.15,58.64,1.816,24.38,270.27
2019-08-26,53.54,2.23,58.64,1.796,24.88,272.63
2019-08-27,54.99,2.24,58.44,1.85,23.46,270.49
2019-08-28,55.76,2.24,60.42,2.096,25.4,272.57
2019-08-29,56.67,2.36,60.59,2.208,25.18,276.0
2019-08-30,55.07,2.33,61.04,2.138,26.63,276.16
2019-09-02,,,58.55,,,
2019-09-03,53.91,2.39,57.93,1.976,32.93,271.09
2019-09-04,56.22,2.48,60.68,2.116,32.11,276.18
2019-09-05,56.33,2.49,62.7,2.045,25.22,280.67
2019-09-06,56.45,2.49,61.28,2.076,24.91,280.68
2019-09-09,57.88,2.65,63.99,1.961,29.72,280.33
2019-09-10,57.37,2.67,64.67,1.904,37.6,281.17
2019-09-11,55.66,2.63,63.02,1.884,43.19,287.56
2019-09-12,55.13,2.62,60.76,1.904,41.77,284.79
2019-09-13,54.76,2.61,61.25,1.903,29.51,286.33
2019-09-16,63.1,2.75,68.42,2.077,42.75,286.76
2019-09-17,59.26,2.7,65.59,2.117,30.83,289.2
2019-09-18,58.19,2.72,64.29,2.155,27.31,288.76
2019-09-19,58.19,2.65,64.25,2.08,25.05,291.51
2019-09-20,57.92,2.34,65.23,2.064,26.01,290.16
2019-09-23,58.69,2.55,64.66,2.218,36.32,291.98
2019-09-24,57.22,2.55,64.13,2.185,28.57,283.05
2019-09-25,56.38,2.54,62.41,2.163,30.82,285.45
2019-09-26,56.24,2.57,62.08,2.198,32.33,282.57
2019-09-27,55.95,2.41,62.48,2.189,29.93,278.12
2019-09-30,54.09,2.37,60.99,1.885,39.63,279.54
2019-10-01,53.6,2.36,60.06,1.829,40.81,274.53
2019-10-02,52.67,2.36,57.92,2.768,60.85,269.84
2019-10-03,52.41,2.31,58.01,2.652,41.37,271.65
2019-10-04,52.84,2.25,59.13,2.673,25.95,275.36
2019-10-07,52.76,2.36,59.46,2.724,27.01,274.19
2019-10-08,52.64,2.29,58.14,2.398,24.8,270.53
2019-10-09,52.63,2.26,59.7,2.335,24.44,272.66
2019-10-10,53.57,2.26,59.08,2.367,24.29,274.43
2019-10-11,54.76,2.13,60.59,2.462,23.51,277.99
2019-10-14,53.57,2.13,58.81,2.362,,277.55
2019-10-15,52.81,2.29,59.19,2.364,26.28,279.57
2019-10-16,53.42,2.44,59.3,2.371,25.82,277.99
2019-10-17,53.89,2.29,59.35,2.024,,280.03
2019-10-18,53.75,2.08,59.96,2.019,24.99,279.53
2019-10-21,53.28,2.13,58.95,1.952,27.75,281.9
2019-10-22,54.21,2.21,60.5,1.819,30.82,279.59
2019-10-23,55.9,2.34,60.52,1.858,30.74,279.45
2019-10-24,56.11,2.33,61.71,1.84,30.38,285.23
2019-10-25,56.52,2.26,62.06,1.889,29.88,287.5
2019-10-28,55.6,2.49,60.39,2.011,31.5,290.35
2019-10-29,55.34,2.61,61.05,2.024,26.81,288.43
2019-10-30,54.85,2.71,60.22,1.992,29.36,284.18
2019-10-31,54.02,2.73,59.3,2.296,33.41,286.06
2019-11-01,56.04,2.54,60.17,2.355,31.56,289.03
2019-11-04,56.33,2.77,62.52,2.357,31.42,292.15
2019-11-05,57.04,2.77,62.72,2.371,30.82,295.64
2019-11-06,56.15,2.82,62.11,2.325,32.78,293.74
2019-11-07,56.91,2.84,62.6,1.987,34.12,294.44
2019-11-08,57.02,2.87,62.0,2.005,38.92,294.05
2019-11-11,,,62.58,,32.05,294.95
2019-11-12,56.67,2.72,62.19,1.939,40.79,295.43
2019-11-13,56.88,2.66,62.27,1.924,55.32,292.6
2019-11-14,56.57,2.68,62.46,1.906,44.15,293.73
2019-11-15,57.54,2.7,63.32,1.763,31.13,297.09
2019-11-18,56.82,2.64,62.82,1.785,29.44,295.49
2019-11-19,54.93,2.53,62.37,1.766,35.1,296.32
2019-11-20,56.71,2.56,63.8,1.754,41.51,293.08
2019-11-21,58.36,2.53,64.99,1.788,30.62,292.3
2019-11-22,57.68,2.62,64.83,1.698,27.0,290.84
2019-11-25,57.79,2.51,64.67,1.695,29.92,296.56
2019-11-26,58.25,2.51,64.82,1.762,24.34,297.13
2019-11-27,58.12,2.46,65.03,1.729,23.15,302.08
2019-11-28,,,64.68,,,
2019-11-29,58.12,2.46,64.5,,23.4,298.6
2019-12-02,55.97,2.29,63.2,1.615,31.7,297.63
2019-12-03,56.15,2.42,62.95,1.547,28.54,296.89
2019-12-04,58.46,2.43,65.25,1.537,25.34,299.01
2019-12-05,58.42,2.42,65.67,1.559,24.74,298.03
2019-12-06,59.2,2.31,66.5,1.582,24.13,301.54
2019-12-09,58.99,2.17,66.44,1.623,23.91,299.52
2019-12-10,59.22,2.18,66.57,1.617,27.2,301.1
2019-12-11,58.74,2.28,65.37,1.59,34.21,304.21
2019-12-12,59.18,2.28,66.67,1.562,32.34,307.97
2019-12-13,60.11,2.28,67.44,1.587,28.05,307.65
2019-12-16,60.21,2.34,68.04,1.628,28.82,312.89
2019-12-17,60.88,2.3,68.99,1.676,28.4,314.51
2019-12-18,60.93,2.26,69.12,1.682,38.69,316.71
2019-12-19,61.3,2.21,69.7,1.706,41.67,318.2
2019-12-20,60.43,2.27,68.66,1.706,31.22,319.92
2019-12-23,60.51,2.17,67.49,1.717,23.27,322.57
2019-12-24,61.17,2.11,69.26,1.733,21.75,323.13
2019-12-25,,,,,,
2019-12-26,61.72,2.09,69.26,1.786,,326.15
2019-12-27,61.76,1.75,68.91,1.795,20.13,323.78
2019-12-30,61.66,2.06,68.3,1.774,21.21,323.52
2019-12-31,61.14,2.09,67.77,1.738,21.0,324.91
2020-01-01,,,,,,
2020-01-02,61.17,2.05,67.05,1.742,23.33,330.3
2020-01-03,63.0,2.06,69.08,1.789,21.55,329.75
2020-01-06,63.27,2.1,70.25,1.811,26.0,330.15
2020-01-07,62.7,2.17,68.74,1.788,26.92,333.07
2020-01-08,59.65,2.09,67.31,1.781,,336.29
2020-01-09,59.56,2.05,66.58,1.858,25.87,336.12
2020-01-10,59.02,2.05,66.77,1.861,21.81,335.26
2020-01-13,58.17,2.03,64.14,1.866,21.77,344.73
2020-01-14,58.34,2.15,64.45,1.897,23.91,347.8
2020-01-15,57.86,2.01,63.29,1.879,22.04,346.6
2020-01-16,58.52,2.06,64.63,1.888,25.0,348.69
2020-01-17,58.55,2.07,64.05,1.846,27.45,350.41
2020-01-20,,,64.63,,31.25,
2020-01-21,58.25,1.98,63.66,1.837,30.5,353.37
2020-01-22,56.76,1.89,62.11,1.778,25.49,352.33
2020-01-23,55.51,1.95,61.26,1.903,24.79,354.42
2020-01-24,54.09,1.91,59.34,1.909,21.33,351.14
2020-01-27,53.09,2.03,58.54,1.852,23.29,339.42
2020-01-28,53.33,1.96,59.37,1.878,23.92,346.74
2020-01-29,53.29,1.93,59.46,1.883,25.88,346.06
2020-01-30,52.19,1.94,57.72,1.91,25.7,349.99
2020-01-31,51.58,1.91,57.77,1.879,24.69,344.13
2020-02-03,50.06,1.9,54.0,1.868,20.98,354.5
2020-02-04,49.59,1.89,53.9,1.843,19.25,373.86
2020-02-05,50.87,1.89,55.36,1.898,22.75,365.66
2020-02-06,50.94,1.86,55.18,1.898,21.37,366.82
2020-02-07,50.34,1.93,54.53,1.846,22.98,360.53
2020-02-10,49.59,1.85,53.39,1.842,22.69,366.43
2020-02-11,50.0,1.85,54.0,1.835,21.14,372.17
2020-02-12,51.13,1.91,55.54,1.9,22.66,378.5
2020-02-13,51.41,1.95,56.34,1.936,20.52,380.03
2020-02-14,52.03,1.93,57.37,1.94,28.67,379.2
2020-02-17,,,57.83,,,
2020-02-18,52.1,2.04,57.35,1.91,20.67,384.11
2020-02-19,53.31,2.01,59.72,1.965,22.58,401.86
2020-02-20,53.77,1.98,59.57,1.955,26.7,404.57
2020-02-21,53.36,1.96,58.6,1.922,25.29,397.26
2020-02-24,51.36,1.94,56.71,1.892,20.0,379.88
2020-02-25,49.78,1.93,55.29,1.688,19.91,367.48
2020-02-26,48.67,1.96,54.96,1.723,20.08,362.8
2020-02-27,47.17,1.78,52.19,1.67,23.0,342.02
2020-02-28,44.83,1.79,51.31,1.646,22.86,342.8
2020-03-02,46.78,1.75,52.52,1.755,21.25,356.51
2020-03-03,47.27,1.78,52.24,1.742,20.39,353.69
2020-03-04,46.78,1.83,51.86,1.779,20.57,363.04
2020-03-05,45.9,1.89,51.29,1.712,20.23,356.67
2020-03-06,41.14,1.76,45.6,1.535,23.84,346.72
2020-03-09,31.05,1.74,35.33,1.229,21.25,309.85
2020-03-10,34.47,1.91,35.57,1.277,19.39,322.91
2020-03-11,33.13,1.96,34.45,1.228,23.01,301.87
2020-03-12,31.56,1.82,31.02,1.063,24.39,267.29
2020-03-13,31.72,1.94,32.25,1.097,22.53,277.87
2020-03-16,28.96,1.89,27.98,0.7,25.87,237.78
2020-03-17,26.96,1.89,27.97,0.719,,253.29
2020-03-18,20.48,1.73,22.79,0.629,22.5,220.99
2020-03-19,25.09,1.68,23.98,0.64,18.61,235.51
2020-03-20,19.48,1.76,25.55,0.494,18.3,231.01
2020-03-23,23.33,1.7,23.75,0.387,21.55,225.63
2020-03-24,21.03,1.73,24.5,0.419,18.6,257.31
2020-03-25,20.75,1.8,25.62,0.447,23.7,269.66
2020-03-26,16.6,1.73,23.55,0.45,20.17,276.96
2020-03-27,15.48,1.7,22.39,0.405,18.71,259.12
2020-03-30,14.1,1.65,19.19,0.406,18.3,260.59
2020-03-31,20.51,1.71,14.85,0.348,20.36,262.47
2020-04-01,20.28,1.69,14.97,0.348,21.48,243.47
2020-04-02,25.18,1.55,20.24,0.452,18.88,243.42
2020-04-03,28.36,1.5,24.33,0.503,16.13,240.64
2020-04-06,26.21,1.64,22.58,0.457,18.1,263.32
2020-04-07,23.54,1.83,22.1,0.341,17.12,268.07
2020-04-08,24.97,1.86,25.22,0.385,18.58,278.74
2020-04-09,22.9,1.74,20.23,0.382,17.49,285.5
2020-04-10,,,,,18.5,
2020-04-13,22.36,1.86,,0.414,,288.15
2020-04-14,20.15,1.76,21.74,0.384,22.48,300.22
2020-04-15,19.96,1.68,19.8,0.377,24.4,290.79
2020-04-16,19.82,1.59,18.69,0.325,21.9,292.12
2020-04-17,18.31,1.71,19.75,0.343,20.17,300.61
2020-04-20,-36.98,1.78,17.36,0.293,19.63,294.73
2020-04-21,8.91,1.92,9.12,0.406,20.27,280.31
2020-04-22,13.64,1.9,13.77,0.56,20.34,293.26
2020-04-23,15.06,1.86,15.06,0.516,20.33,294.33
2020-04-24,15.99,1.81,15.87,0.534,21.1,297.0
2020-04-27,12.17,1.68,15.17,0.623,21.0,310.62
2020-04-28,12.4,1.8,15.6,0.67,21.22,313.81
2020-04-29,15.04,1.73,17.86,0.758,19.67,332.91
2020-04-30,19.23,1.63,18.11,0.777,19.08,319.58
2020-05-01,19.72,1.69,18.49,0.781,19.09,301.99
2020-05-04,20.47,1.78,20.4,0.864,20.69,306.53
2020-05-05,24.56,1.93,25.46,0.902,20.1,309.25
2020-05-06,23.88,1.9,24.2,0.887,23.15,316.74
2020-05-07,23.68,1.84,24.23,0.929,20.52,321.64
2020-05-08,24.73,1.74,,0.982,20.62,334.58
2020-05-11,24.02,1.7,25.53,1.006,21.32,333.26
2020-05-12,25.76,1.61,26.67,0.98,19.66,324.17
2020-05-13,25.37,1.56,27.89,0.923,18.3,313.08
2020-05-14,27.4,1.6,29.87,1.005,18.39,315.63
2020-05-15,29.44,1.66,30.95,1.045,22.33,315.33
2020-05-18,31.83,1.77,33.3,1.119,18.9,337.71
2020-05-19,32.3,1.85,33.06,1.139,16.19,337.0
2020-05-20,33.56,1.83,34.76,1.149,15.63,343.21
2020-05-21,34.3,1.75,34.78,1.168,17.85,338.52
2020-05-22,33.49,1.7,33.8,1.164,19.78,335.99
2020-05-25,,,,,,
2020-05-26,34.7,1.79,33.95,1.168,21.79,349.59
2020-05-27,32.8,1.78,32.73,1.112,27.38,354.63
2020-05-28,33.67,1.79,33.98,1.134,25.98,345.43
2020-05-29,35.57,1.7,34.15,1.186,26.66,350.32
2020-06-01,35.49,1.59,36.74,1.232,16.2,359.41
2020-06-02,36.88,1.58,37.72,1.237,20.22,360.11
2020-06-03,37.33,1.84,37.98,1.207,29.28,371.47
2020-06-04,37.42,1.68,38.41,1.256,28.09,372.01
2020-06-05,39.49,1.8,41.0,1.316,31.09,383.23
2020-06-08,38.17,1.68,39.66,1.297,20.39,393.54
2020-06-09,38.98,1.68,40.45,1.309,29.24,390.14
2020-06-10,39.54,1.72,41.18,1.3,30.42,388.64
2020-06-11,36.43,1.77,37.76,1.255,24.51,361.36
2020-06-12,36.24,1.67,38.54,1.279,20.22,369.24
2020-06-15,37.07,1.64,39.44,1.32,18.73,378.7
2020-06-16,38.26,1.43,40.75,1.344,19.0,385.6
2020-06-17,37.91,1.55,40.47,1.351,21.35,378.37
2020-06-18,38.79,1.51,41.75,1.398,20.95,382.08
2020-06-19,39.72,1.49,42.33,1.395,23.54,382.18
2020-06-22,40.6,1.64,43.2,1.409,29.17,381.32
2020-06-23,40.4,1.61,42.72,1.4,25.5,383.38
2020-06-24,37.91,1.64,40.4,1.29,20.7,373.32
2020-06-25,38.66,1.53,41.18,1.303,20.25,375.56
2020-06-26,38.53,1.42,40.97,1.214,23.75,365.78
2020-06-29,39.67,1.67,41.58,1.253,,378.4
2020-06-30,39.27,1.76,41.64,1.265,25.85,387.03
2020-07-01,39.88,1.69,42.18,1.265,24.78,388.28
2020-07-02,40.57,1.58,43.19,1.294,29.58,400.27
2020-07-03,,,42.92,,28.55,
2020-07-06,40.51,1.71,42.73,1.327,34.66,423.08
2020-07-07,40.59,1.76,43.28,1.373,33.47,425.15
2020-07-08,40.91,1.78,43.67,1.378,35.66,435.56
2020-07-09,39.64,1.88,42.35,1.345,39.08,439.73
2020-07-10,40.56,1.79,43.27,1.374,33.49,446.86
2020-07-13,40.06,1.75,42.85,1.337,29.16,437.41
2020-07-14,40.3,1.74,42.97,1.334,29.52,454.12
2020-07-15,41.2,1.76,43.96,1.338,32.12,465.87
2020-07-16,40.74,1.79,43.71,1.307,33.32,457.84
2020-07-17,40.55,1.79,43.53,1.232,33.9,460.34
2020-07-20,40.83,1.71,43.3,1.219,51.91,473.78
2020-07-21,41.76,1.66,44.31,1.275,36.53,469.76
2020-07-22,41.88,1.69,43.98,1.334,30.98,471.58
2020-07-23,40.99,1.75,42.96,1.333,27.02,466.8
2020-07-24,41.23,1.77,43.29,1.385,27.25,456.25
2020-07-27,41.46,1.85,43.39,1.379,41.0,467.81
2020-07-28,40.89,1.83,43.11,1.367,32.58,455.69
2020-07-29,41.13,1.77,43.51,1.358,30.25,462.77
2020-07-30,39.85,1.81,42.98,1.348,29.89,457.5
2020-07-31,40.1,1.83,43.13,1.322,24.7,455.48
2020-08-03,40.83,1.95,43.76,1.354,26.0,471.27
2020-08-04,41.67,2.07,43.99,1.324,23.36,485.36
2020-08-05,42.25,2.23,44.92,1.339,,497.65
2020-08-06,41.93,2.26,45.04,1.325,24.88,492.25
2020-08-07,41.16,2.15,44.07,1.302,27.8,497.27
2020-08-10,41.94,2.18,44.19,1.325,34.5,503.57
2020-08-11,41.53,2.19,43.68,1.303,36.27,490.4
2020-08-12,42.6,2.05,45.09,1.34,32.0,506.23
2020-08-13,42.26,2.19,44.87,1.388,28.1,513.93
2020-08-14,42.05,2.23,44.86,1.399,27.78,509.63
2020-08-17,42.89,2.32,44.91,1.436,27.0,522.99
2020-08-18,42.89,2.45,45.34,1.48,,523.74
2020-08-19,42.91,2.43,45.21,1.477,25.06,524.62
2020-08-20,42.62,2.35,44.56,1.489,24.85,520.73
2020-08-21,42.32,2.39,43.94,1.468,29.75,523.16
2020-08-24,42.44,2.57,44.43,1.56,36.0,530.33
2020-08-25,43.17,2.54,46.01,1.55,40.69,541.66
2020-08-26,43.21,2.52,45.79,1.511,34.11,552.95
2020-08-27,42.88,2.52,44.84,1.441,38.88,553.28
2020-08-28,42.96,2.46,45.22,1.491,29.85,557.64
2020-08-31,42.61,2.3,,1.451,24.9,564.19
2020-09-01,42.76,2.22,45.72,1.437,24.59,572.19
2020-09-02,42.76,2.15,42.7,1.409,29.3,566.36
2020-09-03,41.39,2.32,42.72,1.4,28.15,526.98
2020-09-04,39.69,1.8,41.1,1.356,24.03,524.58
2020-09-07,,,40.67,,,
2020-09-08,36.87,2.35,38.53,1.28,28.91,498.1
2020-09-09,38.05,2.21,39.98,1.294,31.46,519.82
2020-09-10,37.25,2.13,39.27,1.209,26.66,511.87
2020-09-11,37.33,1.93,38.8,1.22,26.02,511.97
2020-09-14,37.23,2.18,38.57,1.228,29.01,535.91
2020-09-15,38.29,2.19,39.54,1.262,22.31,550.07
2020-09-16,40.17,2.06,41.23,1.301,20.95,551.07
2020-09-17,40.99,1.65,42.35,1.306,19.9,537.59
2020-09-18,41.09,1.56,42.16,1.298,16.32,541.04
2020-09-21,39.26,1.33,40.37,1.252,18.2,534.31
2020-09-22,39.55,1.49,40.84,1.231,18.75,535.09
2020-09-23,39.92,1.74,41.09,1.242,22.45,511.49
2020-09-24,40.11,1.93,41.24,1.278,21.4,512.32
2020-09-25,40.06,1.9,40.91,1.301,19.93,529.15
2020-09-28,40.47,1.83,41.59,1.351,25.99,553.7
2020-09-29,39.03,1.74,40.33,1.306,20.13,566.94
2020-09-30,40.05,1.66,40.3,1.311,20.35,577.98
2020-10-01,38.51,1.6,39.75,1.26,18.82,594.77
2020-10-02,36.9,1.41,38.0,1.224,19.47,587.81
2020-10-05,39.12,1.92,39.78,1.303,20.88,617.57
2020-10-06,40.52,1.86,41.27,1.34,22.79,614.7
2020-10-07,39.82,2.01,40.62,1.298,24.21,644.83
2020-10-08,41.04,1.49,42.0,1.328,22.2,638.63
2020-10-09,40.44,2.25,41.63,1.287,23.31,653.54
2020-10-12,39.22,2.31,40.5,1.242,25.74,644.54
2020-10-13,40.03,2.14,41.34,1.239,22.75,646.12
2020-10-14,40.86,2.02,41.81,1.238,21.85,660.65
2020-10-15,40.84,2.23,41.61,1.232,23.31,660.02
2020-10-16,40.7,2.16,41.34,1.215,23.62,657.53
2020-10-19,40.69,2.3,41.29,1.244,26.88,657.64
2020-10-20,41.37,2.57,41.62,1.263,29.64,663.04
2020-10-21,39.88,2.95,40.09,1.214,30.46,635.49
2020-10-22,40.46,2.99,41.28,1.239,30.03,639.97
2020-10-23,39.73,2.91,40.71,1.214,27.08,641.47
2020-10-26,38.39,3.14,39.06,1.232,,626.51
2020-10-27,39.34,3.07,39.72,1.254,31.68,625.24
2020-10-28,37.27,3.14,37.86,1.19,33.01,617.46
2020-10-29,35.94,3.06,36.56,1.181,33.9,633.89
2020-10-30,35.64,3.03,36.33,1.19,33.8,617.88
2020-11-02,36.6,3.03,37.78,1.196,39.49,641.68
2020-11-03,37.44,2.88,38.17,1.25,28.28,649.83
2020-11-04,38.97,2.63,39.68,1.292,24.8,644.32
2020-11-05,38.56,2.69,39.47,1.3,24.26,699.79
2020-11-06,36.97,2.67,38.08,1.276,23.19,704.86
2020-11-09,40.05,2.63,40.93,1.304,24.14,711.23
2020-11-10,41.18,2.74,42.25,1.343,20.96,693.51
2020-11-11,41.23,2.75,42.5,1.314,25.55,720.92
2020-11-12,40.9,2.81,42.16,1.286,26.6,723.11
2020-11-13,39.93,2.82,41.51,1.245,25.03,719.65
2020-11-16,41.14,2.62,42.71,1.257,,738.78
2020-11-17,41.24,2.55,42.54,1.249,28.35,746.46
2020-11-18,41.64,2.37,42.91,1.272,27.5,741.0
2020-11-19,41.57,2.19,43.09,1.329,24.36,761.91
2020-11-20,41.99,2.22,43.79,1.338,20.87,773.56
2020-11-23,42.91,2.23,45.0,1.362,22.6,819.17
2020-11-24,44.71,2.47,46.63,1.448,25.51,828.7
2020-11-25,45.58,2.47,47.3,1.484,21.6,837.28
2020-11-26,,,46.32,,,
2020-11-27,,,46.88,,18.55,848.94
2020-11-30,45.2,2.89,46.84,1.384,24.05,826.83
2020-12-01,44.54,2.89,47.03,1.373,29.4,806.16
2020-12-02,45.23,2.75,47.8,1.395,29.98,802.28
2020-12-03,45.65,2.46,48.37,1.318,26.73,793.08
2020-12-04,46.23,2.48,49.1,1.317,23.24,800.7
2020-12-07,45.72,2.39,48.63,1.307,,808.75
2020-12-08,45.64,2.36,48.84,1.314,28.99,838.97
2020-12-09,45.48,2.45,48.81,1.337,26.07,801.72
2020-12-10,46.76,2.45,50.33,1.364,24.88,809.91
2020-12-11,46.59,2.54,50.01,1.383,21.84,805.01
2020-12-14,47.02,2.69,50.27,1.386,28.89,805.62
2020-12-15,47.58,2.63,50.77,1.375,33.08,849.41
2020-12-16,47.86,2.73,50.83,1.405,36.22,846.76
2020-12-17,48.34,2.7,51.2,1.431,42.4,862.13
2020-12-18,49.04,2.73,52.17,1.495,40.35,877.39
2020-12-21,47.79,2.68,50.61,1.452,28.04,889.26
2020-12-22,47.02,2.76,49.88,1.437,27.83,920.12
2020-12-23,47.94,2.76,51.05,1.57,24.58,926.01
2020-12-24,48.18,2.68,50.88,1.568,21.23,921.28
2020-12-25,,,,,,
2020-12-28,47.5,2.39,50.88,1.556,27.55,904.42
2020-12-29,47.85,2.4,50.44,1.567,28.07,886.65
2020-12-30,48.24,2.36,50.74,1.578,22.88,914.77
2020-12-31,48.35,2.39,51.22,1.578,20.35,917.48
2021-01-01,,,,,,
2021-01-04,47.47,2.6,50.37,1.534,23.38,925.77
2021-01-05,49.78,2.77,53.16,1.608,27.21,946.62
2021-01-06,50.45,2.76,53.8,1.621,34.42,1006.79
2021-01-07,50.63,2.81,53.7,1.625,27.84,1074.58
2021-01-08,52.14,2.77,55.51,1.659,30.08,1091.9
2021-01-11,52.15,2.71,54.84,1.631,31.63,1083.92
2021-01-12,53.08,2.89,55.98,1.65,28.25,1120.02
2021-01-13,52.81,2.82,55.52,1.643,26.38,1119.21
2021-01-14,53.47,2.82,55.76,1.631,26.35,1118.4
2021-01-15,52.25,2.86,54.8,1.596,27.16,1055.38
2021-01-18,,,54.21,,31.75,
2021-01-19,52.87,2.65,55.38,1.615,27.04,1107.43
2021-01-20,53.16,2.57,55.66,1.603,28.07,1093.68
2021-01-21,53.0,2.49,55.68,1.623,23.84,1121.08
2021-01-22,52.28,2.45,55.22,1.708,24.06,1133.43
2021-01-25,52.78,2.63,55.44,1.733,27.8,1115.47
2021-01-26,52.61,2.73,55.26,1.744,26.5,1121.04
2021-01-27,52.81,2.77,55.07,1.727,28.87,1069.13
2021-01-28,52.26,2.76,54.87,1.738,36.43,1080.29
2021-01-29,52.16,2.68,55.25,1.728,43.28,1044.18
2021-02-01,53.55,2.88,56.42,1.74,32.97,1078.84
2021-02-02,54.77,3.24,57.62,1.77,33.23,1090.23
2021-02-03,55.67,3.01,58.61,1.767,33.27,1099.76
2021-02-04,56.19,2.99,58.98,1.764,29.5,1099.98
2021-02-05,56.8,3.49,59.48,1.772,26.97,1105.59
2021-02-08,57.95,3.4,60.17,1.799,40.43,1137.81
2021-02-09,58.34,3.35,60.74,1.793,37.52,1152.37
2021-02-10,58.69,3.76,61.17,1.756,37.19,1127.11
2021-02-11,58.22,6.5,61.09,1.762,40.03,1134.39
2021-02-12,59.5,6.12,62.47,1.722,48.83,1137.78
2021-02-15,,,63.58,,61.5,
2021-02-16,60.07,11.32,63.96,1.78,87.42,1105.63
2021-02-17,61.09,23.86,65.02,1.816,132.38,1077.59
2021-02-18,60.4,8.56,64.09,1.781,169.92,1021.15
2021-02-19,59.12,4.96,62.84,1.862,78.36,1057.0
2021-02-22,61.67,3.16,64.73,1.922,39.66,985.06
2021-02-23,61.66,2.94,65.16,1.947,29.01,966.33
2021-02-24,63.21,2.8,66.85,1.964,23.79,1006.4
2021-02-25,63.43,2.72,66.69,1.962,23.92,932.26
2021-02-26,61.55,2.66,65.86,1.947,23.9,955.22
2021-03-01,60.54,2.7,64.56,2.009,25.47,1005.24
2021-03-02,59.7,2.87,63.17,1.985,33.81,958.78
2021-03-03,61.33,2.86,64.7,1.985,28.61,906.85
2021-03-04,63.81,2.79,67.32,2.054,27.7,856.13
2021-03-05,66.08,2.72,69.95,2.125,29.23,845.08
2021-03-08,65.03,2.67,68.0,2.078,28.23,811.58
2021-03-09,64.02,2.62,67.03,2.07,22.0,889.09
2021-03-10,64.45,2.62,67.53,2.117,21.07,893.74
2021-03-11,66.02,2.7,69.34,2.174,21.05,955.74
2021-03-12,65.59,2.65,68.87,2.196,23.84,949.22
2021-03-15,65.36,2.58,68.78,2.166,33.5,956.34
2021-03-16,64.82,2.5,67.95,2.175,31.99,927.37
2021-03-17,64.55,2.6,67.73,2.125,26.45,925.68
2021-03-18,59.95,2.45,62.11,1.998,25.81,869.17
2021-03-19,61.43,2.53,64.0,2.02,29.52,888.53
2021-03-22,61.48,2.55,63.89,2.033,27.0,903.79
2021-03-23,57.75,2.56,59.96,1.95,24.34,870.5
2021-03-24,61.12,2.56,63.7,2.051,28.27,832.52
2021-03-25,58.47,2.52,61.21,1.986,26.63,845.19
2021-03-26,60.93,2.52,63.77,2.043,27.98,860.84
2021-03-29,61.49,2.58,64.06,2.088,30.22,821.48
2021-03-30,60.55,2.55,63.28,2.063,25.99,860.19
2021-03-31,59.19,2.52,63.52,2.031,25.39,896.35
2021-04-01,61.41,2.52,63.85,2.092,31.87,904.26
2021-04-02,,,,,31.86,
2021-04-05,58.73,2.43,,2.045,,890.27
2021-04-06,59.34,2.44,61.47,2.044,26.91,902.1
2021-04-07,59.77,2.43,61.86,2.005,28.44,864.87
2021-04-08,59.61,2.47,62.09,2.017,27.93,877.26
2021-04-09,59.29,2.48,61.89,2.041,24.63,870.12
2021-04-12,59.7,2.5,62.38,2.04,27.75,858.99
2021-04-13,60.2,2.57,62.83,2.05,27.11,868.91
2021-04-14,63.15,2.65,66.11,2.098,29.42,859.67
2021-04-15,63.42,2.62,66.13,2.145,31.25,842.32
2021-04-16,63.16,2.63,65.98,2.134,33.39,856.45
2021-04-19,63.33,2.75,66.54,2.142,,832.79
2021-04-20,62.61,2.76,65.34,2.11,33.13,821.36
2021-04-21,61.34,2.72,64.02,2.066,37.16,854.96
2021-04-22,61.45,2.77,65.07,2.078,35.6,863.43
2021-04-23,62.18,2.79,65.75,2.122,31.31,891.77
2021-04-26,62.02,2.73,65.5,2.104,29.03,915.29
2021-04-27,63.03,2.91,66.25,2.147,30.7,901.9
2021-04-28,63.81,2.98,67.08,2.189,,883.55
2021-04-29,65.0,2.91,68.26,2.221,37.0,862.14
2021-04-30,63.5,2.86,67.73,2.19,27.03,847.19
2021-05-03,64.46,2.96,,2.22,31.16,827.85
2021-05-04,65.72,3.0,68.91,2.275,44.54,792.49
2021-05-05,65.63,2.99,69.71,2.262,33.81,788.01
2021-05-06,64.73,2.9,68.62,2.242,26.67,773.33
2021-05-07,64.96,2.9,68.73,2.266,28.15,786.1
2021-05-10,64.92,2.93,68.61,2.255,32.45,744.57
2021-05-11,65.31,2.91,68.83,2.252,31.92,753.17
2021-05-12,65.96,2.91,69.62,2.262,27.63,718.7
2021-05-13,63.82,2.95,67.36,2.148,29.66,712.65
2021-05-14,65.32,2.95,69.24,2.186,27.0,746.09
2021-05-17,66.24,2.99,69.62,2.23,28.38,738.22
2021-05-18,65.49,2.96,69.01,2.238,30.98,748.4
2021-05-19,63.28,2.88,66.88,2.185,35.23,759.02
2021-05-20,61.95,2.86,65.18,2.151,40.03,780.74
2021-05-21,63.61,2.84,66.72,2.226,43.12,784.52
2021-05-24,66.13,2.78,68.59,2.268,33.38,788.74
2021-05-25,66.27,2.87,68.8,2.242,31.26,784.07
2021-05-26,66.41,2.91,68.93,2.282,39.55,808.8
2021-05-27,66.87,2.85,69.43,2.287,33.82,819.39
2021-05-28,66.31,2.91,69.36,2.304,27.98,817.11
2021-05-31,,,,,,
2021-06-01,67.8,3.02,70.03,2.34,28.0,826.12
2021-06-02,68.79,3.09,70.6,2.353,26.9,822.12
2021-06-03,68.81,3.01,70.71,2.366,29.73,805.21
2021-06-04,69.57,3.01,71.3,2.349,33.79,819.33
2021-06-07,69.21,2.98,70.89,2.29,45.93,828.98
2021-06-08,70.11,3.11,71.39,2.306,43.36,840.18
2021-06-09,69.9,3.13,71.31,2.277,41.23,830.01
2021-06-10,70.34,3.13,71.65,2.292,37.01,834.45
2021-06-11,71.0,3.23,72.05,2.261,32.63,847.06
2021-06-14,70.94,3.36,72.27,2.298,34.75,848.56
2021-06-15,72.06,3.31,73.38,2.262,29.23,825.74
2021-06-16,72.03,3.25,73.88,2.233,28.37,833.25
2021-06-17,71.06,3.24,72.92,2.186,28.45,850.47
2021-06-18,71.64,3.23,73.1,2.254,32.86,838.24
2021-06-21,73.64,3.15,74.49,2.282,40.41,838.03
2021-06-22,73.15,3.21,74.92,2.34,27.95,843.36
2021-06-23,73.11,3.36,75.22,2.366,27.0,861.31
2021-06-24,73.31,3.3,75.95,2.378,,865.21
2021-06-25,74.21,3.4,76.45,2.362,,869.32
2021-06-28,72.98,3.62,74.78,2.322,51.38,910.47
2021-06-29,73.14,3.75,75.38,2.361,65.05,907.62
2021-06-30,73.52,3.79,76.94,2.359,67.48,905.02
2021-07-01,75.33,3.76,76.69,2.37,40.32,896.64
2021-07-02,75.37,3.67,77.51,2.398,30.13,894.34
2021-07-05,,,78.34,,,
2021-07-06,73.62,3.68,75.81,2.326,54.04,893.0
2021-07-07,72.22,3.66,74.31,2.293,56.0,865.89
2021-07-08,72.98,3.56,75.07,2.332,36.71,854.76
2021-07-09,74.56,3.71,77.14,2.359,36.45,866.13
2021-07-12,74.21,3.7,76.77,2.33,43.95,880.31
2021-07-13,75.24,3.78,77.5,2.367,44.99,864.49
2021-07-14,73.06,3.8,75.74,2.358,46.13,832.58
2021-07-15,71.67,3.68,74.53,2.321,49.63,824.96
2021-07-16,71.76,3.7,74.46,2.32,44.45,810.01
2021-07-19,66.45,3.75,69.33,2.192,,807.79
2021-07-20,67.32,3.82,70.03,2.224,45.58,834.1
2021-07-21,70.26,3.94,72.54,2.305,43.09,867.21
2021-07-22,72.15,4.02,74.25,2.364,37.57,855.98
2021-07-23,72.24,4.11,74.86,2.412,41.03,840.77
2021-07-26,72.15,4.09,74.79,2.439,52.27,838.36
2021-07-27,71.68,4.15,74.87,2.446,53.03,812.59
2021-07-28,72.37,4.1,75.09,2.445,50.96,845.21
2021-07-29,73.62,4.03,76.3,2.492,44.01,859.2
2021-07-30,73.93,3.94,77.72,2.486,38.66,874.25
2021-08-02,71.31,4.02,73.91,2.411,,878.24
2021-08-03,70.64,4.06,73.24,2.397,38.55,890.92
2021-08-04,68.19,4.2,70.99,2.333,41.46,886.02
2021-08-05,69.1,4.27,72.14,2.387,45.0,886.25
2021-08-06,68.26,4.21,71.02,2.34,53.61,877.7
2021-08-09,66.56,4.24,69.65,2.31,63.0,895.94
2021-08-10,68.33,4.12,71.14,2.334,55.31,900.1
2021-08-11,69.3,4.07,71.99,2.374,60.08,889.35
2021-08-12,69.12,4.1,71.79,2.364,73.79,884.26
2021-08-13,68.36,3.95,70.9,2.338,54.17,864.86
2021-08-16,67.44,3.93,70.07,2.281,42.41,841.23
2021-08-17,66.5,3.92,69.4,2.25,43.0,825.12
2021-08-18,65.36,3.86,68.61,2.193,46.91,826.64
2021-08-19,63.69,3.83,66.8,2.142,54.13,809.6
2021-08-20,62.25,3.94,65.51,2.068,45.03,824.79
2021-08-23,65.65,3.93,69.07,2.211,53.64,851.26
2021-08-24,67.5,3.95,71.21,2.241,67.63,859.98
2021-08-25,68.54,4.03,72.12,2.511,81.5,865.24
2021-08-26,67.42,4.07,70.42,2.481,77.0,856.11
2021-08-27,68.84,4.35,72.26,2.485,61.43,870.47
2021-08-30,69.28,4.25,,2.49,60.0,875.3
2021-08-31,68.43,4.33,73.45,2.453,49.92,875.26
2021-09-01,68.63,4.45,71.99,2.278,40.48,879.49
2021-09-02,70.07,4.65,73.56,2.307,40.05,889.07
2021-09-03,69.34,4.77,73.07,2.289,38.05,879.21
2021-09-06,,,72.43,,,
2021-09-07,68.49,4.71,71.52,2.29,45.31,878.85
2021-09-08,69.36,4.66,72.36,2.222,46.07,858.31
2021-09-09,68.26,4.97,71.32,2.199,42.63,862.61
2021-09-10,69.82,5.13,72.44,2.152,43.51,852.76
2021-09-13,70.54,5.21,72.97,2.171,80.12,857.46
2021-09-14,70.53,5.39,73.05,2.229,80.44,852.94
2021-09-15,72.59,5.66,74.84,2.153,68.98,855.44
2021-09-16,72.69,5.52,75.14,2.129,64.02,851.09
2021-09-17,72.09,5.32,74.64,2.165,73.08,860.25
2021-09-20,70.41,5.25,73.59,2.148,71.13,822.62
2021-09-21,70.51,4.96,73.65,2.175,54.26,826.9
2021-09-22,72.37,4.92,75.5,2.177,48.29,844.4
2021-09-23,73.43,4.94,76.44,2.349,46.0,851.32
2021-09-24,74.18,5.1,77.42,2.355,41.87,839.0
2021-09-27,75.54,5.53,78.85,2.369,48.69,852.68
2021-09-28,75.44,5.94,78.3,2.329,56.73,824.8
2021-09-29,75.06,5.73,77.86,2.362,58.93,813.2
2021-09-30,75.22,5.58,77.81,2.399,56.79,818.45
2021-10-01,76.01,5.61,79.4,2.391,58.34,822.78
2021-10-04,77.68,5.8,81.44,2.417,74.15,795.79
2021-10-05,79.17,6.37,82.72,2.456,85.35,804.43
2021-10-06,77.66,6.0,81.39,2.408,77.38,806.27
2021-10-07,78.46,5.71,82.34,2.385,79.82,828.28
2021-10-08,79.55,5.46,82.17,2.405,79.74,821.25
2021-10-11,80.64,5.46,83.75,2.405,90.0,832.58
2021-10-12,80.75,5.34,83.53,2.462,62.03,853.88
2021-10-13,80.67,5.56,83.53,2.494,66.3,874.28
2021-10-14,81.43,5.92,83.86,2.528,79.41,875.83
2021-10-15,82.39,5.44,84.67,2.604,84.23,878.71
2021-10-18,82.62,5.01,84.13,2.615,61.0,896.21
2021-10-19,83.19,4.81,85.02,2.61,61.75,914.27
2021-10-20,84.4,4.87,85.76,2.641,61.53,906.41
2021-10-21,82.64,4.94,84.58,2.602,57.32,915.07
2021-10-22,84.53,5.1,85.43,2.671,57.69,903.53
2021-10-25,84.64,5.72,84.85,2.691,,945.22
2021-10-26,85.64,5.59,85.11,2.636,70.13,931.79
2021-10-27,82.66,5.91,84.12,2.566,65.21,949.32
2021-10-28,82.78,5.68,83.4,2.583,,998.79
2021-10-29,83.5,5.49,83.1,2.662,63.96,1012.5
2021-11-01,84.08,5.22,84.51,2.597,71.33,1054.27
2021-11-02,83.91,5.33,84.42,2.601,81.63,1045.43
2021-11-03,80.82,5.59,81.1,2.501,91.2,1052.66
2021-11-04,78.88,5.73,80.15,2.45,97.15,1065.13
2021-11-05,81.25,5.51,82.43,2.465,105.93,1052.75
2021-11-08,81.96,5.53,83.22,2.497,73.0,1069.38
2021-11-09,84.12,5.08,84.52,2.625,59.53,1036.96
2021-11-10,81.23,4.56,82.91,2.55,61.63,1018.74
2021-11-11,81.47,4.81,83.4,2.566,56.53,1058.71
2021-11-12,80.87,4.97,82.9,2.64,54.05,1066.01
2021-11-15,80.85,4.77,81.94,2.669,81.43,1049.49
2021-11-16,80.76,5.11,82.85,2.683,66.91,1059.48
2021-11-17,78.32,4.82,80.67,2.628,0.0,1050.55
2021-11-18,78.92,4.95,82.45,2.555,60.86,1034.04
2021-11-19,76.11,4.9,80.24,2.505,79.0,1057.6
2021-11-22,76.74,4.83,80.97,2.548,83.6,1050.76
2021-11-23,78.32,4.95,83.43,2.579,95.35,1034.51
2021-11-24,78.32,4.93,82.37,2.56,71.5,1041.17
2021-11-25,,,82.05,,,
2021-11-26,,,72.37,,59.75,1006.71
2021-11-29,69.88,4.9,73.34,2.235,,1031.62
2021-11-30,66.14,4.52,70.86,2.155,72.27,1008.21
2021-12-01,65.44,4.31,69.53,2.125,64.6,971.67
2021-12-02,66.6,4.08,70.56,2.2,51.63,966.71
2021-12-03,66.39,3.79,70.71,2.179,51.32,918.76
2021-12-06,69.62,3.66,73.38,2.283,51.98,918.82
2021-12-07,71.94,3.6,75.54,2.34,57.33,956.43
2021-12-08,72.43,3.79,75.94,2.317,61.72,965.67
2021-12-09,70.87,3.67,74.1,2.27,61.9,930.3
2021-12-10,71.71,3.65,74.98,2.303,40.92,930.48
2021-12-13,71.19,4.05,74.12,2.288,46.14,911.45
2021-12-14,70.57,3.71,73.37,2.251,42.82,884.85
2021-12-15,70.89,3.79,73.71,2.292,36.03,892.88
2021-12-16,72.34,3.67,74.64,2.316,,856.74
2021-12-17,70.93,3.71,72.97,2.271,37.82,863.22
2021-12-20,68.69,3.91,70.51,2.234,55.76,821.99
2021-12-21,71.1,3.96,72.85,2.282,,863.49
2021-12-22,72.82,3.95,74.69,2.287,53.36,870.99
2021-12-23,73.89,3.56,76.26,2.372,45.98,881.27
2021-12-24,,,75.24,,31.22,
2021-12-27,75.49,3.45,,2.428,,891.79
2021-12-28,76.01,3.32,,2.468,32.86,880.33
2021-12-29,76.58,3.4,78.63,2.492,32.0,873.16
2021-12-30,76.83,3.82,78.61,2.487,31.25,892.55
2021-12-31,75.33,3.82,77.24,2.439,30.19,889.43
2022-01-03,75.99,3.74,78.25,2.452,52.71,917.51
2022-01-04,77.0,3.73,79.39,2.491,59.51,904.04
2022-01-05,77.83,3.78,80.6,2.482,52.79,852.89
2022-01-06,79.47,3.94,81.99,2.506,64.85,842.75
2022-01-07,79.0,3.83,82.28,2.491,98.32,832.15
2022-01-10,78.11,4.16,81.56,2.468,75.47,824.62
2022-01-11,81.17,4.16,84.98,2.536,86.24,844.54
2022-01-12,82.51,4.62,85.83,2.572,54.35,854.25
2022-01-13,81.97,4.78,85.8,2.569,47.17,827.36
2022-01-14,83.82,4.37,87.17,2.56,62.61,831.75
2022-01-17,,,87.82,,,
2022-01-18,85.42,4.55,88.83,2.512,87.43,799.89
2022-01-19,86.84,4.89,89.64,2.509,57.76,776.54
2022-01-20,86.29,4.45,89.75,2.458,86.98,767.42
2022-01-21,85.16,4.11,89.75,2.339,140.61,735.19
2022-01-24,84.48,4.2,87.74,2.565,86.75,736.06
2022-01-25,86.61,4.24,89.49,2.613,56.55,711.75
2022-01-26,88.33,4.43,91.22,2.673,106.86,710.59
2022-01-27,87.61,4.43,90.7,2.703,84.48,677.77
2022-01-28,87.67,5.69,91.47,2.718,62.87,685.87
2022-01-31,89.16,5.56,92.35,2.734,88.09,748.43
2022-02-01,88.22,5.45,90.24,2.756,70.98,756.67
2022-02-02,88.16,6.7,91.43,2.777,53.63,742.49
2022-02-03,90.17,5.84,92.99,2.776,64.79,709.45
2022-02-04,92.27,5.34,96.86,2.816,65.71,729.46
2022-02-07,91.25,4.44,97.28,2.81,75.67,733.9
2022-02-08,89.32,4.3,96.07,2.704,54.48,752.04
2022-02-09,89.57,4.13,94.95,2.735,44.68,786.26
2022-02-10,89.83,4.03,96.37,2.679,40.25,765.42
2022-02-11,93.1,4.04,97.5,2.837,35.33,737.76
2022-02-14,95.52,4.05,101.66,2.854,64.3,736.45
2022-02-15,92.07,4.31,98.43,2.789,57.78,783.15
2022-02-16,93.83,4.39,97.44,2.715,38.1,785.34
2022-02-17,91.78,4.57,95.28,2.773,35.58,744.92
2022-02-18,91.26,4.61,96.18,2.778,45.95,726.96
2022-02-21,,,98.95,,45.36,
2022-02-22,92.11,4.48,98.73,2.923,39.4,701.62
2022-02-23,92.14,4.59,99.29,2.798,46.32,682.2
2022-02-24,92.77,4.78,101.29,3.013,64.0,732.5
2022-02-25,91.68,4.63,98.56,2.982,64.24,745.18
2022-02-28,96.13,4.46,103.08,3.024,67.57,781.26
2022-03-01,103.66,4.36,110.93,3.212,40.03,769.49
2022-03-02,110.74,4.65,118.94,3.431,38.22,772.18
2022-03-03,107.69,4.63,115.36,3.425,47.36,750.29
2022-03-04,115.77,4.74,123.86,3.696,52.99,733.61
2022-03-07,119.26,4.93,129.02,3.76,45.77,726.19
2022-03-08,123.64,4.61,133.18,4.105,51.79,765.35
2022-03-09,108.81,4.55,116.58,3.731,58.44,788.79
2022-03-10,105.93,4.65,114.54,3.599,57.54,773.96
2022-03-11,109.31,4.79,118.11,3.779,45.5,748.3
2022-03-14,103.22,4.59,110.39,3.571,55.21,703.87
2022-03-15,96.42,4.46,105.14,3.988,44.38,731.01
2022-03-16,94.85,4.68,104.61,4.002,41.34,778.1
2022-03-17,102.97,4.8,113.5,4.058,44.36,791.81
2022-03-18,104.69,4.87,114.32,4.093,41.25,811.7
2022-03-21,112.14,4.77,122.29,4.119,42.45,806.92
2022-03-22,111.03,5.0,121.53,4.058,42.8,830.3
2022-03-23,114.89,5.26,127.52,4.175,47.5,825.89
2022-03-24,114.2,5.19,123.98,4.107,,848.42
2022-03-25,116.2,5.51,122.67,3.948,,834.33
2022-03-28,107.55,5.52,114.5,3.681,,846.23
2022-03-29,104.25,5.32,112.79,3.653,,868.55
2022-03-30,107.81,5.32,115.59,3.501,,852.51
2022-03-31,100.53,5.46,107.29,3.339,,844.99
2022-04-01,99.32,5.43,106.13,3.371,,849.13
2022-04-04,103.29,5.72,108.15,3.447,,880.52
2022-04-05,101.98,5.95,106.6,3.34,,841.15
2022-04-06,96.39,6.29,100.81,3.199,,813.35
2022-04-07,96.05,6.05,99.83,3.182,74.97,807.08
2022-04-08,98.35,6.38,101.26,3.261,,786.42
2022-04-11,94.22,6.35,97.92,3.153,82.46,773.73
2022-04-12,100.52,6.59,104.42,3.276,76.25,769.54
2022-04-13,104.26,6.68,108.49,3.354,77.91,791.72
2022-04-14,106.84,6.94,110.83,3.425,76.18,772.25
2022-04-15,,,,,66.93,
2022-04-18,108.24,7.48,,3.395,,769.82
2022-04-19,102.54,7.44,105.49,3.323,101.85,791.39
2022-04-20,102.56,7.12,105.05,3.4,83.35,762.38
2022-04-21,103.89,6.88,107.2,3.45,72.4,721.81
2022-04-22,102.86,6.59,105.15,3.485,73.0,707.69
2022-04-25,99.6,6.42,99.27,3.45,81.75,713.76
2022-04-26,102.62,6.89,102.89,3.531,80.6,679.06
2022-04-27,101.96,6.91,103.3,3.617,80.5,686.28
2022-04-28,105.47,6.97,105.78,3.753,74.76,698.23
2022-04-29,104.59,6.84,108.36,3.74,64.0,682.92
2022-05-02,105.18,7.3,,3.767,87.23,700.3
2022-05-03,102.53,7.84,104.94,3.783,94.36,713.29
2022-05-04,107.84,8.3,110.53,3.925,107.33,757.61
2022-05-05,108.17,8.42,112.11,3.926,96.65,716.96
2022-05-06,109.72,8.35,113.86,4.08,86.4,696.41
2022-05-09,103.08,8.06,106.67,3.868,85.0,640.42
2022-05-10,99.74,6.78,102.61,3.778,78.09,640.31
2022-05-11,105.5,7.53,107.7,3.95,,602.44
2022-05-12,106.15,7.25,108.06,4.082,113.2,610.17
2022-05-13,110.52,7.75,112.12,4.303,94.1,654.58
2022-05-16,114.07,8.07,114.86,4.36,,641.09
2022-05-17,112.31,8.26,112.89,4.138,84.85,680.56
2022-05-18,109.67,8.53,110.04,3.954,88.58,662.55
2022-05-19,112.21,8.21,113.22,4.062,141.0,680.99
2022-05-20,112.63,7.97,113.63,3.983,170.36,675.1
2022-05-23,110.32,8.16,115.13,3.922,,679.8
2022-05-24,112.55,8.87,115.77,3.929,73.99,656.77
2022-05-25,112.88,9.44,116.41,4.122,82.33,669.43
2022-05-26,116.19,9.19,119.81,4.143,92.6,705.18
2022-05-27,114.96,8.3,121.19,4.314,92.58,740.73
2022-05-30,,,123.01,,,
2022-05-31,114.38,8.46,125.53,4.332,152.09,729.52
2022-06-01,115.26,8.47,122.2,4.417,122.09,711.9
2022-06-02,116.88,8.9,,4.567,98.31,752.4
2022-06-03,118.97,8.34,125.68,4.654,86.45,736.53
2022-06-06,118.41,9.08,124.99,4.585,90.69,759.87
2022-06-07,119.55,9.28,126.89,4.492,95.44,766.45
2022-06-08,121.94,9.43,129.2,4.619,109.65,757.27
2022-06-09,121.52,8.16,128.47,4.579,104.35,734.29
2022-06-10,120.73,8.78,127.44,4.48,83.76,713.47
2022-06-13,120.92,9.0,128.44,4.343,122.11,659.27
2022-06-14,118.92,7.68,127.02,4.292,177.56,667.92
2022-06-15,115.32,7.72,124.96,4.145,186.21,689.19
2022-06-16,117.56,7.88,125.78,4.146,212.5,641.84
2022-06-17,109.56,7.37,119.22,4.068,189.35,673.54
2022-06-20,,,118.25,,107.48,
2022-06-21,110.49,6.6,118.51,4.068,110.35,697.25
2022-06-22,106.22,6.76,115.54,4.065,119.55,692.64
2022-06-23,105.75,6.54,114.5,4.021,90.55,707.52
2022-06-24,109.07,5.8,117.36,4.15,101.56,725.86
2022-06-27,111.44,6.09,119.69,4.095,99.36,730.78
2022-06-28,113.66,6.66,122.21,4.132,83.22,700.54
2022-06-29,111.65,6.69,120.8,3.974,95.39,678.58
2022-06-30,107.76,6.54,119.78,3.783,129.88,683.06
2022-07-01,110.3,5.75,119.21,3.887,123.75,677.95
2022-07-04,,,121.8,,,
2022-07-05,101.55,5.72,110.49,3.397,119.35,682.16
2022-07-06,100.31,5.65,108.54,3.253,120.43,673.72
2022-07-07,104.62,5.83,113.4,3.342,106.79,713.66
2022-07-08,106.78,6.4,113.95,3.39,106.2,723.9
2022-07-11,106.09,6.82,114.85,3.443,99.69,686.95
2022-07-12,97.69,6.81,106.98,3.208,113.96,675.47
2022-07-13,98.44,6.68,107.17,3.249,107.73,681.07
2022-07-14,97.79,6.9,107.74,3.204,104.0,684.1
2022-07-15,99.59,6.6,112.26,3.299,91.13,681.02
2022-07-18,104.48,7.65,117.27,3.352,105.53,690.66
2022-07-19,106.12,7.35,114.96,3.338,142.99,708.56
2022-07-20,104.45,7.58,115.86,3.261,165.06,723.88
2022-07-21,98.44,7.99,112.81,3.154,165.08,734.13
2022-07-22,97.71,8.25,106.77,3.216,150.31,713.59
2022-07-25,99.83,8.52,108.23,3.371,146.8,721.82
2022-07-26,97.74,9.46,107.32,3.35,107.11,708.46
2022-07-27,100.03,8.65,109.64,3.339,121.33,748.43
2022-07-28,99.11,8.75,109.68,3.278,123.19,792.36
2022-07-29,101.31,8.33,111.51,3.262,107.65,814.32
2022-08-01,96.59,8.2,106.09,3.155,115.93,804.75
2022-08-02,97.14,8.01,106.51,3.209,124.53,821.49
2022-08-03,93.25,7.81,101.82,3.087,137.81,820.1
2022-08-04,91.29,8.4,97.99,2.919,136.19,831.74
2022-08-05,91.77,8.3,100.31,2.987,125.54,834.87
2022-08-08,93.52,7.76,103.46,3.016,130.88,837.58
2022-08-09,93.18,7.87,103.81,3.168,155.84,821.37
2022-08-10,94.68,7.86,105.06,3.244,121.1,867.08
2022-08-11,97.02,8.53,107.19,3.229,105.11,860.07
2022-08-12,94.86,8.73,103.7,3.247,86.18,892.11
2022-08-15,92.24,8.62,98.25,3.163,86.71,895.08
2022-08-16,89.23,9.28,95.36,3.123,98.14,878.49
2022-08-17,90.85,9.51,97.22,3.169,100.6,861.58
2022-08-18,93.2,9.42,96.35,3.272,105.74,880.4
2022-08-19,93.55,9.14,96.45,3.223,116.5,848.1
2022-08-22,93.42,9.85,95.06,3.105,106.19,831.99
2022-08-23,96.46,9.75,99.49,3.143,115.94,838.15
2022-08-24,95.52,9.27,99.87,3.044,134.38,860.27
2022-08-25,93.33,9.47,98.81,3.029,126.46,886.75
2022-08-26,93.63,9.48,101.13,3.101,115.52,858.38
2022-08-29,97.4,9.24,,3.153,147.32,847.71
2022-08-30,92.08,9.1,99.34,2.969,140.63,835.3
2022-08-31,90.09,8.93,96.55,3.07,110.21,838.0
2022-09-01,87.09,9.38,92.24,3.112,113.61,816.92
2022-09-02,87.29,9.18,93.09,3.429,115.61,803.38
2022-09-05,,,94.22,,,
2022-09-06,87.35,8.52,91.43,3.574,107.88,810.49
2022-09-07,82.5,8.12,86.83,3.461,101.47,849.39
2022-09-08,84.04,8.27,87.99,3.575,96.31,863.09
2022-09-09,87.27,8.31,91.68,3.607,106.08,875.84
2022-09-12,88.18,8.2,93.45,3.567,111.48,887.36
2022-09-13,87.84,8.49,92.04,3.453,,866.69
2022-09-14,88.88,8.7,92.83,3.503,107.42,887.47
2022-09-15,85.72,8.6,89.28,3.408,106.33,867.0
2022-09-16,85.57,8.11,89.43,3.401,108.89,860.56
2022-09-19,86.15,7.96,,3.916,152.25,864.36
2022-09-20,84.69,8.01,89.62,3.896,120.03,836.32
2022-09-21,83.38,7.99,89.86,3.918,130.11,831.89
2022-09-22,84.02,7.76,90.4,3.966,93.04,790.9
2022-09-23,79.07,6.75,84.29,3.85,73.08,770.21
2022-09-26,77.17,6.75,82.55,4.791,68.61,758.87
2022-09-27,78.91,6.83,85.97,4.876,54.49,772.15
2022-09-28,82.61,6.59,89.55,4.578,63.96,790.14
2022-09-29,81.78,6.57,89.41,4.862,62.39,746.36
2022-09-30,79.91,6.4,88.9,4.826,67.11,744.13
2022-10-03,84.05,5.64,90.68,4.968,72.06,756.57
2022-10-04,86.87,5.4,93.74,4.901,73.63,795.68
2022-10-05,88.22,5.84,94.35,4.547,73.53,770.63
2022-10-06,88.9,6.91,95.65,4.583,72.62,760.72
2022-10-07,93.07,6.25,98.88,3.282,74.43,724.92
2022-10-10,91.6,,97.13,,77.67,713.82
2022-10-11,89.75,6.2,95.17,2.937,80.39,706.55
2022-10-12,87.83,6.6,93.44,2.87,73.56,687.17
2022-10-13,89.59,6.25,95.16,2.942,,696.67
2022-10-14,86.1,6.1,92.22,2.883,72.37,657.11
2022-10-17,86.0,6.08,91.04,2.548,92.85,682.27
2022-10-18,83.29,6.16,89.46,2.51,90.57,696.93
2022-10-19,86.0,5.63,91.34,2.62,86.58,685.37
2022-10-20,86.02,5.1,91.52,2.626,82.72,672.74
2022-10-21,85.47,4.45,91.82,2.816,63.83,697.02
2022-10-24,86.12,4.81,91.57,2.772,56.03,691.72
2022-10-25,86.93,5.17,91.76,2.849,62.74,727.1
2022-10-26,89.39,5.28,92.93,2.908,66.73,738.66
2022-10-27,89.06,5.3,94.17,3.043,62.97,734.51
2022-10-28,87.85,5.02,94.64,2.976,62.8,739.74
2022-10-31,86.54,5.02,93.3,2.953,62.61,737.76
2022-11-01,88.36,4.57,95.12,3.03,63.63,732.48
2022-11-02,90.06,4.58,96.07,3.185,49.84,703.33
2022-11-03,88.14,4.65,95.29,3.191,50.14,715.37
2022-11-04,92.58,4.0,99.53,3.377,39.81,720.43
2022-11-07,91.8,4.62,99.87,3.304,49.0,712.78
2022-11-08,88.8,4.0,96.85,3.536,46.12,732.64
2022-11-09,85.79,3.46,93.05,3.617,49.0,707.98
2022-11-10,86.52,4.8,94.25,3.635,44.37,777.58
2022-11-11,89.14,4.8,96.37,,44.82,789.08
2022-11-14,85.85,6.24,93.59,3.253,78.97,775.59
2022-11-15,86.87,5.9,94.3,3.12,88.05,785.19
2022-11-16,85.62,5.88,92.61,3.101,89.68,764.68
2022-11-17,81.69,6.2,91.0,2.647,87.89,759.85
2022-11-18,80.07,6.1,88.93,2.367,87.39,756.64
2022-11-21,79.74,6.23,88.44,2.387,83.66,741.68
2022-11-22,80.83,6.27,88.65,2.364,68.05,754.67
2022-11-23,77.93,6.57,85.9,2.288,52.56,764.92
2022-11-24,,,85.59,,,
2022-11-25,76.45,6.57,83.4,2.208,49.0,759.81
2022-11-28,77.1,6.0,83.5,2.087,,735.85
2022-11-29,77.96,6.03,83.22,2.13,58.25,731.36
2022-11-30,80.48,7.0,85.61,2.254,60.25,770.65
2022-12-01,81.06,6.33,86.28,2.2,75.04,756.96
2022-12-02,79.86,4.92,86.54,2.099,61.4,769.52
2022-12-05,76.83,4.15,83.36,1.993,55.52,748.58
2022-12-06,74.21,4.58,79.92,1.934,53.53,716.06
2022-12-07,71.93,4.49,77.11,1.873,50.36,716.8
2022-12-08,71.3,4.79,76.02,2.074,56.13,722.75
2022-12-09,71.05,4.98,76.37,2.057,61.47,714.7
2022-12-12,72.96,6.73,78.0,2.091,66.0,715.91
2022-12-13,75.44,7.2,80.14,2.167,81.89,725.39
2022-12-14,77.14,6.54,83.33,2.105,101.91,720.61
2022-12-15,75.89,6.8,82.34,2.189,80.18,696.1
2022-12-16,74.19,6.63,80.2,2.149,78.75,681.33
2022-12-19,75.05,6.08,81.66,2.285,124.97,664.24
2022-12-20,75.92,5.28,79.45,2.32,85.45,657.9
2022-12-21,78.17,6.13,80.25,2.362,79.86,667.95
2022-12-22,77.68,7.1,79.58,2.368,69.11,639.62
2022-12-23,79.57,7.15,82.45,2.529,181.75,634.07
2022-12-26,,,,,,
2022-12-27,79.45,4.88,,2.527,,605.78
2022-12-28,78.89,4.06,81.7,2.517,81.55,597.82
2022-12-29,78.43,3.78,80.96,2.611,51.75,616.25
2022-12-30,80.16,3.52,82.82,2.777,40.85,617.4
2023-01-02,,,,,,
2023-01-03,76.87,3.64,80.36,2.618,34.43,599.79
2023-01-04,72.82,3.75,75.31,2.443,36.5,614.81
2023-01-05,73.61,3.78,76.73,2.327,40.65,596.11
2023-01-06,73.77,3.43,76.41,2.327,45.75,609.64
2023-01-09,74.69,3.65,77.5,2.358,49.25,624.7
2023-01-10,75.11,3.32,78.4,2.372,44.9,636.2
2023-01-11,77.46,3.41,81.11,2.467,47.5,661.45
2023-01-12,78.32,3.47,82.59,2.488,37.91,676.15
2023-01-13,79.9,3.43,83.43,2.556,,677.69
2023-01-16,,,82.65,,,
2023-01-17,80.25,3.43,84.38,2.577,45.0,687.03
2023-01-18,79.53,3.2,83.78,2.52,39.56,684.62
2023-01-19,80.31,2.91,85.08,2.611,37.23,650.76
2023-01-20,81.27,3.15,86.96,2.652,38.16,669.64
2023-01-23,81.62,3.43,87.54,2.609,46.97,704.81
2023-01-24,79.86,3.35,85.25,2.639,43.97,697.72
2023-01-25,79.78,3.09,85.08,2.574,43.5,695.59
2023-01-26,80.64,2.72,86.29,2.652,38.8,701.5
2023-01-27,79.73,2.83,85.36,2.816,35.29,731.57
2023-01-30,77.97,2.82,84.9,2.875,39.22,706.41
2023-01-31,78.95,2.65,83.42,2.939,48.02,732.8
2023-02-01,76.34,2.65,81.61,2.84,46.42,752.26
2023-02-02,75.87,2.67,80.57,2.834,44.37,765.07
2023-02-03,73.4,2.4,78.85,2.69,112.78,749.75
2023-02-06,74.11,2.17,80.48,2.757,32.24,744.48
2023-02-07,77.17,2.35,82.92,2.874,27.33,749.94
2023-02-08,78.47,2.4,84.17,2.873,25.44,739.27
2023-02-09,78.04,2.4,83.46,2.832,23.62,726.32
2023-02-10,79.74,2.37,85.46,2.904,27.13,718.1
2023-02-13,80.14,2.42,85.98,2.917,29.13,725.62
2023-02-14,79.08,2.42,84.96,2.961,23.79,736.74
2023-02-15,78.57,2.45,84.11,3.073,22.41,762.8
2023-02-16,78.45,2.48,83.84,2.993,26.99,739.94
2023-02-17,76.31,2.28,81.97,2.984,33.87,726.94
2023-02-20,,,82.79,,29.91,
2023-02-21,76.28,2.12,82.14,2.917,27.97,694.5
2023-02-22,73.95,2.07,79.55,2.825,28.67,697.23
2023-02-23,75.26,2.17,82.08,2.936,25.24,697.19
2023-02-24,76.19,2.36,82.31,2.93,35.32,679.7
2023-02-27,75.57,2.55,81.24,2.996,31.92,699.1
2023-02-28,76.88,2.5,83.21,3.095,30.31,702.85
2023-03-01,77.57,2.59,83.68,3.131,30.66,699.86
2023-03-02,78.05,2.67,84.15,3.143,28.65,689.15
2023-03-03,79.62,2.66,85.74,3.181,36.88,712.68
2023-03-06,80.39,2.46,85.86,3.174,33.37,709.73
2023-03-07,77.45,2.52,83.03,3.033,35.11,695.48
2023-03-08,76.56,2.5,82.1,2.916,36.83,700.18
2023-03-09,75.6,2.5,81.0,2.711,32.11,678.51
2023-03-10,76.55,2.4,82.3,2.748,35.78,656.32
2023-03-13,74.68,2.4,79.67,2.654,40.08,655.24
2023-03-14,71.18,2.65,76.77,2.616,40.55,663.8
2023-03-15,67.38,2.45,74.3,2.503,34.08,641.7
2023-03-16,68.15,2.45,73.12,2.519,30.85,645.64
2023-03-17,66.61,2.42,71.03,2.507,27.46,624.55
2023-03-20,67.56,2.23,72.42,2.432,,634.06
2023-03-21,69.4,1.93,74.78,2.435,30.63,661.23
2023-03-22,70.71,2.03,76.08,2.567,26.54,643.79
2023-03-23,69.77,2.08,74.31,2.588,25.89,650.52
2023-03-24,69.22,2.04,73.63,2.625,24.93,643.79
2023-03-27,72.87,2.04,76.8,2.751,29.98,642.86
2023-03-28,73.12,2.02,78.07,2.779,31.1,637.67
2023-03-29,72.95,1.94,77.51,2.75,26.3,659.74
2023-03-30,74.32,1.95,78.45,2.793,26.16,665.09
2023-03-31,75.68,2.1,79.19,2.843,24.26,682.67
2023-04-03,80.4,2.09,85.81,2.976,30.06,666.51
2023-04-04,80.7,2.13,85.7,2.859,29.58,652.81
2023-04-05,80.69,2.17,85.89,2.873,35.67,632.08
2023-04-06,80.7,2.18,86.56,2.913,42.74,627.64
2023-04-07,,,,,28.06,
2023-04-10,79.79,2.15,,2.927,,639.67
2023-04-11,81.54,2.19,87.32,2.959,30.14,646.59
2023-04-12,83.26,2.22,88.31,2.957,31.39,636.81
2023-04-13,82.16,2.04,86.51,2.91,37.32,650.44
2023-04-14,82.58,1.87,87.31,2.936,37.61,642.07
2023-04-17,80.93,2.21,85.63,2.86,33.11,657.11
2023-04-18,80.85,2.23,85.48,2.768,32.8,653.5
2023-04-19,79.18,2.2,85.34,2.614,32.33,643.98
2023-04-20,77.27,2.19,83.29,2.558,38.49,630.96
2023-04-21,77.86,2.2,83.36,2.604,44.9,624.17
2023-04-24,78.64,2.19,84.23,2.739,36.57,627.35
2023-04-25,77.05,2.21,82.13,2.686,39.67,607.99
2023-04-26,74.33,2.19,79.19,2.692,33.04,581.13
2023-04-27,74.77,2.17,80.11,2.679,34.61,589.21
2023-04-28,76.78,2.27,81.32,2.677,33.06,587.77
2023-05-01,75.65,2.24,,2.702,33.87,582.26
2023-05-02,71.71,2.12,76.71,2.546,33.55,571.87
2023-05-03,68.62,2.01,72.91,2.431,35.63,573.22
2023-05-04,68.52,1.96,73.0,2.439,36.83,569.13
2023-05-05,71.32,1.85,75.85,2.528,30.8,591.77
2023-05-08,73.13,2.12,,2.593,38.44,597.43
2023-05-09,73.68,2.22,77.76,2.597,36.47,593.84
2023-05-10,72.53,2.12,76.7,2.616,34.84,598.28
2023-05-11,70.81,2.07,75.32,2.539,41.33,598.24
2023-05-12,70.02,1.98,74.54,2.501,47.85,610.74
2023-05-15,71.07,2.25,75.46,2.593,34.78,618.23
2023-05-16,70.85,2.28,75.15,2.609,38.49,606.6
2023-05-17,72.78,2.25,76.98,2.677,32.17,619.95
2023-05-18,71.82,2.3,75.75,2.74,29.25,620.02
2023-05-19,71.57,2.37,75.42,2.805,30.62,612.83
2023-05-22,71.81,2.3,75.77,2.891,36.14,628.33
2023-05-23,72.87,2.22,76.66,2.815,35.79,625.08
2023-05-24,74.37,2.25,77.99,2.837,32.35,614.51
2023-05-25,71.68,2.23,75.66,2.83,27.03,616.59
2023-05-26,72.35,1.88,76.33,2.915,24.82,629.48
2023-05-29,,,,,,
2023-05-30,69.45,2.11,73.38,2.828,32.83,634.82
2023-05-31,68.11,2.1,71.98,2.759,38.96,626.39
2023-06-01,70.09,1.77,74.18,2.658,45.79,635.77
2023-06-02,71.76,1.74,76.0,2.725,53.82,644.34
2023-06-05,72.14,1.92,76.61,2.743,31.97,640.36
2023-06-06,71.71,1.95,76.22,2.879,32.37,651.94
2023-06-07,72.52,2.13,76.85,3.09,29.52,656.35
2023-06-08,71.28,2.1,75.88,2.951,27.36,658.22
2023-06-09,70.16,1.85,74.74,2.868,26.6,652.24
2023-06-12,67.08,1.9,71.8,2.761,29.26,664.87
2023-06-13,69.39,2.0,74.24,2.826,23.8,681.57
2023-06-14,68.22,2.05,73.39,2.776,27.46,671.74
2023-06-15,70.61,2.18,75.75,2.859,31.23,675.15
2023-06-16,71.81,2.13,76.76,2.767,27.26,668.15
2023-06-19,,,76.09,,33.98,
2023-06-20,70.94,2.38,75.79,2.739,33.03,662.89
2023-06-21,72.55,2.24,76.92,2.746,28.93,651.47
2023-06-22,69.22,2.27,73.93,2.613,28.79,645.25
2023-06-23,68.91,2.22,73.56,2.692,33.66,630.44
2023-06-26,69.09,2.62,73.86,2.771,39.05,629.64
2023-06-27,67.68,2.68,71.88,2.741,34.21,646.21
2023-06-28,69.54,2.71,73.64,2.83,35.67,647.18
2023-06-29,69.85,2.4,73.86,2.887,,655.59
2023-06-30,70.66,2.48,74.51,2.912,41.99,670.73
2023-07-03,69.71,2.48,74.52,2.838,39.39,686.73
2023-07-04,,,76.23,,,
2023-07-05,71.78,2.65,76.74,2.883,46.94,683.52
2023-07-06,71.76,2.5,76.72,2.89,47.55,668.87
2023-07-07,73.91,2.49,78.77,2.925,41.24,688.17
2023-07-10,73.05,2.55,77.83,2.956,39.71,704.33
2023-07-11,74.87,2.57,79.54,2.763,45.21,706.25
2023-07-12,75.77,2.55,80.35,2.994,44.95,718.43
2023-07-13,76.86,2.5,81.31,3.001,47.88,728.84
2023-07-14,75.44,2.5,79.9,2.848,44.35,713.0
2023-07-17,74.17,2.46,77.8,2.849,50.92,736.36
2023-07-18,75.76,2.52,79.54,2.859,44.84,737.32
2023-07-19,75.4,2.51,79.38,2.89,41.09,735.3
2023-07-20,75.65,2.61,79.62,2.865,40.03,711.64
2023-07-21,77.06,2.61,81.06,2.926,39.5,706.65
2023-07-24,78.81,2.68,82.53,3.046,44.95,705.71
2023-07-25,79.76,2.66,83.46,3.088,52.43,704.82
2023-07-26,79.11,2.6,82.98,3.137,57.97,706.5
2023-07-27,80.17,2.47,84.28,3.191,93.58,693.37
2023-07-28,80.55,2.53,84.49,3.255,145.34,703.86
2023-07-31,81.8,2.58,85.22,3.194,39.3,714.59
2023-08-01,81.37,2.49,85.34,3.115,37.6,700.83
2023-08-02,79.5,2.43,84.01,3.078,33.88,669.01
2023-08-03,81.56,2.44,86.19,3.094,36.18,667.82
2023-08-04,82.76,2.53,87.38,3.149,36.06,660.63
2023-08-07,81.94,2.65,86.47,3.126,40.58,653.33
2023-08-08,82.94,2.77,88.0,3.131,34.01,651.54
2023-08-09,84.35,2.92,89.31,3.219,36.85,646.17
2023-08-10,82.81,2.83,87.44,3.213,35.82,636.93
2023-08-11,83.17,2.61,87.93,3.288,41.36,629.3
2023-08-14,82.5,2.74,87.4,3.236,41.49,633.43
2023-08-15,81.06,2.65,86.28,3.177,44.79,615.02
2023-08-16,79.4,2.55,84.49,3.193,38.33,602.39
2023-08-17,80.43,2.56,85.24,3.304,35.23,590.01
2023-08-18,81.25,2.44,85.92,3.274,30.47,588.94
2023-08-21,80.71,2.6,85.44,3.235,65.69,596.99
2023-08-22,80.25,2.58,84.7,3.253,41.38,591.99
2023-08-23,78.91,2.6,83.94,3.235,,602.41
2023-08-24,79.52,2.42,84.07,3.559,44.42,584.86
2023-08-25,80.47,2.46,85.42,3.658,45.96,593.27
2023-08-28,80.65,2.6,,3.441,32.79,597.82
2023-08-29,81.14,2.5,86.37,3.491,36.58,623.0
2023-08-30,81.64,2.48,86.62,3.471,34.04,622.81
2023-08-31,83.55,2.56,87.29,3.418,26.73,622.5
2023-09-01,85.52,2.7,89.98,3.383,24.07,623.56
2023-09-04,,,90.42,,,
2023-09-05,86.74,2.6,91.25,3.373,93.6,622.94
2023-09-06,87.55,2.49,91.79,3.396,63.51,609.57
2023-09-07,86.87,2.45,91.16,3.425,59.95,601.55
2023-09-08,87.51,2.53,91.85,3.501,40.51,596.56
2023-09-11,87.3,2.5,91.97,3.562,37.75,603.27
2023-09-12,88.87,2.72,93.58,3.563,46.45,605.03
2023-09-13,88.59,2.76,93.04,3.664,37.93,599.41
2023-09-14,90.13,2.81,95.2,3.761,33.26,611.25
2023-09-15,90.83,2.74,95.55,4.313,31.07,602.61
2023-09-18,91.47,2.54,95.95,4.3,36.39,590.24
2023-09-19,91.16,2.46,96.11,4.168,32.49,588.66
2023-09-20,89.2,2.78,94.56,3.91,34.89,581.06
2023-09-21,89.56,2.7,93.7,3.422,36.92,564.17
2023-09-22,90.0,2.63,93.99,3.723,33.16,558.91
2023-09-25,89.68,2.63,94.01,3.839,34.95,562.3
2023-09-26,91.43,2.55,94.46,3.876,39.87,554.51
2023-09-27,93.67,2.72,97.1,4.467,36.9,552.33
2023-09-28,91.65,2.74,96.64,4.014,36.53,556.37
2023-09-29,90.77,2.68,95.86,3.936,37.29,558.25
2023-10-02,88.81,2.7,91.21,3.409,52.39,541.56
2023-10-03,89.26,2.71,94.46,2.95,59.09,520.85
2023-10-04,84.32,2.92,89.83,2.63,61.29,533.04
2023-10-05,82.3,2.92,88.28,2.499,50.58,509.12
2023-10-06,82.83,3.3,87.86,2.526,39.55,520.37
2023-10-09,,,91.37,,39.6,513.42
2023-10-10,85.89,3.34,90.7,2.713,39.29,537.65
2023-10-11,83.7,3.19,87.58,2.679,42.68,540.22
2023-10-12,82.87,3.16,88.4,2.532,38.9,530.95
2023-10-13,87.67,3.11,94.33,2.614,39.02,521.08
2023-10-16,86.65,2.98,90.99,2.638,47.58,531.37
2023-10-17,86.66,2.94,92.52,2.639,49.77,537.56
2023-10-18,88.35,2.92,91.99,2.705,43.29,512.19
2023-10-19,89.35,2.84,93.12,2.578,43.0,492.79
2023-10-20,89.12,2.6,93.72,2.623,41.67,473.83
2023-10-23,85.49,2.65,91.88,2.574,47.44,470.9
2023-10-24,84.58,2.85,88.0,2.449,38.47,479.02
2023-10-25,86.07,2.86,90.14,2.461,35.45,465.41
2023-10-26,83.8,2.87,88.45,2.53,38.98,464.13
2023-10-27,86.04,3.24,90.73,2.583,41.21,452.4
2023-10-30,83.03,3.17,90.73,2.505,46.92,434.18
2023-10-31,81.64,3.34,86.82,2.508,44.45,439.26
2023-11-01,81.05,3.19,86.92,2.432,53.49,437.1
2023-11-02,83.04,3.12,89.02,2.483,52.74,459.24
2023-11-03,81.19,3.0,87.55,2.493,43.27,469.85
2023-11-06,81.54,2.71,87.31,2.575,36.25,456.14
2023-11-07,77.96,2.0,83.43,2.59,31.76,458.45
2023-11-08,75.85,2.18,81.46,2.554,30.59,447.51
2023-11-09,76.34,2.71,81.74,2.607,32.39,430.87
2023-11-10,,2.71,83.66,2.627,38.46,431.57
2023-11-13,78.86,2.61,84.09,2.682,44.02,433.92
2023-11-14,78.9,2.69,84.2,2.693,43.08,469.03
2023-11-15,77.15,2.88,82.4,2.697,44.37,478.19
2023-11-16,73.5,2.91,77.73,2.582,42.91,467.0
2023-11-17,76.47,2.62,81.22,2.49,35.0,471.4
2023-11-20,78.1,2.49,83.25,2.419,40.54,479.55
2023-11-21,78.35,2.63,82.42,2.435,49.95,468.56
2023-11-22,76.8,2.72,81.76,2.425,35.07,469.41
2023-11-23,,,80.85,,,
2023-11-24,74.83,2.72,79.82,2.361,33.98,470.27
2023-11-27,74.46,2.74,79.49,2.391,53.83,464.77
2023-11-28,76.09,2.78,81.66,2.492,56.74,474.82
2023-11-29,77.56,2.7,82.98,2.562,58.85,480.5
2023-11-30,75.66,2.75,81.72,2.415,41.28,477.91
2023-12-01,73.7,2.63,78.72,2.346,34.08,496.95
2023-12-04,72.73,2.55,78.16,2.325,37.54,494.42
2023-12-05,71.95,2.72,77.27,2.261,40.27,484.18
2023-12-06,68.98,2.76,74.33,2.332,46.84,485.26
2023-12-07,69.0,2.52,74.21,2.396,45.26,493.23
2023-12-08,70.87,2.57,75.94,2.48,33.61,493.49
2023-12-11,70.95,2.39,75.75,2.449,43.03,495.43
2023-12-12,68.27,2.37,74.11,2.051,53.7,484.88
2023-12-13,69.09,2.33,74.14,2.093,42.84,513.88
2023-12-14,71.21,2.39,77.05,2.215,37.75,553.19
2023-12-15,71.05,2.44,76.84,2.183,34.18,553.76
2023-12-18,72.16,2.59,78.89,2.192,38.04,549.19
2023-12-19,73.23,2.44,79.82,2.221,48.32,562.94
2023-12-20,73.87,2.48,81.1,2.207,42.01,538.31
2023-12-21,73.59,2.48,80.73,2.187,37.78,554.29
2023-12-22,73.29,2.54,80.23,2.376,34.62,556.34
2023-12-25,,,,,,
2023-12-26,75.84,2.5,,2.603,29.78,565.9
2023-12-27,74.31,2.63,80.97,2.502,27.05,565.22
2023-12-28,72.02,2.55,79.04,2.496,27.93,561.99
2023-12-29,71.89,2.58,77.69,2.489,28.27,552.08
2024-01-01,,,,,,
2024-01-02,70.62,2.56,76.24,2.45,33.65,542.37
2024-01-03,72.97,2.57,77.18,2.508,35.49,522.42
2024-01-04,72.38,2.83,75.79,2.448,42.17,510.23
2024-01-05,74.0,2.75,78.31,2.187,46.91,506.48
2024-01-08,71.06,2.72,75.47,2.107,36.2,513.07
2024-01-09,72.43,3.25,77.97,2.041,32.04,507.17
2024-01-10,71.57,3.25,78.46,2.07,35.25,501.23
2024-01-11,72.15,3.15,80.21,2.131,37.33,490.4
2024-01-12,72.94,13.2,79.89,2.082,32.46,481.08
2024-01-15,,,79.76,,166.89,
2024-01-16,72.63,3.25,80.15,2.068,143.64,470.09
2024-01-17,72.79,2.86,78.88,2.134,167.9,457.74
2024-01-18,74.32,2.88,81.04,2.177,75.82,455.49
2024-01-19,73.69,2.7,80.71,2.151,69.19,456.55
2024-01-22,75.26,2.35,81.7,2.086,66.55,468.01
2024-01-23,74.72,2.15,82.04,2.059,37.55,474.74
2024-01-24,75.48,2.45,82.15,2.067,30.83,464.86
2024-01-25,77.91,2.56,82.33,2.525,27.17,458.51
2024-01-26,78.45,2.36,83.34,2.564,28.4,456.14
2024-01-29,77.25,2.41,83.99,2.609,37.59,471.32
2024-01-30,78.3,2.26,84.14,2.63,37.36,464.27
2024-01-31,76.28,2.19,82.98,2.666,36.95,454.39
2024-02-01,74.36,2.15,82.2,2.547,28.29,462.54
2024-02-02,72.72,2.01,79.54,2.439,26.75,455.72
2024-02-05,73.21,2.12,79.3,2.568,28.77,445.76
2024-02-06,73.83,2.1,80.46,2.587,31.05,454.89
2024-02-07,74.26,1.94,81.18,2.62,28.05,462.23
2024-02-08,76.67,1.74,83.01,2.589,23.31,469.01
2024-02-09,77.26,1.74,83.58,2.614,20.1,479.63
2024-02-12,77.34,1.76,83.88,2.656,28.41,488.54
2024-02-13,78.28,1.61,84.72,2.674,34.39,463.34
2024-02-14,77.09,1.51,84.41,2.604,32.91,480.46
2024-02-15,78.47,1.53,84.33,2.653,23.51,489.87
2024-02-16,79.65,1.55,84.88,2.648,24.55,484.28
2024-02-19,,,85.52,,31.94,
2024-02-20,78.72,1.5,84.78,2.612,26.57,472.73
2024-02-21,78.89,1.58,84.77,2.474,23.06,467.59
2024-02-22,79.64,1.62,85.84,2.5,24.5,449.47
2024-02-23,77.6,1.52,84.18,2.455,23.99,438.63
2024-02-26,78.53,1.65,84.01,2.441,23.09,446.29
2024-02-27,79.8,1.52,83.8,2.477,21.75,452.57
2024-02-28,79.44,1.61,84.08,2.436,23.82,452.7
2024-02-29,79.22,1.67,84.57,2.505,30.72,460.15
2024-03-01,80.9,1.47,84.82,2.805,28.95,468.77
2024-03-04,79.67,1.48,86.58,2.786,25.47,457.37
2024-03-05,79.11,1.51,85.82,2.729,26.11,443.19
2024-03-06,80.08,1.67,86.59,2.728,27.7,451.07
2024-03-07,79.81,1.56,84.88,2.735,,463.59
2024-03-08,78.96,1.54,84.29,2.695,22.86,459.7
2024-03-11,78.87,1.54,83.44,2.762,32.42,460.18
2024-03-12,78.51,1.57,83.66,2.8,25.16,453.36
2024-03-13,80.67,1.25,83.95,2.868,22.88,443.92
2024-03-14,82.16,1.26,86.16,2.907,20.89,427.12
2024-03-15,81.94,1.38,85.39,2.955,23.18,426.1
2024-03-18,83.68,1.54,86.47,2.975,32.21,429.53
2024-03-19,84.39,1.55,87.36,2.991,29.01,425.47
2024-03-20,82.79,1.58,85.77,3.006,29.49,437.48
2024-03-21,81.99,1.55,84.92,3.017,,441.75
2024-03-22,81.1,1.5,84.87,3.03,28.5,435.99
2024-03-25,82.41,1.46,86.18,3.052,29.13,433.87
2024-03-26,82.41,1.48,85.91,3.12,28.59,431.4
2024-03-27,82.15,1.43,84.94,3.121,31.5,452.69
2024-03-28,83.96,1.54,86.17,3.138,31.85,453.05
2024-03-29,,,,,22.79,
2024-04-01,84.54,1.64,,3.203,,451.7
2024-04-02,85.95,1.65,87.63,3.268,30.9,435.97
2024-04-03,86.22,1.86,90.6,3.266,33.69,440.26
2024-04-04,87.37,1.78,90.32,3.397,,436.87
2024-04-05,87.69,1.58,92.81,3.295,36.71,433.2
2024-04-08,87.24,1.73,91.73,3.269,34.99,442.05
2024-04-09,86.04,1.83,92.13,3.11,29.94,453.04
2024-04-10,86.98,1.9,91.57,3.297,33.94,441.92
2024-04-11,85.79,1.62,91.49,3.264,32.66,443.29
2024-04-12,86.46,1.36,93.12,3.277,33.5,427.03
2024-04-15,86.21,1.41,90.84,3.268,40.56,412.98
2024-04-16,86.15,1.38,91.29,3.296,33.94,405.39
2024-04-17,83.58,1.5,89.54,3.15,30.95,407.18
2024-04-18,83.5,1.59,88.34,3.099,,401.34
2024-04-19,83.79,1.43,87.96,3.076,,397.71
2024-04-22,83.82,1.64,87.3,3.008,30.16,399.34
2024-04-23,84.17,1.59,88.29,3.044,27.14,408.23
2024-04-24,84.09,1.6,89.02,3.053,29.45,411.81
2024-04-25,84.92,1.46,88.1,3.217,30.0,410.77
2024-04-26,85.38,1.4,89.95,3.212,23.37,418.34
2024-04-29,84.26,1.55,88.44,3.119,51.81,433.59
2024-04-30,83.49,1.68,88.23,3.085,42.77,421.74
2024-05-01,80.7,1.63,83.55,2.88,35.73,421.36
2024-05-02,80.59,1.66,84.81,2.894,,433.94
2024-05-03,79.65,1.67,83.6,2.822,33.68,448.84
2024-05-06,80.1,1.88,,2.853,37.2,456.42
2024-05-07,79.97,1.95,82.69,2.818,39.95,451.59
2024-05-08,80.57,2.01,82.44,2.821,47.08,449.15
2024-05-09,80.86,2.03,83.27,2.789,34.1,452.32
2024-05-10,79.81,2.14,83.39,2.713,26.89,443.48
2024-05-13,80.71,2.11,83.18,2.726,30.55,450.6
2024-05-14,79.62,2.14,81.0,2.644,36.42,463.19
2024-05-15,80.23,2.12,79.98,2.712,37.32,460.84
2024-05-16,80.85,2.32,81.65,2.711,,459.5
2024-05-17,81.66,2.44,82.24,2.746,37.15,458.78
2024-05-20,81.39,2.52,81.91,2.659,39.88,458.51
2024-05-21,80.66,2.52,81.22,2.635,53.28,463.39
2024-05-22,79.15,2.51,79.9,2.519,60.57,485.84
2024-05-23,77.47,2.64,79.25,2.593,59.29,472.01
2024-05-24,78.48,2.22,78.92,2.665,53.69,492.81
2024-05-27,,,,,,
2024-05-28,80.9,2.29,81.34,2.688,50.5,493.64
2024-05-29,80.24,2.2,81.5,2.632,39.0,484.34
2024-05-30,78.96,1.87,81.42,2.441,,494.05
2024-05-31,77.97,1.78,79.41,2.488,25.95,491.38
2024-06-03,75.26,2.55,76.45,2.346,38.99,489.95
2024-06-04,74.27,2.58,75.33,2.357,45.77,482.27
2024-06-05,75.08,2.27,75.41,2.34,40.2,493.91
2024-06-06,76.52,2.3,77.62,2.38,40.41,490.08
2024-06-07,76.53,2.46,78.12,2.276,29.15,479.15
2024-06-10,78.75,2.61,79.59,2.313,27.0,488.8
2024-06-11,78.88,2.71,80.15,2.311,25.4,490.44
2024-06-12,79.56,2.8,80.52,2.303,29.33,497.72
2024-06-13,79.61,2.79,81.44,2.352,,488.1
2024-06-14,79.41,2.74,81.49,2.422,37.83,471.36
2024-06-17,81.33,2.5,82.45,2.466,70.38,466.88
2024-06-18,82.67,2.43,84.79,2.5,56.49,465.38
2024-06-19,,,85.64,,58.49,
2024-06-20,83.34,2.39,85.92,2.535,63.59,452.47
2024-06-21,81.71,2.44,86.42,2.546,97.52,449.74
2024-06-24,82.63,2.58,86.75,2.547,58.74,451.01
2024-06-25,81.97,2.61,86.81,2.614,42.28,446.39
2024-06-26,82.19,2.45,85.76,2.536,43.53,455.05
2024-06-27,83.04,2.55,87.0,2.544,,458.22
2024-06-28,82.83,2.42,87.26,2.477,28.3,445.42
2024-07-01,84.7,2.21,86.57,2.533,28.77,443.22
2024-07-02,84.09,2.06,88.28,2.537,33.28,452.64
2024-07-03,85.19,2.02,88.25,2.607,40.83,467.09
2024-07-04,,,88.34,,,
2024-07-05,84.44,2.02,88.66,2.529,49.41,465.08
2024-07-08,83.63,2.1,87.15,2.492,61.75,474.77
2024-07-09,82.78,2.42,86.48,2.477,102.07,471.87
2024-07-10,83.39,2.4,86.55,2.42,91.12,483.41
2024-07-11,83.92,2.23,86.49,2.405,,491.47
2024-07-12,83.49,2.17,87.35,2.388,40.68,509.48
2024-07-15,83.22,2.12,86.42,2.363,169.88,494.99
2024-07-16,81.92,2.1,86.6,2.314,139.92,512.53
2024-07-17,84.16,1.98,85.76,2.302,76.99,493.35
2024-07-18,84.17,2.0,86.26,2.303,39.46,485.41
2024-07-19,81.43,1.88,85.19,2.091,37.33,474.77
2024-07-22,81.25,2.19,83.44,2.167,52.23,486.58
2024-07-23,78.24,2.13,82.2,2.125,54.16,483.95
2024-07-24,78.78,2.0,83.01,2.143,48.38,468.63
2024-07-25,79.43,2.0,82.58,2.392,,467.34
2024-07-26,78.58,1.98,81.35,2.351,34.69,474.76
2024-07-29,77.27,1.9,80.94,2.415,49.04,476.08
2024-07-30,76.17,1.81,79.26,2.397,46.9,464.5
2024-07-31,79.36,1.94,81.39,2.457,79.98,478.89
2024-08-01,77.74,1.95,81.37,2.379,98.71,459.56
2024-08-02,74.99,1.89,78.35,2.243,83.91,435.45
2024-08-05,74.46,1.83,77.51,2.285,90.5,422.75
2024-08-06,74.6,1.83,76.62,2.256,56.07,423.6
2024-08-07,76.68,1.96,78.26,2.312,34.86,413.25
2024-08-08,77.64,1.85,80.76,2.346,,431.44
2024-08-09,78.28,1.94,81.07,2.356,38.09,426.42
2024-08-12,81.45,2.1,83.06,2.397,34.38,420.35
2024-08-13,79.81,2.16,82.51,2.405,35.7,435.52
2024-08-14,78.47,2.18,82.15,2.427,41.16,427.38
2024-08-15,79.66,2.19,83.09,2.435,38.47,445.79
2024-08-16,78.05,2.01,81.56,2.364,40.81,444.94
2024-08-19,75.82,2.12,81.09,2.317,34.83,454.86
2024-08-20,75.27,2.18,78.85,2.305,26.02,447.19
2024-08-21,72.76,2.14,78.77,2.3,23.0,456.2
2024-08-22,73.72,1.93,78.8,2.388,,445.7
2024-08-23,75.82,1.82,80.34,2.436,26.26,468.46
2024-08-26,78.4,2.13,,2.433,44.94,465.67
2024-08-27,76.5,1.91,81.51,2.591,70.06,462.09
2024-08-28,75.49,1.89,80.04,2.545,98.3,453.26
2024-08-29,76.9,1.85,81.55,2.581,48.6,457.12
2024-08-30,74.52,1.93,80.2,2.535,36.51,460.82
2024-09-02,,,77.82,,,
2024-09-03,71.28,1.93,76.46,2.444,24.78,436.15
2024-09-04,70.11,2.05,74.67,2.402,24.81,441.45
2024-09-05,70.09,2.02,74.47,2.384,,440.36
2024-09-06,68.58,2.09,72.82,2.354,30.29,423.84
2024-09-09,69.65,2.03,72.37,2.381,25.89,423.26
2024-09-10,66.73,2.13,70.34,2.354,35.76,428.59
2024-09-11,68.25,2.13,70.31,2.369,44.75,451.31
2024-09-12,69.89,2.13,73.81,2.463,45.52,448.53
2024-09-13,69.59,2.25,73.68,2.466,39.15,454.1
2024-09-16,71.1,2.23,73.96,2.425,40.0,452.74
2024-09-17,72.16,2.33,74.55,2.45,39.63,459.41
2024-09-18,71.87,2.31,74.52,2.268,37.75,456.62
2024-09-19,72.86,2.24,75.93,2.334,,464.36
2024-09-20,72.72,2.2,75.96,2.244,48.79,454.63
2024-09-23,71.33,2.4,74.95,2.256,37.65,460.41
2024-09-24,72.34,2.61,75.29,2.315,42.6,464.47
2024-09-25,70.42,2.62,75.4,2.323,50.53,455.59
2024-09-26,68.28,2.64,73.06,2.298,49.56,467.44
2024-09-27,68.72,2.53,71.63,2.328,37.01,475.99
2024-09-30,68.75,2.65,72.35,2.315,44.76,470.36
2024-10-01,70.41,2.67,75.3,2.256,56.13,460.06
2024-10-02,70.74,2.77,74.86,2.272,44.93,456.3
2024-10-03,74.33,2.75,77.57,2.449,,452.25
2024-10-04,74.93,2.49,79.32,2.444,48.3,459.29
2024-10-07,77.76,2.51,81.74,2.505,51.83,459.52
2024-10-08,74.26,2.51,78.19,2.357,43.32,454.0
2024-10-09,73.85,2.43,77.06,2.319,40.22,460.03
2024-10-10,76.46,2.26,79.45,2.414,36.55,447.46
2024-10-11,76.11,2.31,80.27,2.503,35.82,453.17
2024-10-14,,,78.47,,39.27,453.34
2024-10-15,71.22,2.37,73.68,2.393,43.73,442.57
2024-10-16,70.97,2.21,73.65,2.218,48.55,451.5
2024-10-17,71.26,2.19,74.37,2.22,,442.72
2024-10-18,69.78,1.82,72.75,2.178,39.96,442.15
2024-10-21,71.16,1.76,73.29,2.188,42.0,436.65
2024-10-22,72.84,1.76,75.59,2.237,47.57,437.11
2024-10-23,71.37,1.9,74.68,2.185,40.56,425.9
2024-10-24,70.58,2.04,74.27,2.176,38.26,438.78
2024-10-25,72.02,1.93,75.62,2.22,38.31,443.83
2024-10-28,67.65,2.03,71.87,2.177,41.51,450.76
2024-10-29,67.48,1.82,71.09,2.143,32.86,446.24
2024-10-30,68.91,2.03,73.21,2.19,35.38,440.05
2024-10-31,69.58,1.82,73.25,2.183,,434.26
2024-11-01,69.81,1.42,73.63,2.172,,438.69
2024-11-04,71.83,1.35,74.89,2.219,34.61,446.45
2024-11-05,72.26,1.62,76.98,2.202,30.31,455.79
2024-11-06,71.98,1.8,76.52,2.299,38.76,442.58
2024-11-07,72.69,1.49,75.73,2.308,41.79,444.21
2024-11-08,70.69,1.21,74.04,2.276,31.83,445.95
2024-11-11,,1.21,72.19,,29.33,454.42
2024-11-12,68.43,1.92,72.56,2.071,34.76,436.18
2024-11-13,68.76,2.06,72.86,2.065,44.25,438.64
2024-11-14,68.99,2.11,73.39,2.103,,432.29
2024-11-15,67.33,1.65,73.45,2.089,37.43,427.71
2024-11-18,69.46,2.08,74.35,2.173,31.23,435.67
2024-11-19,69.75,2.1,74.32,2.179,29.28,435.62
2024-11-20,69.25,2.32,74.33,2.098,30.42,437.7
2024-11-21,70.39,2.84,75.09,2.191,39.05,440.34
2024-11-22,71.68,2.41,76.1,2.168,47.97,451.65
2024-11-25,69.41,2.78,74.27,2.163,30.05,464.92
2024-11-26,69.05,3.19,74.56,2.15,33.87,456.2
2024-11-27,69.03,3.39,73.91,2.124,40.86,459.69
2024-11-28,,,73.92,,,
2024-11-29,68.26,3.39,74.16,2.082,,464.33
2024-12-02,68.35,3.05,72.81,2.071,61.5,472.25
2024-12-03,70.15,2.94,74.8,2.004,59.88,464.18
2024-12-04,68.81,2.75,74.68,1.94,45.27,458.38
2024-12-05,68.58,2.95,73.78,2.019,55.45,455.85
2024-12-06,68.58,2.83,73.78,1.923,59.09,463.96
2024-12-09,68.65,3.05,73.73,1.995,35.42,476.31
2024-12-10,68.85,2.9,73.64,1.998,33.23,467.38
2024-12-11,70.57,2.9,74.38,2.068,39.05,473.93
2024-12-12,70.25,3.12,73.52,1.992,,469.3
2024-12-13,71.54,3.15,74.89,1.973,50.43,471.88
2024-12-16,71.03,2.87,74.3,1.949,34.87,477.49
2024-12-17,70.31,2.85,73.16,1.921,32.07,476.17
2024-12-18,70.8,3.01,74.57,1.906,34.58,450.13
2024-12-19,70.1,3.15,73.75,1.954,35.51,445.0
2024-12-20,69.71,3.1,73.19,2.102,37.81,453.94
2024-12-23,69.5,2.89,72.12,2.203,73.51,460.36
2024-12-24,70.87,2.95,73.5,2.16,36.28,468.61
2024-12-25,,,,,,
2024-12-26,70.38,2.96,,2.141,34.5,467.87
2024-12-27,71.28,2.91,73.77,2.13,32.0,459.23
2024-12-30,71.73,3.39,74.24,2.158,30.4,450.87
2024-12-31,72.44,3.4,74.58,2.13,27.09,444.21
2025-01-01,,,,,,
2025-01-02,73.79,3.65,76.14,2.182,38.69,450.71
2025-01-03,74.64,3.4,76.72,2.166,40.5,473.74
2025-01-06,74.31,4.05,77.27,2.158,58.59,479.94
2025-01-07,74.99,3.8,77.84,2.069,76.24,476.56
2025-01-08,73.99,3.75,77.37,2.053,82.1,459.87
2025-01-09,,3.94,78.44,,72.38,
2025-01-10,77.27,4.13,79.76,2.034,54.28,449.61
2025-01-13,79.57,4.4,82.69,2.057,49.57,448.11
2025-01-14,78.2,4.32,82.39,2.144,61.39,447.5
2025-01-15,80.73,4.45,83.48,2.202,64.53,457.59
2025-01-16,79.35,4.3,82.39,2.277,56.08,459.5
2025-01-17,78.56,9.86,83.02,2.182,44.72,461.78
2025-01-20,,,81.68,,163.2,
2025-01-21,76.79,4.4,80.57,2.16,255.95,456.19
2025-01-22,76.12,3.91,80.0,2.236,196.69,443.68
2025-01-23,75.03,3.91,78.62,2.235,87.42,449.42
2025-01-24,74.97,3.84,78.71,2.23,61.67,449.6
2025-01-27,73.51,3.71,77.3,2.307,44.69,436.83
2025-01-28,74.15,3.4,78.01,2.373,37.22,428.38
2025-01-29,72.94,3.38,77.02,2.36,34.11,432.16
2025-01-30,73.1,3.12,77.42,2.322,38.42,439.84
2025-01-31,72.84,2.93,77.11,2.377,33.92,439.42
2025-02-03,73.52,3.3,76.49,2.464,36.0,428.0
2025-02-04,73.04,3.25,76.58,2.444,39.48,436.3
2025-02-05,71.39,3.22,74.71,2.501,47.56,433.46
2025-02-06,70.97,3.31,74.54,2.533,43.17,438.02
2025-02-07,71.32,3.32,74.68,2.576,38.96,430.24
2025-02-10,72.73,3.48,76.23,2.626,51.09,426.23
2025-02-11,73.67,3.65,77.65,2.744,57.8,415.76
2025-02-12,71.72,3.97,75.38,2.682,60.93,417.31
2025-02-13,71.66,4.43,75.61,2.561,45.63,431.07
2025-02-14,71.05,4.6,75.19,2.546,50.33,435.84
2025-02-17,,,75.81,,65.82,
2025-02-18,72.21,6.4,76.46,2.551,70.16,444.9
2025-02-19,72.58,7.15,76.34,2.549,96.23,447.13
2025-02-20,72.88,5.62,76.95,2.543,109.91,445.77
2025-02-21,70.72,4.43,74.88,2.487,72.18,432.71
2025-02-24,71.06,3.86,74.89,2.485,46.91,422.54
2025-02-25,69.15,3.88,73.11,2.112,38.18,411.74
2025-02-26,68.87,3.9,73.49,2.089,35.45,412.49
2025-02-27,70.62,3.91,75.01,2.104,36.39,399.24
2025-02-28,69.97,3.91,74.76,2.06,37.16,397.46
2025-03-03,68.63,3.8,72.85,2.285,54.14,380.38
2025-03-04,68.47,4.39,72.31,2.271,40.27,381.06
2025-03-05,66.58,4.4,70.92,2.264,44.53,391.08
2025-03-06,66.62,4.39,71.08,2.146,49.76,384.47
2025-03-07,67.29,4.39,72.49,2.127,54.36,393.45
2025-03-10,66.31,4.23,71.08,2.029,49.67,380.54
2025-03-11,66.52,4.57,71.51,2.041,41.52,380.43
2025-03-12,67.65,4.18,72.36,2.14,43.72,381.77
2025-03-13,66.82,3.89,70.82,2.246,48.36,375.56
2025-03-14,67.43,3.89,71.94,2.289,47.62,383.27
2025-03-17,67.84,4.15,71.93,2.32,46.54,390.65
2025-03-18,67.49,4.17,71.93,2.321,48.85,386.38
2025-03-19,67.4,4.21,71.94,2.324,46.76,391.8
2025-03-20,68.55,4.23,72.61,2.393,50.65,387.13
2025-03-21,68.52,3.93,72.64,2.415,49.34,389.78
2025-03-24,69.46,4.03,73.96,2.433,49.0,398.41
2025-03-25,69.48,3.94,73.78,2.437,56.63,400.26
2025-03-26,70.05,3.85,74.6,2.515,55.7,389.77
2025-03-27,70.3,3.88,74.72,2.572,49.58,388.52
2025-03-28,69.74,3.89,74.69,2.778,39.13,377.36
2025-03-31,71.87,4.11,77.23,2.886,49.21,374.83
2025-04-01,71.61,3.96,77.78,2.904,44.6,381.54
2025-04-02,72.12,4.04,77.27,2.8,43.88,382.23
2025-04-03,67.43,4.21,72.54,2.605,51.15,359.98
2025-04-04,62.42,4.04,68.36,2.516,46.23,339.03
2025-04-07,61.05,3.97,66.13,2.528,56.93,338.89
2025-04-08,60.04,3.85,64.86,2.467,72.1,320.13
2025-04-09,62.63,3.42,67.3,2.54,70.16,358.66
2025-04-10,60.57,3.7,65.37,2.267,51.39,337.83
2025-04-11,61.91,3.44,66.83,2.306,55.21,343.96
2025-04-14,61.99,3.57,67.18,2.323,52.31,352.75
2025-04-15,61.74,3.27,66.58,2.254,54.3,347.3
2025-04-16,62.88,3.25,67.94,2.328,50.69,339.25
2025-04-17,65.07,2.94,69.33,2.393,,341.97
2025-04-18,,,,,32.76,
2025-04-21,63.48,3.16,,2.343,,331.74
2025-04-22,64.6,3.12,68.93,2.368,52.14,342.62
2025-04-23,62.64,3.12,68.26,2.32,42.59,344.72
2025-04-24,63.55,2.87,67.5,2.347,48.16,359.55
2025-04-25,63.85,2.71,66.99,2.365,49.25,367.82
2025-04-28,63.3,2.96,66.13,2.376,46.48,371.38
2025-04-29,61.84,3.17,64.04,2.344,48.9,370.14
2025-04-30,59.55,3.12,63.37,2.301,49.08,362.82
2025-05-01,60.59,3.08,62.37,2.286,,365.37
2025-05-02,59.67,3.1,61.57,2.287,55.1,372.87
2025-05-05,58.5,3.26,,2.321,46.82,363.44
2025-05-06,60.42,3.08,62.37,2.491,45.58,362.82
2025-05-07,59.42,3.18,60.31,2.45,43.89,362.95
2025-05-08,61.25,3.23,62.22,2.574,40.41,375.24
2025-05-09,62.37,3.22,64.26,2.67,32.78,385.89
2025-05-12,63.32,3.19,65.28,2.645,43.42,406.14
2025-05-13,65.04,3.27,66.93,2.676,46.24,422.19
2025-05-14,64.48,3.31,65.91,2.598,47.01,425.46
2025-05-15,63.03,3.2,64.36,2.566,,426.38
2025-05-16,63.84,3.01,65.2,2.388,71.3,428.64
2025-05-19,63.98,2.96,66.25,2.434,38.94,419.85
2025-05-20,63.97,3.15,66.93,2.453,34.53,424.09
2025-05-21,62.93,3.2,65.86,2.438,39.22,410.27
2025-05-22,62.55,3.0,64.87,2.501,35.87,399.16
2025-05-23,62.89,2.93,65.41,2.512,32.55,398.33
2025-05-26,,,,,,
2025-05-27,61.61,3.2,64.32,2.36,30.36,405.97
2025-05-28,62.54,3.09,65.72,2.328,39.23,403.25
2025-05-29,61.66,2.97,64.6,2.24,,399.13
2025-05-30,61.46,2.86,64.32,2.224,36.68,395.67
2025-06-02,63.27,3.0,66.55,2.267,33.3,389.88
2025-06-03,64.1,2.84,67.48,2.282,30.58,406.06
2025-06-04,63.57,2.8,66.69,2.203,46.08,407.79
2025-06-05,64.06,2.86,67.14,2.221,49.81,401.79
2025-06-06,65.3,2.68,68.02,2.26,46.1,409.45
2025-06-09,65.99,3.13,68.73,2.277,36.83,419.64
2025-06-10,65.66,2.79,68.41,2.267,39.55,428.38
2025-06-11,68.91,2.73,71.29,2.269,46.43,426.91
2025-06-12,68.73,2.9,70.84,2.265,,424.92
2025-06-13,73.84,2.65,76.0,2.385,45.89,423.36
2025-06-16,72.53,2.9,75.05,2.36,37.43,433.64
2025-06-17,75.62,2.9,78.7,2.431,48.95,412.07
2025-06-18,75.89,3.43,78.38,2.393,54.94,416.91
2025-06-19,,,80.37,,54.2,
2025-06-20,75.72,3.09,78.73,2.435,38.9,413.96
2025-06-23,69.36,3.5,74.34,2.334,203.65,417.31
2025-06-24,65.45,3.3,69.13,2.203,216.31,425.37
2025-06-25,65.98,3.26,68.4,2.226,188.9,422.97
2025-06-26,66.44,3.23,68.57,2.24,,432.39
2025-06-27,66.66,3.23,69.37,2.225,49.24,426.58
2025-06-30,66.3,3.26,68.15,2.215,68.79,427.92
2025-07-01,66.64,3.14,67.63,2.265,53.57,428.8
2025-07-02,68.66,3.1,70.8,2.256,49.23,439.71
2025-07-03,68.13,3.24,70.42,2.255,56.56,452.7
2025-07-04,,,71.03,,,
2025-07-07,69.16,3.24,71.95,2.317,82.0,443.17
2025-07-08,69.55,3.2,72.5,2.343,78.98,445.41
2025-07-09,69.61,3.08,71.98,2.276,74.46,451.81
2025-07-10,67.78,3.11,70.38,2.24,,460.75
2025-07-11,69.63,3.22,72.06,2.21,65.65,454.08
2025-07-14,68.19,3.21,70.96,2.185,67.63,454.63
2025-07-15,67.76,3.31,70.27,2.172,79.14,459.63
2025-07-16,67.13,3.42,69.67,2.178,87.68,456.63
2025-07-17,68.76,3.52,71.32,2.182,113.6,468.54
2025-07-18,68.53,3.5,71.06,2.169,63.1,477.61
2025-07-21,68.39,3.5,71.92,2.189,57.44,476.63
2025-07-22,67.56,3.16,69.69,2.129,48.16,488.42
2025-07-23,66.05,3.08,69.17,2.179,56.98,483.54
2025-07-24,67.16,3.13,70.42,2.165,,479.32
2025-07-25,66.38,3.1,69.23,2.144,132.83,484.31
2025-07-28,67.81,3.12,70.87,2.269,142.66,483.97
2025-07-29,70.27,3.08,73.21,2.363,208.09,472.83
2025-07-30,71.09,2.98,73.98,2.389,190.96,469.39
2025-07-31,70.36,2.99,73.43,2.339,61.13,461.97
2025-08-01,68.39,3.0,70.55,2.205,39.65,457.34
2025-08-04,67.33,2.89,69.56,2.209,45.79,455.25
2025-08-05,66.2,2.98,69.14,2.207,44.04,455.35
2025-08-06,65.38,3.02,67.97,2.2,44.92,449.05
2025-08-07,64.9,3.05,66.99,2.212,,454.99
2025-08-08,64.94,3.03,67.17,2.305,45.34,460.04
2025-08-11,65.03,3.05,67.36,2.308,65.96,461.06
2025-08-12,64.22,2.93,66.8,2.276,71.99,472.53
2025-08-13,63.68,2.95,66.25,2.279,64.98,482.01
2025-08-14,64.99,2.78,68.12,2.35,65.82,475.47
2025-08-15,63.78,2.98,67.3,2.311,66.06,484.21
2025-08-18,64.51,2.96,68.18,2.319,75.15,494.63
2025-08-19,63.38,2.87,66.62,2.312,42.89,485.29
2025-08-20,64.19,2.8,67.61,2.35,44.74,480.14
2025-08-21,64.56,2.88,68.41,2.481,,474.65
2025-08-22,64.08,2.76,68.29,2.531,34.72,498.09
2025-08-25,65.18,2.76,,2.521,35.86,497.78
2025-08-26,63.6,2.82,66.89,2.656,27.42,499.38
2025-08-27,64.49,2.88,67.75,2.638,26.94,500.0
2025-08-28,64.96,2.9,68.61,2.649,27.32,505.08
2025-08-29,64.36,2.88,67.83,2.628,28.57,495.98
2025-09-01,,,67.09,,,
2025-09-02,65.95,2.7,68.09,2.65,33.25,486.88
2025-09-03,64.36,3.0,67.76,2.397,33.46,487.8
2025-09-04,63.81,3.11,66.41,2.414,,489.79
2025-09-05,62.22,3.05,64.92,2.469,40.56,500.27
2025-09-08,62.6,3.1,65.44,2.552,30.5,494.2
2025-09-09,62.97,3.12,67.97,2.582,33.38,487.29
2025-09-10,64.01,2.89,67.62,2.578,36.72,493.23
2025-09-11,62.71,2.81,67.25,2.471,44.92,502.84
2025-09-12,63.02,2.86,67.87,2.549,42.7,502.75
2025-09-15,63.66,3.0,67.88,2.613,58.36,511.02
2025-09-16,64.89,3.07,69.69,2.602,45.8,518.48
2025-09-17,64.41,3.19,69.19,2.585,44.96,527.33
2025-09-18,63.91,3.1,67.83,2.396,,539.73
2025-09-19,63.02,2.89,67.05,2.41,61.93,543.27
2025-09-22,62.99,2.9,66.87,2.5,52.08,556.93
2025-09-23,63.76,2.86,67.96,2.525,74.56,547.71
2025-09-24,65.4,2.88,69.64,2.535,63.17,548.73
2025-09-25,65.51,2.98,70.48,2.546,68.23,547.84
2025-09-26,66.5,2.9,71.15,2.511,70.5,548.93
2025-09-29,64.27,2.93,69.0,2.505,83.3,549.87
2025-09-30,63.17,3.12,68.52,2.518,68.05,548.5
2025-10-01,62.59,3.24,66.67,2.44,48.84,564.42
2025-10-02,61.28,3.32,65.44,2.394,,563.54
2025-10-03,61.65,3.19,66.13,2.4,55.05,566.96
2025-10-06,62.49,3.32,67.09,2.503,96.88,576.8
2025-10-07,62.52,3.32,67.1,2.504,78.79,563.77
2025-10-08,63.37,3.35,67.42,2.506,54.57,571.64
2025-10-09,62.36,3.25,67.23,2.357,51.9,573.95
2025-10-10,59.75,2.9,64.41,2.3,45.48,552.24
2025-10-13,,2.9,64.15,,57.65,596.01
2025-10-14,59.52,2.83,63.0,2.318,61.28,603.06
2025-10-15,59.08,2.79,62.33,2.336,52.56,618.37
2025-10-16,58.29,2.82,61.08,2.318,,605.54
2025-10-17,58.3,2.65,61.23,2.214,43.56,594.95
2025-10-20,58.34,2.99,60.71,2.09,49.63,606.59
2025-10-21,58.66,3.28,61.0,2.143,51.58,594.72
2025-10-22,59.3,3.45,62.28,2.175,52.83,577.04
2025-10-23,62.44,3.34,66.32,2.194,58.78,588.74
2025-10-24,62.27,3.21,65.8,2.188,66.0,603.53
2025-10-27,62.13,3.3,65.52,2.268,62.43,603.62
2025-10-28,60.97,3.44,64.03,2.268,64.83,601.07
2025-10-29,61.26,3.36,65.01,2.428,60.75,610.89
2025-10-30,61.36,3.46,65.11,2.75,,592.96
2025-10-31,61.75,3.57,65.44,2.525,56.07,608.23
2025-11-03,61.79,3.37,65.79,2.571,59.86,608.39
2025-11-04,61.38,3.35,65.04,2.573,54.53,581.41
2025-11-05,60.4,3.51,63.54,2.772,46.37,617.03
2025-11-06,60.24,3.71,63.41,2.811,52.88,598.19
2025-11-07,60.54,3.76,63.72,2.794,50.77,597.75
2025-11-10,60.94,3.8,63.01,2.49,78.18,616.39
2025-11-11,,,63.86,,91.08,608.56
2025-11-12,59.3,3.6,61.88,2.296,58.14,602.36
2025-11-13,59.54,3.6,62.14,2.258,,568.54
2025-11-14,60.87,3.49,63.45,2.31,,567.12
2025-11-17,60.66,3.71,63.16,2.284,59.17,556.76
2025-11-18,61.51,3.7,64.86,2.296,68.92,556.82
2025-11-19,60.27,3.94,63.78,2.235,72.08,559.99
2025-11-20,60.07,3.97,63.64,2.125,71.44,537.32
2025-11-21,58.86,4.13,62.78,2.087,63.71,544.06
2025-11-24,59.11,4.15,64.83,2.081,51.54,558.3
2025-11-25,58.25,4.12,63.99,2.034,46.83,566.96
2025-11-26,58.81,4.59,64.81,2.074,38.71,581.07
2025-11-27,,,64.18,,,
2025-11-28,58.58,,64.07,1.961,,593.32
2025-12-01,59.47,5.08,64.22,1.931,72.25,578.07
2025-12-02,58.81,4.83,63.37,1.89,80.39,583.17
2025-12-03,59.09,4.86,63.75,1.829,74.76,591.77
2025-12-04,59.82,4.89,64.15,1.832,75.32,605.31
2025-12-05,60.23,5.19,64.42,1.836,92.31,605.67
2025-12-08,59.04,5.19,63.3,1.797,104.95,599.99
2025-12-09,58.4,4.76,62.62,1.776,125.49,598.64
2025-12-10,58.67,4.62,63.12,1.733,80.99,601.29
2025-12-11,57.76,4.35,61.87,1.721,,609.23
2025-12-12,57.61,4.07,62.11,1.753,88.32,593.01
2025-12-15,56.97,3.9,61.55,1.726,170.08,586.92
2025-12-16,55.44,3.58,59.93,1.682,99.81,583.73
2025-12-17,56.07,3.66,60.61,1.672,62.47,567.2
2025-12-18,56.22,3.87,60.69,1.699,54.97,587.43
2025-12-19,56.8,3.58,61.35,1.762,51.82,605.22
2025-12-22,58.18,3.67,62.22,1.813,63.52,616.72
2025-12-23,58.55,3.38,63.7,1.829,46.98,608.24
2025-12-24,58.72,3.31,63.7,1.795,34.42,610.34
2025-12-25,,,,,,
2025-12-26,56.6,,,1.78,,606.58
2025-12-29,57.89,4.35,63.1,1.791,50.63,596.29
2025-12-30,57.79,4.4,62.3,1.807,62.89,586.99
2025-12-31,57.26,4.0,61.35,2.0,56.21,582.78
2026-01-02,,,,,62.91,
