date,tci_total,net_wti,net_henry_hub,net_brent,net_rbob,net_pjm_west,net_cels,tci_total_lag1,tci_total_roll5_std
2022-03-01,32.25604020140714,8.102642619676729,0.5265656996186419,7.188415725152659,-6.2419977655913215,-1.5444439282017113,-8.031182350654964,,
2022-03-02,34.82823130471433,8.561778674525648,-0.1117865012534418,8.9404528369788,-3.1048357152973907,-2.77172897305903,-11.513880321894588,32.25604020140714,
2022-03-03,34.89794693040054,9.35877201226721,-0.3199461975384672,9.909415549564372,-4.569324296616308,-3.7415397950831935,-10.63737727259362,34.82823130471433,
2022-03-04,34.92064050461569,8.022827777105498,-0.8524268577432386,7.5880003562006735,-1.6404968044869932,-2.11496665249088,-11.00293781858508,34.89794693040054,
2022-03-07,35.179199078619924,8.634936240950921,-1.235532633087887,8.253888717802866,-1.5119731383506263,-2.686007318171413,-11.45531186914388,34.92064050461569,1.214986404169025
2022-03-08,35.06745737649112,8.854491626480907,-1.1632089541682822,8.371362054286628,-0.18759299226210402,-2.412473633607825,-13.46257810072934,35.179199078619924,0.14195998010087849
2022-03-09,37.775294631183776,13.18798405862109,-2.733597989647474,12.68444663733279,2.013711287075459,-5.999749283901924,-19.15279470947997,35.06745737649112,1.2391432562067595
2022-03-10,36.514111964037475,10.383081204341565,-2.498317323443044,10.101834586937905,-0.25550074123710687,-5.395175012314135,-12.335922714285175,37.775294631183776,1.231392986734001
2022-03-11,36.79391807303048,11.197361097499424,-2.4111164544478703,11.16367155976527,0.4757159384120442,-5.206063906753766,-15.21956823447512,36.514111964037475,1.1441009554733248
2022-03-14,37.01452925038165,10.259914573932797,-3.2347161195740544,10.316054313497752,1.8504033810365925,-3.48360142062114,-15.708054728271915,36.79391807303048,0.992642215414649
2022-03-15,33.41857328622024,12.019393660361459,-9.155177026261752,14.317373089446292,4.045195455601224,-6.973641839447864,-14.25314333969937,37.01452925038165,1.679241735928202
2022-03-16,33.92408312746507,9.877151931699935,-9.928281784336702,12.482298459527158,-0.6991796418850313,-7.3027696146943715,-4.429219350310998,33.41857328622024,1.718053972811714
2022-03-17,32.71794277985854,10.271972206108089,-6.682716963992696,12.239449541252348,-2.6380600044575004,-7.589771242910304,-5.600873535999916,33.92408312746507,1.9929219578854556
2022-03-18,31.965007112757444,9.061376835037635,-5.8236011712588525,11.076430642640553,-2.635831813511956,-6.740150025340785,-4.938224467566588,32.71794277985854,1.9385436423623659
2022-03-21,31.792857486964454,10.160529657653683,-6.5507465590460505,11.942841888076003,-3.1259724349775553,-7.615206712967049,-4.81144583873896,31.965007112757444,0.9162269450976502
2022-03-22,31.638065601906543,10.27172584694464,-6.589659574497519,11.852312783687488,-3.63939590427497,-7.745983744136765,-4.1489994077228864,31.792857486964454,0.9436648938488033
2022-04-11,31.54231972737381,9.147789057308515,-6.349761580538393,10.90359090561099,-3.092394777654931,-6.8230756880130805,-3.7861479167130803,31.638065601906543,0.4680815654885713
2022-04-12,32.15621337032437,9.984880610106266,-6.435464712348926,11.783006675711334,-3.2638589903684263,-7.730678415564607,-4.337885167535616,31.54231972737381,0.24748915994079884
2022-04-13,31.92294218336878,8.975515257219648,-6.166956109805687,11.064245710216824,-3.7313284258314283,-7.175207187039078,-2.9662692447603103,32.15621337032437,0.2419331082619974
2022-04-14,31.444747027071013,8.716394063915033,-5.723126349243668,10.600476708702061,-4.229432236460916,-7.184243505098154,-2.180068681814351,31.92294218336878,0.29297617846034696
2022-04-20,31.488191552128843,8.829964731955371,-6.06907997353774,10.4888062776131,-5.054499451952168,-6.891916097744399,-1.3032754863341651,31.444747027071013,0.313098087627322
2022-04-21,31.257287081903424,9.06520274281371,-6.679223095867558,10.45333602565816,-6.162967296160808,-6.729248910025532,0.05290053358202407,31.488191552128843,0.37188992934661536
2022-04-22,31.157020980149763,9.382448284156794,-6.695321315432235,10.847914313885319,-6.425814152696638,-7.514103186265908,0.4048760563527214,31.257287081903424,0.2949804884789949
2022-04-25,31.35409325202949,10.195028877744207,-6.749395080985843,12.318932594347416,-6.6250434132933265,-9.251509170323391,0.11198619251094932,31.157020980149763,0.13551170154006179
2022-04-26,30.531295612562175,9.518221175825019,-7.1087126149338316,10.146207507644249,-6.364555723019592,-5.517165277294345,-0.6739950682214779,31.35409325202949,0.37084208405671526
2022-04-27,30.26097606040089,9.031607818707762,-7.389642104297723,9.843288825980636,-6.248199857266954,-5.291361761855484,0.05430707873179674,30.531295612562175,0.48566264090809
2022-04-28,30.60980406442303,9.347622975002892,-6.862298025841408,9.878953790804033,-5.7318649229208845,-5.7961643624150465,-0.8362494546295673,30.26097606040089,0.45604261454749084
2022-04-29,30.238436167092626,9.813382084006989,-6.808772466234659,9.854204147596718,-5.658545137557937,-6.193311759687825,-1.0069568681232983,30.60980406442303,0.4525297949606641
2022-05-04,31.311865163582436,9.027029865610217,-6.310357430070924,9.945295468137473,-4.539786321349801,-7.875207391768868,-0.2469741905581344,30.238436167092626,0.4349656514635286
2022-05-05,30.534657049556277,8.317931934525525,-6.742281751212276,8.799769168947705,-4.54674287743719,-6.239335492757636,0.4106590179338898,31.311865163582436,0.43485389870455154
2022-05-06,30.563425753213618,8.504883083743337,-7.083598075799625,9.153907479217708,-5.299411328096845,-6.476333275217295,1.2005521161526858,30.534657049556277,0.3968159786551512
2022-05-09,32.36370408685956,7.929928293545302,-7.202911687759151,8.516138947870097,-3.2168734445371,-6.412320020107032,0.3860379109878789,30.563425753213618,0.8579102659713589
2022-05-12,32.640705409565,8.623792157822919,-7.603284228841245,8.897956384924413,-2.7620501175220014,-7.715234788366686,0.5588205919826024,32.36370408685956,0.98617692386056
2022-05-17,31.270469432450852,8.53981122265003,-7.378316839910337,8.98251261619992,-6.037579800963755,-6.49372872120445,2.387301523228624,32.640705409565,0.9881432651565468
2022-05-18,32.26081203041318,8.615080418705304,-7.418648594226562,8.741594043790691,-5.672246532720813,-7.248351756871874,2.9825724213232263,31.270469432450852,0.8724175141283571
2022-05-19,31.602115410358525,7.885612084062025,-7.178545309526307,7.853584802088555,-4.271911689380936,-5.5279987036567775,1.2392588164134573,32.26081203041318,0.5695471614386864
2022-05-24,31.61065991354873,8.110358484989952,-8.381674100854564,9.00891306702077,-4.409316001033908,-6.288652359574364,1.9603709094520916,31.602115410358525,0.5578833938697748
2022-05-25,31.925791840653147,7.4743983641961265,-7.8888951265219,7.7156673034753425,-2.908042344817922,-4.915945351271933,0.5228171549402685,31.61065991354873,0.3747605668653159
2022-05-26,32.33481895203341,8.006004976924771,-8.148086020678425,8.188354228043167,-2.8261630058446485,-4.817628369934767,-0.4024818085100801,31.925791840653147,0.3469154152466757
2022-05-27,30.9643922585531,7.005121382082088,-1.8105351579914442,8.764219386190945,-3.840020840589105,-6.9783138711573045,-3.1404708985351633,32.33481895203341,0.502962360485038
2022-06-01,30.48251608928059,7.409812429026829,-1.7832890977325428,9.237649854665925,-4.1429301271047265,-7.881204972494082,-2.840038086361373,30.9643922585531,0.7426311972812678
2022-06-06,30.07807143320528,7.275571402600221,-2.7252707373477296,7.855837389877273,-5.4465434294737065,-4.831549519126964,-2.128045106529097,30.48251608928059,0.9532066208852537
2022-06-07,29.988447595079553,7.3296689740363306,-2.7704610804456853,8.032084722338318,-5.526217632085412,-5.035627473873705,-2.029447509969849,30.07807143320528,0.9563841265229708
2022-06-08,29.950804892423978,7.30689148785244,-2.8272963692898556,7.934252706429334,-5.740750433886603,-4.861873660094207,-1.811223731011058,29.988447595079553,0.4309082683339021
2022-06-09,30.53239493266912,7.168367769217433,-3.399758203363845,8.075759432138184,-5.329840220088833,-4.50640473866366,-2.008124039239245,29.950804892423978,0.2792011419782573
2022-06-10,30.022649334899913,6.275708125858046,-3.6354388081845217,7.695541508105677,-5.047010577518087,-2.771430704386357,-2.5173695438747465,30.53239493266912,0.23826721000966533
2022-06-13,30.082598412424502,5.597444292197153,-3.492738925355731,6.321950030394618,-3.572255716868746,-2.815762974680913,-2.038636705686402,30.022649334899913,0.23810284765709988
2022-06-14,29.54883922145699,5.893017103719544,-3.1525140366788333,6.230399356026851,-3.82556542248431,-4.37631109920853,-0.7690259013746985,30.082598412424502,0.3510614363567918
2022-06-15,29.319352586435624,6.150118558819749,-3.0413012998581674,5.39329945660991,-4.184268649332488,-4.252443509044779,-0.06540455719420457,29.54883922145699,0.4766463294340789
2022-06-16,29.22266467431186,5.945752377711109,-3.5967271289409792,5.12690344345495,-4.520589042139143,-4.338986906844755,1.383647256758879,29.319352586435624,0.3961075164051498
2022-06-17,29.742199021409153,6.800419255335896,-6.180034212683839,4.883041223212594,-6.661314584012835,-3.3832193214014765,4.541107639549647,29.22266467431186,0.3447685024044668
2022-06-22,28.86439661910791,6.656478208842891,-5.849704886608908,5.959793470099356,-7.14753057184484,-2.595869601321776,2.9768333808332113,29.742199021409153,0.3338296890487203
2022-06-23,29.015689621450743,6.807638033038124,-5.363794437203683,5.816672019236137,-7.39069950851502,-2.668335667556554,2.7985195610009885,28.86439661910791,0.33538760683697155
2022-06-24,29.05493246975892,4.898790163136638,-2.3172003746859122,4.88378634171962,-6.65679359033782,-2.73953123630365,1.930948696471134,29.015689621450743,0.3391656280457542
2022-06-27,28.54034664282118,4.725681892233965,-2.2431340177266783,4.860237612168916,-6.558334199196942,-3.1495409020418585,2.365089614562576,29.05493246975892,0.43997890918062205
2022-06-28,28.938313881858605,4.945556871256535,-2.060510287790274,4.7308893446925,-6.736211222698586,-3.2232052535270834,2.3434805480669,28.54034664282118,0.20492925328361658
2022-06-29,29.24550085609165,4.309182896715207,-1.9656320640427989,3.989265048683052,-5.700388633715946,-2.7620097050467756,2.1295824574072864,28.938313881858605,0.25990288188962923
2022-06-30,29.074423661228526,5.455198198671795,-2.191688464925779,2.4641662796911987,-5.079868929581977,-2.936705604287792,2.2888985204325465,29.24550085609165,0.2643965251235803
2022-07-01,28.909320802405958,5.383723300781519,-2.603968576569205,1.9433233901783566,-3.8867784086442114,-3.2289782745040796,2.392678568757666,29.074423661228526,0.26079438996937415
2022-07-06,28.91009766288981,4.756920593586095,-2.7386762415441694,2.4352546041286374,-3.232476380017985,-3.4629677209482956,2.241945144795743,28.909320802405958,0.14552814009373247
2022-07-07,29.40795979271608,4.288600932028011,-3.7944462502664926,2.880227129103403,-2.464372055988825,-3.312155378495385,2.4021456236193117,28.91009766288981,0.21716228130188495
2022-07-08,29.207382849633728,4.834202764796316,-4.095704162597413,2.4953750101892,-2.665601686751522,-3.3652100378327665,2.7969381121962,29.40795979271608,0.21179532659384837
2022-07-11,29.108360330914053,4.788858313886799,-4.882755243126214,2.6833464365818145,-3.6568021833936513,-3.252209880865408,4.319562556916656,29.207382849633728,0.2112402469933134
2022-07-12,31.33881360338974,5.620533927613138,-5.796786330721183,3.0344302793340105,-2.559197787961267,-3.393597769306122,3.094617681041356,29.108360330914053,0.9914667440591829
2022-07-13,31.29026571055283,5.614571873268723,-5.698384933309175,3.0325163168033242,-2.5510267721987674,-3.3924248996652913,2.994748415101167,31.33881360338974,1.140843027501881
2022-07-14,31.065698508950447,5.652434895513238,-4.869247365304696,2.955513984577294,-2.728772174338232,-4.088307825150017,3.0783784847024265,31.29026571055283,1.141024220373425
2022-07-15,30.76137647748965,4.856365364720119,-4.45256923350864,2.739936448753454,-2.651414277278974,-3.911360470700087,3.4190421680141423,31.065698508950447,0.9255381284750833
2022-07-18,31.989946286489793,7.079423305725285,-4.84533407582809,6.418448887593868,-5.0649096155043765,-4.597577032396549,1.0099485304098534,30.76137647748965,0.4533372334150857
2022-07-19,31.499079786430798,6.544315710454157,-3.9685187485307036,6.627074686494282,-4.888922095615335,-5.811750199419208,1.497800646616854,31.989946286489793,0.4632772133824816
2022-07-20,31.0932260866917,6.787031269241474,-4.175849517293219,6.150962915317031,-4.858560481594509,-5.52696066929581,1.6233764836250817,31.499079786430798,0.4748110848672594
2022-07-21,30.807647081984054,6.499951527513076,-3.9437223757526567,5.249857492753129,-4.107202087539164,-5.6088540178325985,1.9099694608581856,31.0932260866917,0.5163862558421893
2022-07-22,29.781577013204355,7.168131174639754,-2.5772344284443536,4.56759439660177,-4.892832199840861,-6.229182129338696,1.9635231863823979,30.807647081984054,0.8296744520031478
2022-07-25,29.86163438814522,8.014429624399448,-3.0949421368859475,3.3796729746402576,-2.949729622439719,-6.744552704858286,1.3951218651441994,29.781577013204355,0.7598291050244015
2022-07-26,29.708053833708266,8.348528032249767,-3.560688886661378,3.7580101280130904,-3.2927108295986756,-6.5314075568020815,1.2782691127993022,29.86163438814522,0.6492212983559229
2022-07-27,30.431168314830558,8.667362170897839,-3.4980556894554367,4.338967847631771,-4.440686282781357,-6.1485460356949355,1.0809579894021333,29.708053833708266,0.47975178531326323
2022-07-28,30.08851901119985,8.627123416679964,-3.184020816532829,3.579954989687465,-5.027258210887858,-5.942832021435563,1.947032642488855,30.431168314830558,0.2926163403142963
2022-07-29,30.183299536588688,8.768007769433915,-2.811441261303516,4.0587475076990955,-5.310881209456085,-5.832899855310048,1.1284670489366775,30.08851901119985,0.28144613933582086
2022-08-01,31.226338676151382,9.105363141299172,-2.952198323279898,5.228662907730232,-4.7659459339003405,-6.650412163372055,0.034530371522857095,30.183299536588688,0.5657467016968905
2022-08-02,30.8230380711942,9.497222818863719,-3.041327688813533,4.171363314086761,-4.587048680632172,-5.331515169940081,-0.7086945935647062,31.226338676151382,0.472635583229443
2022-08-03,31.355117282631614,8.970948425070816,-2.950494786755076,4.5786942666439,-4.337632826004025,-5.394029665347843,-0.8674854136077261,30.8230380711942,0.5822414805120603
2022-08-04,30.59809601932194,7.04965029327618,-1.4774149990255276,4.942502264776991,-5.0519821538404415,-5.138747026461321,-0.3240083787258925,31.355117282631614,0.47555869993602184
2022-08-05,30.60245351619136,6.601075013890956,-1.4673257631106704,5.114587336143934,-4.729824249596675,-5.10524504789971,-0.4132672894278002,30.59809601932194,0.3524999661109285
2022-08-08,30.61023930420051,6.23995756386104,-1.1753916690990245,5.661441327132245,-5.077125452096311,-4.859546386685087,-0.7893353831128866,30.60245351619136,0.32575314901685515
2022-08-09,30.06107068742641,5.697751925815119,-1.1307211330638403,6.052883441179539,-5.068035409627143,-4.714538525095492,-0.8373402992081456,30.61023930420051,0.46110131974406837
2022-08-10,30.475032020898393,6.051501938295672,-2.0512012614024018,6.5393641982413655,-4.677136181617627,-5.455982998715425,-0.4065456948015864,30.06107068742641,0.23498199823646498
2022-08-11,29.8264216278788,5.954245200331691,-1.5908508013460327,6.076901877441557,-4.360362256616284,-5.251283025092302,-0.8286509947186396,30.475032020898393,0.35305627401476447
2022-08-12,29.059656836997434,5.532931951547816,-2.7524122091699414,5.1683578652710125,-4.330949285162923,-4.742587220588945,1.1246588981029593,29.8264216278788,0.6156178920675166
2022-08-15,28.97696397337401,5.751963648319581,-2.2654692906206257,5.221870120230072,-4.280253687900391,-5.419720335791145,0.9916095457624952,29.059656836997434,0.6476525350529949
2022-08-16,29.1631388529687,5.773374436994729,-2.874882394921684,5.575015181076992,-4.8255641102124756,-4.618053618545581,0.9701105056080692,28.97696397337401,0.6399575074231465
2022-08-17,29.178134631680027,5.692243229539031,-2.766584346513813,5.229413915236847,-4.609812446689681,-4.571061095862595,1.0258007442902155,29.1631388529687,0.33739189663880775
2022-08-18,28.866714181852604,7.092367750252322,-3.519659805314035,4.21233203880189,-3.453035761268602,-5.397368363980492,1.065364141508951,29.178134631680027,0.13060845780563937
2022-08-19,28.214527778990814,6.381379861308659,-3.278300468683903,4.688523490551397,-3.4230280367060715,-5.6636035104891675,1.2950286640190933,28.866714181852604,0.39417116094932453
2022-08-22,28.458502769075015,4.664103941252023,-3.304253580996596,6.346262972275966,-2.440303810862545,-6.245001217242974,0.9791916955741549,28.214527778990814,0.42891524673303083
2022-08-23,28.791786260924155,5.275250637699607,-2.838194399548698,6.86438284287685,-2.8247649479594727,-6.6861821008004965,0.20950796773218272,28.458502769075015,0.3737701724322482
2022-08-24,28.405097582563215,5.610967362696947,-2.9509824594464718,5.816097592036719,-2.972401671016506,-5.706591486477519,0.20291066220685572,28.791786260924155,0.2741545070129399
2022-08-25,28.119653359507286,5.6637729975837345,-2.6909361757878836,5.036804469346812,-2.5574555008031794,-6.127606823477805,0.6754210331383117,28.405097582563215,0.25976790160795576
2022-08-26,28.300683548981706,4.9161946866405515,-3.469107077754529,5.31075942584409,-1.7329090530873827,-7.06841334586873,2.0434753642260333,28.119653359507286,0.24711142200204822
2022-08-31,27.14542439568365,4.705287962317996,-3.902604089761197,6.9792513670038545,-1.767573263860406,-8.263955906109121,2.249593930408878,28.300683548981706,0.614355555988949
2022-09-01,27.14947378302601,5.071904491133012,-4.283312990697997,7.186856237708419,-3.2033914909268084,-5.292330603290829,0.5202743560742,27.14542439568365,0.6260517073976318
2022-09-02,25.973294216578413,4.21145795031201,-4.394147201873289,4.938634110874197,3.964655363882997,-9.14593744734944,0.4253372241535551,27.14947378302601,0.9317712340600094
2022-09-07,26.651590462156705,4.169760001495661,-4.560884742904836,4.533158876413999,2.4400330174284655,-8.47601246025258,1.8939453078193225,25.973294216578413,0.8516251002878683
2022-09-08,26.26837266051457,4.044670620585833,-3.8397508924231882,3.6065834929094365,1.1129035602641117,-6.91514752019059,1.9907407388544573,26.651590462156705,0.5238623666824139
2022-09-09,26.11836723043893,3.987408246606627,-3.824647940499826,4.061996040606154,0.34665144157605,-7.400154532895931,2.8287467446068906,26.26837266051457,0.4739564260659006
2022-09-12,25.9053364052123,4.059139003197764,-3.5564534438238145,4.263500730074355,0.20222131248891628,-7.449194311060226,2.480786709122995,26.11836723043893,0.2966966993722445
2022-09-13,26.102262832855075,3.7658986385368323,-3.3770217211573907,4.380129000903231,0.5002039102812041,-7.6733133217038,2.4041034931398872,25.9053364052123,0.27893993876235823
2022-09-14,25.68336815364988,3.893061582322872,-3.637473542430137,4.455682119271302,0.09053078212133414,-7.673775927378413,2.8719749860930186,26.102262832855075,0.22610927174743337
2022-09-15,26.042495133344385,4.133894382616823,-3.7611062058993117,4.8414579890142875,0.0428266614810795,-7.686499139182468,2.4294263119695643,25.68336815364988,0.1810389202712423
2022-09-16,25.790753546389666,4.642447975609777,-2.397819505753052,3.1259278652447264,-1.1047970328456707,-6.6178978910914275,2.3521385888356967,26.042495133344385,0.17319819186164626
2022-09-21,25.498678214242446,4.791341556116336,-2.1905577622113093,2.91506826522172,-1.3712823112542516,-6.686906243468716,2.5423364955962313,25.790753546389666,0.25094124901385884
2022-09-22,24.34935328155059,4.174735126375651,-3.667608948952828,2.7048385419229604,-1.4946627001517925,-6.107967870301289,4.3906658511073005,25.498678214242446,0.6581770424910133
2022-09-23,28.0298374509651,7.979768082900328,-9.68765957890604,5.289809962111434,-3.7125990032279574,-6.088922441846356,6.219602978968563,24.34935328155059,1.3346439140182302
2022-09-26,25.652140881836473,1.7133162868065241,-12.680039533515842,0.6595585909154451,19.27990738244254,-10.078862582574688,1.1061198559260355,28.0298374509651,1.3387228769640203
2022-09-27,27.30365057541292,5.6349584226992775,-9.481506279151187,5.987283133680641,8.737585626230416,-8.585934275316363,-2.292386628142774,25.652140881836473,1.4813601059806345
2022-09-28,25.753852757695665,3.2212002016523087,-5.608943005359711,4.917450210717213,5.867103107573302,-7.963454355398458,-0.43335615918463866,27.30365057541292,1.4567825516924575
2022-09-29,25.730096122197434,3.344214863238726,-6.980231000964597,4.7180711862292455,6.8206433017859105,-9.550258836612858,1.6475604863235294,25.753852757695665,1.1016379332665227
2022-09-30,25.650731227880822,3.0360982214978662,-6.988945032486271,4.532258238127653,7.451104376979044,-9.882482929144688,1.8519671250264214,25.730096122197434,0.7201213459152814
2022-10-03,24.898516701340437,2.484051838539827,-6.178028926725499,3.4314430105899945,7.336299525458401,-10.08387165339699,3.0101062055342815,25.650731227880822,0.877530803596327
2022-10-04,26.524017983645763,3.6390287249732722,-7.086395671941991,2.6752154510726953,6.5891826922151235,-9.437012710276239,3.619981513957118,24.898516701340437,0.5759686877094516
2022-10-05,26.036645311938056,3.766703018723774,-8.162093690922944,2.5434804689132378,7.770367859841887,-9.153957843158455,3.2355001866025113,26.524017983645763,0.5947527576069787
2022-10-06,26.455394197523006,4.138162659423877,-6.5078066426331524,2.916015692353824,8.856108406100871,-10.415773091766068,1.0132929765206526,26.036645311938056,0.6672300687243045
2022-10-07,31.204341631749386,7.740153403594064,-5.986016742138988,-1.1162504436102907,26.1445262773407,-9.92018089261293,-16.862231602572585,26.455394197523006,2.425958523514773
2022-10-14,31.58806144110555,8.254970288491094,-11.146856456972401,2.320602292252687,31.617295639392218,-12.280813715097262,-18.765198048066345,31.204341631749386,2.779702137962055
2022-10-17,30.581634019943138,13.276206210072196,-16.02534038296872,4.087649286789791,14.008091338784364,-13.760640238984823,-1.585966213692835,31.58806144110555,2.700241757070253
2022-10-18,29.337308983000465,11.081672521985205,-15.312062827781437,3.604702787916331,13.06147495245622,-13.316554146279291,0.8807667117030071,30.581634019943138,2.0721487256221383
2022-10-19,25.780679855886746,10.4492729025935,-10.900975010161263,3.4672244737977707,11.200909777736024,-11.400872165622932,-2.815559978343039,29.337308983000465,2.350409578362621
2022-10-20,25.870540128582437,10.032829537882591,-10.195748408737105,2.9837460440504344,11.002595702583118,-10.487408425739487,-3.33601445003956,25.780679855886746,2.6829330671839013
2022-10-21,24.853893481835673,7.803407663442165,-8.428343236967395,2.2195612567303087,11.22880565933989,-10.39585012071631,-2.4275812218286905,25.870540128582437,2.512654103313659
2022-10-24,24.632113975380662,7.405456770198349,-7.962119434656223,2.1419605782705275,10.352811233295634,-9.25813027513901,-2.6799788719692437,24.853893481835673,1.8935500914678782
2022-10-25,24.669531378272694,7.079017504518561,-9.058072377384429,1.4984931157913977,10.025652105479589,-9.474760610994748,-0.07032973741034709,24.632113975380662,0.6129897931141067
2022-10-26,24.56273209247226,6.774058544855798,-9.507062780478824,1.5366490945214224,10.368778605244923,-9.569596965862338,0.397173501719017,24.669531378272694,0.5433978332415682
2022-10-27,24.373351308402448,6.716555818004721,-8.998093831244924,1.0958990859626212,10.871059327738598,-9.556631344657385,-0.12878905580363487,24.56273209247226,0.17421783748437394
2022-10-28,24.037114364232583,6.34433606254543,-8.726863794189589,1.2637078088924767,11.0480132187616,-9.42672243494762,-0.5024708610622977,24.373351308402448,0.2599491223215822
2022-10-31,23.918353208743145,6.090480929411051,-8.65705456206186,1.4126444239231546,10.981377680680561,-9.380143059966695,-0.4473054119861981,24.037114364232583,0.3259520388057447
2022-11-01,24.389974690819827,6.371192704134934,-8.909425238911917,1.6127001675312087,10.197327296218738,-8.226779293438947,-1.0450156355340194,23.918353208743145,0.26819812432934087
2022-11-02,23.411974637017725,5.12976489309618,-8.8628444718437,1.571883415253275,10.301765327736835,-8.138421242177886,-0.0021479220647115937,24.389974690819827,0.4005836042952518
2022-11-03,22.715028506382893,4.292123770721112,-8.753880462902897,1.3226680521073888,10.711602406003363,-8.152367057443145,0.5798532915141532,23.411974637017725,0.6500701681650352
2022-11-04,23.031644714902157,4.4327097978677585,-8.405554638518009,1.5118203491693905,12.659067253874246,-9.914590047374906,-0.28345271501849467,22.715028506382893,0.6727075183257967
2022-11-07,23.100354340727918,4.91155256491453,-7.199846188584935,0.6847936796220608,12.605379310555897,-10.236942317412234,-0.764937049095316,23.031644714902157,0.642302288620691
2022-11-08,22.75763830606527,3.7223595876466504,-2.374837928873097,0.13347356656623788,13.096928148354637,-13.00762617075345,-1.5702972029409512,23.100354340727918,0.28314662491671766
2022-11-09,22.982558323457052,4.032214091612332,0.1751924103848168,1.303152866583261,10.183366672923743,-15.18214724841499,-0.511778793089146,22.75763830606527,0.1712073034459001
2022-11-10,27.269449986159714,1.6024928284967643,6.356793376322887,0.10944076631900401,10.225323365423655,-17.18474424348134,-1.1093060930810097,22.982558323457052,1.9279310928706046
2022-11-15,25.979900168683184,2.3173494056469153,2.6182560079779797,0.17516777953883178,9.452838923630823,-13.021953668274643,-1.5416584485198896,27.269449986159714,2.0690446468954113
2022-11-16,26.103039268728953,2.0447958173155385,2.7231923397397892,0.19375832909853585,9.17472403022349,-11.086625460286559,-3.0498450560907493,25.979900168683184,2.026317204798803
2022-11-17,26.4290171755877,0.8462274006598207,2.962738021077726,-1.270715162479675,15.683653525544905,-14.934987397917153,-3.2869163868856397,26.103039268728953,1.628341013674762
2022-11-18,26.10696133252593,0.6442630059537464,2.324051367368618,-2.025811922236194,14.24074485916622,-11.954782719269929,-3.228464590982494,26.4290171755877,0.5255554528305707
2022-11-21,25.240234925244724,3.0043862998336195,1.7582936713033135,-1.090451402615031,11.303261438716095,-11.629555832447647,-3.3459341747903757,26.10696133252593,0.4415294281749107
2022-11-22,25.041245756970806,4.037610479344664,1.2856713336678922,-0.48601966779096983,11.23355402233077,-13.802740608182608,-2.2680755593697306,25.240234925244724,0.6061149862997486
2022-11-23,25.139464774657554,4.591230905247357,1.2604827747436893,-0.26709819976125004,10.250272710652997,-13.833581400229946,-2.0013067906528477,25.041245756970806,0.6319885418331489
2022-11-29,24.91681672114486,4.3478378691485915,1.1404878774069722,-0.372711959876149,10.329442831098932,-13.28393451786506,-2.161122099913282,25.139464774657554,0.47267909313529693
2022-11-30,27.56088455698101,4.358361821124852,-0.29305432894144445,0.3632188373690113,7.039061030510297,-10.728333667546185,-0.7392536925165274,24.91681672114486,1.113943787668925
2022-12-01,27.98633940317606,3.722390263455587,-0.47045533064276057,0.08016439621921023,6.90349823671632,-9.153552386152398,-1.0820451795959372,27.56088455698101,1.5109418079204737
2022-12-02,26.35455082815675,4.024266207131568,0.03533776778913378,-0.6213802098760723,7.279031941150171,-6.706258893986673,-4.010996812208157,27.98633940317606,1.3833492980688022
2022-12-05,28.701817434011044,5.76967663220077,-0.4758047292247838,-0.04870687851322941,6.577608465802387,-7.576783288690427,-4.24599020157471,26.35455082815675,1.490447214451601
2022-12-06,29.133747470027117,5.660425076611638,-1.4355870109268203,0.5954003055988579,7.6610155311888075,-7.6850951546785,-4.796158747793978,28.701817434011044,1.079889451559021
2022-12-07,28.493614362644564,5.020354450094764,-1.4593488774484946,0.09026923303949275,7.660248730580276,-6.87257550052407,-4.4389480357419515,29.133747470027117,1.0769722765783767
2022-12-08,28.64512187674738,3.713043992837868,-1.5559323157924076,-1.5726818519175794,10.918436193899252,-6.128677045434216,-5.374188973592865,28.493614362644564,1.0945434979915436
2022-12-09,28.13044768806834,3.616707725932393,-1.2520044520370917,-1.6781990038472259,9.45828991307336,-5.169344020967902,-4.975450162153571,28.64512187674738,0.362936616134602
2022-12-12,28.616393532872127,3.9070732319032047,-0.7550524276266124,-1.69614670376275,8.975523124802432,-4.832382632303723,-5.599014593012598,28.13044768806834,0.3601783170631428
2022-12-13,30.97278907829263,4.829144080129062,0.1493372209080981,-1.5757240104831425,7.241072041954332,-4.712009110921521,-5.931820221586824,28.616393532872127,1.1372691832680515
2022-12-14,30.19457169458423,2.988198141587951,0.46294604851944143,-3.587211954542809,8.731481113040516,-3.146402816904292,-5.449010531700791,30.97278907829263,1.2105591395549833
2022-12-15,29.40249727703582,2.9166727306777886,0.8603874322618665,-3.3552320188715115,8.424922894748033,-2.987215389369556,-5.8595356494466255,30.19457169458423,1.152254136621634
2022-12-16,28.016933629220535,3.207509284120924,2.151416812101825,-1.8244002397174413,6.518775800686173,-3.9886935467499214,-6.0646081104415615,29.40249727703582,1.185713997371729
2022-12-19,27.61890391831717,2.627532914998284,2.197725039069507,-2.1368857494443745,5.678610613490564,-3.752403300835928,-4.614579517278061,28.016933629220535,1.419859838188953
2022-12-20,26.9341958168694,1.6379047889200322,2.72925792732892,-1.5260210903561457,5.927970751947775,-4.359727380642266,-4.40938499719835,27.61890391831717,1.3346663024751313
2022-12-21,26.032904950090934,2.55911048989892,3.130471870721383,-2.3211028740084387,6.277639561828142,-5.565905940031104,-4.080213108408914,26.9341958168694,1.2572055957177155
2022-12-22,27.21762007609144,3.3184204385907847,1.2387215621734846,0.0212179037817819,5.0856012719854515,-4.804483900270274,-4.859477276261259,26.032904950090934,0.753242055296223
2022-12-29,26.534978637238993,3.1468729392595662,1.1375614025291192,-0.7832102547932678,6.348978533381301,-5.213344760622082,-4.6368578597546275,27.21762007609144,0.6121191384564524
2022-12-30,26.329424978628634,3.0722277264485527,0.8208326788261999,-1.2637541513390502,6.144330674852604,-4.725417753395799,-4.048219175392532,26.534978637238993,0.4721477987205866
2023-01-04,26.790113158383747,4.597713571723318,0.7401330087071791,1.2447091194106576,0.17706672233062193,-4.1059306987499475,-2.6536917234218595,26.329424978628634,0.45133955479335797
2023-01-05,26.180947155782547,3.377349499169881,0.889453869437105,-0.4401475545273499,1.7260150068451487,-4.272004631303904,-1.2806661896208826,26.790113158383747,0.40929142890224063
2023-01-06,25.231096742591834,3.453229144005114,1.4244114526190899,-0.00016051283081708334,0.7302110086724323,-5.1992905503337585,-0.40840054213203736,26.180947155782547,0.5948624884493384
2023-01-09,25.52532018095944,3.856416014938411,1.573128429524962,0.12903711317344602,-0.06494539931075671,-5.230382223218877,-0.263253935107187,25.231096742591834,0.6287740194601247
2023-01-10,25.384759836449877,3.6907363537596964,1.8846145949075623,0.1989631931562741,0.014562463175815665,-5.487712671129884,-0.3011639338694536,25.52532018095944,0.6508551456432721
2023-01-11,27.123905725935373,4.7839916868324295,1.5744277982345238,1.6256977491644093,-1.0409532353186748,-6.004005210627861,-0.9391587882848107,25.384759836449877,0.7793559730807008
2023-01-18,27.278363286518175,4.9296600479543,1.3598426875533356,1.5788070898826092,-1.236636999196719,-5.313624339895451,-1.3180484862980837,27.123905725935373,1.0041618047268408
2023-01-19,26.696326462504388,4.1387956774052626,1.8956320245388198,1.1173396453489275,-1.8027200195909323,-5.5563566048612465,0.20730927715919556,27.278363286518175,0.8915062055606394
2023-01-20,27.063937559419134,4.621739345768127,2.137502276562156,1.4870913813920978,-2.258530369991785,-4.858170204883017,-1.129632428847593,26.696326462504388,0.7707258855122187
2023-01-23,27.15978233301031,4.13698657970869,2.9320465685758634,1.3238297982621106,-2.340188755742787,-5.331525666930492,-0.721148523873417,27.063937559419134,0.22016887371428717
2023-01-24,26.903881988736302,4.376454229811927,2.7819491718266605,1.8265950150741759,-2.137716731422536,-5.401384700639943,-1.4458969846502079,27.15978233301031,0.2271938042012119
2023-01-25,27.00474269982817,4.178073644610386,3.1772395746318516,1.6932432291059172,-1.9421730086582993,-5.352586223964828,-1.7537972157250508,26.903881988736302,0.17693675836598236
2023-01-26,27.079373457259578,4.210603916241126,3.3853717625159874,1.7957627749247251,-2.1249917237830545,-5.400277655166839,-1.8664690747319135,27.00474269982817,0.09515094706479944
2023-01-27,26.60169666051672,2.57138484404652,3.4028030457990113,1.0530236033853129,-0.28446680620922926,-5.359440003393576,-1.383304683628051,27.079373457259578,0.21632435973047004
2023-01-30,26.753939280223715,4.613981121591635,3.0447765642777505,1.230034874697779,-1.4343400721891566,-6.20435165511949,-1.2501008332585162,26.60169666051672,0.19273654077737692
2023-01-31,26.132223861119005,5.332526902213274,2.797839195130102,0.9444821832289989,-0.9964651013923085,-7.539013663653794,-0.539369515526289,26.753939280223715,0.3777231002415178
2023-02-01,26.069390063055042,5.953248674004243,2.77212974510992,2.06081752406827,-2.6172528063000637,-7.343428756511749,-0.8255143803706293,26.132223861119005,0.4264539809492643
2023-02-02,24.48084883566207,5.775667369651693,0.9612897621473984,3.090358694824289,-2.2455356528015322,-7.386261142564754,-0.1955190312570414,26.069390063055042,0.9028138509338332
2023-02-03,28.374159749634103,7.4038816886337955,-1.4272135042789564,0.17424666826739355,-1.7753232972535287,-1.8067229632502304,-2.568868592118479,24.48084883566207,1.403526856404506
2023-02-06,28.32226191746902,6.534816031614746,-1.1732431593348487,0.9916150046551238,-2.973159664459015,-0.5981249831855422,-2.7819032292904726,28.374159749634103,1.6640523824683977
2023-02-07,29.208946412676912,8.54917021593868,-1.6599124967472747,2.6106937775196357,-4.701385528607105,-1.9168141298921526,-2.8817518382118106,28.32226191746902,1.956050546275341
2023-02-08,29.13164487921495,8.398211280474314,-1.656682082176097,2.6694014223075584,-4.670423255561275,-1.8658874466628266,-2.8746199183816383,29.208946412676912,1.9572910674401842
2023-02-09,29.168910763250853,8.53993155520989,-1.7291966884402576,3.002245204486485,-4.886312672048323,-1.852241781538721,-3.0744256176690623,29.13164487921495,0.451224258004722
2023-02-10,29.109595586045998,8.489772420447615,-1.6817880080880485,2.8428535792172553,-5.008487018413,-1.750553412153577,-2.8917975610102236,29.168910763250853,0.3742232569792456
2023-02-13,29.05355828153907,8.593064320750159,-1.6910774441880818,2.9036328869283423,-4.970232902640635,-1.878208614391509,-2.9571782464582697,29.109595586045998,0.05896250389296508
2023-02-14,28.501990477912155,8.102811086415194,-1.5965489233124792,2.725938671442954,-4.813702021932375,-1.7841060624387062,-2.634392750174575,29.05355828153907,0.27772247302473496
2023-02-15,28.317243475976074,7.481490455827377,-1.7299204040027263,2.424659461529842,-3.858701575508803,-1.8901741505004228,-2.427353787345254,28.501990477912155,0.39163811889053796
2023-02-16,28.120120309351293,7.301646812283842,-1.8096923303554853,2.497954273688798,-4.125370387965255,-2.0414797224280523,-1.8230586452238295,28.317243475976074,0.44247678709944466
2023-02-17,29.08897011529758,8.308591319885437,-1.7179664666003518,2.592527175575718,-4.853425625804029,-2.2437672502610315,-2.0859591527957466,28.120120309351293,0.4368373754032365
2023-02-22,29.57878276763455,8.250751479301144,-1.7246553009406043,2.507183786551259,-4.75192920039207,-2.2092142012891234,-2.0721365632306092,29.08897011529758,0.6006732261138642
2023-02-23,30.155421274326557,7.770325198980821,-1.6154385309991106,3.013650598945361,-4.923748038848721,-1.9646992237143053,-2.2800900043640446,29.57878276763455,0.8521549495104009
2023-02-24,29.2306114528068,8.091603171482056,-2.52175883855087,2.8556369462899696,-4.846729644931472,-1.742392070831933,-1.8363595634577692,30.155421274326557,0.7466027031403346
2023-02-27,29.116305927889844,7.504806623863509,-1.700956014555377,1.9866792290499333,-4.3435132822768345,-1.902703475176203,-1.5443130809050132,29.2306114528068,0.4479823515216342
2023-02-28,29.28063508217994,7.2623086639596295,-1.730106061566783,2.2448219078575775,-4.341020123739369,-1.872458099882035,-1.5635462866290357,29.116305927889844,0.418292306893737
2023-03-01,29.04434673452593,7.387541666421335,-1.8627420904127945,2.227308544714923,-4.360062938265443,-1.9528178092911848,-1.439227373166828,29.28063508217994,0.45127865369605913
2023-03-02,28.92475291183628,7.433567607595059,-1.9380603762462627,2.1149273648023197,-4.453456074904594,-1.837107265057048,-1.3198712561894865,29.04434673452593,0.1430863110379294
2023-03-03,29.326029328213924,8.094578293672548,-2.2422461854908917,2.1365147826139648,-4.383603717474806,-2.161559013129633,-1.4436841601911397,28.92475291183628,0.1661436317452438
2023-03-06,28.826316461843817,7.506566317915002,-1.954847501270553,2.315474606079171,-4.250829831188785,-2.2029904932136954,-1.4133730983211361,29.326029328213924,0.21823848886262076
2023-03-07,30.333916985854895,8.407164026507296,-2.3433375381181953,2.8453329761630073,-4.37816455563356,-2.5530538060339456,-1.9779411028845946,28.826316461843817,0.6123333284535185
2023-03-08,30.23228437993913,8.065893297409524,-2.5619651959326255,2.7829586091887535,-4.119716933089002,-2.2379360768481913,-1.9292337007284495,30.333916985854895,0.7145935010872956
2023-03-09,30.943257433653134,7.6354784814217,-2.9010645051381942,2.6119556332690337,-2.3830999703654854,-2.240001863055186,-2.7232677761318786,30.23228437993913,0.8461804564893471
2023-03-10,30.174056392317866,7.140792361090888,-2.4333915423770947,2.472700643819266,-2.704219875931038,-2.5415732097124994,-1.9343083768894918,30.943257433653134,0.7763752612604202
2023-03-13,30.329466473773095,6.528672946602441,-2.258426622020302,2.6803113564849994,-2.875506766883717,-2.0509140968268937,-2.024136817356526,30.174056392317866,0.3096836775793387
2023-03-14,29.22112095843697,5.37995369039659,-0.6782404070257098,2.839682442956871,-3.22469786604681,-2.953334762026426,-1.3633630982545544,30.329466473773095,0.6178835102838739
2023-03-15,33.22570559838008,11.145432056223619,-3.5830802462050837,1.4818907851902452,-1.2942239363611634,-4.931515025721033,-2.818503633126568,29.22112095843697,1.5006975602451915
2023-03-16,32.81151474531598,11.20511498282223,-3.0829976554471052,1.3385567403670962,-1.2643302660129194,-5.431334783323127,-2.765009018406193,33.22570559838008,1.7617798087708165
2023-03-21,31.707449655834967,12.936681524121497,-3.072453204847836,3.935278950593883,-2.9821845911175657,-7.827553645566631,-2.989769033183311,32.81151474531598,1.6804925332631222
2023-03-22,30.217798700617745,12.527507286831693,-2.2744008616154225,4.069311908230127,-4.373764268544477,-7.74842827516733,-2.200225789734599,31.707449655834967,1.6998877063316158
2023-03-23,29.486166296038277,12.100850888364029,-2.3950668274025357,3.3529607187803023,-4.1702769354270295,-6.975426098629743,-1.91304174568503,30.217798700617745,1.6155652869656683
2023-03-24,29.19595549908419,12.435580189038767,-2.309496301568192,3.5330469652853864,-4.399089365637465,-6.901261067954522,-2.358780419163919,29.486166296038277,1.5362449032846655
2023-03-27,30.033648368172994,13.213460944116306,-2.5788538886007633,4.128509663266229,-4.18293950513614,-8.399961121027665,-2.1802160926180036,29.19595549908419,0.9736894397252541
2023-03-28,29.87617712436352,13.30567223106889,-2.628503391959237,3.9076430022408033,-4.359703936053762,-8.619966272817592,-1.6051416324790893,30.033648368172994,0.41565379328749796
2023-03-29,29.505984581768615,12.28312511874153,-2.693896029813125,3.6698938035587005,-4.7181622292710585,-8.102523317551135,-0.43843734566491044,29.87617712436352,0.33446059213810914
2023-03-30,29.709684817265444,12.621052489571994,-2.8318758511061137,3.6158457848455754,-4.728815672290061,-8.323307290608406,-0.352899460412992,29.505984581768615,0.327024562240328
2023-03-31,30.672250471065727,13.679120150482959,-3.565683759649163,2.845402018947567,-4.0882640840702535,-8.638812228016256,-0.2317620976948085,29.709684817265444,0.44399824441339186
2023-04-03,30.2685688359158,9.321505622301828,-3.199286728518201,3.1367460511018805,-5.051726092443829,-7.404565151800302,3.1973262993586493,30.672250471065727,0.4656991377180448
2023-04-04,29.97296256637541,9.441301485847276,-3.9251903954929386,2.6868143663917365,-5.704880657957965,-6.124307053092259,3.62626225430418,30.2685688359158,0.46091310208150504
2023-04-05,30.457338563833698,10.280672485724743,-4.374272155781455,2.7787561262639286,-5.5114778501526445,-6.344565416990367,3.17088681093578,29.97296256637541,0.38229386797773524
2023-04-06,29.67413459670659,9.592480356734363,-4.262172128284925,2.8235327297745343,-5.636430531898327,-5.733965409648011,3.216554983322361,30.457338563833698,0.3942131860254561
2023-04-12,29.358163054849115,9.268381199944308,-3.582297084928342,3.1036515078191513,-5.711881286607408,-5.683735640514898,2.6058813042872058,29.67413459670659,0.4432007332120043
2023-04-13,29.12128948285259,7.99475016031721,-1.971667817862155,2.936681921531111,-6.095139723225742,-6.439325831238662,3.5747012904782323,29.358163054849115,0.524187512617844
2023-04-14,29.02832689303015,7.876082605834739,-1.312095907376687,3.063212437352348,-6.233273192387166,-6.388483036337867,2.994557092914629,29.12128948285259,0.5764019043566594
2023-04-17,29.324155020709213,8.775247838189081,0.38417116833484677,4.285133364431907,-6.3216281746343626,-9.095873862060921,1.9729496657393994,29.02832689303015,0.24983967946849625
2023-04-18,28.818769295745724,8.332147024952526,0.029538305690346434,4.085943421517605,-6.335733518847775,-8.081440697150377,1.9695454638376972,29.324155020709213,0.22194160136874183
2023-04-19,28.75789496001646,9.097551246220185,-0.8833604260699124,2.120720072928293,-4.579587927924976,-8.22069538627126,2.465372421117662,28.818769295745724,0.22996776758599907
2023-04-20,28.970003589516697,9.157509044946586,-1.2599251669589746,1.5830209077394954,-4.0709019220158,-7.972490500327966,2.5627876366167026,28.75789496001646,0.22147456924534398
2023-04-21,29.00656731462963,9.223655535756855,-1.0491677450045982,1.7894575369696,-4.097187431687352,-8.076101181038155,2.209343285003662,28.970003589516697,0.22049499807352185
2023-04-24,28.72527971575036,9.096239503297369,-1.0956972825055367,1.752179523098988,-3.9658699704432365,-7.767540077854996,1.9806883044074297,29.00656731462963,0.12625906943824156
2023-04-25,28.70391285207236,10.048803785982209,-1.2443742508823963,1.7083153639525293,-4.6241131605479495,-8.752561361355214,2.8639296228508244,28.72527971575036,0.1438776865225991
2023-04-26,29.62201033551342,12.500732630545102,-1.9429909582009621,2.4489180905918886,-5.524113397474771,-9.29591788960783,1.8133715241465662,28.70391285207236,0.37108770143251446
2023-04-27,29.272683654114513,12.607475265971082,-1.6102443529671389,2.5609503481254876,-5.658249636109495,-9.108910059992825,1.2089784349728738,29.62201033551342,0.38813504214354405
2023-04-28,28.849687295310005,12.03041951300154,-1.0788968859753112,2.794100468275083,-5.813610084738599,-8.74781528721157,0.8158022766488688,29.272683654114513,0.40030001223176004
2023-05-03,29.2633542943323,10.34783443529173,-0.22075121328746228,3.2357066927793525,-6.658154061211754,-7.6656613363658135,0.9610254827939313,28.849687295310005,0.36728106656960585
2023-05-04,29.13946054804786,9.670263948355611,-0.16329034213231708,3.302564494102114,-7.038940078821888,-6.529551061277594,0.7589530397740685,29.2633542943323,0.2781366929208008
2023-05-05,31.322234478651485,11.748252612682514,0.4256609473872519,4.850615952479579,-6.209455006986396,-8.976106018763385,-1.8389684867995744,29.13946054804786,0.9946063979954285
2023-05-10,29.70797070232726,10.156281148445537,1.9773023761695208,5.017286694794201,-6.774982948108331,-7.329084325608514,-3.046802945692372,31.322234478651485,0.9810913131786886
2023-05-11,29.77286963531789,11.103240632785457,2.0910657995647957,4.813267625038947,-6.762462160603455,-8.272322420637956,-2.972789476147785,29.70797070232726,0.8720989231445536
2023-05-12,29.686282357255056,11.343566641282777,1.104241287324193,4.898455378495967,-7.182109492647086,-7.472632823148706,-2.691520991307115,29.77286963531789,0.8210610483956017
2023-05-15,30.39259127705689,11.532763693993147,1.1910138783704731,5.181558691640227,-6.736794362623677,-7.381334080178149,-3.7872078212020543,29.686282357255056,0.7039448462199647
2023-05-16,29.880951565976783,11.619845790144815,0.17989682592548473,5.2157905888574305,-7.37005728344262,-5.691085082888592,-3.9543908385964777,30.39259127705689,0.29198352051202
2023-05-17,30.655221837982822,12.25052934924966,-0.011578221644070297,5.609866830382444,-7.195991462387376,-6.030560354563752,-4.622266141036869,29.880951565976783,0.423534883520231
2023-05-18,29.639634333902382,12.330140905148632,0.035971775617248625,5.7438642077135995,-7.565787333990002,-5.971204228247506,-4.572985326242028,30.655221837982822,0.4508119757278496
2023-05-19,29.547059127736148,12.6956665001821,-0.2008254963891014,5.703644024109266,-7.472357445302002,-6.368489900235352,-4.357637682364899,29.639634333902382,0.48217445700744227
2023-05-22,29.444241582001585,12.459280086858456,-0.14043578850241367,5.730352482562338,-7.106340857117047,-6.667985490729744,-4.274870433071577,29.547059127736148,0.48698890779095516
2023-05-23,28.61385444381037,11.67185513819453,-0.16713904277559966,5.735305411041928,-6.634902311932944,-6.661391186176757,-3.9437280083511226,29.444241582001585,0.7267411746104672
2023-05-24,28.047388287342773,11.316532464869923,-0.39294645347613955,5.8314499870002905,-6.727135119736776,-5.553768839915751,-4.474132038741528,28.61385444381037,0.697362934339944
2023-05-25,27.15434890866938,10.294228048555887,-0.7843760876576678,5.9227614837281095,-6.855213168363054,-4.616890561852282,-3.9605097144109767,28.047388287342773,0.9997106401005615
2023-05-26,28.761396353664782,11.215960823121861,-0.19045169034135334,6.494122745683718,-6.881810673716863,-7.508793514811507,-3.1290276899359046,27.15434890866938,0.8577110602384033
2023-05-31,29.160764143917252,10.391356977327177,-1.9172214261310332,6.374439033711823,-6.548872592059777,-4.341362363862865,-3.958339628985353,28.761396353664782,0.7773882561497215
2023-06-01,29.679442084726926,11.029853846829596,-2.2642946470711856,7.832000233398958,-6.85292030582859,-5.168496865084782,-4.576142262243987,29.160764143917252,0.9865662872599564
2023-06-02,31.324231699494874,12.191132608578847,-1.7434525690257487,8.717212757648255,-6.034509103674367,-8.337000573292231,-4.793383120234729,29.679442084726926,1.5099288191320395
2023-06-05,31.45662582333104,11.984724624667066,-1.9238767555613379,8.102560329355128,-5.422957847820605,-8.048739926468373,-4.69171042417188,31.324231699494874,1.2437148415765935
2023-06-06,31.14908748153211,9.141268885622964,-2.4807621445436787,6.590950998484402,-2.8627801353788485,-6.758908361481652,-3.6297692427031762,31.45662582333104,1.0568913203108685
2023-06-07,31.710283601723948,8.137025294912206,-2.011809562166489,5.450086560413787,-0.7911913673938429,-6.651510851819452,-4.1326000739462465,31.14908748153211,0.8005933029627599
2023-06-08,31.488984161508693,9.478266731881853,-2.5520171712950965,5.8135070333785706,-1.6805730223744533,-6.634161060013432,-4.42502251157747,31.710283601723948,0.20782162892103934
2023-06-09,32.310825428975484,9.712426697226874,-3.202919671354133,5.646234959345271,0.36735749998341305,-6.9530910438509,-5.570008441350517,31.488984161508693,0.4332885310555053
2023-06-12,31.322339656241,9.82064844302635,-2.880373480864961,5.637097260665996,-0.5739340966622208,-7.32835121297929,-4.6750869131858455,32.310825428975484,0.45003023394261915
2023-06-13,32.499153130618936,10.605718110706498,-2.6387760483191123,6.866307872251021,-0.2728187070536947,-7.268350558452541,-7.292080669132172,31.322339656241,0.5149531907249661
2023-06-14,32.957016867697526,10.489120967902053,-3.045313356372347,6.750607963771159,-0.26265396183027434,-7.1275312291189215,-6.804230384351683,32.499153130618936,0.6919388844069705
2023-06-15,34.671415738310365,10.677835173786171,-3.190399038834734,7.110019287935998,1.0898790156701708,-7.379008846718339,-8.308325591839294,32.957016867697526,1.227668910960832
2023-06-16,34.45321174949803,9.370283508520004,-2.729150647758159,6.6749612940772565,1.9554829540832515,-7.170942187922968,-8.100634920999338,34.671415738310365,1.3972797666197427
2023-06-21,34.16881508194422,9.390606791754536,-2.4620882895863634,7.059456813679766,2.1596383809842763,-7.301028021170298,-8.846585675661876,34.45321174949803,0.9633742664507902
2023-06-22,36.16886240311734,10.600734502473834,-4.384258884955182,8.170114543010506,3.8838280923066293,-8.055423801912287,-10.214994450923509,34.16881508194422,1.1517218435564627
2023-06-23,35.335669386351086,12.051981844003826,-4.793069618460988,8.767676863420071,1.0700356804397302,-7.672744983913173,-9.42387978548951,36.16886240311734,0.8013369700646229
2023-06-26,35.29982661820114,11.110463697898261,-4.57748072173524,8.366294171084732,2.1048164403282286,-7.99012408395151,-9.013969503624462,35.335669386351086,0.7940866041876655
2023-06-27,34.11868660960264,10.644593872224654,-4.610531341246094,7.185425153428994,1.8272090467541915,-7.16215547089568,-7.884541260266076,35.29982661820114,0.8710199854005557
2023-06-30,33.8151171388891,10.591693061270654,-4.512487345348303,6.977467354365331,0.8005432386567577,-7.316233027720296,-6.540983281224101,34.11868660960264,0.9664054701174937
2023-07-03,33.595356706978954,10.943140427740317,-4.944070430145009,7.16885221122088,1.3253616702808202,-7.441464807315834,-7.051819071781162,33.8151171388891,0.8289177895387062
2023-07-06,33.04884755539262,11.316699231882893,-5.146639254383047,7.274104844137838,1.676458873553095,-7.170144538085985,-7.950479157104816,33.595356706978954,0.8371468976402123
2023-07-07,33.77276350246428,12.864878538457923,-5.110504468719689,8.407965205004196,1.2521838664143914,-7.390585394625482,-10.02393774653133,33.04884755539262,0.39507621311062535
2023-07-10,32.722567687523025,12.270117681410461,-5.152927600990097,7.651425710343226,1.461602622835123,-7.5105314791205195,-8.719686934478187,33.77276350246428,0.4825065830059601
2023-07-11,29.100224373808146,11.018526007147024,-2.7519174389197367,7.467120651550552,-1.3055889264944511,-6.470082976814817,-7.95805731646857,32.722567687523025,1.9180349698422816
2023-07-12,28.508557165773734,10.869473315892122,-2.7233947851025295,6.776399175717401,-0.43032456517520856,-6.931797541180728,-7.560355600151004,29.100224373808146,2.4363199919294156
2023-07-13,28.783962918954398,10.941840032878055,-1.9899160269194134,6.627176345602926,-0.8496575396740873,-7.25849733984445,-7.470945472043011,28.508557165773734,2.4744023094518734
2023-07-14,31.035614909380584,12.163069503891116,-3.0615161099518122,7.609364536200111,-0.05098647848254956,-8.335182476644075,-8.324748975012842,28.783962918954398,1.8022944644392842
2023-07-17,29.71109424792626,10.599147352618111,-3.603762300340197,5.2346454747497475,-0.13825801278255767,-7.998034589969562,-4.093737924275574,31.035614909380584,1.0040124175851552
2023-07-18,29.70876049816226,10.77189163823271,-3.869847411241823,5.41173790065168,-0.06891761422485843,-8.611681143819126,-3.633183369598557,29.71109424792626,0.9911638474205148
2023-07-19,28.988533572564204,10.318059670757208,-3.5804717657877863,4.843852400504417,0.15631710328043624,-7.559134738163742,-4.178622670590515,29.70876049816226,0.8824079190779186
2023-07-20,28.778181062530507,9.963812821988789,-2.948457365468805,4.707555809740782,-0.0179808421491785,-7.853953014302973,-3.850977409808598,28.988533572564204,0.883822003005634
2023-07-21,28.463782053712624,9.838693651742929,-2.7026049060835717,4.949974395400282,-0.3367379669857016,-7.592786813368303,-4.156538360705619,28.778181062530507,0.5613087121434576
2023-07-24,28.168863750386862,10.599365972825098,-3.95725878112807,5.41576939141639,-0.641394330482413,-6.204398374167885,-5.212083878463126,28.463782053712624,0.585428061890938
2023-07-25,28.206617139987202,10.924280537285782,-3.8211755643586045,5.531934438338034,-0.6990805821963875,-6.632921577426531,-5.303037251642273,28.168863750386862,0.35736534653078383
2023-07-26,27.625978467414274,11.484340690820133,-5.004632520211549,5.823698591446046,-0.7508708510901805,-6.056289037834251,-5.496246873130216,28.206617139987202,0.42501099550757027
2023-07-27,28.042362112274038,10.74707719959622,-5.339879637542943,5.968635214254171,-2.0086360199296784,-3.8945377642250705,-5.472658992152656,27.625978467414274,0.3067791510191253
2023-07-28,29.331900539308837,9.853890270764616,-7.97324168845468,4.954199384160148,-1.9318750351210419,1.6538037019926826,-6.5567766333417445,28.042362112274038,0.6340995784026103
2023-07-31,28.44777219645233,9.75978399329454,-7.562886622368015,4.885438907140795,-2.4365419076733374,1.956421419806798,-6.602215790200804,29.331900539308837,0.6346802138960358
2023-08-01,27.82663516407366,9.653623418690088,-7.431085020611172,4.241777570133273,-1.725466837382072,3.3228703735076692,-8.061719504337795,28.44777219645233,0.6747694530329067
2023-08-02,28.4010980824884,11.18997125036934,-8.132406345671406,3.846487923565057,-1.8632449304076921,2.0988362942422114,-7.139644192097494,27.82663516407366,0.5759511100926463
2023-08-03,27.886759044228793,11.289505119534773,-7.468634770311722,4.300071716785965,-1.9763888666638927,2.0356526409130886,-8.180205840258227,28.4010980824884,0.6042857993405673
2023-08-04,27.84832682965009,11.325899311557755,-8.396381809901687,4.567305944513322,-2.1320294044833936,2.054497201963711,-7.419291243649727,27.886759044228793,0.31366630229924913
2023-08-07,27.694953764291313,11.197373961846324,-7.399602865626864,4.57223404130729,-2.3491002522974753,1.9389142132775863,-7.95981909850688,27.84832682965009,0.27220976700576033
2023-08-08,27.404648730747002,10.739385515494426,-6.723248966137451,4.3007258683706056,-2.7226368781085952,2.4854779109876537,-8.079703450606624,27.694953764291313,0.36311148652739256
2023-08-09,28.147311717661058,11.274395537010776,-7.098172435498728,4.9153308434618594,-2.4935987899608243,2.064148047425318,-8.662103202438388,27.404648730747002,0.2728372141967673
2023-08-10,28.70279618561735,12.173959684315605,-7.008189753559357,5.974246299657196,-3.3730064267025384,1.5412921257838441,-9.30830192949471,28.147311717661058,0.4944609485957537
2023-08-11,28.382928373017776,12.871093539666674,-7.95762164490782,6.46814741894768,-3.871941339899923,1.6783790850189764,-9.188057058825592,28.70279618561735,0.5214460635630048
2023-08-14,28.00529360894708,13.441585313934318,-8.702831239772724,6.8501823815066984,-3.8132014440926625,1.8506539811024352,-9.626388992678072,28.382928373017776,0.48322981476516685
2023-08-15,28.5741722213694,14.211669482337427,-9.82468901451481,6.705092823719774,-3.2477563950986656,1.5848906786384074,-9.429207575082108,28.00529360894708,0.2893641064179275
2023-08-16,28.79665100211534,14.736819777791474,-10.0255580007233,6.84640185713117,-3.7247700332857647,0.5784590817680568,-8.411352682681606,28.5741722213694,0.31336025261842426
2023-08-17,27.96278778931664,14.49325461161046,-10.51348679072266,6.667144776981431,-4.3847604094146355,0.8475291556591991,-7.109681344113794,28.79665100211534,0.3603580498514225
2023-08-18,28.56074426148199,11.816458818637159,-7.994000306971191,5.552062412291598,-3.738385505185228,2.031943225944488,-7.66807864471688,27.96278778931664,0.3736443097235754
2023-08-21,28.49155380036139,10.779811747663402,-4.409732569327716,4.88680564674727,-5.78835344716644,0.10515891294112656,-5.573690290857657,28.56074426148199,0.30953923439791986
2023-08-24,27.610645626380006,9.47464693907606,-3.847805010825102,3.3552865591221206,-3.4471824828488202,-1.9672997890679333,-3.5676462154563,28.49155380036139,0.48452535480602404
2023-08-25,28.126641653264276,9.834316359849211,-3.8872498823653174,3.794861019102534,-2.5465894908662,-2.777136516660094,-4.418201489060124,27.610645626380006,0.3911092830222002
2023-08-30,27.7434258602345,9.899086552904897,-4.407543611449039,3.7949473874577535,-2.5493910453126993,-1.9915184557319447,-4.745580827868999,28.126641653264276,0.42799074259731346
2023-08-31,27.502970610433806,9.770792184236363,-4.061282324940128,4.156306050115965,-2.515729647470323,-1.7857641791607097,-5.564322082781171,27.7434258602345,0.4083667019025964
2023-09-01,27.316813086868112,10.371306578111891,-7.814240601220845,6.2256435523295295,-3.8144649861008766,0.583977592483631,-5.5522221356033015,27.502970610433806,0.30396776065647585
2023-09-06,27.67764417227072,10.677309495518905,-6.8886673239765255,6.0943239068733135,-2.823086490328162,-1.153799585098204,-5.906080002989299,27.316813086868112,0.3027168581017572
2023-09-07,27.57292515577386,11.292786497361483,-7.02901787686757,6.810854212589973,-3.070918351177376,-1.878048734774973,-6.125655747131487,27.67764417227072,0.16583614773140296
2023-09-08,27.246326089061043,10.998976304297628,-6.901191359113655,6.532488208914366,-3.260943295354913,-1.3004197087181488,-6.068910150025285,27.57292515577386,0.17893500469870416
2023-09-11,26.72906601183119,10.863420709635129,-6.622570854926822,6.624140358325278,-3.124577027440587,-1.3524249595594284,-6.387988226033537,27.246326089061043,0.36941389968230265
2023-09-12,26.94007223271018,10.438823686161008,-5.561286056431181,6.940278911005976,-3.4531748904064266,-1.5927866822625045,-6.77185496806686,26.72906601183119,0.40410118278099816
2023-09-13,26.5838738322544,10.180818281144177,-5.8221284235388975,6.727489391828698,-2.752162173004958,-1.4739837222885637,-6.860033354140471,26.94007223271018,0.39938481739365705
2023-09-14,27.19400952332386,9.750124661411789,-6.340935223134803,6.898494097865154,-3.0108593998793296,-0.30778240251969713,-6.989041733743095,26.5838738322544,0.287083028087928
2023-09-15,26.908738191956886,7.725229104165088,-6.71341491421591,4.695395273951817,3.1215639813042326,-1.321580036335524,-7.507193408869696,27.19400952332386,0.23082291608764263
2023-09-18,26.894203194126565,6.514041571399531,-5.128032847529404,4.925539405386822,-0.77470004318495,-1.2271386210964454,-4.3097094649755405,26.908738191956886,0.21679815487028667
2023-09-19,26.83617587860409,6.963578005008692,-5.870736443490522,4.460698464186287,0.4826459466289794,-1.0859331430861712,-4.950252829247258,26.894203194126565,0.21747589047900534
2023-09-20,26.59298532850922,7.334087521131984,-3.9783107612350825,3.582616021826567,1.4306005063494567,-1.3426910333473323,-7.026302254725593,26.83617587860409,0.21435438056980535
2023-09-21,24.422030709271453,3.7844670683158768,-5.158785431682356,4.3606064374686255,5.3940263247358775,-1.1426865697411461,-7.237627829096871,26.59298532850922,1.074590833725471
2023-09-22,25.34869901160072,4.994847387082729,-4.23623166510496,4.284166671079397,5.283017212652185,-1.6860726362554974,-8.639726969453875,24.422030709271453,1.0911954879144703
2023-09-25,24.943728460832645,4.900725685596434,-3.0846301021974387,4.228973355614485,4.719150747111044,-1.6867950505906393,-9.077424635533916,25.34869901160072,1.0477931009384815
2023-09-26,24.69451853274789,5.088974018920368,-3.1106937661080956,3.8867577253356416,5.183681584005596,-1.8966235437048784,-9.152096018448642,24.943728460832645,0.8498443363945184
2023-09-27,25.96067719204478,7.841336799716849,-5.233267392925413,5.193488775547905,4.836530308152675,-2.3084732533762526,-10.329615237115728,24.69451853274789,0.6016013588470063
2023-09-28,28.00869815012216,13.429055266407723,-7.11007528906431,5.324955715267585,5.284644165573216,-3.5768239411167038,-13.351755917067464,25.96067719204478,1.328791360486182
2023-09-29,27.123680857340442,12.065883391041446,-5.916869251179136,3.624237135298287,3.0243581467742437,-4.095349585745711,-8.702259836189139,28.00869815012216,1.415282989761283
2023-10-02,28.643458458808833,6.64916148848021,-6.797747085991503,6.635381400894268,2.7083686518541583,-1.1723694816745844,-8.022794973562531,27.123680857340442,1.5862232399165568
2023-10-03,26.248856267045483,4.873187152791402,-7.948376191442896,0.06875177788244002,16.54440812302531,-0.6682369011315243,-12.869733961124787,28.643458458808833,1.1384136169406973
2023-10-04,30.172072549164707,6.435582957903051,-8.637954922337745,1.2415118419103948,14.030542318178064,-3.1335164488344613,-9.936165746819324,26.248856267045483,1.4965551964540638
2023-10-05,29.84260393338958,5.939775879310446,-8.604069918497192,1.4875449593890977,18.111466178414314,-3.9891799222998356,-12.945537176316869,30.172072549164707,1.6982962792106957
2023-10-06,30.346296264350073,7.462533367003104,-12.983148841363988,3.6362199280084226,18.108188492119286,-3.22153624473156,-13.002256701035254,29.84260393338958,1.7014208681032836
2023-10-11,30.50575341311544,6.6861764215590185,-12.910038514074664,8.1420129807345,15.381553849820492,-3.5655931655459767,-13.734111572493358,30.346296264350073,1.791451678096081
2023-10-12,30.618594332218333,8.160924349511887,-12.973680209290917,6.397536838584813,15.976277339455546,-4.142995598965459,-13.418062719295854,30.50575341311544,0.3047596005298292
2023-10-13,33.13423727901542,14.627223598426745,-16.156428827076375,13.313291437556636,9.539572513019209,-5.279578550632136,-16.044080171294073,30.618594332218333,1.2894338339216254
2023-10-16,31.670858615678867,13.236316658302357,-11.698917960252441,13.450291379614512,8.457329480978249,-4.879279047796736,-18.565740510845973,33.13423727901542,1.172241030111786
2023-10-17,30.538297425140602,12.257317581615538,-11.717732848615258,9.887405352122357,8.766127932709981,-4.904977421938772,-14.288140595893816,31.670858615678867,1.1376605950576124
2023-10-18,29.158884124402107,13.310832665364266,-11.691284366588073,4.765427642386591,8.130058343974365,-4.955696895648753,-9.559337389488409,30.538297425140602,1.4790575771861165
2023-10-19,29.05926964386592,11.054469156796053,-11.25329639141759,4.724948018622399,7.98729791343742,-5.006362823625544,-7.507055873812684,29.158884124402107,1.7291979310977228
2023-10-20,29.845500835201197,11.07948925120359,-10.806463708062353,3.169615884491158,7.84493442644818,-5.46604211085544,-5.821533743225103,29.05926964386592,1.0820082038773324
2023-10-23,29.70556411434484,10.581877224609386,-10.724997564515348,2.5100648529652787,8.676027959747447,-6.068093474619619,-4.974878998187162,29.845500835201197,0.5957927069166331
2023-10-24,29.934203115453826,8.27589473650734,-7.9276111529466995,4.125080514188646,7.079814118562641,-6.042963904228105,-5.5102143120838605,29.70556411434484,0.40388332989021725
2023-10-25,30.000585683113012,8.124912549446783,-8.030139862595188,4.558311693191584,7.09867455117605,-6.173760289065099,-5.577998642154135,29.934203115453826,0.37964867633229027
2023-10-26,29.07527016390519,7.315193950643206,-7.941233238114098,4.21432934997285,8.256743175098702,-5.996277146347551,-5.848756091253094,30.000585683113012,0.37280841131050096
2023-10-27,27.70237139195311,8.861398848286989,-6.429318546871487,5.789294714457405,6.000999178056652,-6.372979131546886,-7.849395062382678,29.07527016390519,0.9564376389666049
2023-10-30,26.33363139043345,6.717249264161083,-6.337745512877024,5.006470544270115,5.707027487016724,-6.638894117574302,-4.454107664996563,27.70237139195311,1.573956749188967
2023-10-31,25.634271739912773,5.903633405400235,-5.473284895978447,3.87330029267639,5.418977189757037,-5.481450942494458,-4.241175049360747,26.33363139043345,1.8238796919316334
2023-11-01,25.35415254565397,5.290065255285249,-4.906035921596786,3.7911600459926618,4.793959092437582,-4.83319429900767,-4.135954173111077,25.634271739912773,1.553708262332156
2023-11-02,24.180116779901766,3.8559052336086808,-4.297729627862734,2.8356943906763448,4.502196327782528,-3.612070878454653,-3.2839954457501417,25.35415254565397,1.2986222691886682
2023-11-03,24.338409415192654,4.401237272938481,-4.210331396983769,2.884439137223623,4.372571908196843,-3.6292450234370435,-3.8186718979381524,24.180116779901766,0.9048331850808875
2023-11-06,24.93714107903619,4.357398801469344,-3.5526716637189306,3.125690476754876,4.34188045401487,-4.515337405193542,-3.7569606633266144,24.338409415192654,0.6284464311483425
2023-11-07,28.088304252870284,7.732928714003883,-2.8627827698650776,7.257704954447718,0.2776771316624682,-7.15662893078124,-5.248899099467675,24.93714107903619,1.5855861712075698
2023-11-08,26.125546420585795,7.839109146535762,-3.446955912314886,3.8266200288389385,0.3774752445672718,-4.609166880075387,-3.9870816275516816,28.088304252870284,1.6196507747922042
2023-11-09,25.657944242613947,7.8214839825445,-0.4321971768351567,2.976249319459612,-0.15627166925325042,-4.845983668756038,-5.363280787159652,26.125546420585795,1.4351765644827699
2023-11-14,25.473979495820647,7.369531919504404,-0.4971965410434329,2.714296178114786,-0.1867795210744987,-5.847526022091175,-3.5523260134100667,25.657944242613947,1.2128620200918767
2023-11-15,24.74971986129016,6.76980510860259,0.5061194162305114,2.6533046502036157,-0.5009775376024521,-5.526731350645697,-3.901520286788541,25.473979495820647,1.2581586607285011
2023-11-16,26.252903276088063,10.687066076942187,-0.10260904685210903,6.214863661389572,-1.925582130601068,-6.764451604319022,-8.109286956559513,24.74971986129016,0.5981569694819022
2023-11-17,24.50183453209195,8.613661760765773,2.0611137034282745,6.053331564241191,-1.069075944465304,-6.982425196388797,-8.676605887581179,26.252903276088063,0.7075616522429231
2023-11-20,23.949348912535395,8.480683643220281,2.5227611040089855,6.353234870643192,-0.3717177106407856,-7.7650833783917905,-9.219878528839876,24.50183453209195,0.8955524692077971
2023-11-21,23.707784599427796,7.938837861522472,3.0351442532419846,6.599365142420815,-0.006641017382468917,-8.661108363144955,-8.905597876657854,23.949348912535395,0.9972856352004534
2023-11-22,23.53754122437032,7.724818264380801,3.089301354283447,6.445967743533444,0.19384691981212399,-8.753509204012012,-8.700425077997785,23.707784599427796,1.1033123659479576
2023-11-27,23.412046354342177,7.852331015729938,2.8452196916338934,6.347518108405147,0.12564844523982188,-8.582783427206675,-8.587933833802118,23.53754122437032,0.43023722051041774
2023-11-28,24.421686439961846,8.55432261305058,2.3543018315442366,7.965355709460596,-0.6140680565671062,-8.94424211920204,-9.315669978286255,23.412046354342177,0.3989154202125217
2023-11-29,23.913483266565404,8.03140779159424,2.1512939695485516,7.0986070001441774,-0.6057900091958608,-6.601843391353645,-10.073675360737479,24.421686439961846,0.39599800407031766
2023-11-30,24.973044559263467,10.25122305489969,2.405424847838222,7.678343898134379,-1.5308548041824714,-8.401797034858138,-10.402339961831686,23.913483266565404,0.6477626037977595
2023-12-01,24.454193447902473,9.11895470182354,1.774795361412596,6.7749489837392005,-2.900260442168957,-8.194305484576102,-6.574133120230263,24.973044559263467,0.5933449711375691
2023-12-04,24.15364980368787,8.884643510355495,1.8155605722593329,6.693811569671233,-2.914392200887452,-7.556173583825053,-6.923449867573595,24.454193447902473,0.39615810651508504
2023-12-05,24.3640608399384,8.833850350308403,1.964866377261032,6.839805681979172,-3.094599525798582,-6.906439448784218,-7.637483434965796,24.15364980368787,0.3955967854556012
2023-12-06,22.931020550152414,7.436631142165872,1.9744876136952643,6.46037085568878,-1.2098056347121027,-7.122789907672223,-7.538894069165558,24.3640608399384,0.7580416571293125
2023-12-07,23.39130122442342,6.7842021209946,2.9107873677131195,5.696675500756655,-1.0945326229501955,-6.269071307548224,-8.02806105896594,22.931020550152414,0.6663422700525404
2023-12-08,23.89808915014632,7.329260272204763,2.1056288115103845,6.3818935672640436,-1.5789379110585866,-6.513450028977074,-7.724394710943539,23.39130122442342,0.5833734239312568
2023-12-11,23.642039275501578,7.407702161670592,2.480521274715498,6.377379717271012,-1.609604148247879,-6.954821631898877,-7.70117737351037,23.89808915014632,0.5374106070378905
2023-12-12,26.76320540084876,10.768900741010448,0.8974673412159513,5.849880248680094,0.6309252577913824,-8.268330346696317,-9.878843242001567,23.642039275501578,1.5172976031610628
2023-12-13,27.329902864255057,9.971883576225942,-1.4523397041594999,4.3806355030012085,-1.9354126054936813,-6.246443821686897,-4.7183229478870885,26.76320540084876,1.8830425394448176
2023-12-14,31.022338694609545,12.581710759564672,-4.763413138050655,7.999225103268827,-2.219914833995908,-6.675933597410522,-6.921674293376412,27.329902864255057,3.0059358754450995
2023-12-15,30.924049795326052,12.429023941762203,-4.3184130303111194,7.749946099317718,-2.338830948398517,-6.057511090688127,-7.464214971682146,31.022338694609545,3.1078460088381297
2023-12-18,31.468892672813706,11.406901704363356,-2.699786375834635,7.914638964169086,-2.22326008827892,-6.622577810348961,-7.775916394069938,30.924049795326052,2.25949792308733
2023-12-19,31.933576252861965,11.486462216921723,-2.2994861092572876,7.691175038641973,-2.5095191015997003,-6.50158175977924,-7.86705028492748,31.468892672813706,1.8364146200905989
2023-12-20,31.169856878802715,10.963830781531932,-2.1493547006484537,6.550290887124291,-2.044422216181758,-7.189802424300584,-6.130542327525433,31.933576252861965,0.40781280848486207
2023-12-21,30.876133887639146,10.690491905442073,-2.5535154765864103,6.384265629114694,-2.5459158196209657,-6.052169639023354,-5.923156599326031,31.169856878802715,0.4372159382269576
2023-12-22,30.265996783103954,10.10547160655446,-2.725321917319789,6.268020829976315,-1.7614569796220785,-7.120203394950185,-4.766510144638701,30.876133887639146,0.626954991010075
2023-12-28,30.303252506933376,10.619409566878893,-2.9360594930047936,6.793470424699066,-2.3242383269846307,-7.133944100224033,-5.018638071364489,30.265996783103954,0.6890687991666462
2023-12-29,30.505328548518175,10.617026595107482,-3.066405086148638,6.837625139221267,-2.0387878215735604,-7.320564781705039,-5.02889404490152,30.303252506933376,0.3894416951811125
2024-01-03,30.016638318531914,10.516143140930701,-3.174582325651077,6.511899787307591,-2.349294779725085,-7.414073577120851,-4.090092245741307,30.505328548518175,0.3208845183806681
2024-01-04,30.893487947403546,9.218088184380726,-2.356778057070075,8.28929719598188,-2.416275299964177,-8.149459834724826,-4.584872188603505,30.016638318531914,0.32743731570018075
2024-01-05,27.90098140344894,6.8352770551098345,-2.922430640785956,7.414186748984477,-0.439827330765187,-6.340160763138737,-4.547045069404412,30.893487947403546,1.1750391808542469
2024-01-08,28.770459045313885,7.686122122450257,-2.6598608194613114,7.540243696125039,-0.7326124319356317,-6.903481952133873,-4.9304106150444795,27.90098140344894,1.248960624767866
2024-01-09,29.304909142513683,8.320608889335212,-3.0567883792764974,8.333083393821084,-0.01129055448174654,-8.4850765488384,-5.100536800559642,28.770459045313885,1.1467990622087663
2024-01-10,28.434354749206893,7.678681015075256,-2.6909959859752863,7.3973614041916775,0.12545405958563904,-8.168226814501157,-4.342273678376117,29.304909142513683,1.1445790795894923
2024-01-11,27.56158771625839,7.881096193013008,-2.6115777062066794,7.937566070854849,-0.4565354076482713,-8.464946156448804,-4.285602993564076,28.434354749206893,0.6908476460950091
2024-01-12,42.37079037856172,0.06833328579135411,20.479270603223704,-0.588742374385653,-12.063512554274038,17.397315480334733,-25.292664440690082,27.56158771625839,6.227526459711644
2024-01-17,39.925444211217695,-0.040996512249940054,15.613611264783046,0.36144048626969294,-8.78741196087137,13.54415556157948,-20.69079883951091,42.37079037856172,7.044495362817624
2024-01-18,38.621311706988095,0.7929136637206469,8.11172066486975,2.244272798723678,-5.0176905806567085,9.554402218315737,-15.685618764973086,39.925444211217695,6.881275989509993
2024-01-19,38.365682767462864,0.7508223745417482,8.50139830396084,1.7603588517135194,-5.050438769685419,9.226397574252445,-15.188538334783132,38.621311706988095,5.707458077882182
2024-01-22,37.46717961071489,0.31717757503773214,9.447287179600217,2.034478384970484,-5.358779418638095,8.822531200459174,-15.26269492142951,38.365682767462864,1.9040214139409501
2024-01-23,37.38244787770353,0.2930781516650143,9.643355263605194,1.8394819328954242,-5.228273417709827,8.887150340904704,-15.434792271360509,37.46717961071489,1.0333658941525192
2024-01-24,36.299686888176,1.0778596769818378,9.52983542491532,2.339507695771246,-4.451168704272968,6.430873121525124,-14.926907214920583,37.38244787770353,0.9194313532223636
2024-01-25,35.42261939677471,3.880751382333173,8.61429178613134,0.33210463953064817,-2.083637891640789,5.768780067621435,-16.512289983975784,36.299686888176,1.1409866642517492
2024-01-26,35.195062098930556,4.158165273521853,8.34291633929643,0.6108313451715119,-1.9179377133930817,5.476777418985797,-16.670752663582487,35.42261939677471,1.0618885156436133
2024-01-29,34.036694658720236,2.8692634347049264,7.742458889834978,1.0145625529039108,-2.32193846681934,5.791157401224048,-15.09550381184852,35.195062098930556,1.2533351936448505
2024-01-30,33.741945311403235,3.3072514123546384,7.224557021563648,0.744935042975456,-2.343970352433555,5.926869735048655,-14.859642859508828,34.036694658720236,1.048572718047863
2024-01-31,33.04456418116521,3.0937246226094715,6.539699595119153,1.090246730950021,-2.2264824344329845,5.324345967093876,-13.821534481339548,33.741945311403235,1.002195764688053
2024-02-01,33.16774341388715,4.1872698918057765,6.529169239745414,0.20437029903234816,-2.608638206571401,5.51227462648022,-13.824445850492339,33.04456418116521,0.861554513109897
2024-02-02,33.60914709673367,4.269596750544714,5.952692190982006,0.37719536173622714,-2.7653694410147427,5.172526202558842,-13.006641064807056,33.16774341388715,0.4105801428947891
2024-02-05,33.38748804976934,4.413261207789134,5.8187930680516615,0.26196596815955075,-2.4825053076831036,5.0983792107491155,-13.109894147066335,33.60914709673367,0.2918137245725813
2024-02-06,33.337487274596945,4.419307521775238,5.4257267785218914,0.48110197686003175,-2.2767725102562526,4.937558005729436,-12.986921772630334,33.38748804976934,0.21618250094610067
2024-02-07,33.44310813640853,4.398405145993543,5.607075451151729,0.5031012243004227,-2.3035189579042825,5.102507372568255,-13.307570236109711,33.337487274596945,0.16047021394939176
2024-02-08,33.24242693983613,4.126695547246349,5.791371877457664,1.0929209363406684,-2.1978752921904103,5.0468853905284945,-13.859998459382762,33.44310813640853,0.13639757611564682
2024-02-09,32.82943916915588,4.584292679250808,6.28421497731663,1.1832519149554273,-2.189325422347988,4.260647124966056,-14.123081274140937,33.24242693983613,0.24533461885916777
2024-02-12,32.15153278109276,4.253923850420698,6.258224181733404,0.9469401657502061,-1.9503730075597137,2.9049435842634423,-12.413658774608082,32.82943916915588,0.5286770587783005
2024-02-13,31.57241338367623,4.161656421976268,6.015725901491329,0.057720464482095224,-2.1111254230395957,3.368479080148745,-11.492456445058775,32.15153278109276,0.7781109405236537
2024-02-14,31.88547354353446,4.745479327826011,5.553127909461011,-0.49991008664959224,-2.413405031188475,4.488790865796233,-11.874082985245174,31.57241338367623,0.6865053611784775
2024-02-15,31.8878766233149,5.179252136824502,5.3730998678312005,-0.7718214169758539,-2.4580184665383022,4.6644562890930885,-11.98696841023461,31.88547354353446,0.4738403151037112
2024-02-16,31.820829938431142,5.2423759894631985,5.260451110392921,-0.8466623026019988,-2.4192364815612137,4.860179332693136,-12.09710764838605,31.8878766233149,0.20651393008511043
2024-02-21,31.83955526890124,4.977242278180768,5.457407300238458,-0.4039889173448472,-2.467096945147551,4.930197959029954,-12.493761674956794,31.820829938431142,0.13116272306403975
2024-02-22,32.031402937444845,5.341758160506906,5.380867355849617,-0.5785058732753257,-2.820997448479334,5.190490444951003,-12.513612639552797,31.83955526890124,0.0826182831926346
2024-02-23,32.1296119485533,5.521430359102638,4.794304974553377,-0.8108430101959243,-2.991749268989498,4.777653359325619,-11.290796413796258,32.031402937444845,0.13350793093396507
2024-02-26,31.836269210831784,5.626425778898579,4.827842579233433,-0.7848124875724523,-3.0103110131567963,4.637255953199819,-11.29640081060256,32.1296119485533,0.14053427931095486
2024-02-27,31.389648425666724,5.925376743958537,4.70707552573537,-1.1594799981744046,-3.0180964619615267,4.482521003967236,-10.937396813525158,31.836269210831784,0.28425362867760195
2024-02-28,31.20612099352475,5.7163870719825525,5.092711206295597,-0.7213082394447099,-3.102229195065087,4.404167279540779,-11.38972812330914,31.389648425666724,0.4035673464446908
2024-02-29,30.891704560444538,5.001589119961402,4.381899004228224,-0.10534381190695541,-2.8517326672339856,3.8027483171411944,-10.229159962189872,31.20612099352475,0.49437301743995493
2024-03-01,32.38438393712807,5.84738897244992,4.838657140495243,-1.4862280032119628,-2.609848974259034,3.3490469153842497,-9.939016050858406,30.891704560444538,0.5820468693203996
2024-03-04,31.56342346788317,6.689715152071109,4.330486703666139,-3.6574315736991707,-2.7834094896723833,2.7724669527566306,-7.351827745122284,32.38438393712807,0.559885137077513
2024-03-05,31.212787430568252,6.665229677863422,3.6347419107075893,-4.53127109055383,-2.3562950238387046,2.0112355031289653,-5.423640977307398,31.56342346788317,0.5730106053033509
2024-03-08,30.068756202576765,6.884702751301418,3.895992857206828,-5.34366733141222,-1.8140217975983859,1.3478898571195543,-4.970896336617226,31.212787430568252,0.8524718707357898
2024-03-11,29.87815908975534,6.792036591096185,3.6524452632110567,-5.732339303721165,-1.4986931998035686,1.545519720791468,-4.758969071573983,30.068756202576765,1.0491274627950653
2024-03-12,29.593364828950836,7.059417864777728,3.56158373702948,-5.621634855335056,-1.742203991814275,1.1352409766512537,-4.392403731309125,29.87815908975534,0.8698915087390016
2024-03-13,28.92814261244207,7.337378298323479,4.482223102670467,-6.093410940734856,-1.8115063931391724,0.403256639982132,-4.3179407071019735,29.593364828950836,0.8343157382357471
2024-03-14,28.670398825596035,7.593221766788432,3.6924923152447775,-6.514495639290672,-1.8928722007165213,-0.3812363992204624,-2.4971098428055,28.92814261244207,0.6050565910499967
2024-03-15,28.292806727326848,7.122655877611152,4.039403534285512,-6.603713686119335,-1.373804890520514,-0.2737790501544026,-2.9107617851023786,28.670398825596035,0.6539940214756615
2024-03-18,28.106458895378907,7.5818426187821615,3.5229436890390033,-6.515477373218392,-1.3311839572491628,-0.8878892218951222,-2.370235755458493,28.292806727326848,0.584692427741599
2024-03-19,28.154932829626446,7.566870637731469,3.5318552715595146,-6.7303395381172955,-1.3174013728496803,-0.6325445605870996,-2.418440437736902,28.106458895378907,0.3553515670924707
2024-03-22,27.968074713240508,7.647370155183786,3.3675839973408515,-6.854391549747618,-1.3634347082119405,-0.6592446114705908,-2.137883283094488,28.154932829626446,0.2678777572227559
2024-03-25,28.086282991944955,7.012584857444182,3.445026218434087,-5.043131705198455,-1.7365676559440537,-0.8519731075414256,-2.825938607194323,27.968074713240508,0.11775962479807434
2024-03-26,27.91222166379598,7.056842363753212,3.39918027959898,-5.0466681570776615,-1.7744410607561285,-0.9876625381093689,-2.6472508874090694,28.086282991944955,0.10138112386069621
2024-03-27,27.752483503936798,6.121638391088325,2.9712170156654523,-4.831842377908323,-2.0366308260049575,-1.9931355051615398,-0.2312466976789782,27.91222166379598,0.15673400704887983
2024-03-28,26.612331643979264,6.028198630317824,2.9187310709500416,-4.961757016476696,-2.0621848650964623,-3.334171862221357,1.4111840425266475,27.752483503936798,0.6012919518451659
2024-04-05,26.047238161293834,5.606674203266124,1.9816410065404568,-4.921691797292585,-1.0934006613574017,-3.5221317298392805,1.94890897868265,26.612331643979264,0.8997913157004502
2024-04-08,25.480531129204746,6.012036351950869,1.972434874870867,-5.066863468726105,-1.110359521033521,-3.3517811847518146,1.5445329476896585,26.047238161293834,1.05824260236031
2024-04-09,25.189428093472472,8.155275567532328,1.3337659917048263,-6.9931605502325205,0.5770938918878059,-3.7705240462910474,0.6975491453986127,25.480531129204746,1.0174851862820766
2024-04-10,25.70884424103559,9.383547616387666,1.4462229270250546,-7.350321063852302,0.38276377405573925,-4.041470699127494,0.17925744551130496,25.189428093472472,0.5486079409499437
2024-04-11,25.835766064910832,9.947955187487338,1.5573785253476977,-7.405805443689488,0.24733212396996862,-4.739611682540691,0.39275128942518567,25.70884424103559,0.3303740786230104
2024-04-12,25.603703620821324,6.5336797367016,2.750478004057012,-5.299366774166323,0.13575426920886358,-5.98051865549272,1.8599734196915954,25.835766064910832,0.24682159288195923
2024-04-15,24.2068077414999,5.790604729059609,3.2995511327323577,-7.927333134512736,-0.027052211441425555,-3.776153502276035,2.6403829864382278,25.603703620821324,0.6620674632050365
2024-04-16,24.066315606204768,5.321810203891275,3.3291558039923324,-7.717371563215703,0.05380883564793848,-4.016357457945329,3.0289541776294957,24.2068077414999,0.870462774332492
2024-04-22,22.953485774034288,5.0329090663114044,3.8597776697270945,-6.935995937264494,-0.9266406104420959,-4.483247312454587,3.4531971241226973,24.066315606204768,1.189817878259207
2024-04-23,22.56464345503124,5.057373357142637,3.911094903465685,-6.934977284800247,-1.2469423362784013,-4.310097972680129,3.5235493331504664,22.953485774034288,1.1938652918954107
2024-04-24,22.457039974095746,4.878344817926603,4.213114195321467,-7.058983921175308,-1.3679843002110879,-4.298457128972753,3.6339663371111044,22.56464345503124,0.8319061729939827
2024-04-25,23.399475344958617,5.483194756729802,3.501496902696232,-8.930179304989512,-0.05938237730159912,-3.3242799955637956,3.329150018428928,22.457039974095746,0.6603455224192752
2024-04-26,22.002473997638447,5.48979205429643,2.0944879529865226,-9.159890659005317,1.1717185348301484,-2.304636071057388,2.708528187949611,23.399475344958617,0.5278243831769143
2024-04-29,23.464111860077562,4.315921698270877,3.182555348325664,-8.292185548460406,-0.3085889232608352,-2.9701634522302136,4.072460877354912,22.002473997638447,0.6338290395364748
2024-04-30,23.090838948433003,5.833416010908962,2.6445616570299073,-8.852333107532427,0.8647490694486919,-3.027869005598447,2.5374753757433473,23.464111860077562,0.6333250674401169
2024-05-03,24.249395989012612,5.939981524986983,1.5428747295104266,-7.427572226174586,0.993558057287693,-4.211744273238306,3.162902187627825,23.090838948433003,0.8136723037652424
2024-05-08,23.915027628990014,5.870621542419784,1.0444055020730758,-7.169206336208845,1.1600940002335598,-3.9556633566305877,3.0497486481130256,24.249395989012612,0.8694859341339202
2024-05-09,23.091756127281666,5.539449919940196,1.540355439092588,-7.818904178025722,0.8758611934006169,-2.5592510877784367,2.4224887133707416,23.915027628990014,0.5123098723400169
2024-05-10,22.830511233622158,6.953653137514912,0.3382090383582952,-9.97020388585453,1.7707050555215709,-3.3740929871093552,4.281729641569166,23.091756127281666,0.6114196442820179
2024-05-13,22.251456901479646,7.627391151761991,0.2040619564445567,-8.51297886987252,0.839079153768818,-4.192988055770819,4.035434663667969,22.830511233622158,0.8120345356543113
2024-05-14,23.896290528506146,5.043661966728202,-1.5906214768676712,-1.8638473616498317,0.248565440586745,-4.951987300368156,3.1142287315707,22.251456901479646,0.7148449060240555
2024-05-17,23.492252847661987,4.569183493341896,-0.5629298362108699,-2.5384739555953892,-0.18982562562499794,-4.142069186145669,2.864115110234989,23.896290528506146,0.6284669834626138
2024-05-20,23.931936634304844,4.133361130575388,-1.0123054527367046,-2.16287828969401,0.3634067756239858,-3.8191368147908253,2.4975526510222057,23.492252847661987,0.7262620945539163
2024-05-21,24.27275392985756,4.2736751710198675,-1.3301463928247799,-2.328533553054271,0.18321306704305584,-3.0554010304579933,2.2571927382740835,23.931936634304844,0.7867530754773792
2024-05-22,27.177171946789954,5.262836804186001,-2.242203020889189,-1.2960400085986734,1.167252849106081,-4.825554323869662,1.933707700065444,24.27275392985756,1.4922283652959643
2024-05-23,25.180398353040683,5.710382089885897,-2.152360234214143,-3.2862551418633785,2.1901898815766643,-4.204746876893761,1.7427902815087215,27.177171946789954,1.4608884336626944
2024-05-24,26.097707797406944,7.418025338740918,-0.5607741579745316,-6.401245591022086,1.8783215259767552,-2.125920543700186,-0.20840657202085922,25.180398353040683,1.3319281764106212
2024-05-31,23.887638081916776,7.726600775675742,-1.4273469594837565,-1.988612085408846,0.4359306139898891,-5.449273524874364,0.7027011801013172,26.097707797406944,1.3436649101676081
2024-06-03,34.220907492979556,9.939912954280679,5.565700074595739,3.217892299406465,-3.6047971255959723,-11.993551776118771,-3.1251564265681093,23.887638081916776,4.0464695756610505
2024-06-04,34.465774105554694,10.924742192469004,4.564156075807361,2.947249533048101,-3.700499443486869,-11.201240294479643,-3.5344080633579864,34.220907492979556,5.148254011814027
2024-06-05,34.037540242695044,10.343400046428563,4.150572586110293,3.2347951706566604,-3.0811272166100494,-11.032939394779959,-3.614701191805481,34.465774105554694,5.127899931821848
2024-06-06,35.000281052561526,11.017074102238823,0.3171773330663541,5.099631034228032,-2.458126032897205,-9.69517488131816,-4.280581555317809,34.037540242695044,4.7290682182596155
2024-06-07,33.53949624098316,11.855580021440453,1.6140689339812653,4.524397626557331,-5.42688780632923,-9.939994193119695,-2.627164582530117,35.000281052561526,0.53857266021416
2024-06-10,33.09756225199865,11.58968637509141,0.6780170634481095,4.247913595516259,-5.810841683920511,-9.160436863860202,-1.5443384862750982,33.53949624098316,0.7485682782582118
2024-06-11,33.08052287506979,11.748304597798622,0.7266735371112318,3.930454365454537,-5.843114577443661,-9.002822747533934,-1.5594951753868163,33.09756225199865,0.8006345502459606
2024-06-14,31.470982622696372,10.85492437296405,0.3916518948290033,3.414417452725772,-6.678288676221456,-5.126139563403285,-2.856565480894057,33.08052287506979,1.2612896616549871
2024-06-17,33.03200217315239,12.764849290078175,0.3918805385164674,4.8779263507739685,-6.465690088317409,-8.148993179716282,-3.4199729113348667,31.470982622696372,0.7944295718736957
2024-06-18,33.30515674544993,13.035322143991188,-0.0470860673281166,4.776668753163499,-6.109560793304269,-8.249640613296485,-3.4057034232258356,33.03200217315239,0.7487479501330393
2024-06-21,31.212995403679766,8.65493136351747,-0.058500961727958156,6.112118305471995,-5.706049012191695,-5.47724321075933,-3.5252564843104786,33.30515674544993,0.9939609045895269
2024-06-24,30.69510145043317,8.828034629141477,0.03137257513314751,5.890105746682579,-5.8673054572294205,-5.446076478597538,-3.436131015130239,31.212995403679766,1.1569738902321383
2024-06-25,29.905411768427367,7.868747149932645,0.30660551152917037,5.807069009353903,-5.844650417664543,-5.423678455792279,-2.714092797358881,30.69510145043317,1.482724926110698
2024-06-28,28.912426828981626,8.624709903723307,-0.20736268445920913,5.792074387050064,-6.819890996407818,-5.58774691454119,-1.8017836953651551,29.905411768427367,1.6447193121857941
2024-07-01,28.606172116004085,10.735072730456075,0.7672554002855954,3.350263002107191,-6.877935584372771,-6.027303304706821,-1.9473522437692514,28.912426828981626,1.1180145707397098
2024-07-02,27.682289245406157,10.944169728484333,0.8522520430901501,2.5686515878654106,-6.296272993153085,-6.469056360101776,-1.5997440061850443,28.606172116004085,1.1687409517491987
2024-07-03,27.585823346291193,10.483932517791871,-0.7375243250767234,1.9106562928080777,-5.237702442801748,-4.949347474291788,-1.4700145684296562,27.682289245406157,0.9557115419681125
2024-07-08,28.838967328593117,9.413026154142742,-1.2351837565264248,3.242762294110065,-5.315200987161617,-4.957770587464914,-1.1476331170998666,27.585823346291193,0.6418234960586932
2024-07-09,28.274413264493486,9.673151267036495,-0.0014791093715267323,3.0238956850542777,-5.300464397669735,-5.697671498257574,-1.697431946791939,28.838967328593117,0.553172515401272
2024-07-12,29.00708896057321,6.395149250838138,-3.1446395635653666,-5.383453396916323,-5.721624298482141,6.761453998515645,1.09311400961003,28.274413264493486,0.6481217751827693
2024-07-15,27.828007467337084,6.9832526181842525,-2.6921625253273547,-3.733033734992766,-5.679765076500107,5.760811214906859,-0.6391024962708478,29.00708896057321,0.6171922717112435
2024-07-16,26.167701763416186,6.221440298986991,-2.535120192724751,-3.4414604414130068,-6.526762064959858,8.531668336465303,-2.2497659363546862,27.828007467337084,1.1377165452973734
2024-07-17,26.489573755357327,8.245652181793083,-1.3639747827834725,-7.589298590518823,-5.927397223052022,7.774282142142731,-1.1392637275814845,26.167701763416186,1.2000382134768084
2024-07-18,26.217274352347843,7.463944656570732,-1.4853191577308351,-6.923766536471412,-5.849033817563619,7.978935437349865,-1.1847605821547305,26.489573755357327,1.2428995970115542
2024-07-19,28.239063193639527,13.431637462887622,-2.913368014845929,-6.6971865684279095,-6.229499962287033,7.823340822947577,-5.414923740274315,26.217274352347843,0.9728960731592305
2024-07-22,27.99169619399852,13.749827790195646,-3.083246781513907,-7.7012474231934505,-6.275625552085863,7.687303541359,-4.377011574761436,28.239063193639527,1.0102519087284867
2024-07-23,27.796462670584575,12.730389896856835,-2.852507716595767,-8.653317509779626,-5.3966621497967715,7.402829552969138,-3.230732073653787,27.99169619399852,0.9253224096627561
2024-07-26,28.628242036877438,14.37705682117825,-4.161207761199993,-7.755848489147667,-5.479509349620113,6.856065744621276,-3.836556965831706,27.796462670584575,0.9242973923926089
2024-07-29,28.0314592931927,14.085755291748008,-3.987309651043814,-7.075049992677961,-5.8626604841794006,6.740430452587155,-3.9011656164340227,28.628242036877438,0.31620903053290583
2024-07-30,26.5582396901037,14.488052848710552,-3.5903056558164046,-7.016295700294229,-5.933437090171335,5.201260036284182,-3.149274438712724,28.0314592931927,0.7612948582944113
2024-07-31,26.153975620309108,13.32947401477702,-3.0612804066222683,-4.488399240098808,-5.935597217540234,2.512472505804242,-2.356669656319955,26.5582396901037,1.0392267371583273
2024-08-01,26.494961866479596,13.638494988968091,-3.3950218617865833,-5.284628459657391,-4.966174926066657,1.5668886555628259,-1.559558397020222,26.153975620309108,1.0875152497482985
2024-08-02,30.913501614192878,14.370027226695868,-3.60844020150809,-0.9965457480679234,-3.731672595698953,-0.7624222843286219,-5.270946397092292,26.494961866479596,1.9721930176881466
2024-08-05,31.134158987206593,14.216624191522008,-2.829609953016675,-1.221656786966662,-4.575431702656353,-0.7932053546008238,-4.796720394281518,30.913501614192878,2.537131215959312
2024-08-06,30.895188457689613,14.309450240814748,-3.1425595479046873,-1.7191980505834508,-4.550002037459457,-0.1377179899877845,-4.759972614879384,31.134158987206593,2.5550386913587735
2024-08-09,30.579372460904903,14.11331446006227,-2.9379565307925404,-1.8895845596544802,-4.5489408196014125,-0.08468143276838624,-4.652151117245463,30.895188457689613,1.971235012264296
2024-08-12,30.32462692395107,14.7477654508698,-2.1411777924215336,-3.4411011347138682,-3.942092642185905,0.5142246784247675,-5.737618559973225,30.579372460904903,0.31763606542942335
2024-08-13,29.02766376065634,13.182786102304831,-2.224812063458092,-3.0350930975580184,-4.272436964489401,0.20962087981903998,-3.86006485661834,30.32462692395107,0.8223532280066027
2024-08-14,28.413292275593864,13.076765393809666,-2.1459324825390587,-2.4565295869635193,-4.79972641139414,0.3727913019555995,-4.047368214868552,29.02766376065634,1.071216640441214
2024-08-15,27.903050256605837,12.665705013810346,-2.0979496058930795,-1.5545881630984084,-5.53715625483359,0.5489063176891573,-4.024917307674404,28.413292275593864,1.1710935275056769
2024-08-16,28.727144970713294,11.095261726349825,-2.0489297675174605,-1.274966945571606,-3.6640910149244093,0.5854240094638534,-4.6926980078002,27.903050256605837,0.9088948690566495
2024-08-19,27.501629477183144,11.534649339964446,-1.75487744188273,-1.8562860955903844,-4.109117625601819,0.3125676683402796,-4.126935845229806,28.727144970713294,0.6161752383705749
2024-08-20,27.70388141352177,11.182726339917082,-1.6176918868154857,-1.9224888485051963,-3.9950855027162007,0.22917820806656053,-3.8766383099467543,27.501629477183144,0.5080868335007235
2024-08-23,28.670665023708313,12.134885716327723,-2.0659251200360718,-1.2203603898515283,-5.084598086329784,-0.18965928671854648,-3.574342833391821,27.70388141352177,0.5640717338770589
2024-08-28,28.930882632559328,9.759791240969768,-2.149128011522583,-0.07074974529109568,-5.56588872629672,0.5367066449395672,-2.510731402798914,28.670665023708313,0.6539069441810215
2024-08-29,29.146136390016196,9.719338231630097,-2.680018682712893,-0.6485119464734908,-4.804760387471141,1.584529257812271,-3.170576472784848,28.930882632559328,0.7421300386452845
2024-08-30,28.830241411029434,10.558589770769487,-2.936079345741039,0.41048686151141567,-5.192747566373576,0.10068522260399071,-2.9409349427702765,29.146136390016196,0.5596647265322615
2024-09-06,30.34080427144102,11.836827092820549,-3.5719521015911586,1.7879444561611706,-5.300813250992597,-0.656564879944467,-4.0954413164534955,28.830241411029434,0.6693944635864019
2024-09-09,30.077140003648378,12.553022883126161,-3.3891606451022627,1.2845758458342758,-5.426160422619056,-0.83076794196446,-4.191509719274645,30.34080427144102,0.6949140824237979
2024-09-10,29.9851694059595,12.834942190788759,-3.9352983217543205,1.3555347845693788,-6.455925167162974,-0.019803254755522914,-3.779450231685331,30.077140003648378,0.6508699424073369
2024-09-11,30.866850252756468,14.00342356603415,-5.263772540306833,-0.23975235778109294,-6.442863114329953,-0.08300218938665971,-1.974033364229598,29.9851694059595,0.7483439003995586
2024-09-12,29.661361120892135,12.228914739738663,-2.8273937121817365,-1.994422115166742,-6.317630494656733,0.17693013749322617,-1.2663985552266546,30.866850252756468,0.451373032468483
2024-09-13,29.47310218498755,11.316093970807813,-2.4423312809457425,-1.6891163053530747,-5.920727823974232,0.1304281024028704,-1.3943466629376502,29.661361120892135,0.5359775902207621
2024-09-16,28.370338945106298,11.229587459516054,-2.3458795856115,-1.0859416444887202,-6.625822358847511,0.16762660607690982,-1.3395704766452354,29.47310218498755,0.9027368403472112
2024-09-17,28.16610343824378,11.047619653103304,-2.2328815596201803,-1.367787431105988,-6.141282461623696,0.11130440397186803,-1.416972604725263,28.370338945106298,1.091475140374102
2024-09-20,28.21363912333341,11.155971021397036,-2.097639194382417,-1.4273700838838366,-6.563959640201212,0.17814039036136897,-1.2451424932909383,28.16610343824378,0.7284566052175603
2024-09-23,28.44040196390729,11.698142652598328,-2.2598683879567876,-1.1215574123884338,-7.387093818004786,-0.04578104644191683,-0.8838419878063526,28.21363912333341,0.5374544608112208
2024-09-24,29.552982237847687,10.438921554641595,-2.572999751453942,-1.5728290626287063,-5.283326491314519,0.0016728860839911874,-1.011439135328441,28.44040196390729,0.5724442906702394
2024-09-25,29.656715246417892,12.88782846264975,-2.6624940016984446,-2.274844152450129,-6.3125577366957515,-0.3461173251237959,-1.291815246681626,29.552982237847687,0.7375160728928533
2024-09-26,28.898222680087926,14.05096292410932,-2.799434890936581,-1.2180770502834477,-7.155938472734299,-1.3643174516206233,-1.5131950585343539,29.656715246417892,0.6456786728515769
2024-09-27,28.35299046566554,14.775433967965867,-2.8941636856152133,-2.272792885709606,-6.929787682470412,-1.2970462055170824,-1.3816435086535304,28.898222680087926,0.6077101183529777
2024-09-30,27.65265534369325,14.155945757303286,-1.298147851185826,-2.9168947071620224,-6.95680110420588,-0.9719086925289897,-2.012193402220552,28.35299046566554,0.8402720983266747
2024-10-01,26.022420549130192,14.60345715560858,-1.6438937852901958,-3.2929582886793014,-8.054599529740543,-0.6942787273478643,-0.9177268245506482,27.65265534369325,1.3819914666062079
2024-10-04,25.25725974569662,14.957351962431318,-1.7313052322668785,-4.122232210967169,-7.356557199266412,-0.08231476040756469,-1.6649425595233094,26.022420549130192,1.5469679354153152
2024-10-07,26.093203625308302,14.170813527151331,-2.279915337052717,-1.7279724763751858,-7.196692214276048,-0.6797665283392984,-2.286466971108114,25.25725974569662,1.2792374556830988
2024-10-08,29.56841858566544,11.277732008271144,-1.7804088889103795,0.6786219694213216,-4.479130200584123,-1.7449672597167023,-3.9518476284812216,26.093203625308302,1.7179088905650381
2024-10-09,29.015367416952163,11.126244246681004,-1.55329012395321,0.2004056107149239,-4.798898191086963,-2.173121888371165,-2.8013396539846145,29.56841858566544,1.955154803984094
2024-10-10,29.87950371413217,13.14797890239116,-2.996606292809667,2.7648490822387046,-8.955636359197854,-2.9429685416563203,-1.017616790966036,29.015367416952163,2.1316074332151813
2024-10-11,29.145113321234064,12.109519120533918,-2.909022458466504,3.469578349324749,-8.749731740420202,-2.5104080947881204,-1.4099351761838186,29.87950371413217,1.5190639072931498
2024-10-18,28.08948968461736,10.331099510955255,-0.266728526893667,1.7905528444952097,-7.569523480727192,-3.143396453227954,-1.1420038946016184,29.145113321234064,0.6799887295334216
2024-10-21,27.920011195164488,10.37322230041471,-0.4169278065653481,2.191009133185503,-7.689606779492706,-3.5554796523762047,-0.9022171951659317,28.08948968461736,0.80770199375813
2024-10-22,28.196753539633008,10.227600343255475,-0.7514830042726901,2.6456540531507855,-8.17127671903497,-2.7513535550676043,-1.1991411180310436,27.920011195164488,0.8380380698913052
2024-10-23,28.152124066060907,11.005655253368317,-0.6324499449204324,2.602797696830123,-8.586828845383685,-2.9771335784025137,-1.4120405814918016,28.196753539633008,0.4835926217597723
2024-10-24,28.172750385042118,11.402918032023777,-0.5355667450546164,2.1819863802208914,-9.116554094729324,-3.571327838664118,-0.3614557337966122,28.152124066060907,0.11144888906537788
2024-10-25,28.452233257152017,11.910759902594869,-0.9805920644927353,2.68275842894608,-9.269464811882031,-3.585957018842578,-0.7575044363236199,28.172750385042118,0.18894967666472745
2024-10-28,30.266597139707258,14.801829793033953,-2.4243016497731755,6.645219953537939,-12.04273188465691,-5.686854085374261,-1.2931621267675109,28.452233257152017,0.9129019364941896
2024-10-29,30.51625263454856,15.158801491204372,-3.6656202087845706,7.312241690098318,-11.984519853639654,-5.312950689386531,-1.5079524294919437,30.266597139707258,1.1772705529120664
2024-11-04,29.55561941428894,14.701415575542129,-4.040935151361591,6.859747936730031,-12.241626594678905,-2.283599574824935,-2.995002191406682,30.51625263454856,1.0518274841833526
2024-11-05,30.049668955244034,14.917732815692482,-1.708454146094473,5.406281978182115,-12.429994847369123,-3.107408664407984,-3.0781571360029787,29.55561941428894,0.8161136747358793
2024-11-06,28.29212203678672,13.861892303260412,-2.644566157678442,5.666399305278986,-11.193216194240641,-1.9548540255061813,-3.735655231114132,30.049668955244034,0.8811975412305649
2024-11-07,28.979637939270948,13.46028359245193,-0.6077491657983103,4.800169948112455,-11.72719455401565,-1.4100808891762249,-4.5154289315741725,28.29212203678672,0.875423870037333
2024-11-08,29.683069121319477,11.745184236894644,-1.1532349211533237,6.915250482004559,-10.960647244041965,-2.046328911751882,-4.500223641952028,28.979637939270948,0.687716110732602
2024-11-15,29.707523422386515,13.959732688156926,-2.8173985182284316,6.974779744969275,-11.096941599788526,-1.8705958986134483,-5.1495764164957825,29.683069121319477,0.7043223785081579
2024-11-18,30.64147672517367,15.707901696458201,-3.2901603950779332,7.087563368622305,-10.097543766782582,-2.641149665168097,-6.766611238051889,29.707523422386515,0.8805678059305182
2024-11-19,30.433996512312216,15.327393271397582,-3.528001950067127,6.960335428746703,-10.191315685424108,-2.015793018855195,-6.55261804579782,30.64147672517367,0.664364913625053
2024-11-20,30.467439763908303,15.624954982085143,-2.3508749316043858,6.524608177503794,-12.618888384778433,-0.8041125242886693,-6.375687318917432,30.433996512312216,0.45553444005001503
2024-11-21,32.84864744258125,14.634158023896589,-2.5108362863038636,6.001217893502059,-10.447331949907252,-1.0590908172741749,-6.618116863913359,30.467439763908303,1.189346710005441
2024-11-22,31.492758037819154,13.573944120861654,-2.0825323501153292,5.262182267353488,-10.490483518663098,0.15704666405329348,-6.420157183489993,32.84864744258125,1.0291286735729621
2024-11-25,31.46008282933317,13.160214603398806,0.8265810041031578,5.602217358110714,-11.521895347937058,0.7146308888468447,-8.781748506522437,31.492758037819154,0.9869110882818326
2024-11-26,31.63613842754316,13.378915364689824,1.518847878048721,5.5962349530919155,-11.848785286713962,1.3059825883035465,-9.951195497420073,31.46008282933317,0.8474069697383856
2024-12-02,31.61422136613184,12.589754950032017,1.221589515164311,5.726484362503619,-10.347989182963694,1.1092106379165791,-10.299050282652821,31.63613842754316,0.5853267112549116
2024-12-03,30.36854096070285,13.383953762406087,-0.06398850371109788,7.478438966107191,-11.756773872034735,1.286181804697108,-10.327812157464521,31.61422136613184,0.5341097388718208
2024-12-04,30.070089303494523,13.675427392845911,0.09625756364981441,5.9877072261579585,-10.642676835719154,0.4553787716087623,-9.572094118543294,30.36854096070285,0.750440882431939
2024-12-05,29.641983846226665,12.507525555212382,0.34533903087488227,4.90566921193458,-8.844874273872968,0.9588271570923439,-9.872486681241266,30.070089303494523,0.9127558079167836
2024-12-06,29.434212666772552,11.184118788233356,-0.8152547196699125,4.191520177750505,-5.937925895626417,1.0927283352785366,-9.715186685966094,29.641983846226665,0.8572902804574971
2024-12-09,29.06632539256604,11.0873063242243,0.08311501637745522,4.161231177396118,-5.88240936730223,0.9172623078219431,-10.366505458517583,29.434212666772552,0.5143316688856502
2024-12-10,28.871935362496064,11.237402561350898,0.28781946346506615,4.097652832494234,-5.962015830466662,1.0735845947072669,-10.734443621550815,29.06632539256604,0.47368442647357306
2024-12-13,28.448448529768438,11.54038747764119,-0.11635165262354619,4.246467010243002,-5.693568433291887,1.94018933989285,-11.917123741861566,28.871935362496064,0.46979681157383074
2024-12-16,28.59714500791897,11.117934649497535,-0.18389951234663826,4.347932654779754,-5.411024768040363,2.450003311951466,-12.320946335841754,28.448448529768438,0.3899077471983822
2024-12-17,28.599788688601965,10.972457330368321,-0.19734009098045746,4.474934705415222,-5.539837995650675,2.3243037153621326,-12.034517664514576,28.59714500791897,0.24812115536137913
2024-12-18,28.17114333902303,9.510318548477017,-0.3298441161213006,5.418695736719748,-5.372894376661552,1.7938147246349345,-11.020090517048853,28.599788688601965,0.2556519128129505
2024-12-19,27.55388600615656,9.370489265925457,-0.287249875322825,4.968993993020625,-5.660447188012661,1.8182017653443054,-10.209987960954937,28.17114333902303,0.43878721444990365
2024-12-20,29.45067326531038,6.327262452190894,-1.9574023022991707,2.6342905958242753,0.34744638520296434,4.658756863288271,-12.010353994207257,27.55388600615656,0.6933989982448019
2024-12-23,26.066525504349737,7.480534048124277,-1.665519704669336,2.651774009135387,-3.146308474520996,7.151849150188937,-12.472329028258255,29.45067326531038,1.2674619342316913
2024-12-24,25.888389420854466,8.003978389000288,-1.72914869728924,2.293915703311214,-3.073284017726383,7.718985823510517,-13.2144472008064,26.066525504349737,1.4902443070412665
2024-12-30,25.200376492473577,8.143811804775666,-2.5761773988550285,2.390406631803458,-3.285942691297006,8.530276820602655,-13.202375167029677,25.888389420854466,1.6968438695674604
2024-12-31,24.986583633273572,8.286984311774837,-2.613409821817136,2.6344226109347417,-3.366037059793559,8.290862030709235,-13.232822071808116,25.200376492473577,1.808535112062
2025-01-03,23.404270226417268,7.733479700220556,-1.2106403390285472,2.058802466666222,-4.63474285159451,4.957918678446859,-8.904817654710573,24.986583633273572,1.055194499801449
2025-01-06,24.642115150117775,7.515064897108573,0.5039394499074312,1.900185536019805,-5.421951391356684,5.69549808870098,-10.192736580380133,23.404270226417268,0.915113608758843
2025-01-07,24.061880153386443,7.36844842860566,1.1219364888331516,1.5642536489571555,-5.1527785697460295,5.325831946142014,-10.22769194279195,24.642115150117775,0.7300126385144903
2025-01-08,23.83079190986567,8.377517829331381,-1.5446748737985896,1.3175009476400277,-7.058421690754745,4.010943556157741,-5.102865768575848,24.061880153386443,0.6327818238752964
2025-01-13,25.400585079936544,7.562544347638834,-2.3358666702744326,3.667321670637996,-7.703302278652814,3.644270985549758,-4.834968054899335,23.83079190986567,0.7749800820508929
2025-01-14,24.755382901140717,8.222803972648435,-2.568676029438741,3.362071125417444,-7.859113922672137,3.763778296014939,-4.920863441969937,25.400585079936544,0.6182599751210537
2025-01-15,25.51138059509861,8.915924614106217,-2.6217979664661453,2.8317795428708052,-7.767477289516645,3.705733864227323,-5.064162765221514,24.755382901140717,0.7606287427574016
2025-01-16,24.966746470773312,9.261378606309336,-2.853628858633252,3.537837633492863,-8.593142401483135,3.48035088693217,-4.832795866618044,25.51138059509861,0.6694587750205226
2025-01-17,35.077127907216514,8.305609563783456,16.90592055840638,0.4996869219641624,-20.974111370648053,18.95629943897582,-23.693405112481734,24.966746470773312,4.446497758494949
2025-01-22,35.06115384394805,11.129563231020057,17.732184355807455,1.1242856310660585,-21.750198071296147,16.58814142294245,-24.823976569539898,35.077127907216514,5.479411405514645
2025-01-23,33.07066860385543,14.480426044667816,8.373929561012314,1.0057803256048103,-23.298192396239003,9.273526051533317,-9.83546958657926,35.06115384394805,5.088810002423176
2025-01-24,32.195191820724325,14.829405074697654,8.553627948738043,0.6752196243888662,-22.118927108951972,8.117131570891047,-10.056457109763615,33.07066860385543,4.167221905796562
2025-01-27,32.97527298319728,15.525379381266234,7.072493748120703,1.472520190672988,-23.440121865919817,7.932172290584205,-8.562443744724302,32.195191820724325,1.3164391203565917
2025-01-28,32.83702403916511,14.730659817011372,6.809164100470348,0.657933159534366,-22.895884694645684,8.066305451425627,-7.368177833795997,32.97527298319728,1.0803508655849012
2025-01-29,32.55227558381814,14.03762680568994,6.9362371778236565,0.5155701436264479,-20.473594396370977,7.898264412153644,-8.914104142922707,32.83702403916511,0.35538614997182655
2025-01-30,31.981738764645982,14.001381382938519,6.54532189723621,0.5517810427514291,-19.47588572827116,7.213458097934499,-8.836056692589487,32.55227558381814,0.41933297611698866
2025-01-31,31.691937791955855,14.090640308865382,6.452117230618935,0.6170119205847655,-19.125679261004294,6.85803360151327,-8.892123800578055,31.981738764645982,0.5525212261080746
2025-02-03,30.634651367483556,13.328170040842103,5.917079891837918,0.02158375955407621,-16.349464247095046,6.87771407927746,-9.795083524416503,31.691937791955855,0.8583042041750215
2025-02-04,30.334160959288322,13.299274810158344,5.229211903264197,-0.007722512833595374,-16.07181707354693,6.817810760988223,-9.266757888030254,30.634651367483556,0.9308022663527123
2025-02-05,30.647444294596937,12.959200736786975,5.134631680190395,0.26630802793314245,-16.250936660728577,6.488946812414561,-8.598150596596465,30.334160959288322,0.7291936363606699
2025-02-06,30.275418971620827,13.59744730917133,5.171838873093456,0.1670365121874795,-16.000844098254372,6.463021024957975,-9.398499621155864,30.647444294596937,0.5708945048759982
2025-02-07,29.36169188513499,12.872154576651361,5.494504765495535,0.17801364166576406,-16.235836408777914,6.490271980407261,-8.799108555441993,30.275418971620827,0.5250563950549552
2025-02-10,29.52694061080652,12.07392682567383,5.377543931539321,0.37438904221684055,-16.174251876893393,7.204914462477749,-8.856522385014365,29.36169188513499,0.5553563113783943
2025-02-11,29.936156819355556,9.197897764144358,5.208337298597911,0.5392465946149514,-13.749531028555982,5.7829567874106935,-6.978907416211879,29.52694061080652,0.5285835476844939
2025-02-12,30.300215195490978,10.023601044121193,4.633395606102251,1.8343151444416321,-14.62418365299374,6.188497525095325,-8.055625666766685,29.936156819355556,0.42702012843727144
2025-02-13,30.8749227794417,9.00026272212996,4.199491976181722,2.1194916498538987,-12.699120552251863,5.885734675296138,-8.505860471209868,30.300215195490978,0.6105156466978707
2025-02-14,30.756819064345965,8.415270027610042,4.0174966547348205,1.5568099050484605,-12.194770032170798,5.915468788895183,-7.7102753441177025,30.8749227794417,0.5628098863343541
2025-02-19,30.919598836962617,8.546214063108984,4.08007259501586,1.3963933452546868,-12.425938320387441,6.122853100804225,-7.71959478379628,30.756819064345965,0.4254008955575523
2025-02-20,31.33133466189834,8.655922066261617,4.889420281011677,0.9205841082532089,-12.464760582256583,6.63824588327347,-8.63941175654335,30.919598836962617,0.36986263728872126
2025-02-21,35.40497799106311,9.117070918381472,3.683154062422389,1.9476657403484623,-17.766089368678838,9.658362359133399,-6.640163711606885,31.33133466189834,1.9948724999039462
2025-02-24,36.24299327911674,8.609822038035887,4.268941022894232,1.5763364520840355,-18.181747765640687,10.785040745390397,-7.058392492763865,35.40497799106311,2.665595292328911
2025-02-25,39.42751903257234,5.5296493377607305,4.366367030161179,5.433884779932747,-9.329944787059219,11.508277202506825,-17.50823356330222,36.24299327911674,3.565829910585616
2025-02-26,39.120331312816106,5.3085344529050005,4.133091832744306,5.400871009834141,-9.409685985049002,11.23903254342924,-16.671843853863656,39.42751903257234,3.2873791204100344
2025-02-27,38.89041843431459,5.4023586900708125,4.200271866075774,5.311944230450152,-6.672508646970211,11.268760526524076,-19.510826666150606,39.120331312816106,1.8533765282456354
2025-02-28,38.07567253433921,5.525574912991928,4.8578982910949335,5.1609354915850005,-6.6707768351013215,10.034278546725083,-18.907910407295603,38.89041843431459,1.2807451877475287
2025-03-03,36.131108181461805,3.5088656966983507,2.671103224268805,2.1485734065247044,-4.122580221064897,8.979562216850766,-13.185524323277733,38.07567253433921,1.326936624364553
2025-03-04,35.60889278602856,3.4947596881864555,3.1022286896776556,1.5916921454485404,-3.9085282635666907,9.104787216917813,-13.38493947666375,36.131108181461805,1.6061582059894817
2025-03-05,35.42589160064272,1.9244381601330147,3.1084266763686124,0.09658564746833065,-1.7182895496180883,8.996028533012876,-12.407189467364688,35.60889278602856,1.5610919469924573
2025-03-06,33.88599725389647,2.037358985823623,2.3826317178493817,-0.1854642523596155,-0.12426533154173924,8.430995808555934,-12.541256928327593,35.42589160064272,1.5103765469425958
2025-03-07,33.66970018179395,1.5779934179303936,2.404962487371872,-0.26436061416236356,-0.05000361799951669,7.8465521405769465,-11.515143813717323,33.88599725389647,1.0984918181301586
2025-03-10,34.981087832065946,2.4572265107669224,1.601536972784313,1.6760376940366797,-0.4175212975496052,7.628664244070599,-12.945944124108934,33.66970018179395,0.8881313000741393
2025-03-11,34.77238958634214,2.400072822289488,1.6590295961764454,1.6388113395807054,-0.21436452102471293,7.544364878479918,-13.027914115501837,34.981087832065946,0.7446916740766066
2025-03-12,35.13609983629312,3.859715625398465,0.8964519793097665,1.8345376526858388,-0.9315521236829447,7.184945339069017,-12.84409847278016,34.77238958634214,0.6663450268205732
2025-03-13,34.79178745932946,2.861070784671874,0.8935632474725601,1.555611135896882,0.1163527349818061,6.297433167517816,-11.72403107054092,35.13609983629312,0.5787788888674775
2025-03-14,34.9417608821017,3.2624583778138714,0.5571290838108247,2.4458385287205786,-0.02628765807932787,5.838017991154331,-12.077156323420276,34.79178745932946,0.14918506093733544
2025-03-17,35.17268468823235,3.9684079894957023,0.3104601274259693,2.257040991286871,-0.15473076689059972,5.610478476840662,-11.991656818158628,34.9417608821017,0.1871018241514032
2025-03-18,35.10352808499305,4.223120022382133,0.21208468926255009,2.0483590094639226,-0.4351669210464131,5.554814842965648,-11.603211643027809,35.17268468823235,0.15933487135120125
2025-03-19,35.0163073392629,4.102808558644021,0.21320253771481745,2.0336408568838635,-0.44004326976639874,5.695210161527164,-11.604818845003464,35.10352808499305,0.14782788922702578
2025-03-20,34.73268314646081,4.2981596892241996,0.2977473493251743,1.9383237775877546,-0.6191920920938685,5.884838965785626,-11.799877689828897,35.0163073392629,0.16987923408228098
2025-03-21,34.50552267265185,4.257616124838314,0.3633954749651309,1.8833576244861163,-0.5508556633410322,5.913828938905546,-11.867342499854104,34.73268314646081,0.2796097693385618
2025-03-24,35.46851249686465,4.7363751103888845,-0.4232455871882692,3.312884668077686,-1.5820153505094225,5.7289518076215415,-11.772950648390392,34.50552267265185,0.3675722241463746
2025-03-25,35.266153554980185,4.7215789635146805,-0.4776787754712437,3.229158959583714,-1.4345093211346374,5.7113932875677165,-11.74994311406019,35.46851249686465,0.38940670044602516
2025-03-26,34.745535691931074,4.2920607298970666,-0.5912935755941113,2.1454487254294605,-1.5420408992562358,5.589189720575817,-9.893364701052,35.266153554980185,0.4047224437644935
2025-03-27,34.13087852034998,4.224515494077316,-0.45166929069543116,1.9787387188930907,-1.4371542964800916,5.372947387390823,-9.687378013185707,34.745535691931074,0.5474704690701288
2025-03-28,33.002093659162256,2.6109126533244975,-0.49639189289100116,1.559372579388132,0.935544859939764,4.437892509132567,-9.047330708893941,34.13087852034998,0.9953275726715943
2025-03-31,32.62401350888699,2.747396799790309,0.08046183487115854,1.7004084835985793,0.3951955580868116,4.4014523205135845,-9.324914996860457,33.002093659162256,1.124116443203168
2025-04-01,32.23552378892232,2.9001255694912516,-0.021765120930417936,1.3835012937491271,0.40497947635034137,4.470531028226567,-9.137372246886851,32.62401350888699,1.0544447567004644
2025-04-02,31.49172216069731,2.372887105364029,-0.15922651846417324,1.6667066388736913,1.185507909761263,3.925567800055095,-8.991442935589909,32.23552378892232,0.9772501758882477
2025-04-03,38.86552648298174,12.791787435967159,-4.311246985611639,8.617577649997777,-7.698689651703063,-0.30365879321264444,-9.09576965543761,31.49172216069731,2.972072504524642
2025-04-04,41.102315626343284,18.173046582488475,-12.171043366631743,13.057606665217897,-9.52382407439234,-4.017134973666856,-5.518650833015457,38.86552648298174,4.399664735244119
2025-04-07,40.74556444333097,15.954322616452004,-8.551948997429804,11.53922224208501,-10.03220349886389,-1.7067058199973673,-7.202686542245928,41.102315626343284,4.672184177454567
2025-04-08,40.59421271257789,14.570834124647178,-7.965387973204919,11.409588958104244,-8.440938065013892,-2.3249670605645996,-7.2491299839679755,40.74556444333097,4.04450182341879
2025-04-09,45.69434931544669,19.147590808004722,-14.10754673217821,11.316604996250774,-11.168146999885408,-3.1249976811510543,-2.0635043910407944,40.59421271257789,2.551038333365727
2025-04-10,48.19784876112428,19.482135456488102,-14.54362581635906,11.103672237153802,-9.680001679389349,-5.048435245369365,-1.3137449525241465,45.69434931544669,3.478238839251052
2025-04-11,48.408027309856685,18.344399637058935,-10.947635701587167,10.26143709318486,-9.710873100632277,-4.5707904600204685,-3.376537468003889,48.19784876112428,3.8556540536757344
2025-04-14,47.889166625904465,17.508117436765204,-10.29397134713302,10.590831182267884,-9.858431259108308,-4.09587998230062,-3.850666030491176,48.408027309856685,3.2936012397930394
2025-04-15,47.202950366332686,16.735704930758402,-8.55963069915514,10.106196076833328,-10.428987283700856,-3.3123686301731574,-4.5409143945625985,47.889166625904465,1.0965003418113985
2025-04-23,47.09078553642783,16.781881972943992,-8.939894491370705,10.553249472023268,-10.11563058511907,-3.3167298729089296,-4.962876495568587,47.202950366332686,0.5887406173019133
2025-04-24,46.46643163694487,18.365012604774165,-9.197702223487259,8.963484436099186,-9.692738816509731,-4.048654271293639,-4.389401729582751,47.09078553642783,0.7517873716435275
2025-04-25,45.89121201728744,18.929421536002017,-8.707319103308233,7.223856553704017,-9.246204269368143,-3.8982098702268786,-4.301544846802777,46.46643163694487,0.7602523561444794
2025-04-28,45.16850569766385,20.196084838472842,-10.261986559865697,5.984564718141527,-8.571624759768234,-3.991267073898907,-3.3557711630814993,45.89121201728744,0.8507764504057922
2025-04-29,44.75981509601271,20.562872042950417,-10.394696573446794,5.526699128118295,-8.251846001113108,-4.113152862860758,-3.3298757336480946,45.16850569766385,0.9448491464377724
2025-05-02,44.01402805921868,19.755091632554937,-9.916823824420117,4.803691572417804,-7.866484092372524,-3.516673658986413,-3.258801629193634,44.75981509601271,0.9571974885217802
2025-05-07,43.595767641819585,19.537410980066888,-9.660267160595868,4.417333544152633,-7.6501909349841455,-3.5188977267508115,-3.1253887018886743,44.01402805921868,0.9125444122251514
2025-05-08,45.552766875942034,20.56477146752242,-12.364534894650191,4.859695475283601,-6.810819950998699,-3.9929833254987095,-2.2561287716584175,43.595767641819585,0.8072636032098576
2025-05-09,44.23830136204745,18.104190423436492,-11.438256579300432,4.6641582296552,-5.874842621660349,-2.2906114093186645,-3.1646380428122214,45.552766875942034,0.7541692942665706
2025-05-12,42.79966768842089,18.915739969267165,-10.54205431175592,5.470468381179394,-7.074044245369649,-2.278538439932678,-4.491571353388366,44.23830136204745,1.007996548545847
2025-05-13,42.96518130056851,18.838898395152754,-11.485570450438107,6.173793994925809,-7.25802006046159,-2.4373302987054206,-3.831771580473429,42.79966768842089,1.1179217320686294
2025-05-16,42.536842255105874,16.916100967987035,-7.270920088723564,5.3381966063601425,-10.163332933912006,-0.8240574028563259,-3.995987148855278,42.96518130056851,1.264203031251151
2025-05-19,41.80075171729736,17.29877304726761,-6.6940390286669,6.186974988176679,-9.387245640320163,-2.0196246306999655,-5.384838735757214,42.536842255105874,0.8860761212991751
2025-05-20,41.370381504045085,16.484344613578827,-7.206003186662244,6.953274538591955,-9.230606339864,-2.006453871012127,-4.9945557546324295,41.80075171729736,0.6821876408196581
2025-05-21,41.82149647059169,16.81421290497243,-7.523927277190701,6.996695519774761,-9.452842877616533,-2.3999384843142444,-4.434199785625694,41.370381504045085,0.6400822254561467
2025-05-22,41.41271541734434,16.883357567162264,-7.661044527148864,7.152575891866732,-9.76418823821809,-2.390238011940827,-4.2204626817211945,41.82149647059169,0.4683193654168348
2025-05-23,41.32715859446102,17.06249007228989,-7.864106692908734,7.176547784792994,-9.691827597957392,-2.4817410220865277,-4.201362544130269,41.41271541734434,0.2435639987461007
2025-05-30,41.34644820908884,16.875659524614292,-7.7988679374713,7.0652198578149665,-9.55315335407698,-2.2881327631227073,-4.300725327758272,41.32715859446102,0.20699807171412865
2025-06-02,39.75774571097235,16.760836725881042,-7.337962759496975,6.642599243244817,-9.184129416038743,-1.9050637089427127,-4.976280084647421,41.34644820908884,0.7948034502727447
2025-06-03,38.35837654899505,15.926585961968144,-8.017978345030295,6.396609073129774,-9.203800123634402,-2.220291755646919,-2.8811248107863463,39.75774571097235,1.3558668741987483
2025-06-04,37.88628914153576,16.138925996701893,-7.54528334299347,6.410780584484563,-9.587276819287325,-2.2934198913216353,-3.1237265275839547,38.35837654899505,1.6159420970884382
2025-06-05,37.605373174239084,15.959710416352095,-7.34359246935167,6.404876061895457,-9.691035078435974,-2.2174548806632277,-3.112504049796719,37.88628914153576,1.5553613201687027
2025-06-06,38.89450845587218,17.59086830923105,-7.787588174423387,6.138752084845535,-10.435276032491512,-2.000615001393701,-3.50614118576798,37.605373174239084,0.8565359771583366
2025-06-09,38.25096453803705,17.793144592092908,-9.023458056595535,6.5649071136967265,-9.641336097214406,-1.536889563763511,-4.156367988216253,38.89450845587218,0.49041157374081973
2025-06-10,36.158567509347385,16.31090303547795,-6.03637780285654,5.6961145428361775,-9.800963363956448,-1.9114963796662767,-4.258180031834868,38.25096453803705,1.0164394159926056
2025-06-13,37.88105284581535,18.856899975828185,-7.994926555812132,8.378986963511132,-9.171038013787054,-3.392573619156037,-6.677348750584102,36.158567509347385,1.0162783459098461
2025-06-16,39.022148247810044,20.665206701632435,-9.632878891049668,10.610214921289923,-8.582901226272675,-5.2770237940336635,-7.782617711566342,37.88105284581535,1.1515584922945439
2025-06-17,37.029557588504794,19.627837000117964,-8.984435805636881,10.888036033815894,-8.255015928754652,-5.817242171712966,-7.459179127829284,39.022148247810044,1.1073561703342556
2025-06-18,36.8190317162485,17.75792318810413,-9.599395329971738,12.472550674796636,-5.943374748569738,-6.5705026011391485,-8.117201183220146,37.029557588504794,1.1042051432144013
2025-06-23,38.93168312962042,20.558959736809086,-11.125457291763333,14.690148818529373,-6.3446219633853005,-10.867516990101443,-6.91151231008832,36.8190317162485,1.029972776311065
2025-06-24,39.892673789317925,21.74686718006403,-15.306015850718257,17.218164364834898,-1.859791820647139,-16.757687490201555,-5.041536383331978,38.93168312962042,1.3469233529680396
2025-06-27,36.9636739490869,14.352856577024923,-9.801302545091229,8.933945626268859,-4.529201523232118,-2.5147106620010184,-6.441587472969391,39.892673789317925,1.3994869409965303
2025-06-30,36.58537986665194,14.056555222455941,-10.10466323755622,8.884022243528399,-4.557756597959916,-2.273372845421605,-6.004784785046567,36.9636739490869,1.4823651355584786
2025-07-01,36.42312250100414,14.741131654427548,-9.94300285937181,7.589315933656017,-4.165160878804002,-2.465049069190796,-5.757234780717002,36.58537986665194,1.5590257798172495
2025-07-02,36.34918686937603,15.405782933546902,-9.83844165119012,7.83882026023764,-4.768180735519358,-2.4700696503330057,-6.167911156742056,36.42312250100414,1.5001965965042978
2025-07-03,36.91694330798011,16.20329303553501,-10.277429035250684,8.726383598734401,-4.783802859181385,-2.765106602652269,-7.103338137185045,36.34918686937603,0.28096282188812544
2025-07-08,36.75191317927826,15.773669234452576,-10.30634810606129,8.444648120239655,-4.815501057679512,-2.6675838983869262,-6.428884292564508,36.91694330798011,0.23334328994940112
2025-07-11,35.94504589222989,14.859363246060582,-9.732462252222064,8.067935374951894,-4.842034259752893,-2.671356527064816,-5.681445581972732,36.75191317927826,0.377935586687436
2025-07-14,35.92535421539092,15.22835435541208,-9.936561265057687,8.125621697148254,-4.569119248946137,-2.8793487941153106,-5.968946744441195,35.94504589222989,0.4537174595900375
2025-07-15,35.88605290309663,14.738911669184724,-9.67684806438788,7.567480305797432,-4.753123301178711,-3.0335818320256553,-4.842838777389957,35.92535421539092,0.5053298215593953
2025-07-16,36.01503821414942,14.68076429910436,-8.860278127564357,7.3069603373550365,-5.327254698848137,-2.4253912619670235,-5.374800548079883,35.88605290309663,0.36482359813083143
2025-07-17,34.54432223887816,16.250872961388502,-10.846830713739571,7.870682444581931,-5.545164881680535,-2.12581173051427,-5.603748080036064,36.01503821414942,0.6271967239909285
2025-07-18,34.62530248053851,16.25089192987111,-10.344132132488063,7.734732594467552,-5.56799670302204,-2.0292637999675502,-6.044231888860995,34.54432223887816,0.745461949018717
2025-07-21,34.46245957392141,15.153884002416731,-10.013696704420227,8.311438862692185,-5.027885943527302,-2.1372520183000177,-6.2864881988613615,34.62530248053851,0.7738745509313459
2025-07-22,33.20494668608558,15.021749087520874,-8.611585438603377,8.585697114491296,-5.392934613945421,-2.070511433958112,-7.532414715505253,34.46245957392141,0.9958398200609901
2025-07-25,32.95337678076895,14.756481017660342,-8.414129589445553,7.846151943517633,-5.636073709876442,-2.6144888368733525,-5.937940824982568,33.20494668608558,0.8093057059936312
2025-07-28,31.912604734457474,12.804504408860943,-8.144496225362229,6.396726118309346,-4.756029411170822,0.4134599342693992,-6.714164824906598,32.95337678076895,1.1263894493863493
2025-07-29,32.26611086806286,12.276932892654543,-8.530625802908075,6.01494702734184,-4.87340277302134,0.7047048052834839,-5.592556149350436,31.912604734457474,0.9869075991133862
2025-07-30,33.078661379615106,11.208440439791083,-7.608269850188908,5.02256471574654,-6.641758231271673,3.363593160043699,-5.3445702341206935,32.26611086806286,0.5633349779175101
2025-07-31,33.566928470410815,11.238450064193437,-7.353621655543419,4.808191648769039,-6.956813712755654,3.2026647740370784,-4.9388711187004946,33.078661379615106,0.6618116810546792
2025-08-01,33.991660729539504,9.79433600905881,-7.085072987519634,5.1084100167842195,-6.7309025471302135,4.539914130853148,-5.626684622046296,33.566928470410815,0.869660068357836
2025-08-04,33.79562397235079,9.70857481146227,-7.328526252863799,4.967091310816826,-6.651094021866491,4.511562148299156,-5.207607995848019,33.991660729539504,0.6901606656436509
2025-08-05,33.586117141627454,9.536412594826913,-7.2910670140584255,4.993630860375987,-6.657919620542579,4.482981795678807,-5.064038616280687,33.79562397235079,0.3408354242388006
2025-08-08,33.50368435645988,8.683438515707792,-7.116087858623354,5.06983852075966,-6.5711501871095095,4.997636620253376,-5.063675610987984,33.586117141627454,0.2017425482704684
2025-08-11,33.51127763272259,9.095562240578701,-7.209594921846106,4.9658798490057166,-6.438445469846151,4.609492323258079,-5.022894021150236,33.50368435645988,0.21144897003218846
2025-08-12,33.48760496803621,9.136424854609729,-7.258456528616277,4.989734928879237,-5.992792863082698,4.477264427548922,-5.352174819338929,33.51127763272259,0.12802885679529677
2025-08-13,33.26551734124076,8.96828251384543,-7.144402437911712,4.83687940046449,-6.282800636274757,4.5740287521328185,-4.9519875922562795,33.48760496803621,0.1208731066267324
2025-08-14,34.09188298135677,9.209939535241382,-8.153912970570598,5.909227277422438,-5.523168582443489,4.146077252279291,-5.5881625119290295,33.26551734124076,0.3080936094221372
2025-08-15,35.4636957704011,11.47759957934555,-9.964442594347966,6.698234837663854,-5.1320450718923,3.5529109187868215,-6.632257669555952,34.09188298135677,0.8923605288063123
2025-08-18,33.78625971767848,11.01096805769248,-9.94932729758854,5.726172250341129,-5.395903675219635,3.942961858005777,-5.334871193231194,35.4636957704011,0.8655551157692232
2025-08-19,32.70403990303601,10.240507713527741,-9.293848046935338,4.590385134977602,-5.237845407372824,3.4697378218391037,-3.768937216036272,33.78625971767848,1.03931165623683
2025-08-22,31.710825326263148,9.262196112389141,-9.551981879500026,4.176879677059063,-5.561416289008136,1.2669403100096002,0.4073820690503327,32.70403990303601,1.4238934563007255
2025-08-27,31.38412710383108,9.137505344879052,-9.364228775956509,4.048307581274379,-5.593440108124639,1.271837813856667,0.5000181440710683,31.710825326263148,1.661936442065755
2025-08-28,31.296274463217134,9.058173275056731,-9.160286167569744,3.8720973626845634,-5.577966902644313,1.4038176634169393,0.4041647690558037,31.38412710383108,1.0593782625157757
2025-08-29,31.02560862628921,9.014872906252386,-9.028838660744189,3.77299150662801,-5.8151682298500305,1.3612709748004779,0.6948715029133412,31.296274463217134,0.6513524288087936
2025-09-05,29.68806130086792,8.624870861940167,-8.727446177677322,4.3376553544218766,-6.756068225097842,2.018723179852122,0.5022650065610419,31.02560862628921,0.7842581075985089
2025-09-08,29.421336864638103,8.30253487538053,-8.08055101340236,4.760435860193034,-6.44564672155856,1.4762328759440955,-0.01300587655669272,29.68806130086792,0.9347272742217212
2025-09-09,28.61546292607137,7.787253035017102,-7.143745158213456,4.036536410924612,-5.7463213203088515,1.7991306213103737,-0.7328535887297427,29.421336864638103,1.1270385108698158
2025-09-10,27.500216355934032,7.6173474266206185,-6.767686630802583,3.775485955177075,-6.2042174089953335,2.5898141630665403,-1.0107435050662694,28.61546292607137,1.3075186445457927
2025-09-11,28.1440211831714,9.332823080533714,-6.819072570584716,3.5839299990584124,-5.6117299438785295,1.4143778498712845,-1.900328415000141,27.500216355934032,0.9012359190373979
2025-09-12,28.25266112609938,8.536341538207104,-7.000107156766411,4.095734862524459,-5.0020541150263895,1.3050326589516335,-1.9349477878903745,28.1440211831714,0.7045421543774298
2025-09-15,27.226372651217858,8.101403796828215,-7.57342974179861,4.666820701701724,-4.3959335006129905,1.1764225397043138,-1.9752837958226683,28.25266112609938,0.569650192147622
2025-09-16,26.404029742770785,7.570651104325798,-7.368119349266788,4.1045457972481145,-4.335429373891376,1.5078302444882725,-1.4794784229040125,27.226372651217858,0.7511883523928612
2025-09-19,25.946748831588923,5.598471704560026,-5.73061573234701,3.9529091328446313,-3.815325113332513,1.7761784687692517,-1.7816184604944052,26.404029742770785,1.0251874416587183
2025-09-22,25.551934861030617,4.809791416669064,-5.8331694104928005,2.447884709664791,-2.0966888924230247,2.093571718303332,-1.4213895417213411,25.946748831588923,1.0791278046755228
2025-09-23,25.714854508167956,4.933912032506669,-5.947827498313474,2.4762922467346655,-2.672701009769675,2.8036192510806135,-1.5932950222388058,25.551934861030617,0.6726233668251075
2025-09-24,25.640256596721755,4.692947353023662,-5.733176213897284,2.785418701276818,-3.029723231550186,3.0624222414172957,-1.777888850270303,25.714854508167956,0.3418320032719167
2025-09-25,25.634186882349265,4.921362913021092,-5.796302117020135,3.001696871151715,-2.9118557714853743,2.7249915280882275,-1.939893423755512,25.640256596721755,0.15074869846768404
2025-09-26,24.760081233346966,4.665546177819564,-5.846316500981751,3.261516980222744,-3.060275453174299,2.9516879565672163,-1.9721591604535007,25.634186882349265,0.39563944576860827
2025-09-29,24.437305656518152,5.751104958811872,-6.171683134569017,3.75252985239495,-3.382380272312499,1.8427188709893905,-1.7922902753146221,24.760081233346966,0.5949118040721726
2025-09-30,24.15903760670264,6.138357445871648,-7.523406431107804,3.845813480749193,-3.330288577302756,2.6998175391490298,-1.8302934573592893,24.437305656518152,0.6830581063894778
2025-10-03,24.590624928674504,6.500842551865027,-9.176367208242176,4.784343105900831,-3.643862421600506,3.2049801506426325,-1.6699361785657674,24.15903760670264,0.5587053233809649
2025-10-06,23.880586258156246,4.457215914032041,-5.812763548975375,4.437730171960787,-3.661048817872267,2.21582939610665,-1.6369631152518442,24.590624928674504,0.34974979939646483
2025-10-07,23.815553044805768,4.122700764758534,-4.827292887075341,4.183231935094241,-4.496889750582056,1.6835935791895906,-0.6653436413849745,23.880586258156246,0.33825713424006737
2025-10-08,23.402604885796723,3.897041748842156,-4.082145916198843,4.201544983828718,-4.422315650971299,1.0656144661448383,-0.6597396316455626,23.815553044805768,0.44008405616014257
2025-10-09,23.364625820714554,4.38075676522773,-4.075652130941687,2.5381956284821214,-2.990511524579045,1.2990926635544024,-1.1518814017435703,23.402604885796723,0.4946499474754242
2025-10-10,26.45072988181766,4.506355945954503,-6.741027986859471,3.2682034584681006,-0.5980126158683596,1.8920204736256325,-2.3275392753204347,23.364625820714554,1.2891686102456292
2025-10-17,27.156634915780618,4.547337888717216,-7.120231208807201,1.2411555788643156,4.600375249170874,0.6105515079222634,-3.879189015867434,26.45072988181766,1.820271540334802
2025-10-20,25.39031819514334,3.742070483656285,-5.469111012883211,2.1281217223086344,0.22592168181859762,-0.7141951143070475,0.08719223940674148,27.156634915780618,1.733287404551422
2025-10-21,26.317495994832612,5.962997226688252,-6.497494826483631,2.8888360787456406,1.0393599804474398,-1.8554672158889183,-1.5382312435087915,25.39031819514334,1.467147858999403
2025-10-22,26.035798737286356,6.051873930957811,-8.954261409735121,3.9317985351755596,3.4381922520757797,-1.948939537923744,-2.5186637705502886,26.317495994832612,0.6422092244048818
2025-10-23,26.09069603132343,6.796444565865258,-7.792003469620878,5.5188089404670535,3.6040388406863606,-3.733286568884621,-4.394002308513167,26.035798737286356,0.6370701110479038
2025-10-24,25.81983823352245,6.485680462664973,-7.425473904402625,6.482548074302478,3.936190827462415,-3.715950089977172,-5.7629953700500725,26.09069603132343,0.3501993570608008
2025-10-27,25.46733807484361,5.232053559172968,-6.3960785178647335,4.428904061750536,4.910279592517707,-2.4607741164420656,-5.714384579134412,25.81983823352245,0.3209531844251435
2025-10-28,25.410336322037782,5.677236267775285,-6.231282210373956,5.251220851373127,4.454330921594373,-2.852395088882931,-6.2991107414858805,25.46733807484361,0.3149626334522505
2025-10-31,24.262187393387094,3.328542630550274,-6.353801158197269,4.585596592921277,9.770548223269548,-2.8816665806301707,-8.449219707913702,25.410336322037782,0.6985835635723733
2025-11-03,24.06846178334578,3.3269667500098947,-7.237556211106777,4.363342855064786,10.0800413114988,-2.0069939083086963,-8.525800797158023,24.262187393387094,0.7859528892697367
2025-11-04,25.001910616287745,3.814846229124221,-6.613003247892836,4.646106494698394,10.637425358986773,-2.7128411740702694,-9.772533660846317,24.06846178334578,0.6469484733020424
2025-11-05,24.569761562612427,0.796813795901727,-7.53041031331747,0.927262226949793,16.678774805271825,-2.947962746720224,-7.924477768085627,25.001910616287745,0.5468525234589624
2025-11-06,24.308325202712414,0.652203216308699,-8.927279757567385,1.539438435892599,18.262346012615595,-3.155761602212314,-8.370946305037174,24.569761562612427,0.3604008725445784
2025-11-07,22.89387308821397,1.6582147153052489,-8.249366879060382,3.5703292408075598,14.210558964569552,-2.629511077003121,-8.560224964618843,24.308325202712414,0.7921200331527484
2025-11-10,23.45448919233168,-0.21911205328703431,-8.919370364242306,4.03224422532309,23.679480942080858,-3.0886448884954287,-15.484597861379179,22.89387308821397,0.8564733958329215
2025-11-17,23.341791632673424,0.8559010932931983,-8.052990439221652,4.404328986371937,20.444961119205306,-1.8157096332104494,-15.836491126438357,23.45448919233168,0.7007215493710153
2025-11-18,21.60861254740009,1.0878126541593858,-6.035248639454837,4.589035518571443,12.396070209832065,-2.2811398140601735,-9.756529929047874,23.341791632673424,0.9885098240880233
2025-11-19,21.692982456496527,1.399455165982772,-6.134973417448986,3.728139037715863,11.873666697882902,-1.7202742954719241,-9.146013188660607,21.60861254740009,0.8905453788835443
2025-11-20,21.61573630311054,1.319376968723283,-6.040483753430648,3.210859140475833,11.582161969458603,-2.0881816663481647,-7.983732658878928,21.692982456496527,0.9648513858535189
2025-11-21,21.55128090702716,1.753747281330142,-5.798509118617101,2.834833098274217,11.288880577261716,-1.4274558034274234,-8.651496034821525,21.61573630311054,0.7729273524157337
2025-11-24,21.141214035793343,1.4508345447839872,-8.443855438365933,5.565386415989288,8.17639963574446,-1.6594396484927003,-5.089325509659137,21.55128090702716,0.2187341676106654
2025-11-25,21.236572817961303,2.708936302156829,-7.789779940597418,4.454330588079813,7.772521043534454,-1.3486041515073488,-5.797403841666361,21.141214035793343,0.24374008613565995
2025-12-02,21.223346994701203,2.773779830814462,-8.788174757282674,4.491054603986086,8.212343903815533,-0.9077201803024728,-5.781283401030901,21.236572817961303,0.2142207870127485
2025-12-03,21.01505636066238,2.576035129626746,-8.659375691694592,4.401645356050594,8.315476066738348,-0.9318311638751524,-5.701949696845908,21.223346994701203,0.19832520841781065
2025-12-04,21.36498355307501,3.9026955674064254,-8.505350708375415,4.583223779416784,6.885642813868065,-1.383390951822216,-5.482820500493645,21.01505636066238,0.1291232742594109
2025-12-05,21.408644589762357,4.067020873224699,-8.183982131995826,3.800984205755853,6.595869934814624,-0.6192518176307154,-5.660641064168615,21.36498355307501,0.1536864659903449
2025-12-08,21.278159961975692,3.6739615566015047,-9.07417751603865,4.878029170885931,6.372941425056165,0.1873535644168145,-6.038108200921755,21.408644589762357,0.15392216575905512
2025-12-09,22.033259510651902,5.01620398379643,-7.529370485082243,3.773402890341984,6.205540265124654,-1.4213964588750017,-6.044380195305843,21.278159961975692,0.37528020445790206
2025-12-12,22.07391006762012,3.5490360576498787,-7.756838415416189,3.009883019534975,5.973106277956376,0.7619103908934175,-5.537097330618511,22.033259510651902,0.38816287824062
2025-12-15,23.35439743938092,6.2383118355308085,-8.176015299458996,2.298376825292344,4.828727088137597,-0.16359008249149376,-5.025810367010264,22.07391006762012,0.8226956840360794
2025-12-16,27.065737743919126,9.326060421807412,-8.426690261764593,2.1961810444829695,3.6311942081083686,-1.4688728312338881,-5.257872581400269,23.35439743938092,2.306676674152982
2025-12-17,24.753649089013894,8.49695091630354,-7.650500882518507,3.499502946874827,3.872641097810302,-2.448717100593111,-5.7698769778770975,27.065737743919126,2.1129376846696553
2025-12-18,24.71426679225763,9.300603593447995,-8.191491005477213,3.46307694965072,3.4269127957886187,-2.960697539541469,-5.038404793868677,24.753649089013894,1.8596826820334886
2025-12-19,24.232617819457772,9.083295425233892,-7.214133403278888,3.4118315516860704,2.6705307947658667,-2.903680836853784,-5.04784353155312,24.71426679225763,1.3740308602993776
2025-12-22,24.23698382578746,8.65640139418511,-7.704635103359269,2.7385824360378948,2.6284457287315313,-2.0953212061330397,-4.223473249462218,24.232617819457772,1.181172260696964
2025-12-23,23.981729487200663,6.684409800817349,-6.61595085947717,1.4939571608446158,2.9763287007316777,-1.3174744416106332,-3.221270361305862,24.23698382578746,0.3361801508132638
2025-12-30,23.388306019738035,6.5649774613038545,-5.759996751152386,1.5446461563822993,2.5583495434037147,-1.8342765167142616,-3.0736998932232478,23.981729487200663,0.4831125270885219
2025-12-31,22.862251991460997,4.249535380116583,-5.914893557769652,-0.049068347692610814,8.607838796090041,-1.1897770643381822,-5.703635206406188,23.388306019738035,0.6004639649029389
