date,tci_total,tci_short,tci_long,tci_total_lag1,tci_short_lag1,tci_long_lag1,tci_total_roll5_std,tci_short_roll5_std,tci_long_roll5_std,system_es_forward_20d
2021-12-06,30.10816019949625,58.37383612372141,0.0040409379974862,29.974738720197298,58.21311282728888,0.0042529403832752,0.2639139224247071,0.6034196552985,0.0002177788813171,-0.09168335039307306
2021-12-07,30.06400583934162,58.95936857484812,0.003602967313786,30.10816019949625,58.37383612372141,0.0040409379974862,0.0454697640847288,0.3060311915402489,0.000339349384532,-0.09168335039307306
2021-12-08,30.029144416676584,59.083516970826814,0.0035776685229532,30.06400583934162,58.95936857484812,0.003602967313786,0.0444737305208644,0.3785488778303814,0.0003801208752023,-0.09168335039307306
2021-12-09,29.97079596375149,59.013816282389165,0.0036155746432522,30.029144416676584,59.083516970826814,0.0035776685229532,0.0525796200860975,0.3611517319624811,0.0002770735592588,-0.11135387579793592
2021-12-10,29.90666340326416,58.86833605061784,0.0036330949248418,29.97079596375149,59.013816282389165,0.0036155746432522,0.0706660205239553,0.2529497773895199,0.0001743822752019,-0.11135387579793592
2021-12-13,29.91110695192168,58.93730540154146,0.0036287236525056,29.90666340326416,58.86833605061784,0.0036330949248418,0.0626330915495632,0.0725162333935559,1.998458053127573e-05,-0.11135387579793592
2021-12-14,29.922675611767527,59.01000402414615,0.0036140793795625,29.91110695192168,58.93730540154146,0.0036287236525056,0.0465084472624929,0.0735085335372401,1.951264508370152e-05,-0.11135387579793592
2021-12-17,30.299645782839445,60.38520907301714,0.0036195943230191,29.922675611767527,59.01000402414615,0.0036140793795625,0.1504722683738323,0.5736333512772389,7.455010589379809e-06,-0.11135387579793592
2021-12-22,30.39398943161616,60.61702043969701,0.0035536528485681,30.299645782839445,60.38520907301714,0.0036195943230191,0.2144400747483635,0.7703040278176485,2.887039453088751e-05,-0.11135387579793592
2021-12-23,30.439380989787008,60.628137256901226,0.0037605502498281,30.39398943161616,60.61702043969701,0.0035536528485681,0.2302224945839088,0.7742605542119692,6.796191840776285e-05,-0.11135387579793592
2021-12-30,30.466635844579447,60.77196360406432,0.0033160897009645,30.439380989787008,60.628137256901226,0.0037605502498281,0.1991495381905655,0.6481880613520239,0.0001451968615148,-0.11135387579793592
2021-12-31,30.475749424642952,60.84625409348848,0.0033300505249354,30.466635844579447,60.77196360406432,0.0033160897009645,0.0643415773310553,0.1581583100104473,0.0001711699036733,-0.11135387579793592
2022-01-03,30.60370659869511,61.213285971866846,0.0034118786895324,30.475749424642952,60.84625409348848,0.0033300505249354,0.0699476274852935,0.2170593025648325,0.0001661149033768,-0.11135387579793592
2022-01-04,30.541998076387628,61.03048563969145,0.003547980727625,30.60370659869511,61.213285971866846,0.0034118786895324,0.0595716178401894,0.2041305453040739,0.0001655886374216,-0.11135387579793592
2022-01-05,30.47341813840555,60.91567575401879,0.0035175286571886,30.541998076387628,61.03048563969145,0.003547980727625,0.0532355160082852,0.1544556216475896,9.458795211622338e-05,-0.11135387579793592
2022-01-06,30.466080540991936,60.84221882999438,0.0035767401633483,30.47341813840555,60.91567575401879,0.0035175286571886,0.0533311620855877,0.1395979313345359,9.215610055232576e-05,-0.11135387579793592
2022-01-07,30.43632511550272,60.964195448848336,0.0035348921707288,30.466080540991936,60.84221882999438,0.0035767401633483,0.0605604128291685,0.1260750859687289,5.638503175581384e-05,-0.11135387579793592
2022-01-10,30.40417652860289,60.91878933504939,0.0036030048198244,30.43632511550272,60.964195448848336,0.0035348921707288,0.0458708581640857,0.0619867673545629,3.0428593695415215e-05,-0.11135387579793592
2022-01-11,30.420990742616727,60.889576795628166,0.0036052396275555,30.40417652860289,60.91878933504939,0.0036030048198244,0.0262866806417356,0.0399540116775229,3.558273789714156e-05,-0.11135387579793592
2022-01-12,30.70048438847319,61.69653726518697,0.0039433181715221,30.420990742616727,60.889576795628166,0.0036052396275555,0.1093512332885624,0.3196078042020135,0.0001475327640323,-0.11135387579793592
2022-01-13,30.74751641813868,62.000592341105865,0.0034543359689334,30.70048438847319,61.69653726518697,0.0039433181715221,0.1497731477919913,0.4635560765620366,0.000166970944404,-0.11135387579793592
2022-01-19,30.845458253332225,62.229128770957495,0.0033112585594041,30.74751641813868,62.000592341105865,0.0034543359689334,0.1787090736174751,0.5514092757223034,0.0002102954547058,-0.11135387579793592
2022-01-20,30.822439844330564,62.21259974075856,0.0032007358329867,30.845458253332225,62.229128770957495,0.0033112585594041,0.152303420882866,0.4967978613357733,0.000258777752419,-0.11135387579793592
2022-01-21,31.01105119649722,62.5214859441578,0.0031496534861789,30.822439844330564,62.21259974075856,0.0032007358329867,0.1063458740505633,0.2736879097095489,0.0002855515069653,-0.08598937637941899
2022-01-24,30.91579113411481,62.60884312488087,0.0053933397750715,31.01105119649722,62.5214859441578,0.0031496534861789,0.0892712386760121,0.2216713692124298,0.0008521735651129,-0.08598937637941899
2022-01-25,30.512398614149,59.78286056122908,0.0041001218527407,30.91579113411481,62.60884312488087,0.0053933397750715,0.1678922249261422,1.0557288813294137,0.0008538066876271,-0.08598937637941899
2022-01-26,30.31174822265359,60.23978935774276,0.0027839643692926,30.512398614149,59.78286056122908,0.0041001218527407,0.2619792108230411,1.2094502800566809,0.0009397336867782,-0.08598937637941899
2022-01-27,30.710463298023218,60.74122079273254,0.0033010036443437,30.31174822265359,60.23978935774276,0.0027839643692926,0.2565403208511895,1.1721512139051744,0.0009293323799465,-0.08598937637941899
2022-01-28,30.79477808752328,60.76516590903531,0.0031947916771786,30.710463298023218,60.74122079273254,0.0033010036443437,0.2138247836683598,0.961372799311504,0.0009237014594651,-0.08598937637941899
2022-01-31,30.604052415947123,60.49395420036661,0.0032018889605601,30.79477808752328,60.76516590903531,0.0031947916771786,0.1673523981810359,0.3646993236870705,0.0004303129193684,-0.08598937637941899
2022-02-01,29.85629508537498,60.02707570468468,0.002839206585316,30.604052415947123,60.49395420036661,0.0032018889605601,0.341143612629766,0.2860298364543547,0.0002103532472583,-0.08598937637941899
2022-02-02,29.98323313791215,60.817913018859706,0.0027900006872089,29.85629508537498,60.02707570468468,0.002839206585316,0.3905535560596791,0.2930571781888036,0.0002087528489319,-0.08598937637941899
2022-02-03,29.762649676688024,60.362575086283925,0.0036430102320453,29.98323313791215,60.817913018859706,0.0027900006872089,0.4179510428251025,0.2876592436651362,0.0003074522392277,-0.08598937637941899
2022-02-04,29.88253490872698,60.560790581102765,0.0037135105514953,29.762649676688024,60.362575086283925,0.0036430102320453,0.3014527896656086,0.2592467121718876,0.0003876044416538,-0.08598937637941899
2022-02-07,29.819660942353185,60.2096555794252,0.003770542795999,29.88253490872698,60.560790581102765,0.0037135105514953,0.0732235670593955,0.2746315140948163,0.0004403072650984,-0.06788996091450607
2022-02-10,29.66262515566789,59.46347793543273,0.0037104230853521,29.819660942353185,60.2096555794252,0.003770542795999,0.1082485786848786,0.4575210352087889,0.0003699617224957,-0.08395056317808273
2022-02-11,29.25960926499195,58.53235106125218,0.0034187092739154,29.66262515566789,59.46347793543273,0.0037104230853521,0.2210671422343501,0.7456502108301711,0.0001230867043666,-0.08395056317808273
2022-02-14,29.22372279827945,58.69191555278866,0.0041213358590988,29.25960926499195,58.53235106125218,0.0034187092739154,0.277430243972191,0.8023985167863135,0.0002240159670873,-0.08395056317808273
2022-02-15,29.19882238712989,58.556685508098745,0.0046435077773399,29.22372279827945,58.69191555278866,0.0041213358590988,0.2572682578072552,0.6552829861330106,0.0004196949911955,-0.08395056317808273
2022-02-16,28.649501673744265,57.35011662782446,0.0039846477398869,29.19882238712989,58.556685508098745,0.0046435077773399,0.3228564149953202,0.6767311288720275,0.0004117930548971,-0.08395056317808273
2022-02-17,28.44530236237312,56.755945417394095,0.0040010146069744,28.649501673744265,57.35011662782446,0.0039846477398869,0.3398729895456192,0.7796807784973768,0.0003901880364888,-0.08395056317808273
2022-02-18,28.30177752986643,56.341587648634594,0.0036882876024181,28.44530236237312,56.755945417394095,0.0040010146069744,0.3817703681364749,0.943137900755258,0.0003123197170051,-0.08395056317808273
2022-02-23,28.235197717852884,56.1800030711121,0.0037402624227862,28.30177752986643,56.341587648634594,0.0036882876024181,0.346770302677498,0.8607577744670187,0.0003400884842238,-0.08395056317808273
2022-02-24,28.10632353558263,55.67104363509521,0.0035003266992321,28.235197717852884,56.1800030711121,0.0037402624227862,0.1863537894389563,0.564758863975988,0.0001891524628935,-0.08395056317808273
2022-02-25,27.04081475063127,52.481386180914,0.0033157227618102,28.10632353558263,55.67104363509521,0.0035003266992321,0.5045142574660478,1.5419712837059247,0.0002310688302105,-0.08395056317808273
2022-02-28,26.754641888916293,52.03566799428682,0.0029439046543943,27.04081475063127,52.481386180914,0.0033157227618102,0.654392631337868,1.882771293115902,0.0002887810795739,-0.08395056317808273
2022-03-01,26.848700359291183,52.04809292687676,0.0035822545316372,26.754641888916293,52.03566799428682,0.0029439046543943,0.6396623439103435,1.8448762122247089,0.0002730662919251,-0.08395056317808273
2022-03-02,26.5662459300238,51.40498721480518,0.0028276034400517,26.848700359291183,52.04809292687676,0.0035822545316372,0.5434683534064052,1.5109125719465073,0.0002994004695204,-0.08395056317808273
2022-03-03,27.39756367339486,52.8378147339895,0.0022946275726436,26.5662459300238,51.40498721480518,0.0028276034400517,0.2829202921168403,0.4818163965412249,0.0004401956721668,-0.08395056317808273
2022-03-04,27.67244717557801,52.893554656486494,0.0023281519453745,27.39756367339486,52.8378147339895,0.0022946275726436,0.4171319495681954,0.5586164062981216,0.0004714497798305,-0.08395056317808273
2022-03-07,27.80926577249474,54.24407266657283,0.002383764403697,27.67244717557801,52.893554656486494,0.0023281519453745,0.4777415106139017,0.9530619954860932,0.0004890522877527,-0.08395056317808273
2022-03-08,27.794337596354705,54.2974270159638,0.0021600704124228,27.80926577249474,54.24407266657283,0.002383764403697,0.4649458640958686,1.0696575422704204,0.0002266862625302,-0.08395056317808273
2022-03-09,28.10597070822142,55.29157236909856,0.0023199583122711,27.794337596354705,54.2974270159638,0.0021600704124228,0.2290170957236827,0.9330752510120044,7.45391645702028e-05,-0.08395056317808273
2022-03-10,28.27392060813162,57.66558407087052,0.0016363663566854,28.10597070822142,55.29157236909856,0.0023199583122711,0.2229594189665613,1.588623193485132,0.0002749414980353,-0.08395056317808273
2022-03-11,28.28846715496618,57.6748882629762,0.0016706742743035,28.27392060813162,57.66558407087052,0.0016363663566854,0.2160368076824108,1.5444559228744532,0.0003194116471127,-0.08395056317808273
2022-03-14,28.15748273492787,57.75604765869641,0.0017757865353841,28.28846715496618,57.6748882629762,0.0016706742743035,0.1786891584224559,1.457487288376905,0.0002759468796708,-0.03489714366650963
2022-03-15,28.74034999656594,59.248080115009,0.0018184068710183,28.15748273492787,57.75604765869641,0.0017757865353841,0.2244119170258885,1.2690778142663974,0.000246980830313,-0.03489714366650963
2022-03-16,26.92115061388211,52.30672265432608,0.001984341947863,28.74034999656594,59.248080115009,0.0018184068710183,0.6108996548894564,2.388576382230953,0.0001231175048744,-0.06416025760474407
2022-03-17,27.06461506816623,52.87077865251722,0.0016195563556005,26.92115061388211,52.30672265432608,0.001984341947863,0.7152479448091528,2.823727495550981,0.0001270807910427,-0.06416025760474407
2022-03-18,27.10386520387204,52.95664009894836,0.0014704389716626,27.06461506816623,52.87077865251722,0.0016195563556005,0.7217723924381135,2.8844689556264123,0.0001755580000436,-0.06416025760474407
2022-03-21,26.973713419332725,52.73798299266704,0.0014400257652839,27.10386520387204,52.95664009894836,0.0014704389716626,0.6928241885627374,2.621567122903531,0.0002078621650449,-0.06416025760474407
2022-03-22,26.748823766648105,52.09805325414059,0.0014243318147488,26.973713419332725,52.73798299266704,0.0014400257652839,0.1248235804502694,0.3338672813511728,0.0002100412563859,-0.06416025760474407
2022-04-11,26.61408404108432,52.04145820876489,0.0014465265895372,26.748823766648105,52.09805325414059,0.0014243318147488,0.1890448593543318,0.3914222196706473,7.125249532012326e-05,-0.06416025760474407
2022-04-12,26.86690888396264,52.58352194326761,0.0014682182528932,26.61408404108432,52.04145820876489,0.0014465265895372,0.1704538574798687,0.3584962120069387,1.7435709963888807e-05,-0.06416025760474407
2022-04-13,26.995328538822577,53.17953183374245,0.0013876878978051,26.86690888396264,52.58352194326761,0.0014682182528932,0.1428853995365629,0.4226692164218537,2.683407658445894e-05,-0.06416025760474407
2022-04-14,27.042733722523103,53.266826704048206,0.0014081203284246,26.995328538822577,53.17953183374245,0.0013876878978051,0.1577223007852037,0.5174876361815293,2.8246174999287034e-05,-0.06416025760474407
2022-04-20,27.02471127922341,53.2697192353179,0.0013534241149325,27.042733722523103,53.266826704048206,0.0014081203284246,0.159670414194833,0.4861259180292666,4.095528835611083e-05,-0.06416025760474407
2022-04-21,27.04078102932517,53.21983135822371,0.0013600432151933,27.02471127922341,53.2697192353179,0.0013534241149325,0.0658186856757742,0.2622955221749732,4.131781605905156e-05,-0.06416025760474407
2022-04-22,26.92143036808156,53.024273075469374,0.0013567157851585,27.04078102932517,53.21983135822371,0.0013600432151933,0.0451000463384278,0.0902237988766771,2.1284945199251765e-05,-0.06416025760474407
2022-04-25,26.958966671402752,53.04763455368723,0.0015275175299743,26.92143036808156,53.024273075469374,0.0013567157851585,0.048848633400119,0.1076269769838137,6.62710561465323e-05,-0.06416025760474407
2022-04-26,26.81062413601024,52.597174900360834,0.0011981637030109,26.958966671402752,53.04763455368723,0.0015275175299743,0.082627770102596,0.2371361179610501,0.0001042148927436,-0.06884363951628072
2022-04-27,26.719676963174702,52.5495438000234,0.001318437286209,26.81062413601024,52.597174900360834,0.0011981637030109,0.1129506225538276,0.2658183418295955,0.0001055322162079,-0.06884363951628072
2022-04-28,26.690687958214884,52.42426170242506,0.0012167807849938,26.719676963174702,52.5495438000234,0.001318437286209,0.1062767084277084,0.2573562085635448,0.0001181949639678,-0.06884363951628072
2022-04-29,26.84536919319068,52.90629007279404,0.0012028924382286,26.690687958214884,52.42426170242506,0.0012167807849938,0.095618283777716,0.2334622037628521,0.0001253538193026,-0.06884363951628072
2022-05-04,26.8383158072953,52.66449423222799,0.0011963090816103,26.84536919319068,52.90629007279404,0.0012028924382286,0.0635969224437814,0.1596191885347962,4.651597704289029e-05,-0.06884363951628072
2022-05-05,27.27218479232644,53.26903894657144,0.0011322251486434,26.8383158072953,52.66449423222799,0.0011963090816103,0.2088349982309757,0.2988704248267307,6.006013785844844e-05,-0.06884363951628072
2022-05-06,27.119368215939307,53.017643789327366,0.0009881398592236,27.27218479232644,53.26903894657144,0.0011322251486434,0.2112352268636301,0.2906306234398472,8.471031300205107e-05,-0.12133408621352837
2022-05-09,27.10111930126186,53.02518958043925,0.000961859210762,27.119368215939307,53.017643789327366,0.0009881398592236,0.1687545730723209,0.195918120651657,0.0001023985560033,-0.12133408621352837
2022-05-12,27.9174309931889,54.83063324855976,0.0010106562148643,27.10111930126186,53.02518958043925,0.000961859210762,0.3618479779751908,0.7594814455420977,9.05577914764124e-05,-0.12133408621352837
2022-05-17,27.920522529938747,54.7197323834015,0.0010034521190257,27.9174309931889,54.83063324855976,0.0010106562148643,0.3744960470441433,0.8244572688054923,5.8903909178798696e-05,-0.12133408621352837
2022-05-18,27.683548397251112,54.2514117990164,0.0010358978169283,27.920522529938747,54.7197323834015,0.0010034521190257,0.3679816396716657,0.7976997064178155,2.453368312619625e-05,-0.12133408621352837
2022-05-19,27.92614060522129,54.85190854841081,0.0010219993062134,27.683548397251112,54.2514117990164,0.0010358978169283,0.3179620102282254,0.6904278513900585,2.4993804967686728e-05,-0.12133408621352837
2022-05-24,27.912244718109847,54.81288366522171,0.0009503522917366,27.92614060522129,54.85190854841081,0.0010219993062134,0.0943220626991237,0.2255132802592609,2.9199369598956068e-05,-0.12133408621352837
2022-05-25,27.830015173837925,54.67176477178915,0.0009520212161296,27.912244718109847,54.81288366522171,0.0009503522917366,0.0923577395531777,0.2148679268348536,3.546319422810902e-05,-0.12133408621352837
2022-05-26,27.853890850222488,54.614389217155946,0.0009154356056818,27.830015173837925,54.67176477178915,0.0009520212161296,0.0864898134062675,0.2132878737401793,4.604526086015106e-05,-0.12133408621352837
2022-05-27,27.853553169451363,54.74603736474651,0.0009092295936303,27.853890850222488,54.614389217155946,0.0009154356056818,0.0372332787100162,0.0875263354631468,4.01119628684258e-05,-0.12133408621352837
2022-06-01,27.60373806208856,54.14193810459551,0.0009231078981815,27.853553169451363,54.74603736474651,0.0009092295936303,0.1069761585233107,0.237398638196971,1.7833551918829785e-05,-0.12133408621352837
2022-06-06,27.38249001735052,53.46190646635264,0.0008810593790989,27.60373806208856,54.14193810459551,0.0009231078981815,0.1866181381599607,0.4815977856091222,2.286879271869761e-05,-0.12133408621352837
2022-06-07,27.26633027984442,53.25000172917555,0.0008656078824797,27.38249001735052,53.46190646635264,0.0008810593790989,0.2396204746831117,0.5995084267779263,2.1876019866017734e-05,-0.12133408621352837
2022-06-08,27.302769110136392,53.25424451261019,0.0008796004394626,27.26633027984442,53.25000172917555,0.0008656078824797,0.2197321276540084,0.5869083459227077,2.113840714410033e-05,-0.12133408621352837
2022-06-09,27.288166448581208,53.18346088201958,0.0008779393998629,27.302769110136392,53.25424451261019,0.0008796004394626,0.1238912022288785,0.3543832435240654,1.9604744848834304e-05,-0.12133408621352837
2022-06-10,27.398788095246264,53.35646294859233,0.0008905168020465,27.288166448581208,53.18346088201958,0.0008779393998629,0.0529266594635828,0.0975388551047981,7.97115722580439e-06,-0.12133408621352837
2022-06-13,27.2602014412972,53.18640611670617,0.0008169089553104,27.398788095246264,53.35646294859233,0.0008905168020465,0.0501428291159933,0.0628467256741408,2.584033070386753e-05,-0.12133408621352837
2022-06-14,27.357681988750745,53.26988318207017,0.0008264333076985,27.2602014412972,53.18640611670617,0.0008169089553104,0.0500041375642501,0.0635913682267594,3.0351407535825736e-05,-0.12133408621352837
2022-06-15,27.455380440643605,53.59895325694748,0.0008288615508322,27.357681988750745,53.26988318207017,0.0008264333076985,0.0712890096527083,0.1537151555623349,3.0006714280310843e-05,-0.12133408621352837
2022-06-16,27.419432148498903,53.642456630246926,0.0008334129644673,27.455380440643605,53.59895325694748,0.0008288615508322,0.0669707128854086,0.1801272421202099,2.620558345332088e-05,-0.12133408621352837
2022-06-17,27.374960932947328,53.63477854401495,0.0008438133869152,27.419432148498903,53.642456630246926,0.0008334129644673,0.0661862086964648,0.1969431521178072,8.80665491224056e-06,-0.05433797065945628
2022-06-22,27.30328864073224,53.69245423929533,0.0008611213448655,27.374960932947328,53.63477854401495,0.0008438133869152,0.0521960463481624,0.1518705554291635,1.2681316443499757e-05,-0.04978520903789332
2022-06-23,27.2474440611649,53.32255499877857,0.0007968157044044,27.30328864073224,53.69245423929533,0.0008611213448655,0.0758134613795857,0.131277670514002,2.113835272009968e-05,-0.04978520903789332
2022-06-24,27.28986105164088,53.454494557810285,0.0008329127634455,27.2474440611649,53.32255499877857,0.0007968157044044,0.0618298157496332,0.1391971490362175,2.1049124514377044e-05,-0.04978520903789332
2022-06-27,27.186909390295607,53.342397253156975,0.0007627289515953,27.28986105164088,53.454494557810285,0.0008329127634455,0.0622602864538726,0.1503538336914686,3.532960863721036e-05,-0.04978520903789332
2022-06-28,27.155453900578525,53.241968161336,0.0008036341140171,27.186909390295607,53.342397253156975,0.0007627289515953,0.0573682034968576,0.1563384963696105,3.339725641058516e-05,-0.04978520903789332
2022-06-29,27.239021637252936,53.35656461358716,0.0007486442144407,27.155453900578525,53.241968161336,0.0008036341140171,0.0473009293535512,0.0681748536913599,3.007429722656655e-05,-0.04978520903789332
2022-06-30,27.37934866779897,53.69253214823485,0.0007564609909358,27.239021637252936,53.35656461358716,0.0007486442144407,0.0791957384907608,0.1530857331256063,3.221817045399292e-05,-0.04978520903789332
2022-07-01,27.41634204387572,53.88912086206037,0.0008142951780457,27.37934866779897,53.69253214823485,0.0007564609909358,0.1041259085657932,0.245101791230039,2.6569734867418283e-05,-0.04978520903789332
2022-07-06,27.427021553416964,53.85648592922808,0.0010457564654269,27.41634204387572,53.88912086206037,0.0008142951780457,0.1075467309011722,0.2627229434796719,0.0001090401608498,-0.04978520903789332
2022-07-07,27.452142951127296,53.84987141667818,0.0010139854275497,27.427021553416964,53.85648592922808,0.0010457564654269,0.0755952189232039,0.1982620675375238,0.0001281980066055,-0.04978520903789332
2022-07-08,27.60799315472052,54.055928689985286,0.0010276470479101,27.452142951127296,53.84987141667818,0.0010139854275497,0.0792503676244617,0.1157673239541908,0.0001212255601941,-0.04978520903789332
2022-07-11,27.66400527771989,54.06595928072844,0.0010179662516572,27.60799315472052,54.055928689985286,0.0010276470479101,0.102238615516537,0.0968827466122344,8.552363425000801e-05,-0.04978520903789332
2022-07-12,27.58818882844422,53.822417642501584,0.0010016991111404,27.66400527771989,54.06595928072844,0.0010179662516572,0.092190909875724,0.107463245051429,1.4745534646438668e-05,-0.03479462365227453
2022-07-13,27.90491994052488,54.91427065290728,0.0009380317466456,27.58818882844422,53.822417642501584,0.0010016991111404,0.1481205057698191,0.3992653085895997,3.201749256785787e-05,-0.03479462365227453
2022-07-14,27.937101744875367,54.956467288548005,0.0009381853826318,27.90491994052488,54.91427065290728,0.0009380317466456,0.1498628343193567,0.4755750242665955,3.893994742830445e-05,-0.03479462365227453
2022-07-15,27.87359425230176,54.84788468117838,0.0009704804151117,27.937101744875367,54.956467288548005,0.0009381853826318,0.1402658151997154,0.4787955153064743,3.251589118658664e-05,-0.03479462365227453
2022-07-18,27.770616991888986,54.62204816432277,0.0008975742265327,27.87359425230176,54.84788468117838,0.0009704804151117,0.126365193219637,0.4212084195083398,3.49865252150632e-05,-0.03479462365227453
2022-07-19,27.92915900283316,54.86718384385667,0.0008723413209443,27.770616991888986,54.62204816432277,0.0008975742265327,0.0604260109777227,0.1160797591125571,3.441857167012328e-05,-0.03479462365227453
2022-07-20,27.6029457209284,54.04670926951391,0.001035176559959,27.92915900283316,54.86718384385667,0.0008723413209443,0.1249128375965335,0.3296543051527116,5.7150176241302666e-05,-0.03479462365227453
2022-07-21,27.53570196471188,53.82307010851648,0.0011022441233489,27.6029457209284,54.04670926951391,0.001035176559959,0.1516961629617526,0.4283148520113119,8.528151033667518e-05,-0.03479462365227453
2022-07-22,27.39119148205786,53.82382754607435,0.0008710222003647,27.53570196471188,53.82307010851648,0.0011022441233489,0.1868984185506379,0.4298029375697141,9.517279477750586e-05,-0.03479462365227453
2022-07-25,27.146674379135643,52.92968687268999,0.0010365365992099,27.39119148205786,53.82382754607435,0.0008710222003647,0.2570972002336414,0.6180902973648185,9.443623822747335e-05,-0.03479462365227453
2022-07-26,27.224109735365303,53.22133231099084,0.0008826555661629,27.146674379135643,52.92968687268999,0.0010365365992099,0.1748231608395214,0.4212573828980736,9.206934988118556e-05,-0.03479462365227453
2022-07-27,27.236816406218384,53.18647759354844,0.000863994989606,27.224109735365303,53.22133231099084,0.0008826555661629,0.1392074571374036,0.3625680067659597,9.882120626319978e-05,-0.03479462365227453
2022-07-28,27.14643215441031,52.99715523855589,0.0008633428922265,27.236816406218384,53.18647759354844,0.000863994989606,0.0894271040270181,0.315908455076454,6.687491790717535e-05,-0.03479462365227453
2022-07-29,27.1046497989271,52.94397362136815,0.0008822021227046,27.14643215441031,52.99715523855589,0.0008633428922265,0.0504923662445673,0.1235527573864951,6.593153047121108e-05,-0.03479462365227453
2022-08-01,27.02955260558033,52.64826123775061,0.0008944960514924,27.1046497989271,52.94397362136815,0.0008822021227046,0.0769311926222975,0.2052449860161873,1.200194899188384e-05,-0.03479462365227453
2022-08-02,27.21237618689421,53.26239353828005,0.0008812978550831,27.02955260558033,52.64826123775061,0.0008944960514924,0.0747307612742644,0.2145687219179019,1.1893443954662056e-05,-0.03479462365227453
2022-08-03,27.16954275942986,53.16565408140912,0.0008425246730469,27.21237618689421,53.26239353828005,0.0008812978550831,0.0621615240008738,0.2112335359068432,1.8096191262113587e-05,-0.03479462365227453
2022-08-04,27.329490534768443,53.5771260716355,0.0008217416324439,27.16954275942986,53.16565408140912,0.0008425246730469,0.1012180312349223,0.3113987356818015,2.7591585248271118e-05,-0.03479462365227453
2022-08-05,27.230133505203664,53.51414951987079,0.0008012844883104,27.329490534768443,53.5771260716355,0.0008217416324439,0.0976133818063813,0.3300864561736473,3.513428074702818e-05,-0.03479462365227453
2022-08-08,27.23654352076923,53.47127876258512,0.0008145408971115,27.230133505203664,53.51414951987079,0.0008012844883104,0.0524387420638415,0.1570479566386046,2.790755499088228e-05,-0.03479462365227453
2022-08-09,27.177434652849485,53.36944929964892,0.0007943881723709,27.23654352076923,53.47127876258512,0.0008145408971115,0.0571839092327667,0.1438251496360306,1.6829596551723426e-05,-0.03237770331577325
2022-08-10,27.017807932595712,52.884146012183606,0.000827120431359,27.177434652849485,53.36944929964892,0.0007943881723709,0.1026641542507598,0.2489027573587357,1.2286665726603547e-05,-0.03237770331577325
2022-08-11,27.08674887141487,53.0643063682121,0.0008268453689787,27.017807932595712,52.884146012183606,0.000827120431359,0.0850163668768766,0.2452630600444597,1.3243668970783349e-05,-0.03237770331577325
2022-08-12,27.09369491377093,52.98206976162364,0.0008273080635425,27.08674887141487,53.0643063682121,0.0008268453689787,0.076278478336462,0.2269405342792828,1.27870123783875e-05,-0.03237770331577325
2022-08-15,26.91829007735228,52.60823686173711,0.0008557004473543,27.09369491377093,52.98206976162364,0.0008273080635425,0.0865983407679794,0.2474530045612766,1.9415117780404143e-05,-0.03237770331577325
2022-08-16,26.84317332905377,52.27776049932853,0.000828909482027,26.91829007735228,52.60823686173711,0.0008557004473543,0.0975374471236775,0.2873541314991391,1.12847984500966e-05,-0.058405559868817965
2022-08-17,26.860319254501547,52.22736113557507,0.0008123589177722,26.84317332905377,52.27776049932853,0.000828909482027,0.1088696970470338,0.3461850779836228,1.4070226169095148e-05,-0.058405559868817965
2022-08-18,26.63081269953608,51.554836696630936,0.0008143534452529,26.860319254501547,52.22736113557507,0.0008123589177722,0.1485883881165234,0.4725997376262225,1.5486235449487432e-05,-0.06490678598047568
2022-08-19,26.562281096100104,51.176982134580896,0.0008532216874417,26.63081269953608,51.554836696630936,0.0008143534452529,0.1398394549807424,0.5233604536902168,1.851845554542253e-05,-0.06490678598047568
2022-08-22,26.854867772205377,52.222027773935366,0.0008515622964854,26.562281096100104,51.176982134580896,0.0008532216874417,0.1275087709689934,0.4461224078130187,1.754841775812061e-05,-0.06490678598047568
2022-08-23,26.788739147863307,52.15145099154386,0.0008208546436246,26.854867772205377,52.222027773935366,0.0008515622964854,0.121285557178256,0.426705219360489,1.8125859796774752e-05,-0.06490678598047568
2022-08-24,26.76012340329624,52.060103611152925,0.000810471704632,26.788739147863307,52.15145099154386,0.0008208546436246,0.1070998449001199,0.4030046957546549,1.85145505919524e-05,-0.06490678598047568
2022-08-25,26.86964554400653,52.39176111543611,0.0008287283494236,26.76012340329624,52.060103611152925,0.000810471704632,0.1101693918678111,0.42583571385422,1.689231222407321e-05,-0.06490678598047568
2022-08-26,26.834207013010893,52.36072147352738,0.0008349844135764,26.86964554400653,52.39176111543611,0.0008287283494236,0.0410687922665967,0.1249743268185088,1.3813586651842373e-05,-0.06490678598047568
2022-08-31,26.738916488627336,52.13483911609739,0.0008256494462785,26.834207013010893,52.36072147352738,0.0008349844135764,0.0478638916551504,0.1317743216430085,8.228590679961447e-06,-0.06490678598047568
2022-09-01,26.670053852940523,51.89822901119703,0.000787935732901,26.738916488627336,52.13483911609739,0.0008256494462785,0.0707098756326597,0.1858611687260992,1.6861923416480186e-05,-0.06490678598047568
2022-09-02,26.564153753947352,51.27760450922244,0.0007443023392174,26.670053852940523,51.89822901119703,0.000787935732901,0.1108083509593881,0.408213964243228,3.423910885016709e-05,-0.06490678598047568
2022-09-07,26.35242191321572,50.82297295594866,0.0006731511968174,26.564153753947352,51.27760450922244,0.0007443023392174,0.1652476413681069,0.5678944803366129,5.938053167495182e-05,-0.06490678598047568
2022-09-08,26.33897931472265,50.77169738880051,0.0006670066580368,26.35242191321572,50.82297295594866,0.0006731511968174,0.1627318911327052,0.5530160433247907,6.236697620383549e-05,-0.06490678598047568
2022-09-09,26.373547490747544,50.96295493260487,0.0006558294750528,26.33897931472265,50.77169738880051,0.0006670066580368,0.1331642374036356,0.4149988559290782,5.156842025387398e-05,-0.06490678598047568
2022-09-12,26.59699695401253,51.71582504638595,0.0006631081695511,26.373547490747544,50.96295493260487,0.0006558294750528,0.1115499872692989,0.3503057146007413,3.2304064821075524e-05,-0.06490678598047568
2022-09-13,26.550064102838373,51.54158041515101,0.0006601708799113,26.59699695401253,51.71582504638595,0.0006631081695511,0.1086502089145338,0.3892795436862874,5.914249842397901e-06,-0.06490678598047568
2022-09-14,26.60449099562953,51.72313745863715,0.0006475600867397,26.550064102838373,51.54158041515101,0.0006601708799113,0.1135720248499972,0.3984364700028841,6.677236723075239e-06,-0.06490678598047568
2022-09-15,26.58414742619364,51.69354425186004,0.0006386579789666,26.60449099562953,51.72313745863715,0.0006475600867397,0.0861943840830298,0.2899035636790493,8.909179881428909e-06,-0.06490678598047568
2022-09-16,26.68499458111128,52.01286714240101,0.0006478671541501,26.58414742619364,51.69354425186004,0.0006386579789666,0.0445253079603738,0.1528526619250176,8.984075510258081e-06,-0.06490678598047568
2022-09-21,26.70499025854353,52.05424055373757,0.0006351930856587,26.68499458111128,52.01286714240101,0.0006478671541501,0.0594979203397998,0.1968975938478482,8.687553899603267e-06,-0.06490678598047568
2022-09-22,26.82659668948316,52.46239518161775,0.0006696518322505,26.70499025854353,52.05424055373757,0.0006351930856587,0.0860510596085151,0.278174649338913,1.20006208370588e-05,-0.06490678598047568
2022-09-23,26.74415692837459,52.30410788311531,0.0006177693294552,26.82659668948316,52.46239518161775,0.0006696518322505,0.0790512387433915,0.2637177103100313,1.6991337639561763e-05,-0.06203128898309843
2022-09-26,27.16627874892117,53.23057908636139,0.000633862656606,26.74415692837459,52.30410788311531,0.0006177693294552,0.1772074364414053,0.4408055018448893,1.7276140913494142e-05,-0.06203128898309843
2022-09-27,25.50017819539425,47.67943310291742,0.0005566084360537,27.16627874892117,53.23057908636139,0.000633862656606,0.5679369169922011,1.972864024983313,3.708781091342133e-05,-0.06203128898309843
2022-09-28,25.550314709159835,48.34738872945274,0.0005480732812729,25.50017819539425,47.67943310291742,0.0005566084360537,0.6942949113055855,2.310270048391229,4.6385722908687485e-05,-0.06203128898309843
2022-09-29,25.193704047592217,47.21464965698652,0.0005475833059738,25.550314709159835,48.34738872945274,0.0005480732812729,0.7760599544161546,2.502811539664538,3.726122212665588e-05,-0.06203128898309843
2022-09-30,24.921222479226923,46.57725249121496,0.0005689332120526,25.193704047592217,47.21464965698652,0.0005475833059738,0.7835142279768078,2.3817529443566148,3.236379943679648e-05,-0.06203128898309843
2022-10-03,24.930662266878446,46.57645254365181,0.0005674096897481,24.921222479226923,46.57725249121496,0.0005689332120526,0.2688048978290361,0.6770472069287441,9.128784385194083e-06,-0.06203128898309843
2022-10-04,24.84956036850273,46.34598977816977,0.0006000009643256,24.930662266878446,46.57645254365181,0.0005674096897481,0.2585829177546743,0.7275446295772787,1.9112289416068652e-05,-0.06203128898309843
2022-10-05,24.7490741369486,46.08113939796752,0.0005223342685993,24.84956036850273,46.34598977816977,0.0006000009643256,0.1475231075911582,0.3752967572922104,2.5689777777401035e-05,-0.06203128898309843
2022-10-06,24.78527473780991,45.94859093788696,0.0005228590169739,24.7490741369486,46.08113939796752,0.0005223342685993,0.0719920320199606,0.2555876118465164,2.9882327604518904e-05,-0.06203128898309843
2022-10-07,24.7592640292935,45.94597630379423,0.0005101442304042,24.78527473780991,45.94859093788696,0.0005228590169739,0.067687837783314,0.246096405336953,3.389740198633046e-05,-0.06203128898309843
2022-10-14,22.34758512098033,39.2664034340387,0.0004599656649933,24.7592640292935,45.94597630379423,0.0005101442304042,0.9759104443773422,2.729493872170756,4.487358082954512e-05,-0.06203128898309843
2022-10-17,22.74136566743548,40.03016298143313,0.0004308040115686,22.34758512098033,39.2664034340387,0.0004599656649933,1.0947730485731586,3.117480237563985,3.7240315456719255e-05,-0.06203128898309843
2022-10-18,22.2017597935759,39.14303080927934,0.0004456808677088,22.74136566743548,40.03016298143313,0.0004308040115686,1.1608886336817152,3.182918385023876,3.621706363527333e-05,-0.06203128898309843
2022-10-19,22.09983736284018,39.0288198311871,0.0004637486427553,22.2017597935759,39.14303080927934,0.0004456808677088,0.9889856502230976,2.654794856234902,2.6700349725952488e-05,-0.06203128898309843
2022-10-20,22.09243121997428,39.034701646743294,0.0004784168540901,22.09983736284018,39.0288198311871,0.0004637486427553,0.2407534308283191,0.3749202556446905,1.624329133214554e-05,-0.055060253521996616
2022-10-21,22.082533681247,39.041645223290296,0.000477115188435,22.09243121997428,39.034701646743294,0.0004784168540901,0.2525800136356501,0.389518056788583,1.843919582619857e-05,-0.055060253521996616
2022-10-24,22.16758103992669,39.10005279395703,0.0004847094578999,22.082533681247,39.041645223290296,0.000477115188435,0.0471787901585698,0.0446807131575181,1.3916289066837104e-05,-0.055060253521996616
2022-10-25,22.12740063069796,39.02895517691157,0.0004739869537337,22.16758103992669,39.10005279395703,0.0004847094578999,0.0306803428441923,0.027020436744989,6.874142390969286e-06,-0.055060253521996616
2022-10-26,22.1309377267236,39.02661540791249,0.0004703599336554,22.12740063069796,39.02895517691157,0.0004739869537337,0.0303379789625014,0.0273270321137929,4.7873067360132855e-06,-0.055060253521996616
2022-10-27,22.169940983917368,39.10560320074489,0.0004780771628704,22.1309377267236,39.02661540791249,0.0004703599336554,0.0319595358837352,0.034921164414749,4.767920444323476e-06,-0.055060253521996616
2022-10-28,22.118270904120667,39.01572660640608,0.0004890922674584,22.169940983917368,39.10560320074489,0.0004780771628704,0.0215882382228758,0.0390284319316391,6.8525071972839015e-06,-0.06584806177329597
2022-10-31,22.18293407400269,39.09393305373857,0.0004876726628148,22.118270904120667,39.01572660640608,0.0004890922674584,0.0256084154971436,0.037681326615236,7.40530132844027e-06,-0.06584806177329597
2022-11-01,22.191959177673684,39.12620594358562,0.0004938842991836,22.18293407400269,39.09393305373857,0.0004876726628148,0.0290689512447294,0.0441857519691554,8.46266459050011e-06,-0.06584806177329597
2022-11-02,22.15758852239768,38.9897986784643,0.0004996513014782,22.191959177673684,39.12620594358562,0.0004938842991836,0.0257203074877009,0.0534923524240998,7.156864492672426e-06,-0.06584806177329597
2022-11-03,22.1225939116858,38.95394377093297,0.0004939799791012,22.15758852239768,38.9897986784643,0.0004996513014782,0.0301716026891418,0.0644548176144683,4.231536774232742e-06,-0.06584806177329597
2022-11-04,22.146410599828936,38.971430263279125,0.0005159601243459,22.1225939116858,38.95394377093297,0.0004939799791012,0.0250464426355864,0.0694708284862257,9.641395835949028e-06,-0.06584806177329597
2022-11-07,22.10689396175671,39.019496129985946,0.0005779583741639,22.146410599828936,38.971430263279125,0.0005159601243459,0.0293928160819972,0.0610055151688634,3.1873800806693254e-05,-0.06584806177329597
2022-11-08,22.21301793386482,39.11588185534674,0.0006356405167585,22.10689396175671,39.019496129985946,0.0005779583741639,0.0364650807235606,0.0571648526870572,5.4413535205999096e-05,-0.06584806177329597
2022-11-09,21.82424847377824,38.31831805402327,0.0007335976783764,22.21301793386482,39.11588185534674,0.0006356405167585,0.1341758885479454,0.2843679272805692,8.664861445924694e-05,-0.06584806177329597
2022-11-10,21.90783153925812,38.45024444028959,0.0006148761685318,21.82424847377824,38.31831805402327,0.0007335976783764,0.1481552807028525,0.3251424890904363,7.165276679390388e-05,-0.06584806177329597
2022-11-15,22.00924917127283,38.68353831870571,0.0007843072188701,21.90783153925812,38.45024444028959,0.0006148761685318,0.1382186937633467,0.3104303210330546,7.719981322370947e-05,-0.06584806177329597
2022-11-16,21.94780418393327,38.65924919188567,0.0006681644364626,22.00924917127283,38.68353831870571,0.0007843072188701,0.1308857067226319,0.2713181854535878,6.298246965829511e-05,-0.06686450292665257
2022-11-17,22.211327989745968,39.05978724123687,0.0004922570098707,21.94780418393327,38.65924919188567,0.0006681644364626,0.1302854600549177,0.252113974058011,0.000101094204269,-0.06686450292665257
2022-11-18,23.512529514151705,40.66204987072425,3.1388729908527748e-06,22.211327989745968,39.05978724123687,0.0004922570098707,0.6064469546958698,0.8039224516079655,0.0002714590154594,-0.06686450292665257
2022-11-21,23.859749633563965,41.10251385770373,1.8732677942853224e-06,23.512529514151705,40.66204987072425,3.1388729908527748e-06,0.8107562340787943,1.0389085317920124,0.0003297314091925,-0.06686450292665257
2022-11-22,23.9009804237478,41.158251502740455,1.898774904443902e-06,23.859749633563965,41.10251385770373,1.8732677942853224e-06,0.8372990756139599,1.0577912299463057,0.0002885289157907,-0.06686450292665257
2022-11-23,23.872456144661907,41.0729963980695,1.931421446236153e-06,23.9009804237478,41.158251502740455,1.898774904443902e-06,0.64585972425998,0.7954090509805537,0.0001960191572492,-0.06686450292665257
2022-11-29,24.01510677128981,41.314536160340566,1.8709583689697423e-06,23.872456144661907,41.0729963980695,1.931421446236153e-06,0.1689700484628632,0.2166846737562151,4.98585179099175e-07,-0.06686450292665257
2022-11-30,24.031530530379808,41.31654270620384,2.085160853378669e-06,24.01510677128981,41.314536160340566,1.8709583689697423e-06,0.0727492514357647,0.1037592385519048,7.967180732011306e-08,-0.06686450292665257
2022-12-01,24.184460696288685,41.517980636211874,2.515803161675895e-06,24.031530530379808,41.31654270620384,2.085160853378669e-06,0.1107396373640475,0.1528126480878419,2.394374176391089e-07,-0.06686450292665257
2022-12-02,24.13701388584914,41.45410919390189,2.0834110312573046e-06,24.184460696288685,41.517980636211874,2.515803161675895e-06,0.1083639995995159,0.153018933244224,2.2549117584655174e-07,-0.06686450292665257
2022-12-05,23.93186802832948,41.14821135444256,2.0956921407373536e-06,24.13701388584914,41.45410919390189,2.0834110312573046e-06,0.0901834999347647,0.1281807859146995,2.103827577584671e-07,-0.06686450292665257
2022-12-06,24.086085013816483,41.46793753895842,2.721843335723116e-06,23.93186802832948,41.14821135444256,2.0956921407373536e-06,0.0875480809638336,0.1341730757430905,2.6807849366747884e-07,-0.06686450292665257
2022-12-07,24.07666306070493,41.39439880570021,2.9240745761866566e-06,24.086085013816483,41.46793753895842,2.721843335723116e-06,0.0849730331437837,0.1302546343962882,3.350364932916399e-07,-0.06686450292665257
2022-12-08,24.036330385742662,41.363036950510526,3.293868446296633e-06,24.07666306070493,41.39439880570021,2.9240745761866566e-06,0.0687923970126948,0.1152393979339289,4.732202792217428e-07,-0.06686450292665257
2022-12-09,23.924429856611145,41.08111622636552,3.4684040759576946e-06,24.036330385742662,41.363036950510526,3.293868446296633e-06,0.0697814525826787,0.1494170711693381,4.811326270599334e-07,-0.06686450292665257
2022-12-12,23.84289603542057,40.86581498199416,3.3323049582416054e-06,23.924429856611145,41.08111622636552,3.4684040759576946e-06,0.0946303547053692,0.2262908204813464,2.791618597585863e-07,-0.06686450292665257
2022-12-13,24.16315430961912,41.344672063780514,2.7250964095638194e-06,23.84289603542057,40.86581498199416,3.3323049582416054e-06,0.1129875755956929,0.2052481237687478,2.781696974504826e-07,-0.06686450292665257
2022-12-14,24.33300636317449,41.5692205859176,3.011502523498053e-06,24.16315430961912,41.344672063780514,2.7250964095638194e-06,0.1739235033451377,0.2447958904468735,2.65977837829376e-07,-0.06686450292665257
2022-12-15,24.21226902215988,41.24649010639869,3.5599163100117446e-06,24.33300636317449,41.5692205859176,3.011502523498053e-06,0.1831363049642412,0.2378759750746867,3.092763439819216e-07,-0.06686450292665257
2022-12-16,24.337485605110725,41.34560840235939,3.69663431554509e-06,24.21226902215988,41.24649010639869,3.5599163100117446e-06,0.1806387421109828,0.2300646209093998,3.559692581192548e-07,-0.06686450292665257
2022-12-19,24.33511718724701,41.37131917747994,3.4656652987582565e-06,24.337485605110725,41.34560840235939,3.69663431554509e-06,0.0739197146563762,0.105860813704667,3.64890648402498e-07,-0.04263794519564192
2022-12-20,24.23923815546969,41.26113648265305,3.825858659638825e-06,24.33511718724701,41.37131917747994,3.4656652987582565e-06,0.0543115676225209,0.1155501931608047,2.7840173560776e-07,-0.04263794519564192
2022-12-21,24.12632730659044,40.934307028716894,3.786960436628492e-06,24.23923815546969,41.26113648265305,3.825858659638825e-06,0.0796655603207784,0.1562027182059015,1.3602009323309406e-07,-0.04263794519564192
2022-12-22,24.17826980117717,40.96527469211074,4.751777527229999e-06,24.12632730659044,40.934307028716894,3.786960436628492e-06,0.0839396922322474,0.1881405597942631,4.412843454388944e-07,-0.04263794519564192
2022-12-29,24.65777209997485,41.38575084530916,6.615912052150425e-06,24.17826980117717,40.96527469211074,4.751777527229999e-06,0.1884870294379819,0.1959225748165901,1.1465283690410945e-06,-0.24761131279987314
2022-12-30,24.61751186065597,41.24748261197213,5.146248939884397e-06,24.65777209997485,41.38575084530916,6.615912052150425e-06,0.226768467323696,0.1775912081205136,1.0384351018198964e-06,-0.24761131279987314
2023-01-04,24.62042698714308,41.31807463634777,5.012746659720542e-06,24.61751186065597,41.24748261197213,5.146248939884397e-06,0.2359585906373081,0.1854408533090758,9.106182110649854e-07,-0.24761131279987314
2023-01-05,24.568325464108444,41.38618298644158,5.506070109307544e-06,24.62042698714308,41.31807463634777,5.012746659720542e-06,0.1773878295616649,0.1562857938244702,6.517707429564177e-07,-0.24761131279987314
2023-01-06,24.537910385457938,41.22899183574802,5.00829434796588e-06,24.568325464108444,41.38618298644158,5.506070109307544e-06,0.0422354852156657,0.0663681352926415,6.067528923163537e-07,-0.24761131279987314
2023-01-09,24.45756334591699,41.12369904707362,5.251506791719612e-06,24.537910385457938,41.22899183574802,5.00829434796588e-06,0.0600149369000016,0.0883029144567686,1.843403851435847e-07,-0.24761131279987314
2023-01-10,24.516510070514595,41.18675100319525,5.3293822549369145e-06,24.45756334591699,41.12369904707362,5.251506791719612e-06,0.0540789588969422,0.0933442359618735,1.9107782206306478e-07,-0.24761131279987314
2023-01-11,24.51220118176735,41.16221847511768,4.671206928468032e-06,24.516510070514595,41.18675100319525,5.3293822549369145e-06,0.0363765052112513,0.0909792890564609,2.893221839467055e-07,-0.24761131279987314
2023-01-18,24.61089223114157,41.42453495072021,4.396242588241824e-06,24.51220118176735,41.16221847511768,4.671206928468032e-06,0.049613373875294,0.1053529631634242,3.52381842524867e-07,-0.24761131279987314
2023-01-19,24.51279544820072,41.342143722708926,4.453029466955801e-06,24.61089223114157,41.42453495072021,4.396242588241824e-06,0.0495273475984066,0.1154020629215365,3.954858001614414e-07,-0.24761131279987314
2023-01-20,24.512909140042627,41.33279885830428,4.409655140935397e-06,24.51279544820072,41.342143722708926,4.453029466955801e-06,0.038944976241649,0.0996376978201279,3.52972439081263e-07,-0.24761131279987314
2023-01-23,24.5671350957808,41.49918206319206,2.746583574687325e-06,24.512909140042627,41.33279885830428,4.409655140935397e-06,0.0398949264213762,0.1126113509584229,7.014332906334174e-07,-0.24761131279987314
2023-01-24,24.597055555810496,41.623353266015904,3.4159233733374424e-06,24.5671350957808,41.49918206319206,2.746583574687325e-06,0.0411332901163198,0.108010302361055,6.892476695687414e-07,-0.24761131279987314
2023-01-25,24.64762380051887,41.6567825602832,2.7321701759105386e-06,24.597055555810496,41.623353266015904,3.4159233733374424e-06,0.0515096832645436,0.1358336288343252,7.598366184485072e-07,-0.24761131279987314
2023-01-26,24.811044851880308,41.80896487020804,2.5538928489823017e-06,24.64762380051887,41.6567825602832,2.7321701759105386e-06,0.1017791052930125,0.1598443214265833,6.852406973962417e-07,-0.24761131279987314
2023-01-27,24.984058329882743,42.00200762730651,3.0734245668656864e-06,24.811044851880308,41.80896487020804,2.5538928489823017e-06,0.156030590240004,0.172928766696527,3.058266969063365e-07,-0.24761131279987314
2023-01-30,24.64491621471557,41.52950934168458,2.767528190804463e-06,24.984058329882743,42.00200762730651,3.0734245668656864e-06,0.1432287794475319,0.1655184334967065,3.037729484707971e-07,-0.24761131279987314
2023-01-31,24.52574866586353,41.331566875070536,2.440946920108399e-06,24.64491621471557,41.52950934168458,2.767528190804463e-06,0.1591160382325733,0.2297389747442378,2.1567237821006626e-07,-0.24761131279987314
2023-02-01,24.51291846010477,41.21298705494641,2.873175215347623e-06,24.52574866586353,41.331566875070536,2.440946920108399e-06,0.1796254405473615,0.2930656546312585,2.252633529667621e-07,-0.24761131279987314
2023-02-02,24.366900174580184,41.12786496621778,2.6611156188996883e-06,24.51291846010477,41.21298705494641,2.873175215347623e-06,0.2081881952013475,0.3113140845843208,2.110074889351725e-07,-0.24761131279987314
2023-02-03,23.965549965321923,40.68919388396745,2.6632453960476817e-06,24.366900174580184,41.12786496621778,2.6611156188996883e-06,0.235939939138901,0.2792168996562136,1.4335571846901666e-07,-0.046551672122960325
2023-02-06,24.408983646678124,41.32838683906935,1.9470216897894696e-05,23.965549965321923,40.68919388396745,2.6632453960476817e-06,0.2043601335138138,0.2370097005251351,6.725627886981453e-06,-0.046551672122960325
2023-02-07,24.38123808950407,41.25666684359047,6.8226091343069554e-06,24.408983646678124,41.32838683906935,1.9470216897894696e-05,0.1878652944450128,0.2264330634021663,6.483052858391419e-06,-0.046551672122960325
2023-02-08,24.549622892837903,41.67090784978527,7.101196612123482e-06,24.38123808950407,41.25666684359047,6.8226091343069554e-06,0.1955423292455702,0.318279270644336,6.171160352668895e-06,-0.046551672122960325
2023-02-09,24.478683266611306,41.59998713275687,5.780921326826218e-06,24.549622892837903,41.67090784978527,7.101196612123482e-06,0.2041730346077906,0.3472535181548764,5.770432293576807e-06,-0.046551672122960325
2023-02-10,24.57020376453537,41.66403486704461,5.01760421161514e-06,24.478683266611306,41.59998713275687,5.780921326826218e-06,0.0745085799594847,0.1758957595477688,5.3677458059508575e-06,-0.046551672122960325
2023-02-13,24.96997027055922,42.198047948731606,5.397192234720962e-06,24.57020376453537,41.66403486704461,5.01760421161514e-06,0.2011827739961061,0.3014308555523369,8.07828784054792e-07,-0.057263431604169156
2023-02-14,25.005894615714848,42.331410169830725,4.263912933840582e-06,24.96997027055922,42.198047948731606,5.397192234720962e-06,0.2252956164714263,0.307526957770697,9.394885561941352e-07,-0.057263431604169156
2023-02-15,24.933018477208982,42.258854609795286,4.205894855899726e-06,25.005894615714848,42.331410169830725,4.263912933840582e-06,0.2212105268782935,0.3125368712444167,6.193483987297885e-07,-0.057263431604169156
2023-02-16,24.95328319342609,42.26912819688575,4.741442021898549e-06,24.933018477208982,42.258854609795286,4.205894855899726e-06,0.1599310033613977,0.2438271899596014,4.516195649353714e-07,-0.057263431604169156
2023-02-17,24.933534221593025,42.29621365681894,4.501424706965232e-06,24.95328319342609,42.26912819688575,4.741442021898549e-06,0.0271130259287691,0.0441763986902321,4.3153160040196884e-07,-0.057263431604169156
2023-02-22,24.868487689476485,42.14047681385112,6.653249769143207e-06,24.933534221593025,42.29621365681894,4.501424706965232e-06,0.0440826865493873,0.0644642557314773,9.100198981166826e-07,-0.057263431604169156
2023-02-23,24.98892578131152,42.364787890883,6.460111260344377e-06,24.868487689476485,42.14047681385112,6.653249769143207e-06,0.0391694154037928,0.0727856673335834,1.0318087795559458e-06,-0.057263431604169156
2023-02-24,24.988480582863705,42.37935747179978,6.5115940598827e-06,24.98892578131152,42.364787890883,6.460111260344377e-06,0.0444125005596656,0.0853339451980971,9.458854791888308e-07,-0.057263431604169156
2023-02-27,24.851745374918423,42.06958225161624,7.865202833229618e-06,24.988480582863705,42.37935747179978,6.5115940598827e-06,0.0578642919262897,0.1237668572356583,1.079962530509796e-06,-0.057263431604169156
2023-02-28,24.34461385622046,40.94422363429892,7.511342584954815e-06,24.851745374918423,42.06958225161624,7.865202833229618e-06,0.239000209341975,0.5318191580567208,5.762469341168273e-07,-0.057263431604169156
2023-03-01,24.42957038535935,41.10593000948697,8.734776835079207e-06,24.34461385622046,40.94422363429892,7.511342584954815e-06,0.2782163314005822,0.6225264186587384,8.581045701131578e-07,-0.057263431604169156
2023-03-02,24.33953751787496,40.67441459392946,9.266528668571567e-06,24.42957038535935,41.10593000948697,8.734776835079207e-06,0.2742180793023892,0.6666549156919493,9.606098010152924e-07,-0.057263431604169156
2023-03-03,24.34476786951581,40.60892458431574,9.088339737338636e-06,24.33953751787496,40.67441459392946,9.266528668571567e-06,0.1977235771618386,0.5262680490481968,6.883331023950121e-07,-0.057263431604169156
2023-03-06,24.235663752384337,40.34193718725693,1.0897692092405542e-05,24.34476786951581,40.60892458431574,9.088339737338636e-06,0.061556972064666,0.2666186567845378,1.0878220985136794e-06,-0.057263431604169156
2023-03-07,23.96438170036112,39.31268364866364,1.4739033306500918e-05,24.235663752384337,40.34193718725693,1.0897692092405542e-05,0.1613750885165227,0.6004220017372908,2.224749993281145e-06,-0.0668894848386933
2023-03-08,24.19626546261172,39.5809606680375,2.2977579552807618e-05,23.96438170036112,39.31268364866364,1.4739033306500918e-05,0.1385138912987566,0.5543802355013225,5.205005178487915e-06,-0.0668894848386933
2023-03-09,24.130014005146567,39.48046438184976,2.1781755092948018e-05,24.19626546261172,39.5809606680375,2.2977579552807618e-05,0.1259636414933285,0.5127362291152817,5.61171578403385e-06,-0.0668894848386933
2023-03-10,23.556613732079395,38.44297129540832,2.0659586053584025e-05,24.130014005146567,39.48046438184976,2.1781755092948018e-05,0.2479699414718378,0.6074434522967723,4.626125190593398e-06,-0.0668894848386933
2023-03-13,23.696856265448588,38.94651141557677,1.418721993541014e-05,23.556613732079395,38.44297129540832,2.0659586053584025e-05,0.2464210478710371,0.4153697202313842,3.6754987694971633e-06,-0.0668894848386933
2023-03-14,23.80071968496839,39.15575818546727,1.4224386541780382e-05,23.696856265448588,38.94651141557677,1.418721993541014e-05,0.2477338204318485,0.4079596118925839,3.794979021248252e-06,-0.0668894848386933
2023-03-15,23.409706553996344,38.56668140404464,1.2846813047668254e-05,23.80071968496839,39.15575818546727,1.4224386541780382e-05,0.2441853650624177,0.3802062396162983,3.709025505174971e-06,-0.0668894848386933
2023-03-16,23.73808330259557,39.25523606111404,1.0223674012572738e-05,23.409706553996344,38.56668140404464,1.2846813047668254e-05,0.1404787126508987,0.3194418142236419,3.438273020673028e-06,-0.0668894848386933
2023-03-21,23.75905383016912,39.11231401340681,1.0374466667332887e-05,23.73808330259557,39.25523606111404,1.0223674012572738e-05,0.1396676014275911,0.2418181404833687,1.7639301754326295e-06,-0.0668894848386933
2023-03-22,23.67801605413312,39.05720274343013,9.207607847444382e-06,23.75905383016912,39.11231401340681,1.0374466667332887e-05,0.1394398170149961,0.2403017000880743,1.860615153789323e-06,-0.0668894848386933
2023-03-23,23.60197862456091,38.86988634517361,9.815556017767818e-06,23.67801605413312,39.05720274343013,9.207607847444382e-06,0.1262421638247187,0.237436395737134,1.244040503409647e-06,-0.0668894848386933
2023-03-24,23.46703856736804,38.47306412507273,1.1427915133432138e-05,23.60197862456091,38.86988634517361,9.815556017767818e-06,0.106028719499234,0.2701224408830291,7.308802192042599e-07,-0.0668894848386933
2023-03-27,23.28771756804568,38.06145319940685,1.1851926394046615e-05,23.46703856736804,38.47306412507273,1.1427915133432138e-05,0.1661832094284893,0.3961330780987857,9.835580145083084e-07,-0.0668894848386933
2023-03-28,23.47976247305947,38.45193497127922,1.126026786596236e-05,23.28771756804568,38.06145319940685,1.1851926394046615e-05,0.1331218034357978,0.3488399618627754,1.017778926076512e-06,-0.0668894848386933
2023-03-29,23.49436245436628,38.477700808690905,1.2291034757110726e-05,23.47976247305947,38.45193497127922,1.126026786596236e-05,0.1012616187637376,0.2557982275423004,8.371359846938309e-07,-0.0668894848386933
2023-03-30,23.65631734438107,38.7250489386368,1.2363017783706187e-05,23.49436245436628,38.477700808690905,1.2291034757110726e-05,0.1169537151086673,0.2131592312598809,4.43400189155409e-07,-0.0668894848386933
2023-03-31,23.715196357158685,38.828251253854255,1.270106192521619e-05,23.65631734438107,38.7250489386368,1.2363017783706187e-05,0.1501285979195812,0.2657565156092336,4.966739122806988e-07,-0.0668894848386933
2023-04-03,23.8899184757572,39.12504403145676,1.3676336137592974e-05,23.715196357158685,38.828251253854255,1.270106192521619e-05,0.1516664040461965,0.2475316201185059,7.765156417535154e-07,-0.0668894848386933
2023-04-04,24.094187134201885,39.60849111288221,1.59594635254706e-05,23.8899184757572,39.12504403145676,1.3676336137592974e-05,0.2056117607355421,0.3879950932905277,1.3726506566157245e-06,-0.0668894848386933
2023-04-05,24.23857578133613,39.795438213909925,1.9150794307881623e-05,24.094187134201885,39.60849111288221,1.59594635254706e-05,0.2209990587682212,0.4217705315976164,2.524929738593753e-06,-0.0668894848386933
2023-04-06,24.1709178352514,39.622810587131255,1.7923874124209523e-05,24.23857578133613,39.795438213909925,1.9150794307881623e-05,0.1928036759219239,0.3610823112819336,2.443095838613628e-06,-0.06323712857042298
2023-04-12,24.16830053870088,39.757547172840624,1.722188309844018e-05,24.1709178352514,39.622810587131255,1.7923874124209523e-05,0.1202491331911148,0.239811856183802,1.867092631322152e-06,-0.06323712857042298
2023-04-13,23.65421103335477,38.62279762259967,2.3338823713408296e-05,24.16830053870088,39.757547172840624,1.722188309844018e-05,0.2105313851094208,0.4354823548719654,2.5305273430423867e-06,-0.06323712857042298
2023-04-14,23.725193503524803,38.71345310337841,2.3747410271323223e-05,23.65421103335477,38.62279762259967,2.3338823713408296e-05,0.2486678952910694,0.5218479494316429,2.7407221979170197e-06,-0.06323712857042298
2023-04-17,23.81468061513101,38.74816360293935,2.404785133138012e-05,23.725193503524803,38.71345310337841,2.3747410271323223e-05,0.2206394127644541,0.4911986270248848,3.0238014358792333e-06,-0.06323712857042298
2023-04-18,23.12711016401906,37.399581245379416,2.3765500885067056e-05,23.81468061513101,38.74816360293935,2.404785133138012e-05,0.3356692052832704,0.7489453725803121,2.611009565185577e-06,-0.06323712857042298
2023-04-19,23.04506802753033,37.31456644742554,2.4547243021910573e-05,23.12711016401906,37.399581245379416,2.3765500885067056e-05,0.3212319651203508,0.6571792086757635,3.991266863948761e-07,-0.06323712857042298
2023-04-20,23.151309616277945,37.40854798301404,2.697684839848849e-05,23.04506802753033,37.31456644742554,2.4547243021910573e-05,0.3274963539620573,0.6654836125161869,1.2148183172256223e-06,-0.06323712857042298
2023-04-21,23.11959631350062,37.28787182350313,2.988116697839236e-05,23.151309616277945,37.40854798301404,2.697684839848849e-05,0.2837943189346935,0.5601711185078263,2.3155970965568136e-06,-0.06323712857042298
2023-04-24,23.01633831470835,36.99961656430535,3.7726136766076015e-05,23.11959631350062,37.28787182350313,2.988116697839236e-05,0.0518442757969318,0.1487784870534666,5.046929302651475e-06,-0.06323712857042298
2023-04-25,23.023361186037803,37.06142348655127,3.705668133873443e-05,23.01633831470835,36.99961656430535,3.7726136766076015e-05,0.0542972726284158,0.1566260534624901,5.305046808735388e-06,-0.06323712857042298
2023-04-26,23.028391685944303,37.14740011209789,3.7097482974000136e-05,23.023361186037803,37.06142348655127,3.705668133873443e-05,0.0562722712493695,0.1493500003900905,4.445061789506579e-06,-0.06323712857042298
2023-04-27,23.017795613117386,37.16384976874469,3.646652403466369e-05,23.028391685944303,37.14740011209789,3.7097482974000136e-05,0.0394818273379887,0.0980346975713604,2.90965125947623e-06,-0.07528527681388682
2023-04-28,23.613179752414112,37.98530172269527,3.95126624741681e-05,23.017795613117386,37.16384976874469,3.646652403466369e-05,0.2367218017425991,0.3618162506601555,1.0490687057782714e-06,-0.07528527681388682
2023-05-03,23.7500329596664,38.33585929224154,4.381196474409892e-05,23.613179752414112,37.98530172269527,3.95126624741681e-05,0.3254677976138027,0.5208334056077744,2.7206585437327908e-06,-0.07528527681388682
2023-05-04,23.875770066603167,38.65950544729552,4.125482817093796e-05,23.7500329596664,38.33585929224154,4.381196474409892e-05,0.3639325140042568,0.6121702742837238,2.704214410915308e-06,-0.07528527681388682
2023-05-05,23.84971951232349,38.61853347753969,4.021567712275162e-05,23.875770066603167,38.65950544729552,4.125482817093796e-05,0.315526907479632,0.5501357721648594,2.389844361516953e-06,-0.07528527681388682
2023-05-10,23.967611760432813,38.93648388193299,4.511202976313059e-05,23.84971951232349,38.61853347753969,4.021567712275162e-05,0.1208892804876612,0.3229898369210162,2.139727031293829e-06,-0.07528527681388682
2023-05-11,23.658438969673885,38.49714782260077,3.565894570896603e-05,23.967611760432813,38.93648388193299,4.511202976313059e-05,0.1065641964058351,0.1984957712604098,3.280272723314843e-06,-0.07528527681388682
2023-05-12,23.656173849326063,38.53648555493636,3.667416224372113e-05,23.658438969673885,38.49714782260077,3.565894570896603e-05,0.1241131906052868,0.1545329399227186,3.388945020477925e-06,-0.07528527681388682
2023-05-15,23.57871765700043,38.52175369426771,3.961213213230398e-05,23.656173849326063,38.53648555493636,3.667416224372113e-05,0.1438845159583085,0.1623959386076844,3.309029823835165e-06,-0.07528527681388682
2023-05-16,23.79539551068491,38.84391324920002,4.016722504082864e-05,23.57871765700043,38.52175369426771,3.961213213230398e-05,0.1372483274902006,0.1848783433653482,3.306857039201901e-06,-0.07528527681388682
2023-05-17,23.85855862889299,38.958062099712045,3.846527204219702e-05,23.79539551068491,38.84391324920002,4.016722504082864e-05,0.1021287743287645,0.191256738400231,1.7137057707329374e-06,-0.07528527681388682
2023-05-18,24.122612881421457,39.44937828098283,3.773435878532713e-05,23.85855862889299,38.958062099712045,3.846527204219702e-05,0.1882312210927109,0.3394982980451755,1.2595937605272742e-06,-0.07528527681388682
2023-05-19,23.95861847467337,39.21411743983318,3.640028060424904e-05,24.122612881421457,39.44937828098283,3.773435878532713e-05,0.179971133006576,0.3170475883280321,1.3423707402914886e-06,-0.07528527681388682
2023-05-22,24.016279261342444,39.1670768358322,7.958054883199302e-05,23.95861847467337,39.21411743983318,3.640028060424904e-05,0.1153482282362932,0.2106182694893707,1.6600119040941828e-05,-0.07528527681388682
2023-05-23,24.070044182548827,39.24806602726192,7.72965210606153e-05,24.016279261342444,39.1670768358322,7.958054883199302e-05,0.091418630940136,0.1575104227668196,2.0063332933494376e-05,-0.07528527681388682
2023-05-24,24.02418748831392,39.06654901531201,8.326741373779678e-05,24.070044182548827,39.24806602726192,7.72965210606153e-05,0.0550446450696296,0.1259971304129192,2.114647459413012e-05,-0.07528527681388682
2023-05-25,23.966132452209592,39.000417652387874,7.235889207577007e-05,24.02418748831392,39.06654901531201,8.326741373779678e-05,0.0409072075319387,0.0924989166775171,1.7060571644463213e-05,-0.07528527681388682
2023-05-26,24.00407135969034,39.08911544077827,6.82416319152824e-05,23.966132452209592,39.000417652387874,7.235889207577007e-05,0.0335167099511708,0.0855129662368838,5.303876585968572e-06,-0.07528527681388682
2023-05-31,23.660126788327464,38.67645903238743,9.173269032088186e-05,24.00407135969034,39.08911544077827,6.82416319152824e-05,0.1462842577820935,0.1883010972586047,8.272804424458814e-06,-0.07528527681388682
2023-06-01,23.600044277048777,38.76744697997125,4.72839476986002e-05,23.660126788327464,38.67645903238743,9.173269032088186e-05,0.1822589083305764,0.166810234580094,1.5098389978502934e-05,-0.07528527681388682
2023-06-02,23.22662670860984,38.35791844140272,3.495298968672036e-05,23.600044277048777,38.76744697997125,4.72839476986002e-05,0.2823400055752833,0.2581288481353722,1.9870697987820097e-05,-0.047265577045154605
2023-06-05,23.27135126918961,38.47081776335382,5.4683806354720366e-05,23.22662670860984,38.35791844140272,3.495298968672036e-05,0.2839009235565645,0.2538646095081319,1.9443624328746592e-05,-0.047265577045154605
2023-06-06,22.977642481890296,37.83192255705814,4.743204183421821e-05,23.27135126918961,38.47081776335382,5.4683806354720366e-05,0.2524745937121828,0.3282554236050441,1.9327953546317315e-05,-0.047265577045154605
2023-06-07,22.84541111616251,37.66460344461259,4.418709176703331e-05,22.977642481890296,37.83192255705814,4.743204183421821e-05,0.260678248815644,0.4100458625637295,6.387557276127785e-06,-0.047265577045154605
2023-06-08,22.93661720030835,37.83042422542828,4.434699166366981e-05,22.84541111616251,37.66460344461259,4.418709176703331e-05,0.1674094136503544,0.3207566502749178,6.350557236564112e-06,-0.047265577045154605
2023-06-09,22.52117648685572,36.985772428454666,3.953290926408479e-05,22.93661720030835,37.83042422542828,4.434699166366981e-05,0.2413351205334865,0.4741031470452295,5.005894242772181e-06,-0.047265577045154605
2023-06-12,22.594532724141114,37.10693790732618,4.323052585162674e-05,22.52117648685572,36.985772428454666,3.953290926408479e-05,0.1839220513048806,0.3644403834942686,2.5360798258850805e-06,-0.03673278512452848
2023-06-13,22.61114830456803,37.20554504329802,5.023636199812343e-05,22.594532724141114,37.10693790732618,4.323052585162674e-05,0.1600700593457966,0.3292464786595759,3.438722137551455e-06,-0.03673278512452848
2023-06-14,22.77673848033747,37.54113038037302,4.932526811033074e-05,22.61114830456803,37.20554504329802,5.023636199812343e-05,0.1497714394512098,0.3094059825702532,3.975294104745722e-06,-0.03673278512452848
2023-06-15,22.36002435520468,36.76927434221984,5.2199693350420005e-05,22.77673848033747,37.54113038037302,4.932526811033074e-05,0.1352569708555538,0.2552841156354744,4.750556392998732e-06,-0.03673278512452848
2023-06-16,22.62346127408878,37.4928366229905,6.241116036417429e-05,22.36002435520468,36.76927434221984,5.2199693350420005e-05,0.1336390031320773,0.2805924783351742,6.233001721690754e-06,-0.03673278512452848
2023-06-21,22.67327991542844,37.58658725589016,6.18715519717288e-05,22.62346127408878,37.4928366229905,6.241116036417429e-05,0.1374559540366667,0.3053634932286663,5.7386770014998965e-06,-0.03673278512452848
2023-06-22,22.861043515606543,38.01441938420441,6.19480086254994e-05,22.67327991542844,37.58658725589016,6.18715519717288e-05,0.1706090526390077,0.4014956974036932,5.619985067987469e-06,-0.03673278512452848
2023-06-23,23.32313529434272,38.99272681245619,4.921537336274348e-05,22.861043515606543,38.01441938420441,6.19480086254994e-05,0.320355919850358,0.730302194467325,5.652234633554479e-06,-0.03673278512452848
2023-06-26,23.299084009075624,38.91375201075443,4.594263466639034e-05,23.32313529434272,38.99272681245619,4.921537336274348e-05,0.3006740248214453,0.6401020407194183,7.179873937301231e-06,-0.2069362553874704
2023-06-27,23.259318673478088,38.88996579734231,6.255502381834123e-05,23.299084009075624,38.91375201075443,4.594263466639034e-05,0.2655487199914175,0.5716733136950559,7.204640928499739e-06,-0.2069362553874704
2023-06-30,23.112177884484453,38.67148116713579,5.143260346113936e-05,23.259318673478088,38.88996579734231,6.255502381834123e-05,0.1713965584030915,0.3572779531333077,6.790071801908803e-06,-0.2069362553874704
2023-07-03,23.247683620520032,38.89973899861345,4.2698302773215926e-05,23.112177884484453,38.67148116713579,5.143260346113936e-05,0.0732534726246666,0.1073372890485098,6.77338303960284e-06,-0.2069362553874704
2023-07-06,23.20509207123136,38.80086822324375,4.059472449763695e-05,23.247683620520032,38.89973899861345,4.2698302773215926e-05,0.0637265617938295,0.0909038094952971,7.857893064215598e-06,-0.2069362553874704
2023-07-07,23.106112502697403,38.54395422758311,4.355964922782477e-05,23.20509207123136,38.80086822324375,4.059472449763695e-05,0.0653860710896467,0.1360826566602902,8.076547238693852e-06,-0.2069362553874704
2023-07-10,23.16464619376696,38.68799739071789,4.236622454226887e-05,23.106112502697403,38.54395422758311,4.355964922782477e-05,0.0541831027641699,0.1210065047363276,3.7765632665495862e-06,-0.2069362553874704
2023-07-11,22.990429325884023,38.28040785460747,4.296043374036185e-05,23.16464619376696,38.68799739071789,4.236622454226887e-05,0.0893542687279195,0.2163997950786824,1.0001584933964509e-06,-0.2069362553874704
2023-07-12,23.02163746462525,38.165838714993946,4.5270084519273015e-05,22.990429325884023,38.28040785460747,4.296043374036185e-05,0.0817044172493545,0.2398305703931167,1.5259547454730454e-06,-0.2069362553874704
2023-07-13,23.02353541305281,38.29844115287725,4.55313036639218e-05,23.02163746462525,38.165838714993946,4.5270084519273015e-05,0.0643591881300856,0.191313439504699,1.2555737999986711e-06,-0.2069362553874704
2023-07-14,23.102458620760554,38.39996647475902,4.555594218397745e-05,23.02353541305281,38.29844115287725,4.55313036639218e-05,0.0638647378075431,0.1770815563730829,1.382875146566912e-06,-0.2069362553874704
2023-07-17,23.33213169644664,38.7904540385344,4.027380899188961e-05,23.102458620760554,38.39996647475902,4.555594218397745e-05,0.1246649307394629,0.2149698384308413,2.06449977406193e-06,-0.2069362553874704
2023-07-18,23.06076247022791,38.36821404090784,4.722517916751513e-05,23.33213169644664,38.7904540385344,4.027380899188961e-05,0.1158359246130562,0.2090480314166431,2.35333819205174e-06,-0.2069362553874704
2023-07-19,23.13554833959421,38.44087144530728,4.873979970670505e-05,23.06076247022791,38.36821404090784,4.722517916751513e-05,0.1074905964039853,0.1718690652016899,2.8559998012730647e-06,-0.2069362553874704
2023-07-20,23.311135917607206,38.76578617846624,5.560238666075782e-05,23.13554833959421,38.44087144530728,4.873979970670505e-05,0.1115288872351645,0.1853646591902786,4.965005129193023e-06,-0.2069362553874704
2023-07-21,23.2880033117024,38.70247761785449,5.1860121942365536e-05,23.311135917607206,38.76578617846624,5.560238666075782e-05,0.1075548665886273,0.174577564193556,5.114657048897854e-06,-0.2069362553874704
2023-07-24,23.22828916429729,38.51477052981502,5.308664143552683e-05,23.2880033117024,38.70247761785449,5.1860121942365536e-05,0.0941535428329769,0.1520885104003221,3.0058311861938574e-06,-0.2069362553874704
2023-07-25,23.33498691123157,38.73382989787556,4.727826954375522e-05,23.22828916429729,38.51477052981502,5.308664143552683e-05,0.0714353804805267,0.1292339057061952,2.991467629240942e-06,-0.2069362553874704
2023-07-26,23.385517958538863,38.99469475467199,4.574457694810979e-05,23.33498691123157,38.73382989787556,4.727826954375522e-05,0.0519389233446578,0.1534157336217477,3.669843469434841e-06,-0.2069362553874704
2023-07-27,23.215540938744496,38.74348063446482,4.190167194206424e-05,23.385517958538863,38.99469475467199,4.574457694810979e-05,0.0640355758640676,0.1529919924011008,4.088241233189728e-06,-0.2069362553874704
2023-07-28,23.087125135197216,38.64778347507684,2.247486397336662e-05,23.215540938744496,38.74348063446482,4.190167194206424e-05,0.103705809536755,0.1570320397112217,1.0449774788243528e-05,-0.06820539578212838
2023-07-31,22.95674112555314,38.50314431196507,8.330688242313623e-05,23.087125135197216,38.64778347507684,2.247486397336662e-05,0.1579334100376857,0.1602100154386697,1.9701807971309483e-05,-0.06820539578212838
2023-08-01,22.95951672393475,38.54816588123667,2.3144273361771435e-05,22.95674112555314,38.50314431196507,8.330688242313623e-05,0.1631643404289031,0.174631530241496,2.212880693259656e-05,-0.06820539578212838
2023-08-02,23.140426018814768,38.846365952041246,2.452670892101393e-05,22.95951672393475,38.54816588123667,2.3144273361771435e-05,0.1014415120939088,0.1256476352977823,2.326136175169809e-05,-0.07125154062355682
2023-08-03,23.302821399611773,39.19703268108455,2.9370366619303667e-05,23.140426018814768,38.846365952041246,2.452670892101393e-05,0.1285500202014303,0.2534704328848878,2.349525318034564e-05,-0.07125154062355682
2023-08-04,23.36116127396896,39.3821541995104,2.8432402211329223e-05,23.302821399611773,39.19703268108455,2.9370366619303667e-05,0.1682236045145841,0.3477793315213366,2.289387651817493e-05,-0.07125154062355682
2023-08-07,23.4234134565686,39.38261320167744,2.8195620298717387e-05,23.36116127396896,39.3821541995104,2.8432402211329223e-05,0.1678218481980546,0.3266862643183833,2.4384258883074528e-06,-0.07125154062355682
2023-08-08,23.475143468439978,39.487630974611896,2.581024209724664e-05,23.4234134565686,39.38261320167744,2.8195620298717387e-05,0.1156543337973215,0.2266389119872076,1.8042166082854447e-06,-0.07125154062355682
2023-08-09,23.64503048166336,39.687224671206025,2.6578536342672168e-05,23.475143468439978,39.487630974611896,2.581024209724664e-05,0.1171065558471889,0.1601616356982109,1.296032139618898e-06,-0.07125154062355682
2023-08-10,23.5714301337597,39.62049317718351,2.220136150528629e-05,23.64503048166336,39.687224671206025,2.6578536342672168e-05,0.1017665490088369,0.1238298647890465,2.246816050020407e-06,-0.07125154062355682
2023-08-11,23.498062186845303,39.48365641771285,2.220748407503801e-05,23.5714301337597,39.62049317718351,2.220136150528629e-05,0.0775445685940787,0.1082102998380863,2.4079357051260577e-06,-0.07125154062355682
2023-08-14,23.49727944429641,39.45598839397526,1.9605429448079948e-05,23.498062186845303,39.48365641771285,2.220748407503801e-05,0.0628893762940204,0.0904261118427682,2.572884969846423e-06,-0.07125154062355682
2023-08-15,23.47734683081346,39.43817403672271,1.977183144740821e-05,23.49727944429641,39.45598839397526,1.9605429448079948e-05,0.0624579098967845,0.0987051102609377,2.5186782829912025e-06,-0.07125154062355682
2023-08-16,23.501681277973024,39.48292687308339,2.023191999032024e-05,23.47734683081346,39.43817403672271,1.977183144740821e-05,0.0322796766902359,0.0644457686740911,1.1620331105909123e-06,-0.07125154062355682
2023-08-17,23.43983532914066,39.27074982528538,2.1955776529029188e-05,23.501681277973024,39.48292687308339,2.023191999032024e-05,0.0231291283799533,0.0796424657262446,1.1057412430306176e-06,-0.07125154062355682
2023-08-18,23.44996099088686,39.268487436693086,2.30902776783055e-05,23.43983532914066,39.27074982528538,2.1955776529029188e-05,0.0247444930712786,0.0938826255095632,1.363977190029427e-06,-0.07125154062355682
2023-08-21,23.275826437894825,39.15182746752789,1.81284880681032e-05,23.44996099088686,39.268487436693086,2.30902776783055e-05,0.079547303490948,0.1215251356140358,1.7299116991596294e-06,-0.07125154062355682
2023-08-24,23.42434799911452,39.366718011250605,3.705885408438407e-05,23.275826437894825,39.15182746752789,1.81284880681032e-05,0.0758339183097261,0.1108023403432451,6.695817944680525e-06,-0.07125154062355682
2023-08-25,22.71216241811368,38.090135708191056,3.927934639242741e-05,23.42434799911452,39.366718011250605,3.705885408438407e-05,0.2813580532542839,0.4746370628635555,8.571158228384679e-06,-0.07125154062355682
2023-08-30,23.06158936769648,38.969552331808,4.0754884364158486e-05,22.71216241811368,38.090135708191056,3.927934639242741e-05,0.2736956516072837,0.4590643484816565,9.235376702596056e-06,-0.07125154062355682
2023-08-31,23.16430701568595,39.26923651146213,3.559697349009801e-05,23.06158936769648,38.969552331808,4.0754884364158486e-05,0.2401348096427498,0.4591620608107915,8.211915258728754e-06,-0.07125154062355682
2023-09-01,23.324286388956924,39.46982985663376,3.682381545206069e-05,23.16430701568595,39.26923651146213,3.559697349009801e-05,0.2468051451079225,0.5002028306099128,1.855939299784654e-06,-0.07125154062355682
2023-09-06,23.38207887286388,39.607259563302414,3.558855144916604e-05,23.324286388956924,39.46982985663376,3.682381545206069e-05,0.2373731120571432,0.539963552754505,2.070440671468346e-06,-0.07125154062355682
2023-09-07,23.422153491105643,39.74998842814818,1.1958890746913698e-05,23.38207887286388,39.607259563302414,3.558855144916604e-05,0.1365734018971904,0.2727054220465592,1.026912456252378e-05,-0.06409621062768849
2023-09-08,23.41328921486505,39.73349778401286,7.929527819810248e-06,23.422153491105643,39.74998842814818,1.1958890746913698e-05,0.0948668544462728,0.1794028196232351,1.283750778284844e-05,-0.06409621062768849
2023-09-11,23.72251821819334,40.13182827964143,1.132819108578599e-05,23.41328921486505,39.73349778401286,7.929527819810248e-06,0.1391153712874616,0.2210302413780854,1.271979414124328e-05,-0.06409621062768849
2023-09-12,23.874838139921508,40.44804537643905,1.1761938925595948e-05,23.72251821819334,40.13182827964143,1.132819108578599e-05,0.1988328931355471,0.3111910380077582,1.0045404449756592e-05,-0.06409621062768849
2023-09-13,23.93565095964196,40.508354800403545,1.3336317307108202e-05,23.874838139921508,40.44804537643905,1.1761938925595948e-05,0.2202487219795955,0.3300623100156024,1.7971163160465737e-06,-0.06409621062768849
2023-09-14,26.201094049588644,47.081029904650286,1.0533438727477546e-05,23.93565095964196,40.508354800403545,1.3336317307108202e-05,1.0022520601472782,2.763977024560542,1.7770577831971223e-06,-0.06409621062768849
2023-09-15,26.06102285371757,47.05407038008178,1.085896980623709e-05,26.201094049588644,47.081029904650286,1.0533438727477546e-05,1.1232843876302268,3.2871718483468184,9.792873047127871e-07,-0.06409621062768849
2023-09-18,26.191260732861924,47.24743403092074,1.185677039626075e-05,26.06102285371757,47.05407038008178,1.085896980623709e-05,1.1015311899057556,3.2582131262605087,9.766769658808595e-07,-0.06409621062768849
2023-09-19,26.29930187785692,47.47605029217317,9.574004800380022e-06,26.191260732861924,47.24743403092074,1.185677039626075e-05,0.9041865359144464,2.686727377428204,1.2802012938521047e-06,-0.06409621062768849
2023-09-20,26.19496506148433,47.21434476689936,7.703079949807573e-06,26.29930187785692,47.47605029217317,9.574004800380022e-06,0.0758026574480689,0.1503629756600563,1.405126700412143e-06,-0.06409621062768849
2023-09-21,26.1685005451105,47.24626979590898,9.357653830575334e-06,26.19496506148433,47.21434476689936,7.703079949807573e-06,0.0759291605154566,0.1347226421655774,1.4121594864935807e-06,-0.06409621062768849
2023-09-22,26.12068078127088,46.84799944167048,9.809602993137142e-06,26.1685005451105,47.24626979590898,9.357653830575334e-06,0.0585122474529398,0.2022368660657403,1.324879271728273e-06,-0.06409621062768849
2023-09-25,26.143663352487145,46.822225110266,9.345816897793113e-06,26.12068078127088,46.84799944167048,9.809602993137142e-06,0.0620986993154709,0.2507036110041191,7.469371618752855e-07,-0.06409621062768849
2023-09-26,26.01003834092063,46.64027885957796,8.904003497847944e-06,26.143663352487145,46.822225110266,9.345816897793113e-06,0.063777036698452,0.23673718556707,7.199016557189737e-07,-0.06409621062768849
2023-09-27,25.9166117882932,46.49331858988485,8.55647004133663e-06,26.01003834092063,46.64027885957796,8.904003497847944e-06,0.094659919978272,0.2533839478094865,4.287978247325551e-07,-0.06409621062768849
2023-09-28,26.101888448887365,46.94054701854387,7.915973488736008e-06,25.9166117882932,46.49331858988485,8.55647004133663e-06,0.0842408112401972,0.1606525796600018,6.499637258339534e-07,-0.06409621062768849
2023-09-29,26.21182211966688,47.18027739867825,8.579039190387269e-06,26.101888448887365,46.94054701854387,7.915973488736008e-06,0.1033909987865199,0.2380116375641004,4.691973394833889e-07,-0.06409621062768849
2023-10-02,26.15832235252219,47.13920934390871,9.289324806863169e-06,26.21182211966688,47.18027739867825,8.579039190387269e-06,0.1054329748492575,0.2712941456695454,4.529518268337102e-07,-0.06409621062768849
2023-10-03,26.444455954639807,47.71875499735935,6.123637045794266e-06,26.15832235252219,47.13920934390871,9.289324806863169e-06,0.1708795949768858,0.3960231222569416,1.076286241152095e-06,-0.06409621062768849
2023-10-04,26.141627463972338,46.14487496140378,9.137240689889662e-06,26.444455954639807,47.71875499735935,6.123637045794266e-06,0.1216496857441931,0.5099417366019205,1.148935561698732e-06,-0.06409621062768849
2023-10-05,26.017311136445173,45.94779297543536,9.843178796589204e-06,26.141627463972338,46.14487496140378,9.137240689889662e-06,0.1401984591823162,0.6716848642517684,1.2993806568775815e-06,-0.04615689059951252
2023-10-06,25.95461461614173,45.52858150592101,5.934501640848703e-06,26.017311136445173,45.94779297543536,9.843178796589204e-06,0.1687594380248287,0.8085253486715626,1.6803870301892937e-06,-0.0701364482321729
2023-10-11,26.10742675420772,45.783153368228334,5.629365690465698e-06,25.95461461614173,45.52858150592101,5.934501640848703e-06,0.169078949626907,0.7739243160124458,1.7819655777837043e-06,-0.0701364482321729
2023-10-12,26.71153092479468,47.32285379175141,5.366605347699748e-06,26.10742675420772,45.783153368228334,5.629365690465698e-06,0.2706729751767771,0.6224361665624495,1.9061700742694445e-06,-0.0701364482321729
2023-10-13,26.5340650775446,47.00082025014291,6.103119482008288e-06,26.71153092479468,47.32285379175141,5.366605347699748e-06,0.3014312756346737,0.7102480008121648,1.6533809755392312e-06,-0.0701364482321729
2023-10-16,25.97820242279584,46.93508675540438,2.9848310471497028e-06,26.5340650775446,47.00082025014291,6.103119482008288e-06,0.3081883979067192,0.7174592429479388,1.1379046780566377e-06,-0.0701364482321729
2023-10-17,25.97931422472611,46.73057586452495,4.918751540030578e-06,25.97820242279584,46.93508675540438,2.9848310471497028e-06,0.3034609039923102,0.5216124840803142,1.0784135583626194e-06,-0.0701364482321729
2023-10-18,25.94879963497519,46.630913621249,5.926268450509423e-06,25.97931422472611,46.73057586452495,4.918751540030578e-06,0.3254676311556288,0.2401754039158771,1.1188211093298893e-06,-0.0701364482321729
2023-10-19,25.5545110614646,45.80357925301857,6.803538734211978e-06,25.94879963497519,46.630913621249,5.926268450509423e-06,0.3121554731182165,0.4296958228733825,1.3260476703750438e-06,-0.0701364482321729
2023-10-20,25.60375119911497,45.791045112329726,5.556174127236111e-06,25.5545110614646,45.80357925301857,6.803538734211978e-06,0.1918308417306704,0.4843749868708569,1.280980063272817e-06,-0.0701364482321729
2023-10-23,25.592260625783428,45.750290604161314,4.642833933492711e-06,25.60375119911497,45.791045112329726,5.556174127236111e-06,0.1873894942381878,0.4419478878113392,7.658324147641992e-07,-0.0701364482321729
2023-10-24,25.62266181280204,45.719237087991296,3.4363095655346314e-06,25.592260625783428,45.750290604161314,4.642833933492711e-06,0.1439327438559541,0.34724079814196,1.1506552107168345e-06,-0.0701364482321729
2023-10-25,25.49183800784008,45.10232104370309,9.615765973408358e-06,25.62266181280204,45.719237087991296,3.4363095655346314e-06,0.0462860957960048,0.2671663080950031,2.113302207962291e-06,-0.0701364482321729
2023-10-26,25.54264391872937,45.1280922876953,1.182105304040114e-05,25.49183800784008,45.10232104370309,9.615765973408358e-06,0.0474628404411203,0.3136447651373613,3.175673088132276e-06,-0.0701364482321729
2023-10-27,24.821168193512506,43.84442112264924,1.0647382353457728e-05,25.54264391872937,45.1280922876953,1.182105304040114e-05,0.2997912945153766,0.6903928913474682,3.355958205705337e-06,-0.0701364482321729
2023-10-30,24.93566069064164,44.09647724954505,1.061445496932597e-05,24.821168193512506,43.84442112264924,1.0647382353457728e-05,0.3347630288238723,0.6999598166301241,2.978417807016005e-06,-0.0701364482321729
2023-10-31,25.000793326495813,44.03024049821411,9.908331518818867e-06,24.93566069064164,44.09647724954505,1.061445496932597e-05,0.2989990791817378,0.5572727533218806,7.628439862246303e-07,-0.0701364482321729
2023-11-01,24.524909795215688,42.940848176969446,2.9947161551577e-05,25.000793326495813,44.03024049821411,9.908331518818867e-06,0.3317171761773271,0.6969218977258425,7.704241210406037e-06,-0.0701364482321729
2023-11-02,24.52769585836617,42.78205569987029,2.5962733059844445e-05,24.524909795215688,42.940848176969446,2.9947161551577e-05,0.2008936778417585,0.5614499562072826,8.700769408249352e-06,-0.0701364482321729
2023-11-03,24.579754848844136,42.85735403732708,2.9941119572693693e-05,24.52769585836617,42.78205569987029,2.5962733059844445e-05,0.2096996386119751,0.5919883761755705,9.111873880464678e-06,-0.0701364482321729
2023-11-06,25.042668819901365,43.99317201754327,3.423319443154328e-05,24.579754848844136,42.85735403732708,2.9941119572693693e-05,0.2351680327091998,0.5665299458660417,8.459801067744935e-06,-0.0701364482321729
2023-11-07,25.101972080206725,44.00731105915989,2.9824283200132417e-05,25.042668819901365,43.99317201754327,3.423319443154328e-05,0.2601775207082861,0.5608322988344349,2.617438437469818e-06,-0.06123126853258739
2023-11-08,24.92703728335631,43.79038957880962,2.87633965623669e-05,25.101972080206725,44.00731105915989,2.9824283200132417e-05,0.2376778513043748,0.5499772721817827,2.662995548109021e-06,-0.08226170237911791
2023-11-09,24.498748574744592,43.22855955614079,3.1289690828491923e-05,24.92703728335631,43.79038957880962,2.87633965623669e-05,0.2453418877999665,0.4567689633776394,1.8901608002916968e-06,-0.08226170237911791
2023-11-14,24.69365770143119,43.82327140934418,2.5057753606198333e-05,24.498748574744592,43.22855955614079,3.1289690828491923e-05,0.2255334786936124,0.2837333159856722,3.01432455446648e-06,-0.08226170237911791
2023-11-15,24.728345212811856,44.01951117982435,3.6801505589596565e-05,24.69365770143119,43.82327140934418,2.5057753606198333e-05,0.2068895011402277,0.2880663723361123,3.82900686773362e-06,-0.08226170237911791
2023-11-16,24.533273099774178,43.65008808017621,3.201338267289079e-05,24.728345212811856,44.01951117982435,3.6801505589596565e-05,0.1535319795013733,0.2646404582206818,3.8691137982468544e-06,-0.08226170237911791
2023-11-17,24.74963061626461,44.23608731782286,1.8760706331048826e-05,24.533273099774178,43.65008808017621,3.201338267289079e-05,0.1039642456195988,0.342798972599728,6.250425923842779e-06,-0.08226170237911791
2023-11-20,24.651042435937367,44.10267726107929,1.0409210774897247e-05,24.74963061626461,44.23608731782286,1.8760706331048826e-05,0.0766178072576347,0.2072016101161558,9.375713378509047e-06,-0.08226170237911791
2023-11-21,24.453158596697875,43.90914885142757,3.369828663700616e-05,24.651042435937367,44.10267726107929,1.0409210774897247e-05,0.1138562984276624,0.1979858476208083,1.0069860307305072e-05,-0.08226170237911791
2023-11-22,24.107557893312904,43.52091591753006,3.720606051515852e-05,24.453158596697875,43.90914885142757,3.369828663700616e-05,0.2201979054785167,0.2679411470423229,1.015488658832339e-05,-0.08226170237911791
2023-11-27,24.308566597777,43.900368795493385,3.544194823876635e-05,24.107557893312904,43.52091591753006,3.720606051515852e-05,0.23125609102298,0.2417005312713782,1.0614934360240175e-05,-0.08226170237911791
2023-11-28,24.22968265263904,43.70578948078968,3.220751755929397e-05,24.308566597777,43.900368795493385,3.544194823876635e-05,0.1877441931380658,0.1982451912367805,9.835410770139764e-06,-0.08226170237911791
2023-11-29,24.12693031272225,43.15254621891982,2.7582252257243568e-05,24.22968265263904,43.70578948078968,3.220751755929397e-05,0.1268352932151144,0.2815415604020291,3.2821806974972904e-06,-0.08226170237911791
2023-11-30,24.099921360675697,43.29696172958091,2.5322172329613564e-05,24.12693031272225,43.15254621891982,2.7582252257243568e-05,0.0816395332989355,0.2697619924097708,4.518837257549868e-06,-0.08226170237911791
2023-12-01,24.265082086241787,43.69960309986581,2.547220856915829e-05,24.099921360675697,43.29696172958091,2.5322172329613564e-05,0.0800951364304695,0.2797863698957614,3.988935386388939e-06,-0.08226170237911791
2023-12-04,24.003474914758566,43.34044932752866,3.010448527450115e-05,24.265082086241787,43.69960309986581,2.547220856915829e-05,0.093785717996438,0.2240684949900173,2.6747793210509715e-06,-0.08226170237911791
2023-12-05,24.02908938185308,43.37725600666823,3.018061054281387e-05,24.003474914758566,43.34044932752866,3.010448527450115e-05,0.0918724333197718,0.1800712486862599,2.124181275051613e-06,-0.08226170237911791
2023-12-06,23.798081605306304,42.90336477792047,3.25169281283776e-05,24.02908938185308,43.37725600666823,3.018061054281387e-05,0.1511465265963667,0.2537118092105233,2.8481652091780603e-06,-0.08226170237911791
2023-12-07,23.49388724516901,42.10936706745332,3.145364940121399e-05,23.798081605306304,42.90336477792047,3.25169281283776e-05,0.2585980692081157,0.550136491211327,2.4073905663420017e-06,-0.08226170237911791
2023-12-08,23.53246773184304,42.12608940350013,3.394208036393311e-05,23.49388724516901,42.10936706745332,3.145364940121399e-05,0.2258656456844655,0.5591076221063657,1.4553986064770488e-06,-0.08226170237911791
2023-12-11,23.52033296064577,42.17521474637999,4.440060313929778e-05,23.53246773184304,42.12608940350013,3.394208036393311e-05,0.2085987928951581,0.5143639572187026,5.103002265532078e-06,-0.1552961007008147
2023-12-12,23.489340090740967,42.15100925686647,4.5015621983919015e-05,23.52033296064577,42.17521474637999,4.440060313929778e-05,0.1167436304831499,0.3059934966478553,5.969006521066078e-06,-0.1552961007008147
2023-12-13,23.879735886955533,42.97702939794788,5.01871773372748e-05,23.489340090740967,42.15100925686647,4.5015621983919015e-05,0.1491616569474982,0.3353876940032494,7.113938265499378e-06,-0.1552961007008147
2023-12-14,23.80649055577786,43.004176016989845,6.198198717099362e-05,23.879735886955533,42.97702939794788,5.01871773372748e-05,0.1634706444697136,0.4118144453826375,9.118840709233598e-06,-0.1552961007008147
2023-12-15,24.27881940856156,43.78462445230296,6.831320447843472e-05,23.80649055577786,43.004176016989845,6.198198717099362e-05,0.2864483794138166,0.6086646663831192,9.54969078105593e-06,-0.1552961007008147
2023-12-18,24.323120489990128,44.01986119113182,6.882020112406512e-05,24.27881940856156,43.78462445230296,6.831320447843472e-05,0.3114255419513114,0.6635663122567325,9.645725215011174e-06,-0.1552961007008147
2023-12-19,24.45570956157807,44.36000877495308,5.067377448524408e-05,24.323120489990128,44.01986119113182,6.882020112406512e-05,0.2573159179971077,0.5526003705517998,8.174392316738132e-06,-0.1552961007008147
2023-12-20,24.505883551660133,44.6813131890157,2.512848166797185e-05,24.45570956157807,44.36000877495308,5.067377448524408e-05,0.2481086358276431,0.5705680495032344,1.629730036388521e-05,-0.1552961007008147
2023-12-21,24.514853831383626,44.300656782040136,3.415519035935806e-05,24.505883551660133,44.6813131890157,2.512848166797185e-05,0.0968220839595875,0.305971715802542,1.76521114264523e-05,-0.1552961007008147
2023-12-22,24.72821166159891,44.611161823068045,3.3739775420489886e-05,24.514853831383626,44.300656782040136,3.415519035935806e-05,0.1307130317425595,0.2364548717539865,1.5541625060425168e-05,-0.1552961007008147
2023-12-28,24.235047659492256,43.56494971711911,3.028703031327172e-05,24.72821166159891,44.611161823068045,3.3739775420489886e-05,0.1573341245720439,0.3964987715873329,8.57230056238876e-06,-0.1552961007008147
2023-12-29,24.41830436268546,43.89932165740152,5.965938438260747e-05,24.235047659492256,43.56494971711911,3.028703031327172e-05,0.1595623505497744,0.4251789085016177,1.1977832227548185e-05,-0.1552961007008147
2024-01-03,24.21687333101961,43.2994875054713,6.663830459404094e-05,24.41830436268546,43.89932165740152,5.965938438260747e-05,0.1894344400851445,0.4760222501552317,1.512569774496017e-05,-0.1552961007008147
2024-01-04,24.23635670858991,43.15789320108311,4.579656952665115e-05,24.21687333101961,43.2994875054713,6.663830459404094e-05,0.1949990256852527,0.518123201385374,1.415822601741377e-05,-0.1552961007008147
2024-01-05,24.226626991115698,43.20353984962346,2.670072797327316e-05,24.23635670858991,43.15789320108311,4.579656952665115e-05,0.0761511586667654,0.2759387530384313,1.5695544340139673e-05,-0.1552961007008147
2024-01-08,23.63139377818094,41.64358589635309,3.017974987185473e-05,24.226626991115698,43.20353984962346,2.670072797327316e-05,0.267827282191946,0.7478477095803298,1.5716817514568712e-05,-0.1552961007008147
2024-01-09,23.666272734973308,41.70600603292994,2.8795754624338465e-05,23.63139377818094,41.64358589635309,3.017974987185473e-05,0.28333786350411,0.7587778321146827,1.5108467623790268e-05,-0.1552961007008147
2024-01-10,23.581763492597823,41.49039186379285,3.0008335044144163e-05,23.666272734973308,41.70600603292994,2.8795754624338465e-05,0.2976261245770421,0.7711949515750353,6.863469815789469e-06,-0.1552961007008147
2024-01-11,23.65213311309935,41.56897035974788,2.4428854346961223e-05,23.581763492597823,41.49039186379285,3.0008335044144163e-05,0.2392149718631782,0.6445814858049227,2.1843333410606752e-06,-0.1552961007008147
2024-01-12,23.44343020780853,41.35048665888396,1.724251029274923e-05,23.65213311309935,41.56897035974788,2.4428854346961223e-05,0.0810149485931227,0.1239330095237925,4.907740189677564e-06,-0.1552961007008147
2024-01-17,28.382069635231577,47.273800071977,0.0001382554439718,23.44343020780853,41.35048665888396,1.724251029274923e-05,1.9200914955460429,2.3008173351561023,4.5474934131915577e-05,-0.11393721138941777
2024-01-18,28.225430663946764,46.858696691027205,4.513568342488065e-05,28.382069635231577,47.273800071977,0.0001382554439718,2.325887376990009,2.7456482474247195,4.4573861395578166e-05,-0.11393721138941777
2024-01-19,28.08319361817615,46.52812072768327,4.001943449586568e-05,28.225430663946764,46.858696691027205,4.513568342488065e-05,2.29681858554997,2.6701216247347745,4.380351669559753e-05,-0.11393721138941777
2024-01-22,28.12590331960843,46.57514496293316,3.815018990107252e-05,28.08319361817615,46.52812072768327,4.001943449586568e-05,1.907061527206038,2.1994483788793726,4.233164821761814e-05,-0.06824831563338495
2024-01-23,28.29038878958281,46.70991889254239,4.333157131159477e-05,28.12590331960843,46.57514496293316,3.815018990107252e-05,0.1084537237072758,0.2683037229839299,3.8715756915081385e-05,-0.06824831563338495
2024-01-24,28.28810942313559,46.6888924626955,4.3882646592929255e-05,28.29038878958281,46.70991889254239,4.333157131159477e-05,0.0844751287759749,0.1154650385307105,2.601524437271633e-06,-0.06824831563338495
2024-01-25,28.16920746432161,46.50278500001803,4.386828351622043e-05,28.28810942313559,46.6888924626955,4.3882646592929255e-05,0.0844303618901816,0.0839219444891979,2.342636889578372e-06,-0.06824831563338495
2024-01-26,27.85593916100471,45.73412487269292,3.2058933478497446e-05,28.16920746432161,46.50278500001803,4.386828351622043e-05,0.1588212348216254,0.3620071447620622,4.6322047727976825e-06,-0.06824831563338495
2024-01-29,27.7390460474634,45.51983326643077,2.7483350192208545e-05,27.85593916100471,45.73412487269292,3.2058933478497446e-05,0.2286162447737789,0.5030981718976685,6.975472146071412e-06,-0.06824831563338495
2024-01-30,27.70069235497877,45.33938024598956,1.810906305712413e-05,27.7390460474634,45.51983326643077,2.7483350192208545e-05,0.2357419837323511,0.5395906001763059,9.895233725780272e-06,-0.06824831563338495
2024-01-31,27.465997500533163,44.84337393368029,2.148329832566109e-05,27.70069235497877,45.33938024598956,1.810906305712413e-05,0.2296183611152649,0.5438953002968216,9.02262498452724e-06,-0.06824831563338495
2024-02-01,27.345730949423253,44.68620912130501,2.552183800832356e-05,27.465997500533163,44.84337393368029,2.148329832566109e-05,0.1872323782920348,0.3987858656049139,4.81864061235905e-06,-0.06824831563338495
2024-02-02,27.22510871995607,44.40600785990217,2.706247192488537e-05,27.345730949423253,44.68620912130501,2.552183800832356e-05,0.198912553235582,0.4129909525253575,3.6011737547987468e-06,-0.06824831563338495
2024-02-05,27.32760435794064,44.53075870936987,3.196608225685112e-05,27.22510871995607,44.40600785990217,2.706247192488537e-05,0.1629087453494112,0.324324903246589,4.748844820891325e-06,-0.06824831563338495
2024-02-06,27.152616102235367,44.174758541560834,2.4658680825846224e-05,27.32760435794064,44.53075870936987,3.196608225685112e-05,0.1074067177550194,0.2298520477083321,3.4367274690264677e-06,-0.06824831563338495
2024-02-07,27.395214774132096,44.37084424012753,2.751825962633549e-05,27.152616102235367,44.174758541560834,2.4658680825846224e-05,0.0879461351946602,0.1702642817731617,2.529998872681387e-06,-0.06824831563338495
2024-02-08,27.1997696917071,44.06691324446018,3.67096283884181e-05,27.395214774132096,44.37084424012753,2.751825962633549e-05,0.0885773759392579,0.1667544652119521,4.273945416623083e-06,-0.06824831563338495
2024-02-09,27.20114144557944,44.10832740998334,2.577710480909458e-05,27.1997696917071,44.06691324446018,3.67096283884181e-05,0.0909558205880279,0.1747463474649429,4.452739675192277e-06,-0.06824831563338495
2024-02-12,27.1054941701432,44.08953993822109,2.6564657844880127e-05,27.20114144557944,44.10832740998334,2.577710480909458e-05,0.0986898544915431,0.11040957038748,4.334831593805455e-06,-0.06824831563338495
2024-02-13,27.1427624103089,44.04175188843067,2.80540837390924e-05,27.1054941701432,44.08953993822109,2.6564657844880127e-05,0.0999236672803121,0.1197751532659661,3.970347884955142e-06,-0.06824831563338495
2024-02-14,27.055490207186,43.94085389663726,3.131620456081957e-05,27.1427624103089,44.04175188843067,2.80540837390924e-05,0.0559402206795645,0.0587044944106514,3.991849143575355e-06,-0.04754424330641894
2024-02-15,27.22083771225766,44.14637253875319,4.07528953752422e-05,27.055490207186,43.94085389663726,3.131620456081957e-05,0.0607961109339809,0.0707856079299672,5.469240731658524e-06,-0.04754424330641894
2024-02-16,27.08335378940013,43.68554842401573,4.295130750963895e-05,27.22083771225766,44.14637253875319,4.07528953752422e-05,0.0572514549506432,0.1623101696474742,6.686440764400592e-06,-0.04754424330641894
2024-02-21,27.17485238280612,43.8078010765085,3.529838517014309e-05,27.08335378940013,43.68554842401573,4.295130750963895e-05,0.0600077723530534,0.1636822331236084,5.5847824050555305e-06,-0.04754424330641894
2024-02-22,27.146763580967047,43.75187950014463,3.3781203624449564e-05,27.17485238280612,43.8078010765085,3.529838517014309e-05,0.0601263888578307,0.1632078643607603,4.356649105151232e-06,-0.04754424330641894
2024-02-23,27.1075288158425,43.705332964270944,3.41250708326112e-05,27.146763580967047,43.75187950014463,3.3781203624449564e-05,0.0486540435824632,0.1688384590036687,3.749530487557623e-06,-0.04754424330641894
2024-02-26,27.0772883886716,43.70663452499597,3.500474121546388e-05,27.1075288158425,43.705332964270944,3.41250708326112e-05,0.0374885818553839,0.0439356639026737,3.4050682064290305e-06,-0.04754424330641894
2024-02-27,26.920462508451102,43.37064444293588,3.4218379648729924e-05,27.0772883886716,43.70663452499597,3.500474121546388e-05,0.0889124001815439,0.1535485359555572,5.705592963382254e-07,-0.04754424330641894
2024-02-28,27.139135592254394,43.55526650814056,3.687719071028929e-05,26.920462508451102,43.37064444293588,3.4218379648729924e-05,0.0826513537132395,0.1403759930429542,1.1125097018694622e-06,-0.04754424330641894
2024-02-29,27.142033263384626,43.59071964998381,3.753858383086295e-05,27.139135592254394,43.55526650814056,3.687719071028929e-05,0.0818850603308866,0.1233997491742711,1.4011998311923048e-06,-0.04754424330641894
2024-03-01,27.173189998271777,43.64427211081505,3.148175600234506e-05,27.142033263384626,43.59071964998381,3.753858383086295e-05,0.0904941971964937,0.1135894772706776,2.142630865745652e-06,-0.04754424330641894
2024-03-04,27.45775854820461,44.02982734027422,4.2196075772800456e-05,27.173189998271777,43.64427211081505,3.148175600234506e-05,0.1713231893015422,0.2163918452362572,3.579041849011565e-06,-0.04754424330641894
2024-03-05,27.37974120565981,43.678499563972885,6.63550539755704e-05,27.45775854820461,44.02982734027422,4.2196075772800456e-05,0.1337860050046672,0.1704368029422038,1.2214989563714168e-05,-0.04754424330641894
2024-03-08,27.302015911848443,43.635793781378304,4.682855058501302e-05,27.37974120565981,43.678499563972885,6.63550539755704e-05,0.1198958187670444,0.1594784112918129,1.1879289334470812e-05,-0.04754424330641894
2024-03-11,27.32638608279639,43.66981498694608,3.812168367278481e-05,27.302015911848443,43.635793781378304,4.682855058501302e-05,0.0939767869339509,0.1499210283750988,1.1809301570218387e-05,-0.04754424330641894
2024-03-12,27.273727452287872,43.55001998874568,4.459254537494334e-05,27.32638608279639,43.66981498694608,3.812168367278481e-05,0.0650423318565798,0.1648986689515638,9.802357683576304e-06,-0.04754424330641894
2024-03-13,27.219099921326933,43.53248260517247,4.6494423524837365e-05,27.273727452287872,43.55001998874568,4.459254537494334e-05,0.0534674297803333,0.060805765771303,9.47200466978973e-06,-0.0363307446175995
2024-03-14,26.96512773301953,43.1304200632084,4.623979177456255e-05,27.219099921326933,43.53248260517247,4.6494423524837365e-05,0.1310379368117826,0.1935741959513494,3.259088399676219e-06,-0.0486480760686088
2024-03-15,26.88136991153556,43.00301681565633,3.5743947145865217e-05,26.96512773301953,43.1304200632084,4.623979177456255e-05,0.1766999080978034,0.2609660311794273,4.445045420790677e-06,-0.0486480760686088
2024-03-18,26.87955292155057,42.971098706124586,4.247309207174338e-05,26.88136991153556,43.00301681565633,3.5743947145865217e-05,0.1692020418100104,0.2538115694914518,3.9525242209246085e-06,-0.0486480760686088
2024-03-19,26.746829845740788,42.69587494758582,3.993954710785421e-05,26.87955292155057,42.971098706124586,4.247309207174338e-05,0.1567937186904266,0.2726609553748472,4.040407185569691e-06,-0.0486480760686088
2024-03-22,26.688975284809445,42.51331407962127,4.8806906160914086e-05,26.746829845740788,42.69587494758582,3.993954710785421e-05,0.1001309117331093,0.2249507634413249,4.601414549561723e-06,-0.0486480760686088
2024-03-25,26.69099838253405,42.48734501729965,4.5657778777461945e-05,26.688975284809445,42.51331407962127,4.8806906160914086e-05,0.0865604533949368,0.2188973433932692,4.515453110848232e-06,-0.048677781046236684
2024-03-26,26.711842764088235,42.56632321290692,4.315207196684377e-05,26.69099838253405,42.48734501729965,4.5657778777461945e-05,0.0710674785661742,0.1773690483639386,3.013042048392471e-06,-0.048677781046236684
2024-03-27,26.56033632109037,41.98872343504845,4.646060006783957e-05,26.711842764088235,42.56632321290692,4.315207196684377e-05,0.0632469747765513,0.2417289690356549,3.0294648354551447e-06,-0.048677781046236684
2024-03-28,26.47990481215517,41.8631588993809,4.497075211983828e-05,26.56033632109037,41.98872343504845,4.646060006783957e-05,0.090790233286154,0.2959512675037241,1.854552020450888e-06,-0.048677781046236684
2024-04-05,26.135563210211348,41.11895414794187,4.915705658096769e-05,26.47990481215517,41.8631588993809,4.497075211983828e-05,0.2083166715242009,0.5202310049071727,1.9694619051457004e-06,-0.048677781046236684
2024-04-08,25.991943989710247,40.72221922000237,5.6510574304949496e-05,26.135563210211348,41.11895414794187,4.915705658096769e-05,0.2693975823709341,0.6546125254304082,4.66485906042504e-06,-0.048677781046236684
2024-04-09,25.95693848215032,40.61362662006789,6.556763010630996e-05,25.991943989710247,40.72221922000237,5.6510574304949496e-05,0.2496389042348161,0.5695138660295849,7.631268658916538e-06,-0.048677781046236684
2024-04-10,25.784224523572444,40.34123725060894,7.233235886323097e-05,25.95693848215032,40.61362662006789,6.556763010630996e-05,0.233607942474237,0.5284654824786108,1.0123592269819935e-05,-0.048677781046236684
2024-04-11,25.707627892920616,40.20530541981797,8.904235658593506e-05,25.784224523572444,40.34123725060894,7.233235886323097e-05,0.1525990973462352,0.3184896361649684,1.3737594091708891e-05,-0.048677781046236684
2024-04-12,25.71786435801043,40.26024450137634,9.040464737236982e-05,25.707627892920616,40.20530541981797,8.904235658593506e-05,0.1199743086536343,0.2031173862484105,1.3207381891842872e-05,-0.048677781046236684
2024-04-15,25.382621161222385,39.767987894972656,8.000789964869677e-05,25.71786435801043,40.26024450137634,9.040464737236982e-05,0.1864039528824358,0.2735792057067603,9.546807473153549e-06,-0.06433611512837667
2024-04-16,25.26836328975395,39.48618490285331,9.782390322055548e-05,25.382621161222385,39.767987894972656,8.000789964869677e-05,0.2062862490445922,0.3296703579197917,8.844670506668177e-06,-0.06433611512837667
2024-04-22,25.27926628674148,39.54060643654847,9.65289675462196e-05,25.26836328975395,39.48618490285331,9.782390322055548e-05,0.2012803680645861,0.3253714619789084,6.353958443379452e-06,-0.06433611512837667
2024-04-23,25.215745026624187,39.41978798709642,0.000100109355155,25.27926628674148,39.54060643654847,9.65289675462196e-05,0.1808246161834149,0.305944877822756,7.235937746532872e-06,-0.06433611512837667
2024-04-24,25.25276909654933,39.50573350368263,0.0001020268208035,25.215745026624187,39.41978798709642,0.000100109355155,0.0557440089772549,0.1186740153705478,7.875389451871322e-06,-0.06433611512837667
2024-04-25,25.32106181704131,39.56970383762813,9.795132105290392e-05,25.25276909654933,39.50573350368263,0.0001020268208035,0.0343616602037273,0.0511238846673546,1.945179062510669e-06,-0.06433611512837667
2024-04-26,25.31900077836837,39.40289320382835,0.0001086376049647,25.32106181704131,39.56970383762813,9.795132105290392e-05,0.0401206606879524,0.0658075249696151,4.229711173074573e-06,-0.06433611512837667
2024-04-29,25.384286790062585,39.40942547758534,0.0001338596609275,25.31900077836837,39.40289320382835,0.0001086376049647,0.0586998561717294,0.065652231330777,1.3165937094381935e-05,-0.06433611512837667
2024-04-30,25.20051694944193,39.12426303964608,0.0001034283840911,25.384286790062585,39.40942547758534,0.0001338596609275,0.0631450607716774,0.1523667655945516,1.2804000484621632e-05,-0.06433611512837667
2024-05-03,25.540179346702985,39.66315610031239,0.000105916436001,25.20051694944193,39.12426303964608,0.0001034283840911,0.1108530973474228,0.1835410101478396,1.245923993358685e-05,-0.06433611512837667
2024-05-08,25.51500582683195,39.58088349938486,0.0001245680135648,25.540179346702985,39.66315610031239,0.000105916436001,0.1258105613191918,0.1852421349115778,1.186363787342845e-05,-0.06433611512837667
2024-05-09,25.539599112309045,39.57626822003549,0.0001250102808684,25.51500582683195,39.58088349938486,0.0001245680135648,0.1311140894505596,0.1918840735885477,1.1837292139885886e-05,-0.06433611512837667
2024-05-10,25.51641204547526,39.56891471652697,0.0001337957994581,25.539599112309045,39.57626822003549,0.0001250102808684,0.1313595976825303,0.1922862575955429,1.1820796343771254e-05,-0.08364323450723904
2024-05-13,25.517178952330017,39.523391215409625,0.0001370336890218,25.51641204547526,39.56891471652697,0.0001337957994581,0.0116281846056361,0.0452222520912051,1.0827688407897806e-05,-0.08364323450723904
2024-05-14,25.365537784169074,39.237181339167854,0.0001523483821717,25.517178952330017,39.523391215409625,0.0001370336890218,0.0632609041175268,0.131676356368145,1.0140672800393956e-05,-0.08364323450723904
2024-05-17,25.36392130191795,39.309269047698045,0.000133269368829,25.365537784169074,39.237181339167854,0.0001523483821717,0.0786645955204753,0.1416495467321851,8.9554677454936e-06,-0.08364323450723904
2024-05-20,25.241256844902868,38.923564883253206,0.0001273345496858,25.36392130191795,39.309269047698045,0.000133269368829,0.1048500523031355,0.2311611861661643,8.40098330569733e-06,-0.08364323450723904
2024-05-21,25.24189955840092,38.74399684216101,0.000117077268693,25.241256844902868,38.923564883253206,0.0001273345496858,0.1017970076417535,0.2787356834825092,1.1623101064883932e-05,-0.08364323450723904
2024-05-22,25.18600187247488,38.64292770683722,0.0001140826175392,25.24189955840092,38.74399684216101,0.000117077268693,0.0723151972883783,0.2633209656961024,1.3643096157752055e-05,-0.08364323450723904
2024-05-23,25.089807388068067,38.42379333070126,0.0001010449117864,25.18600187247488,38.64292770683722,0.0001140826175392,0.089046068409828,0.2978534566727393,1.1156899204330604e-05,-0.08364323450723904
2024-05-24,25.139591469456025,38.41214639605401,0.0001009053768952,25.089807388068067,38.42379333070126,0.0001010449117864,0.0589696855451372,0.1945875532163009,1.0082950271139512e-05,-0.08364323450723904
2024-05-31,25.32209685028201,38.632737791180105,0.0001102197643702,25.139591469456025,38.41214639605401,0.0001009053768952,0.0807042354845923,0.1310093551903419,6.645474051135248e-06,-0.08364323450723904
2024-06-03,24.84958181011477,37.63687019421914,6.349085309449232e-05,25.32209685028201,38.632737791180105,0.0001102197643702,0.1546527804766004,0.3697589985948427,1.7980845335909813e-05,-0.08364323450723904
2024-06-04,25.24638029878726,38.54980864411262,4.763059946955942e-05,24.84958181011477,37.63687019421914,6.349085309449232e-05,0.1617319293486929,0.3566327015426834,2.45152541462382e-05,-0.10110997567744451
2024-06-05,25.386196891992128,38.74900556625969,4.153955986943872e-05,25.24638029878726,38.54980864411262,4.763059946955942e-05,0.1884354155870944,0.3951843908989575,2.7883743960232083e-05,-0.125535071561954
2024-06-06,25.325280975394964,38.56634763352488,4.0439948849717e-05,25.386196891992128,38.74900556625969,4.153955986943872e-05,0.1933185600314932,0.4012033022895327,2.6108967291828383e-05,-0.125535071561954
2024-06-07,25.320777585001967,38.54334572594967,4.334082767493825e-05,25.325280975394964,38.56634763352488,4.0439948849717e-05,0.1931879508335378,0.3935536353861236,8.463691393137117e-06,-0.125535071561954
2024-06-10,25.15441355252845,38.32067508308422,3.817451882172927e-05,25.320777585001967,38.54334572594967,4.334082767493825e-05,0.079592395169129,0.1359544200295913,3.1789372601295645e-06,-0.125535071561954
2024-06-11,25.196297713470184,38.45007541327761,3.699218531583473e-05,25.15441355252845,38.32067508308422,3.817451882172927e-05,0.0868457944440102,0.1411262499067308,2.282841129997243e-06,-0.125535071561954
2024-06-14,25.11993161613496,38.27575081074916,4.118947397099782e-05,25.196297713470184,38.45007541327761,3.699218531583473e-05,0.0849252373691975,0.1162566368293979,2.242548204240608e-06,-0.125535071561954
2024-06-17,24.96737464891389,38.0467431445849,3.537765211169955e-05,25.11993161613496,38.27575081074916,4.118947397099782e-05,0.1145151492270898,0.169211650739594,2.879916998674289e-06,-0.125535071561954
2024-06-18,25.275642421723845,38.71712080070102,4.418008710492619e-05,24.96737464891389,38.0467431445849,3.537765211169955e-05,0.1019225025367699,0.2201824657489046,3.1398787521873097e-06,-0.125535071561954
2024-06-21,25.14979695881188,38.483429320552176,4.185139819798968e-05,25.275642421723845,38.71712080070102,4.418008710492619e-05,0.1018333687114444,0.2236592744936381,3.246389117301253e-06,-0.125535071561954
2024-06-24,24.911967592920607,37.992659490407554,2.5181764814651645e-05,25.14979695881188,38.483429320552176,4.185139819798968e-05,0.1307970315487245,0.2708401759104277,6.832247136120938e-06,-0.125535071561954
2024-06-25,24.772195154504427,37.70748400154322,2.385675642749393e-05,24.911967592920607,37.992659490407554,2.5181764814651645e-05,0.1777312322294622,0.3622825645152148,8.340061567478663e-06,-0.125535071561954
2024-06-28,24.800488509497587,37.72641568381493,2.776646165266552e-05,24.772195154504427,37.70748400154322,2.385675642749393e-05,0.1981164919935179,0.4073771734341004,8.654698744747212e-06,-0.125535071561954
2024-07-01,24.770532458923608,37.68380976709452,2.446248794467092e-05,24.800488509497587,37.72641568381493,2.776646165266552e-05,0.1440378206870729,0.3036932899103172,6.746750503239409e-06,-0.125535071561954
2024-07-02,24.65560161954048,37.35515953494247,2.78375428409419e-05,24.770532458923608,37.68380976709452,2.446248794467092e-05,0.0817770957170609,0.2026537879060588,1.6711490351181082e-06,-0.125535071561954
2024-07-03,24.614207702365206,37.19729707218211,3.8746484411986006e-05,24.65560161954048,37.35515953494247,2.78375428409419e-05,0.0735683259594419,0.2167561895344654,5.363260638285105e-06,-0.125535071561954
2024-07-08,24.556938254662978,37.17059601322827,4.9292942010891744e-05,24.614207702365206,37.19729707218211,3.8746484411986006e-05,0.0924994180787019,0.2363336231158215,9.203072266345584e-06,-0.125535071561954
2024-07-09,24.374083672564552,36.84570318791911,4.257611923075063e-05,24.556938254662978,37.17059601322827,4.9292942010891744e-05,0.1304631840169945,0.2726853972432033,9.22529785048482e-06,-0.125535071561954
2024-07-12,24.303546018950595,36.74390779461002,3.5565422986705736e-05,24.374083672564552,36.84570318791911,4.257611923075063e-05,0.1377987548692655,0.2297853119071483,7.1414516629171e-06,-0.125535071561954
2024-07-15,23.402088448284605,35.530286109482155,4.443725739902969e-05,24.303546018950595,36.74390779461002,3.5565422986705736e-05,0.4391073050589223,0.6099382048658617,4.719572957028262e-06,-0.125535071561954
2024-07-16,23.51730666410773,35.61607112336426,5.39416037481252e-05,23.402088448284605,35.530286109482155,4.443725739902969e-05,0.4749756108930982,0.6752692507169973,6.220167894414502e-06,-0.125535071561954
2024-07-17,23.948489188089344,36.17383921708871,4.6760892558056313e-05,23.51730666410773,35.61607112336426,5.39416037481252e-05,0.3959575020983305,0.5479626576248666,5.960962205291088e-06,-0.08998282373230278
2024-07-18,23.87222349422265,35.82757444265236,8.156711022059447e-05,23.948489188089344,36.17383921708871,4.6760892558056313e-05,0.3220844173057137,0.4425009091513119,1.5695157331925792e-05,-0.08998282373230278
2024-07-19,23.755371841387163,35.73185107980345,4.696715499977336e-05,23.87222349422265,35.82757444265236,8.156711022059447e-05,0.2081335678191423,0.2230863626183421,1.3788117524934807e-05,-0.13059020541752378
2024-07-22,23.81815845782853,35.88554392243558,4.491987724031272e-05,23.755371841387163,35.73185107980345,4.696715499977336e-05,0.1469268548292121,0.1872294191906316,1.3717198413168171e-05,-0.13059020541752378
2024-07-23,23.641811169893263,35.45953360297678,5.23988961312221e-05,23.81815845782853,35.88554392243558,4.491987724031272e-05,0.1042596756499548,0.2311570952883659,1.3751049319697671e-05,-0.13059020541752378
2024-07-26,23.666130956925965,35.57793819408704,7.393358530008581e-05,23.641811169893263,35.45953360297678,5.23988961312221e-05,0.0875775336198421,0.1577198702843612,1.4928615930208636e-05,-0.13059020541752378
2024-07-29,23.57120381878553,35.444009472572695,6.570905472382865e-05,23.666130956925965,35.57793819408704,7.393358530008581e-05,0.0868343972605873,0.168235140247795,1.122605766632319e-05,-0.13059020541752378
2024-07-30,23.4642599325438,35.21646420756272,6.196882745495185e-05,23.57120381878553,35.444009472572695,6.570905472382865e-05,0.1164032380546384,0.2183984415195571,1.0154529947006886e-05,-0.13059020541752378
2024-07-31,23.25797257832204,34.853588603544445,6.262918936052348e-05,23.4642599325438,35.21646420756272,6.196882745495185e-05,0.1487138147882405,0.2565811955711769,6.9271763191770414e-06,-0.13059020541752378
2024-08-01,23.368711500784286,35.15860076965858,6.393648995910635e-05,23.25797257832204,34.853588603544445,6.262918936052348e-05,0.1441271237327946,0.2497212550843701,4.34125917748757e-06,-0.13059020541752378
2024-08-02,23.36305534587515,35.18075499652477,7.021144966876686e-05,23.368711500784286,35.15860076965858,6.393648995910635e-05,0.1056680771459404,0.1884672710231912,2.951012279101413e-06,-0.13059020541752378
2024-08-05,23.662784074169338,35.7282436694204,6.0257224668028657e-05,23.36305534587515,35.18075499652477,7.021144966876686e-05,0.136361872049666,0.2819957227435971,3.417617936931972e-06,-0.13059020541752378
2024-08-06,23.568252594990582,35.55273421200361,5.885130540690423e-05,23.662784074169338,35.7282436694204,6.0257224668028657e-05,0.1484127048266347,0.3100411135940154,3.939470147878264e-06,-0.13059020541752378
2024-08-09,23.472928780247983,35.39720942108013,4.952535388626787e-05,23.568252594990582,35.55273421200361,5.885130540690423e-05,0.1158053221846096,0.217880628538697,6.772382505790203e-06,-0.13059020541752378
2024-08-12,23.42860458781382,35.29158340228908,4.071524962710024e-05,23.472928780247983,35.39720942108013,4.952535388626787e-05,0.105581473929353,0.193064945659329,1.003718311986439e-05,-0.13059020541752378
2024-08-13,23.61228436829803,35.57738003484556,3.836676086513026e-05,23.42860458781382,35.29158340228908,4.071524962710024e-05,0.0867228582673755,0.1512762257587944,8.99196273162239e-06,-0.13059020541752378
2024-08-14,23.75918327021314,35.76280715403577,4.69498252330443e-05,23.61228436829803,35.57738003484556,3.836676086513026e-05,0.1157423996208776,0.1615574854605151,7.22210909865796e-06,-0.13059020541752378
2024-08-15,23.83063652258268,35.811194267709865,3.958700484474416e-05,23.75918327021314,35.76280715403577,4.69498252330443e-05,0.1562426058971177,0.2013736901490432,4.3934662707114e-06,-0.13059020541752378
2024-08-16,23.92003875308892,35.95797057111583,4.1011263292421134e-05,23.83063652258268,35.811194267709865,3.958700484474416e-05,0.1731011573478741,0.2292312084597143,2.9624545852371704e-06,-0.13059020541752378
2024-08-19,24.03320700233873,36.217921651101214,4.055140268688277e-05,23.92003875308892,35.95797057111583,4.1011263292421134e-05,0.1426953742786142,0.2141307376017243,2.9699262102115686e-06,-0.13059020541752378
2024-08-20,24.018639137018933,36.21274011547501,4.843562447781603e-05,24.03320700233873,36.217921651101214,4.055140268688277e-05,0.1059245502059716,0.1929473913648498,3.640743117156829e-06,-0.13059020541752378
2024-08-23,24.32467788271421,36.54882574050253,5.395759007889361e-05,24.018639137018933,36.21274011547501,4.843562447781603e-05,0.1665579215640309,0.2526958276723536,5.596746449084343e-06,-0.13059020541752378
2024-08-28,24.26709073702732,36.39862241708031,3.00168885644364e-05,24.32467788271421,36.54882574050253,5.395759007889361e-05,0.1555995221139552,0.1987973754873095,8.09834104192581e-06,-0.06717386972011179
2024-08-29,24.24166106361724,36.39338552654815,3.124383562655399e-05,24.26709073702732,36.39862241708031,3.00168885644364e-05,0.1263809518674804,0.1264679198088914,9.370955929845284e-06,-0.06717386972011179
2024-08-30,24.27597797920213,36.428314440194775,2.8245014464852505e-05,24.24166106361724,36.39338552654815,3.124383562655399e-05,0.1069267085658365,0.107700617201346,1.065233591950356e-05,-0.05653121008093622
2024-09-06,24.20724482927241,36.40533824325456,3.0788288703884574e-05,24.27597797920213,36.428314440194775,2.8245014464852505e-05,0.0388658369606253,0.0581994087490511,9.60819148734062e-06,-0.05653121008093622
2024-09-09,24.40007466666861,36.66091177647172,2.849327674412202e-05,24.20724482927241,36.40533824325456,3.0788288703884574e-05,0.0653472224435351,0.1024949364195453,1.202071069366725e-06,-0.05653121008093622
2024-09-10,24.337552166427,36.51641052980632,2.54281478827351e-05,24.40007466666861,36.66091177647172,2.849327674412202e-05,0.0688883522024797,0.0997986340026917,2.082748848589766e-06,-0.05653121008093622
2024-09-11,24.236176268963067,36.45784872037599,3.212789803602875e-05,24.337552166427,36.51641052980632,2.54281478827351e-05,0.0697277526714821,0.0914810484500571,2.3050056984035338e-06,-0.05653121008093622
2024-09-12,24.26944323899794,36.563763683774745,3.82106583906841e-05,24.236176268963067,36.45784872037599,3.212789803602875e-05,0.0700650915261263,0.0880803286187174,4.257682504881377e-06,-0.05653121008093622
2024-09-13,24.421112751266467,36.78192472964427,4.985577933526705e-05,24.26944323899794,36.563763683774745,3.82106583906841e-05,0.0716907311619582,0.1142285743544285,8.637741616585581e-06,-0.05653121008093622
2024-09-16,24.4456514883118,36.841680939264656,4.10657923070844e-05,24.421112751266467,36.78192472964427,4.985577933526705e-05,0.0818356724938125,0.1515181698939742,8.250363712606752e-06,-0.05653121008093622
2024-09-17,24.218017315550515,36.3862197220727,4.453274970127551e-05,24.4456514883118,36.841680939264656,4.10657923070844e-05,0.0958921570951139,0.1780621693700523,5.954466651735512e-06,-0.05653121008093622
2024-09-20,24.36292746374842,36.78176351936229,3.408262137217402e-05,24.218017315550515,36.3862197220727,4.453274970127551e-05,0.0872540839543985,0.1710580283057329,5.385724984037387e-06,-0.055309995870131946
2024-09-23,24.49995621943266,37.019357280442215,3.710240363479031e-05,24.36292746374842,36.78176351936229,3.408262137217402e-05,0.0964005574489351,0.2071617974650559,5.539194344084503e-06,-0.055309995870131946
2024-09-24,24.475098323418365,36.97044334437052,3.904938559748309e-05,24.49995621943266,37.019357280442215,3.710240363479031e-05,0.1021827653939106,0.2238090619950641,3.536212056754392e-06,-0.055309995870131946
2024-09-25,24.540679511412435,37.11116487939406,3.525962178385981e-05,24.475098323418365,36.97044334437052,3.904938559748309e-05,0.1166571385960895,0.2573216408917206,3.672576551402991e-06,-0.055309995870131946
2024-09-26,24.35066749629233,36.54233633306587,4.966851740602094e-05,24.540679511412435,37.11116487939406,3.525962178385981e-05,0.0757778838728233,0.2022766201450855,5.578285252744948e-06,-0.050097605786647216
2024-09-27,24.418270046745004,36.61459569239624,3.96739869749604e-05,24.35066749629233,36.54233633306587,4.966851740602094e-05,0.0663048049292777,0.2286723541047165,5.004872699393598e-06,-0.07568599522517318
2024-09-30,24.50413642573353,36.61541364603405,3.187970866155586e-05,24.418270046745004,36.61459569239624,3.96739869749604e-05,0.0668659792689873,0.2264712200110201,5.981747234987769e-06,-0.07568599522517318
2024-10-01,24.16790310849703,36.06465851339888,3.392335609057571e-05,24.50413642573353,36.61541364603405,3.187970866155586e-05,0.1320638342046045,0.3319995377169128,6.3326196678487884e-06,-0.07796611081082983
2024-10-04,24.42092061729045,36.990913913389086,1.1027070542488608e-05,24.16790310849703,36.06465851339888,3.392335609057571e-05,0.1132290383380372,0.2957219883526271,1.270451751126813e-05,-0.07796611081082983
2024-10-07,23.78713618193434,35.71467606188459,1.2796812498069915e-05,24.42092061729045,36.990913913389086,1.1027070542488608e-05,0.2617743078507704,0.4524945088325209,1.1685405459486069e-05,-0.07796611081082983
2024-10-08,23.68999300514328,35.68435239948631,1.3164216328102482e-05,23.78713618193434,35.71467606188459,1.2796812498069915e-05,0.3273939910138571,0.5132021043441773,1.0124786564691264e-05,-0.07796611081082983
2024-10-09,24.06577512482505,36.62004381686182,1.7425266304724366e-05,23.68999300514328,35.68435239948631,1.3164216328102482e-05,0.2636804405595125,0.5139292462763979,8.395355837705544e-06,-0.07796611081082983
2024-10-10,24.08756616368377,36.56825523075862,1.8996478424824973e-05,24.06577512482505,36.62004381686182,1.7425266304724366e-05,0.2569262536779542,0.5238611811850541,3.0118546645313702e-06,-0.09756684407722638
2024-10-11,24.25792465803221,37.05562832817741,1.1553185989731172e-05,24.08756616368377,36.56825523075862,1.8996478424824973e-05,0.2085394648267879,0.5409069957306272,2.8890131079293404e-06,-0.09756684407722638
2024-10-18,24.16438174165945,36.37221892399968,1.1132607764753986e-05,24.25792465803221,37.05562832817741,1.1553185989731172e-05,0.1936657055591908,0.4475356949717984,3.180328388021578e-06,-0.09756684407722638
2024-10-21,24.386150410256032,37.00494500234357,1.379866320561406e-05,24.16438174165945,36.37221892399968,1.1132607764753986e-05,0.1180183961784214,0.2637121350213354,3.1387073061995933e-06,-0.09756684407722638
2024-10-22,24.38935298510828,37.08116963710983,2.014683306266128e-05,24.386150410256032,37.00494500234357,1.379866320561406e-05,0.1195691720530919,0.2904324420550052,3.759344924961181e-06,-0.09756684407722638
2024-10-23,24.569950652137752,37.47875973472539,3.2186701276973754e-05,24.38935298510828,37.08116963710983,2.014683306266128e-05,0.1371879868691047,0.3558136708896095,7.898932513205285e-06,-0.09756684407722638
2024-10-24,24.742756822456272,37.87323463788582,3.607927112307595e-05,24.569950652137752,37.47875973472539,3.2186701276973754e-05,0.1946412041371551,0.502224130447502,9.884882960464232e-06,-0.09756684407722638
2024-10-25,24.90733643644609,38.06074561479103,3.702149213911823e-05,24.742756822456272,37.87323463788582,3.607927112307595e-05,0.202898006620651,0.4182556513651877,9.24578755677913e-06,-0.09756684407722638
2024-10-28,24.96109501288128,38.25588015390934,2.1885017597798982e-05,24.90733643644609,38.06074561479103,3.702149213911823e-05,0.2123241523659707,0.4215613051954563,7.106914598943703e-06,-0.09756684407722638
2024-10-29,24.85609851943809,38.404080898318405,2.405928228822544e-05,24.96109501288128,38.25588015390934,2.1885017597798982e-05,0.138954608442846,0.3222265781100518,6.19487157734978e-06,-0.09756684407722638
2024-11-04,24.864035421644147,38.47584177328096,1.613316936090608e-05,24.85609851943809,38.404080898318405,2.405928228822544e-05,0.0721695122621053,0.2218349560445004,8.194583445264114e-06,-0.09756684407722638
2024-11-05,25.12994486130653,39.01810934289829,1.5029209799214706e-05,24.864035421644147,38.47584177328096,1.613316936090608e-05,0.1003319570341121,0.3207728988613618,7.86768515972762e-06,-0.09756684407722638
2024-11-06,25.21769015865005,38.98820345841158,1.87227497488196e-05,25.12994486130653,39.01810934289829,1.5029209799214706e-05,0.1447864959543856,0.3142279445231536,3.4013183855035027e-06,-0.09756684407722638
2024-11-07,25.09905963480916,38.94096149333527,1.445180997257236e-05,25.21769015865005,38.98820345841158,1.87227497488196e-05,0.1467754270980923,0.2678509597311613,3.5106452751930866e-06,-0.09756684407722638
2024-11-08,25.16038664837868,39.078599944429534,1.1734448031184148e-05,25.09905963480916,38.94096149333527,1.445180997257236e-05,0.1215792196658642,0.2168940125445889,2.275019106153543e-06,-0.09756684407722638
2024-11-15,25.158439550717304,39.175796674945246,1.1903283279164628e-05,25.16038664837868,39.078599944429534,1.1734448031184148e-05,0.0392683487620562,0.081118237935988,2.546310739033577e-06,-0.09756684407722638
2024-11-18,24.94708835689542,38.598733968239664,1.2528702520276831e-05,25.158439550717304,39.175796674945246,1.1903283279164628e-05,0.0926594601579729,0.1960828945367918,2.6120988696453345e-06,-0.12215655277984794
2024-11-19,24.985654428264443,38.84117002847472,1.152224275712769e-05,24.94708835689542,38.598733968239664,1.2528702520276831e-05,0.0883822732925773,0.2001012792477903,1.0660849765988747e-06,-0.12215655277984794
2024-11-20,24.970672975509466,38.79611605252672,1.0537787609672256e-05,24.985654428264443,38.84117002847472,1.152224275712769e-05,0.0946722580740332,0.2063770529833689,6.47553783689497e-07,-0.12215655277984794
2024-11-21,25.224310750389705,39.140806883603695,1.2975635609875735e-05,24.970672975509466,38.79611605252672,1.0537787609672256e-05,0.1121656924018916,0.2184087792465784,8.426604810097572e-07,-0.12215655277984794
2024-11-22,25.34727692916577,39.29344831603623,1.3894735585406528e-05,25.224310750389705,39.140806883603695,1.2975635609875735e-05,0.1610319449033166,0.2498018664797604,1.1629216850208911e-06,-0.12215655277984794
2024-11-25,25.383930242065635,39.31209430738839,1.7754425204006e-05,25.34727692916577,39.29344831603623,1.3894735585406528e-05,0.174981427214098,0.2194090792847376,2.493360482045278e-06,-0.12215655277984794
2024-11-26,25.43046708638479,39.34795830293918,2.125708024337305e-05,25.383930242065635,39.31209430738839,1.7754425204006e-05,0.1651525470729208,0.2036732986884705,3.783274297824929e-06,-0.12215655277984794
2024-12-02,25.43238838857932,39.285837229238055,1.5245650030483024e-05,25.43046708638479,39.34795830293918,2.125708024337305e-05,0.0765300963040667,0.0709354434757054,2.9869248157880016e-06,-0.12215655277984794
2024-12-03,24.886799205589124,37.97832649915915,1.932642711212756e-05,25.43238838857932,39.285837229238055,1.5245650030483024e-05,0.2071180254753181,0.5330354275314256,2.668188575687256e-06,-0.12215655277984794
2024-12-04,25.13208021193384,38.49650406106666,1.4473182511024728e-05,24.886799205589124,37.97832649915915,1.932642711212756e-05,0.214262464042301,0.5532436516940524,2.5178538692440072e-06,-0.12215655277984794
2024-12-05,25.269334516168616,38.69646271399584,2.4677546455297893e-05,25.13208021193384,38.49650406106666,1.4473182511024728e-05,0.204973246142256,0.5112093772446528,3.7953297346798367e-06,-0.12215655277984794
2024-12-06,25.255674068657896,38.69730558311857,3.121842409562002e-05,25.269334516168616,38.69646271399584,2.4677546455297893e-05,0.1813871624484709,0.4198965079052187,6.268214808793906e-06,-0.12215655277984794
2024-12-09,25.113509822130336,38.46745561347489,4.065174443898901e-05,25.255674068657896,38.69730558311857,3.121842409562002e-05,0.1375645397754868,0.2628178319551497,9.176430876320097e-06,-0.12215655277984794
2024-12-10,25.1492445007232,38.49058223382992,4.0272686369453295e-05,25.113509822130336,38.46745561347489,4.065174443898901e-05,0.0652558367428261,0.1043294246767452,9.894930048452053e-06,-0.15634023238667655
2024-12-13,24.936615169767432,38.04158320298501,4.104646177654218e-05,25.1492445007232,38.49058223382992,4.0272686369453295e-05,0.1201179658394629,0.2393941169131492,6.565252765924524e-06,-0.15634023238667655
2024-12-16,24.792475019822778,37.72869951396197,5.084808118275688e-05,24.936615169767432,38.04158320298501,4.104646177654218e-05,0.1645349778035076,0.350505888407487,6.21499855684793e-06,-0.15634023238667655
2024-12-17,24.630526501572103,37.35176780671449,4.809042753769848e-05,24.792475019822778,37.72869951396197,5.084808118275688e-05,0.1950551668874665,0.4366785871062417,4.411110549453845e-06,-0.15634023238667655
2024-12-18,24.55458590848149,37.15295649553082,4.846936159146506e-05,24.630526501572103,37.35176780671449,4.809042753769848e-05,0.2139328339921483,0.4793616048583392,4.26584320023251e-06,-0.15634023238667655
2024-12-19,24.44492640197537,36.8882337277521,5.673940335550348e-05,24.55458590848149,37.15295649553082,4.846936159146506e-05,0.174128576416491,0.4097815084924905,5.053195644490081e-06,-0.15634023238667655
2024-12-20,24.320259717948485,36.63658370337527,5.9591145606614906e-05,24.44492640197537,36.8882337277521,5.673940335550348e-05,0.1606924373660286,0.3762223830236885,4.612360814214612e-06,-0.15634023238667655
2024-12-23,24.351205727880167,36.61073964965086,6.12304508351008e-05,24.320259717948485,36.63658370337527,5.9591145606614906e-05,0.1179966802035444,0.2889095039273541,5.534609052376248e-06,-0.15634023238667655
2024-12-24,24.057967438250632,36.16081451142358,5.617138093034394e-05,24.351205727880167,36.61073964965086,6.12304508351008e-05,0.1654972568070386,0.3294838455752423,4.394792655447306e-06,-0.15634023238667655
2024-12-30,23.847272895712248,35.70161943589912,6.215989550549033e-05,24.057967438250632,36.16081451142358,5.617138093034394e-05,0.2199138843860011,0.4204044539753795,2.377454743825095e-06,-0.15634023238667655
2024-12-31,23.92716477019037,35.83943483468325,6.558845747496066e-05,23.847272895712248,35.70161943589912,6.215989550549033e-05,0.2035315243356169,0.3843753451098465,3.0899662772532315e-06,-0.15634023238667655
2025-01-03,23.235779147305664,34.493587672199425,5.649296243634479e-05,23.92716477019037,35.83943483468325,6.558845747496066e-05,0.366591909008836,0.7068126927185199,3.5728885988939963e-06,-0.15634023238667655
2025-01-06,22.959506880296445,34.100564904826285,5.607904299675277e-05,23.235779147305664,34.493587672199425,5.649296243634479e-05,0.4291036593820538,0.8091864640491458,3.892710295681023e-06,-0.15634023238667655
2025-01-07,22.60755864103072,33.38676427565869,6.080129182563258e-05,22.959506880296445,34.100564904826285,5.607904299675277e-05,0.5081699868352796,0.9410603849789082,3.576581344083421e-06,-0.15634023238667655
2025-01-08,22.39041683659669,33.056692226569105,5.326504091893529e-05,22.60755864103072,33.38676427565869,6.080129182563258e-05,0.536575691939577,0.9746085373009268,4.30862563864172e-06,-0.15634023238667655
2025-01-13,22.427376061575988,33.12311210243347,5.494239570133801e-05,22.39041683659669,33.056692226569105,5.326504091893529e-05,0.3256388744658251,0.5677979869368349,2.5060106560102274e-06,-0.15634023238667655
2025-01-14,22.4560102608057,33.172583756701265,6.817811442470072e-05,22.427376061575988,33.12311210243347,5.494239570133801e-05,0.2091386842006307,0.3826417494599946,5.380834588941293e-06,-0.15634023238667655
2025-01-15,22.33612056680072,32.93325551972173,7.664919803446778e-05,22.4560102608057,33.172583756701265,6.817811442470072e-05,0.0913015778196115,0.1495130163264969,8.687591712117592e-06,-0.15634023238667655
2025-01-16,22.42396564914847,33.12980360856881,7.493019166586244e-05,22.33612056680072,32.93325551972173,7.664919803446778e-05,0.0409967595362813,0.0835945887156001,9.813454302940918e-06,-0.15634023238667655
2025-01-17,22.451615137827577,33.24097411215524,6.234919018287137e-05,22.42396564914847,33.12980360856881,7.493019166586244e-05,0.0433527890906197,0.1023514234729449,8.044364680275947e-06,-0.15634023238667655
2025-01-22,24.070281307308004,35.44689720570053,4.800074032726205e-05,22.451615137827577,33.24097411215524,6.234919018287137e-05,0.6627476099282475,0.9367044736372744,1.0345988372685526e-05,-0.12969070559913
2025-01-23,24.360785747746743,35.73309263605924,4.54032456683356e-05,24.070281307308004,35.44689720570053,4.800074032726205e-05,0.8930719024593048,1.226504935536907,1.305311670140829e-05,-0.12969070559913
2025-01-24,24.221919065416326,35.56293160393378,3.6423244842435965e-05,24.360785747746743,35.73309263605924,4.54032456683356e-05,0.8768280948744059,1.1776429311029897,1.360106749749742e-05,-0.12969070559913
2025-01-27,24.21271261029408,35.56320125992426,4.729201685113786e-05,24.221919065416326,35.56293160393378,3.6423244842435965e-05,0.7118825963190154,0.938673389831974,8.331967126042633e-06,-0.12969070559913
2025-01-28,24.994823855256467,37.14820128833278,4.334899513689815e-05,24.21271261029408,35.56320125992426,4.729201685113786e-05,0.3246432468036459,0.635263394501235,4.161720131833579e-06,-0.12969070559913
2025-01-29,24.7808916702208,36.70553866581061,3.621143252939111e-05,24.994823855256467,37.14820128833278,4.334899513689815e-05,0.3168540538921574,0.6584145385449501,4.597085602993808e-06,-0.12969070559913
2025-01-30,25.092572057183308,37.3940844725854,4.748617030297085e-05,24.7808916702208,36.70553866581061,3.621143252939111e-05,0.375717874063967,0.7764418591041155,4.988284679590652e-06,-0.12969070559913
2025-01-31,25.13289893986078,37.4919248492656,4.758538699615556e-05,25.092572057183308,37.3940844725854,4.748617030297085e-05,0.337786170810242,0.7033034560493701,4.386137074865447e-06,-0.12969070559913
2025-02-03,25.079764882336004,37.3852454477204,5.494872132323547e-05,25.13289893986078,37.4919248492656,4.758538699615556e-05,0.1259514010286157,0.2832861300377574,6.125528317841462e-06,-0.12969070559913
2025-02-04,21.92982929056666,33.07641747746886,1.2980897661735405e-05,25.079764882336004,37.3852454477204,5.494872132323547e-05,1.2430324275524278,1.690573913643322,1.4705823666377755e-05,-0.12969070559913
2025-02-05,21.73512074533844,32.889575076897664,9.881113443848292e-06,21.92982929056666,33.07641747746886,1.2980897661735405e-05,1.602887850336303,2.1766412103006934,1.911622497948924e-05,-0.12969070559913
2025-02-06,21.635551664788693,32.625886236889265,1.206457507822565e-05,21.73512074533844,32.889575076897664,9.881113443848292e-06,1.638835941657626,2.245920853398001,1.957721432054434e-05,-0.12969070559913
2025-02-07,21.569539894788544,32.519033713497215,1.1371019835519964e-05,21.635551664788693,32.625886236889265,1.206457507822565e-05,1.3503929879491636,1.8533794280731692,1.7379254218046185e-05,-0.12969070559913
2025-02-10,21.617421136516768,32.67288693508158,1.1135148604506876e-05,21.569539894788544,32.519033713497215,1.1371019835519964e-05,0.1280751565257082,0.200248429572672,1.0277591739707e-06,-0.12969070559913
2025-02-11,21.67874303596417,32.82115468365482,1.1671463826694613e-05,21.617421136516768,32.67288693508158,1.1135148604506876e-05,0.0561757039953856,0.1337393465932685,7.402218337424923e-07,-0.12969070559913
2025-02-12,21.828070964005374,33.11437533268937,1.1314065142405529e-05,21.67874303596417,32.82115468365482,1.1671463826694613e-05,0.088341214236248,0.2061680002162692,3.2613976049314095e-07,-0.12969070559913
2025-02-13,22.255736854401764,34.15345920004115,3.400999408928568e-05,21.828070964005374,33.11437533268937,1.1314065142405529e-05,0.2486460948235274,0.5827666678193291,9.05647472428334e-06,-0.12969070559913
2025-02-14,22.345144601345208,34.177410501456315,8.897210821086474e-05,22.255736854401764,34.15345920004115,3.400999408928568e-05,0.2995149993265456,0.6506408213137288,3.008215989902757e-05,-0.12969070559913
2025-02-19,22.439528713595745,34.46564838784529,9.471840727174387e-05,22.345144601345208,34.177410501456315,8.897210821086474e-05,0.3001954019221871,0.6518158579170934,3.6667614380283634e-05,-0.12969070559913
2025-02-20,22.497688224929007,34.48179981403291,8.289479014278945e-05,22.439528713595745,34.46564838784529,9.471840727174387e-05,0.2373524991081611,0.5014924026986224,3.34256079653492e-05,-0.12969070559913
2025-02-21,22.707461151714508,34.77236790692731,8.09571898603907e-05,22.497688224929007,34.48179981403291,8.289479014278945e-05,0.1532311587874424,0.2278040469960513,2.1695367137866076e-05,-0.06054357764853038
2025-02-24,23.082599639151,35.372334958714205,8.274340389920075e-05,22.707461151714508,34.77236790692731,8.09571898603907e-05,0.2625152640670154,0.4055324450204254,5.10892132224898e-06,-0.05519053993673386
2025-02-25,23.027509210564943,35.09451116191425,0.0001073925758595,23.082599639151,35.372334958714205,8.274340389920075e-05,0.2643832460984228,0.3524603419791338,1.009301713309126e-05,-0.05519053993673386
2025-02-26,23.66318005933764,36.30085306914293,0.0001335440226222,23.027509210564943,35.09451116191425,0.0001073925758595,0.3962802956957715,0.6247062981245763,2.0502527990955483e-05,-0.05519053993673386
2025-02-27,23.55699353459993,36.04198630634252,9.958248589024314e-05,23.66318005933764,36.30085306914293,0.0001335440226222,0.3543517093380733,0.5733997324501842,1.9167073536769428e-05,-0.05519053993673386
2025-02-28,23.51542361566252,36.01099472302667,0.0001219585558522,23.55699353459993,36.04198630634252,9.958248589024314e-05,0.2615203157870502,0.4534557781979731,1.761252774195865e-05,-0.05519053993673386
2025-03-03,23.631148785794338,36.19138837221384,0.0001324788591422,23.51542361566252,36.01099472302667,0.0001219585558522,0.2316570916225387,0.4296457789591499,1.3518380534946646e-05,-0.05519053993673386
2025-03-04,23.130977274740307,34.937589698782425,0.000190015498189,23.631148785794338,36.19138837221384,0.0001324788591422,0.191567545135265,0.4907636518347347,2.9860776782359947e-05,-0.05519053993673386
2025-03-05,22.899043224186205,34.6631045120838,0.0001337043892993,23.130977274740307,34.937589698782425,0.000190015498189,0.283031808300154,0.6365168135615332,2.985872764330065e-05,-0.05519053993673386
2025-03-06,22.890890790720523,34.68523245602596,0.0001459808537212,22.899043224186205,34.6631045120838,0.0001337043892993,0.3083368754686331,0.6655787881282816,2.3843181558498272e-05,-0.05519053993673386
2025-03-07,22.80224088696352,34.46266097818339,0.0001277393385257,22.890890790720523,34.68523245602596,0.0001459808537212,0.3005341108218793,0.6203049450588906,2.28246278536217e-05,-0.05519053993673386
2025-03-10,22.69729236769765,34.28619115280004,0.000101923075873,22.80224088696352,34.46266097818339,0.0001277393385257,0.143398611450518,0.2201407014895654,2.890346083432255e-05,-0.053743434214151196
2025-03-11,22.945611616919976,34.69898569658193,0.0001477298252415,22.69729236769765,34.28619115280004,0.000101923075873,0.0880623663211934,0.1612910263084297,1.6533983158233196e-05,-0.053743434214151196
2025-03-12,23.00004210828394,34.83855201861883,0.0001543174782858,22.945611616919976,34.69898569658193,0.0001477298252415,0.1071867059275957,0.1955232702351021,1.8979698870193144e-05,-0.053743434214151196
2025-03-13,23.128994909188137,35.12398504382944,0.000154004517635,23.00004210828394,34.83855201861883,0.0001543174782858,0.1510457872997266,0.2915208566430378,2.0100876869107568e-05,-0.053743434214151196
2025-03-14,22.79729062908372,34.414574385284986,0.0001676050675502,23.128994909188137,35.12398504382944,0.000154004517635,0.1517949319173895,0.2992903770567192,2.2547247657668105e-05,-0.053743434214151196
2025-03-17,22.853988208283926,34.50885304405694,0.0001740091595791,22.79729062908372,34.414574385284986,0.0001676050675502,0.1157455543977111,0.2512061470030052,9.713888910669912e-06,-0.053743434214151196
2025-03-18,22.974981785369778,34.79208411059765,0.0002177477517246,22.853988208283926,34.50885304405694,0.0001740091595791,0.1163617487262811,0.2526278456592,2.341328344056477e-05,-0.053743434214151196
2025-03-19,22.944089582886143,34.753143552719216,0.0002135471974529,22.974981785369778,34.79208411059765,0.0002177477517246,0.1137747184411527,0.2479336763447277,2.557626812354975e-05,-0.053743434214151196
2025-03-20,22.962086971826025,34.804279781258145,0.000227017282445,22.944089582886143,34.753143552719216,0.0002135471974529,0.0691040046335014,0.1611652688381533,2.430389743784318e-05,-0.053743434214151196
2025-03-21,22.82694082186832,34.587047564863745,0.0002090458217132,22.962086971826025,34.804279781258145,0.000227017282445,0.0601742664348375,0.1190607816521621,1.813032937473163e-05,-0.053743434214151196
2025-03-24,22.9686549642599,35.00246708878709,0.0001570059218638,22.82694082186832,34.587047564863745,0.0002090458217132,0.0551791535410203,0.1325703626378228,2.465781737519184e-05,-0.053743434214151196
2025-03-25,23.06633970420213,35.17792534219166,0.0001773466077924,22.9686549642599,35.00246708878709,0.0001570059218638,0.0763438464729404,0.2050735636321099,2.5711926326461803e-05,-0.053743434214151196
2025-03-26,23.069776318515565,35.14835875862522,0.0001692922567245,23.06633970420213,35.17792534219166,0.0001773466077924,0.0887505935627268,0.222188545002964,2.60359950025786e-05,-0.053743434214151196
2025-03-27,23.137423428321583,35.28854507761725,0.0001641130734905,23.069776318515565,35.14835875862522,0.0001692922567245,0.1078248058924608,0.2445855802517635,1.8104498009495145e-05,-0.053743434214151196
2025-03-28,23.1527872211299,35.32693758421891,0.0001710276022858,23.137423428321583,35.28854507761725,0.0001641130734905,0.0652368564756607,0.1144593969287564,6.839273522341246e-06,-0.053743434214151196
2025-03-31,22.7296265110948,34.670501647275195,0.0001472271085557,23.1527872211299,35.32693758421891,0.0001710276022858,0.1547490672027135,0.2355456803805396,1.020437007352166e-05,-0.053743434214151196
2025-04-01,22.8071735494205,34.9331750312919,0.0001854490674883,22.7296265110948,34.670501647275195,0.0001472271085557,0.1762107535118879,0.2442038481740216,1.2330904469651451e-05,-0.053743434214151196
2025-04-02,22.80773218183798,34.98364695024134,0.0001707237125412,22.8071735494205,34.9331750312919,0.0001854490674883,0.1804424340457634,0.2429907531608172,1.238749504918562e-05,-0.053743434214151196
2025-04-03,22.77463803471541,34.86714004604445,0.0001961273500463,22.80773218183798,34.98364695024134,0.0001707237125412,0.151903621351594,0.2136750020728634,1.6474198740364476e-05,-0.11780423680183806
2025-04-04,23.93820661872548,37.4662366943312,0.0002461235106936,22.77463803471541,34.86714004604445,0.0001961273500463,0.4642439080117311,1.0464663760785728,3.287983017681967e-05,-0.11780423680183806
2025-04-07,24.7614038808918,39.28332988227567,0.0001306433925967,23.93820661872548,37.4662366943312,0.0002461235106936,0.8043381317946626,1.784052906982262,3.745730406762757e-05,-0.11780423680183806
2025-04-08,24.84869100781124,39.43846947120346,0.0001029324638761,24.7614038808918,39.28332988227567,0.0001306433925967,0.9028509162027336,1.988770771581648,5.004511584886725e-05,-0.11780423680183806
2025-04-09,25.091822892780183,39.926202559592,9.192150627019402e-05,24.84869100781124,39.43846947120346,0.0001029324638761,0.8481874019645842,1.8619065632939744,5.876666484298442e-05,-0.11780423680183806
2025-04-10,25.61468403902981,41.257297895594,9.878817358588415e-05,25.091822892780183,39.926202559592,9.192150627019402e-05,0.544505927005427,1.220931535428164,5.754750933689419e-05,-0.11780423680183806
2025-04-11,26.31829412571607,42.46103708541833,0.0001047111336575,25.61468403902981,41.257297895594,9.878817358588415e-05,0.5778257317818527,1.2125980479467444,1.317862545698741e-05,-0.11780423680183806
2025-04-14,26.53288688474624,42.98517587731476,0.0001000038912792,26.31829412571607,42.46103708541833,0.0001047111336575,0.6597151530175106,1.3787654212647045,4.404201291667146e-06,-0.11780423680183806
2025-04-15,26.63838166068444,43.166217239210965,9.971445659049072e-05,26.53288688474624,42.98517587731476,0.0001000038912792,0.5930221103997438,1.2154918948960562,4.105639153325966e-06,-0.11780423680183806
2025-04-23,26.67529881318596,43.34146046075298,8.35587246802629e-05,26.63838166068444,43.166217239210965,9.971445659049072e-05,0.3908839086030314,0.752590930674916,7.198438186454952e-06,-0.11780423680183806
2025-04-24,26.73365501384679,43.43004190615619,6.193139229013834e-05,26.67529881318596,43.34146046075298,8.35587246802629e-05,0.1461569810089671,0.3436217083749069,1.574929480755226e-05,-0.11780423680183806
2025-04-25,26.732015577772074,43.36230473135074,4.914118668804206e-05,26.73365501384679,43.43004190615619,6.193139229013834e-05,0.0740817134947754,0.1614286297193963,2.0365832378377395e-05,-0.11780423680183806
2025-04-28,27.07746927059918,43.85402167600372,4.616997136292574e-05,26.732015577772074,43.36230473135074,4.914118668804206e-05,0.1572154733768834,0.2288206082152694,2.0576007698444544e-05,-0.11780423680183806
2025-04-29,26.98990057767353,43.75355191764164,2.5300373890532645e-05,27.07746927059918,43.85402167600372,4.616997136292574e-05,0.1605891039268882,0.2130520601793992,1.9194643597636874e-05,-0.11780423680183806
2025-05-02,27.029815784554945,43.85725591021984,3.386437836711841e-05,26.98990057767353,43.75355191764164,2.5300373890532645e-05,0.1493511522104425,0.2128110370671836,1.2668865405500577e-05,-0.11780423680183806
2025-05-07,27.03081996252336,43.843862199964285,3.652278940097474e-05,27.029815784554945,43.85725591021984,3.386437836711841e-05,0.1231577634420121,0.189845398537719,8.61673967819949e-06,-0.11780423680183806
2025-05-08,26.960330186870223,43.6499595055339,3.118776027817898e-05,27.03081996252336,43.843862199964285,3.652278940097474e-05,0.0398883173567296,0.0805581816413436,6.8735509213920686e-06,-0.11780423680183806
2025-05-09,27.350194864839214,44.57191680112387,4.256323835216341e-05,26.960330186870223,43.6499595055339,3.118776027817898e-05,0.1414764456367599,0.3268590722261273,5.713861215307284e-06,-0.11780423680183806
2025-05-12,27.58717509617785,45.33191185982349,2.9687057824672763e-05,27.350194864839214,44.57191680112387,4.256323835216341e-05,0.2396422519459932,0.6250445284341393,4.545230577917226e-06,-0.11780423680183806
2025-05-13,27.74517158487481,45.63139857088325,1.053698671520195e-05,27.58717509617785,45.33191185982349,2.9687057824672763e-05,0.3049480328932669,0.7841452919244266,1.077636084580148e-05,-0.11780423680183806
2025-05-16,28.253159351589343,46.66754625847034,1.2673463811229277e-05,27.74517158487481,45.63139857088325,1.053698671520195e-05,0.4283163723419473,1.014886595788408,1.2077275871160598e-05,-0.06060673523544696
2025-05-19,28.074955578123923,46.14521579020782,1.215775618442785e-05,28.253159351589343,46.66754625847034,1.2673463811229277e-05,0.3260541397345282,0.7130930022030239,1.261790820999688e-05,-0.06060673523544696
2025-05-20,28.121355128877067,46.23449333929498,1.226492526986604e-05,28.074955578123923,46.14521579020782,1.215775618442785e-05,0.2491088913089969,0.4698678981104908,7.148751685169397e-06,-0.06060673523544696
2025-05-21,28.180961793566144,46.29763660350991,1.012312330707325e-05,28.121355128877067,46.23449333929498,1.226492526986604e-05,0.1754446732157899,0.333322266867961,1.020276611559611e-06,-0.06060673523544696
2025-05-22,28.3022611095701,46.53559106095975,1.1093050281007326e-05,28.180961793566144,46.29763660350991,1.012312330707325e-05,0.0831393772088926,0.1948819074779345,9.2996734115664e-07,-0.06060673523544696
2025-05-23,28.27052163457019,46.48421540138043,1.0186558910050047e-05,28.3022611095701,46.53559106095975,1.1093050281007326e-05,0.0861572008115935,0.1482697031184429,9.212416790863796e-07,-0.06060673523544696
2025-05-30,28.27520970259512,46.49936223804761,8.997292330625595e-06,28.27052163457019,46.48421540138043,1.0186558910050047e-05,0.06799415063702,0.1205773059093419,1.0917545340417993e-06,-0.06060673523544696
2025-06-02,28.442100577922144,46.836468698708615,9.772908886988504e-06,28.27520970259512,46.49936223804761,8.997292330625595e-06,0.0844792869510334,0.173769864693987,6.776037632945497e-07,-0.06060673523544696
2025-06-03,28.288916575795028,46.57267939981269,1.051524977658362e-05,28.442100577922144,46.836468698708615,9.772908886988504e-06,0.0641179516777858,0.1290881158173668,7.054331853685226e-07,-0.06060673523544696
2025-06-04,28.247071345728497,46.56985917849163,1.0026771430824148e-05,28.288916575795028,46.57267939981269,1.051524977658362e-05,0.0699813045502544,0.1271427422132138,5.114200348776024e-07,-0.06060673523544696
2025-06-05,28.24510937007898,46.56287501019941,9.517700465502843e-06,28.247071345728497,46.56985917849163,1.0026771430824148e-05,0.073135342913551,0.1172504427287459,5.06357347338532e-07,-0.08068559789164563
2025-06-06,28.493712883671943,47.0067732313447,9.591157243269997e-06,28.24510937007898,46.56287501019941,9.517700465502843e-06,0.1041580208772682,0.1812238840618923,3.608685452614471e-07,-0.08068559789164563
2025-06-09,28.7466150589722,47.57341443705577,1.0704634981325712e-05,28.493712883671943,47.0067732313447,9.591157243269997e-06,0.1941906811404304,0.3963531654547202,4.769060056209308e-07,-0.08068559789164563
2025-06-10,28.72804444991624,47.6274740307371,1.1367597569663992e-05,28.7466150589722,47.57341443705577,1.0704634981325712e-05,0.2197697486933678,0.4637885646438661,7.036376233282478e-07,-0.08068559789164563
2025-06-13,28.980667796668428,48.17886279657439,1.2436699962841175e-05,28.72804444991624,47.6274740307371,1.1367597569663992e-05,0.2500019312408167,0.5555785661185891,1.1033063289932183e-06,-0.08068559789164563
2025-06-16,29.08869988491573,48.424351238892704,1.7780425044536405e-05,28.980667796668428,48.17886279657439,1.2436699962841175e-05,0.2085871349869902,0.4972952492209509,2.855772404770024e-06,-0.08068559789164563
2025-06-17,29.07782088524941,48.33207486532164,2.0947097055256425e-05,29.08869988491573,48.424351238892704,1.7780425044536405e-05,0.1573921648914494,0.3575979796534506,4.0172558660084376e-06,-0.08068559789164563
2025-06-18,28.663166897380908,47.63966852694378,2.524174738479435e-05,29.07782088524941,48.33207486532164,2.0947097055256425e-05,0.1783810114550029,0.341396619576321,5.198541486092584e-06,-0.191049353030691
2025-06-23,28.604087793030374,47.48096460535739,2.4619947753500737e-05,28.663166897380908,47.63966852694378,2.524174738479435e-05,0.2078100905646533,0.3797237539912105,4.725173963261382e-06,-0.191049353030691
2025-06-24,28.68884531299604,47.87675808413862,3.6457807368857005e-05,28.604087793030374,47.48096460535739,2.4619947753500737e-05,0.2130657890254579,0.3721966117491313,6.325062430398622e-06,-0.191049353030691
2025-06-27,28.573788634184893,47.91330307380246,1.7288137327742288e-05,28.68884531299604,47.87675808413862,3.6457807368857005e-05,0.1827774153812436,0.288975931184212,6.43961842807069e-06,-0.191049353030691
2025-06-30,28.514449683225696,47.753984688994514,2.046403214424732e-05,28.573788634184893,47.91330307380246,1.7288137327742288e-05,0.062470747840503,0.1586496301567239,6.501687517393998e-06,-0.191049353030691
2025-07-01,28.82201951124837,48.21178059688179,2.2938749572328834e-05,28.514449683225696,47.753984688994514,2.046403214424732e-05,0.1067252962328313,0.2370568040194305,6.536575244749253e-06,-0.191049353030691
2025-07-02,28.768440902709624,48.16551587916522,1.8694720312285165e-05,28.82201951124837,48.21178059688179,2.2938749572328834e-05,0.1153660766532269,0.1756346102092267,6.9074740916764325e-06,-0.191049353030691
2025-07-03,28.830250291456704,48.1706978558561,2.078040162371621e-05,28.768440902709624,48.16551587916522,1.8694720312285165e-05,0.1318182602137862,0.178972008792704,1.9242163000485862e-06,-0.191049353030691
2025-07-08,28.953962657756964,48.46452323064101,2.505179905835917e-05,28.830250291456704,48.1706978558561,2.078040162371621e-05,0.1450383806152161,0.228115983739174,2.195859436502432e-06,-0.191049353030691
2025-07-11,29.06633733153581,48.56414265834943,2.417687470569557e-05,28.953962657756964,48.46452323064101,2.505179905835917e-05,0.1078312600463514,0.1662838331287861,2.315435800597014e-06,-0.191049353030691
2025-07-14,28.98598897463162,48.38512435140608,2.4649895552263542e-05,29.06633733153581,48.56414265834943,2.417687470569557e-05,0.1076502032115201,0.1589905772455214,2.49948204246324e-06,-0.191049353030691
2025-07-15,29.040466302581223,48.55167481521801,2.611766828281113e-05,28.98598897463162,48.38512435140608,2.4649895552263542e-05,0.0826357621251874,0.1436690639500422,1.8049725256377928e-06,-0.191049353030691
2025-07-16,29.15956932989195,48.93481528386727,2.34877202187303e-05,29.040466302581223,48.55167481521801,2.611766828281113e-05,0.0711369273168372,0.1888168657673119,8.808277064708918e-07,-0.191049353030691
2025-07-17,29.23782281928224,49.1462395346586,1.0850544023598015e-05,29.15956932989195,48.93481528386727,2.34877202187303e-05,0.0896664006935864,0.2801883301313169,5.570219007307308e-06,-0.191049353030691
2025-07-18,28.946146501935075,48.66051826072266,1.2193598732568876e-05,29.23782281928224,49.1462395346586,1.0850544023598015e-05,0.1089743022424798,0.2722537237410664,6.548364871765025e-06,-0.191049353030691
2025-07-21,28.980426932499256,48.74290411521661,1.4620947238016596e-05,28.946146501935075,48.66051826072266,1.2193598732568876e-05,0.1098915559543809,0.2107966202772317,6.176869239403486e-06,-0.191049353030691
2025-07-22,29.057506373854867,48.76215061740948,1.5520239320661027e-05,28.980426932499256,48.74290411521661,1.4620947238016596e-05,0.109094620222895,0.1732279377062457,4.404311034929894e-06,-0.191049353030691
2025-07-25,29.49372049630077,49.31704385421774,2.1241779452359216e-05,29.057506373854867,48.76215061740948,1.5520239320661027e-05,0.2022308670877317,0.2577874178678506,3.588937802690688e-06,-0.191049353030691
2025-07-28,29.36291403885063,49.0505693074847,1.6609533936002243e-05,29.49372049630077,49.31704385421774,2.1241779452359216e-05,0.2194067883496669,0.2438891146619803,2.9819961206868246e-06,-0.191049353030691
2025-07-29,29.745517441471595,49.81198325916076,1.225429785570575e-05,29.36291403885063,49.0505693074847,1.6609533936002243e-05,0.2817718667716302,0.3978220848268463,2.9664066807047244e-06,-0.191049353030691
2025-07-30,29.73168562721658,49.973080400902056,6.260561383552052e-06,29.745517441471595,49.81198325916076,1.225429785570575e-05,0.2554323471216319,0.4544305985645245,4.975918822415666e-06,-0.08639683970357352
2025-07-31,29.66388974414824,49.82803717735823,7.783439025948105e-06,29.73168562721658,49.973080400902056,6.260561383552052e-06,0.1483929799471018,0.3515652765266738,5.549768366973108e-06,-0.08639683970357352
2025-08-01,29.680412821829552,49.76928693400621,8.553202358959538e-06,29.66388974414824,49.82803717735823,7.783439025948105e-06,0.1403368670659183,0.3253209576450938,3.7237250270678248e-06,-0.08639683970357352
2025-08-04,30.133650280855942,50.646274407818346,8.693062941391124e-06,29.680412821829552,49.76928693400621,8.553202358959538e-06,0.1740014995208945,0.3275304556614625,1.972063817193769e-06,-0.08639683970357352
2025-08-05,30.115347079094096,50.66373532040976,6.1008239339276345e-06,30.133650280855942,50.646274407818346,8.693062941391124e-06,0.2131370998765832,0.3966645269704131,1.1049435736719112e-06,-0.08639683970357352
2025-08-08,30.1443732586355,50.70288285368153,5.622197287224549e-06,30.115347079094096,50.66373532040976,6.1008239339276345e-06,0.2251017463100652,0.4281354138775741,1.2637345386441158e-06,-0.08639683970357352
2025-08-11,30.20829896429718,50.88326506794561,4.639397795964609e-06,30.1443732586355,50.70288285368153,5.622197287224549e-06,0.1905892496483104,0.3910821460754848,1.623024860091293e-06,-0.08639683970357352
2025-08-12,30.421742424653285,51.188833330311446,4.494344766760112e-06,30.20829896429718,50.88326506794561,4.639397795964609e-06,0.1129528112840906,0.2041132517269601,1.515466474926181e-06,-0.08639683970357352
2025-08-13,30.22462436912232,50.99330257167301,4.321056997812839e-06,30.421742424653285,51.188833330311446,4.494344766760112e-06,0.1072273760248432,0.1929569948762187,6.984702562283031e-07,-0.08639683970357352
2025-08-14,30.08854522690355,50.69962383845574,4.069348525561098e-06,30.22462436912232,50.99330257167301,4.321056997812839e-06,0.1129842786503652,0.1850458928897123,5.31548545031285e-07,-0.08639683970357352
2025-08-15,29.62051351907286,49.828549932309954,2.906021375491401e-06,30.08854522690355,50.69962383845574,4.069348525561098e-06,0.2683298051300254,0.4724922484119505,6.19818224858752e-07,-0.08639683970357352
2025-08-18,29.649097559642907,49.928670952516335,3.4864967528976293e-06,29.62051351907286,49.828549932309954,2.906021375491401e-06,0.3172700607792489,0.5533692098582743,5.845117908133156e-07,-0.051442328501176075
2025-08-19,29.56933428991468,49.88290798016295,3.132711698309177e-06,29.649097559642907,49.928670952516335,3.4864967528976293e-06,0.2709723319746395,0.4835100290063148,5.388200825551688e-07,-0.051442328501176075
2025-08-22,29.55065438216876,49.764928288587726,3.632512722525834e-06,29.56933428991468,49.88290798016295,3.132711698309177e-06,0.1995788893611186,0.3437249198553879,4.036620188600056e-07,-0.051442328501176075
2025-08-27,29.58841721512941,49.79090882230424,6.16013642473633e-06,29.55065438216876,49.764928288587726,3.632512722525834e-06,0.0353391022842354,0.05979496221777,1.1765068844253571e-06,-0.051442328501176075
2025-08-28,29.646351524166032,49.91699757655166,4.747966922900021e-06,29.58841721512941,49.79090882230424,6.16013642473633e-06,0.0401636618751858,0.0667125671751673,1.105217333118926e-06,-0.06484693575121149
2025-08-29,29.700512017057832,50.095040681270525,6.533714770698193e-06,29.646351524166032,49.91699757655166,4.747966922900021e-06,0.0550449345583017,0.1168612156499528,1.3411002140333349e-06,-0.06484693575121149
2025-09-05,29.637631454637216,49.987738873116136,7.036510976439728e-06,29.700512017057832,50.095040681270525,6.533714770698193e-06,0.0513471830983212,0.1229264481713967,1.2524894586715313e-06,-0.06484693575121149
2025-09-08,29.383952239520124,49.47821804159529,8.20456727913353e-06,29.637631454637216,49.987738873116136,7.036510976439728e-06,0.1096411568097771,0.2122016623735814,1.1289789401818274e-06,-0.06484693575121149
2025-09-09,29.608617794025097,49.95270776912072,9.169270101157028e-06,29.383952239520124,49.47821804159529,8.20456727913353e-06,0.1098298268706228,0.2124832264939938,1.5067409802809385e-06,-0.06484693575121149
2025-09-10,29.43682590292725,49.537110825357104,6.204872278983659e-06,29.608617794025097,49.95270776912072,9.169270101157028e-06,0.1217274773741332,0.2520922214902108,1.1030968645220742e-06,-0.06484693575121149
2025-09-11,29.192294703355604,49.037023232805495,1.3822517620583492e-05,29.43682590292725,49.537110825357104,6.204872278983659e-06,0.1620467034405626,0.3494173912587964,2.6654396345824143e-06,-0.06484693575121149
2025-09-12,29.196104216804283,48.989793509325466,1.59548030064703e-05,29.192294703355604,49.037023232805495,1.3822517620583492e-05,0.1569778962360015,0.3550829535385683,3.636905749828181e-06,-0.06484693575121149
2025-09-15,29.179574539141484,48.763267388518905,1.4611073454754425e-05,29.196104216804283,48.989793509325466,1.59548030064703e-05,0.1722153515513658,0.430355006116677,3.670558571608063e-06,-0.06484693575121149
2025-09-16,29.22365238767523,48.84887026207873,1.554551220060969e-05,29.179574539141484,48.763267388518905,1.4611073454754425e-05,0.0966433148324817,0.2693123338221312,3.588787636060282e-06,-0.06484693575121149
2025-09-19,29.179081182020848,48.85589427421824,1.6254475442171703e-05,29.22365238767523,48.84887026207873,1.554551220060969e-05,0.0162306188063035,0.1000882666228069,8.98690084715673e-07,-0.06484693575121149
2025-09-22,29.289672239710523,49.07948896069851,1.724107484013026e-05,29.179081182020848,48.85589427421824,1.6254475442171703e-05,0.0413362260848535,0.112477607278909,8.616082595622637e-07,-0.06484693575121149
2025-09-23,29.262425295688047,48.73337554540576,1.2997717423293342e-05,29.289672239710523,49.07948896069851,1.724107484013026e-05,0.0441345318703226,0.1213541043916962,1.4498072123570326e-06,-0.06484693575121149
2025-09-24,29.29306456932713,48.78568234828467,1.4273882686466242e-05,29.262425295688047,48.73337554540576,1.2997717423293342e-05,0.0431407498565499,0.1182123552804382,1.488991193158852e-06,-0.06484693575121149
2025-09-25,29.150158833715327,48.5095552993773,9.358613711187015e-06,29.29306456932713,48.78568234828467,1.4273882686466242e-05,0.0590551624498456,0.1843805493067651,2.764276073988127e-06,-0.06484693575121149
2025-09-26,29.134101859129554,48.49004406528218,1.0958615198569617e-05,29.150158833715327,48.5095552993773,9.358613711187015e-06,0.0693912053542001,0.2148913239646121,2.721420862673128e-06,-0.06484693575121149
2025-09-29,29.11313402658736,48.53304359564297,1.1104269198022122e-05,29.134101859129554,48.49004406528218,1.0958615198569617e-05,0.0727823650267335,0.1236819198110217,1.713949914881401e-06,-0.06484693575121149
2025-09-30,29.040970558729697,48.4927268091067,1.882127020963318e-05,29.11313402658736,48.53304359564297,1.1104269198022122e-05,0.082338078743691,0.1127820225284005,3.3610706617187588e-06,-0.06484693575121149
2025-10-03,28.82287880762126,48.16278643267314,1.583825746763527e-05,29.040970558729697,48.4927268091067,1.882127020963318e-05,0.1206077119748196,0.1382742796186583,3.542030779647906e-06,-0.06484693575121149
2025-10-06,28.619007739236537,47.94555446910741,1.5124180096359376e-05,28.82287880762126,48.16278643267314,1.583825746763527e-05,0.1971893831628059,0.231924976367721,2.994692494324198e-06,-0.06484693575121149
2025-10-07,28.56395756541496,47.83171384381631,1.560378444738335e-05,28.619007739236537,47.94555446910741,1.5124180096359376e-05,0.2190893337567412,0.2821827450109989,2.466430862011001e-06,-0.0397459210383738
2025-10-08,28.58545989867997,48.00713832834391,1.186497966754941e-05,28.56395756541496,47.83171384381631,1.560378444738335e-05,0.182234758511724,0.2288705888896967,2.213521379761832e-06,-0.0397459210383738
2025-10-09,28.71157788864792,48.09071055445228,2.287302170860886e-05,28.58545989867997,48.00713832834391,1.186497966754941e-05,0.095549845515468,0.1146961135010337,3.604076267791007e-06,-0.038454410619959835
2025-10-10,28.84468302054509,48.40122383897136,2.0543736437673e-05,28.71157788864792,48.09071055445228,2.287302170860886e-05,0.1030601351002718,0.1924949880261247,3.9669409910440925e-06,-0.038454410619959835
2025-10-17,29.05781589666568,48.795304906077455,3.094099680151619e-05,28.84468302054509,48.40122383897136,2.0543736437673e-05,0.1826694132065945,0.3395507776029109,6.528297582947929e-06,-0.038454410619959835
2025-10-20,29.404842272134484,49.60107111485522,2.8309976755917216e-05,29.05781589666568,48.795304906077455,3.094099680151619e-05,0.2881287623345731,0.5811151096819052,6.652061989693858e-06,-0.03879538072856938
2025-10-21,29.29033931973611,49.314382137154375,2.3393924735825303e-05,29.404842272134484,49.60107111485522,2.8309976755917216e-05,0.2606604653226554,0.5586095323315047,3.820674431622937e-06,-0.03879538072856938
2025-10-22,29.219407120155427,49.17288517035998,1.7049928931184333e-05,29.29033931973611,49.314382137154375,2.3393924735825303e-05,0.1950760228793368,0.4181423220083477,5.046950100578222e-06,-0.03879538072856938
2025-10-23,28.72677386885925,48.06716730232076,1.7432668920535396e-05,29.219407120155427,49.17288517035998,1.7049928931184333e-05,0.2351845055353357,0.5294534729174076,5.601852071028238e-06,-0.03879538072856938
2025-10-24,28.72367896440496,48.02514639555108,1.6671131533817834e-05,28.72677386885925,48.06716730232076,1.7432668920535396e-05,0.2900649712602558,0.6597366289283579,4.589481482168894e-06,-0.03879538072856938
2025-10-27,28.75606730302768,47.87711116013808,1.701694367307986e-05,28.72367896440496,48.02514639555108,1.6671131533817834e-05,0.2556734119558243,0.6191022856933852,2.551925606823041e-06,-0.03879538072856938
2025-10-28,28.74268577483316,47.891259245898624,1.3177925790072338e-05,28.75606730302768,47.87711116013808,1.701694367307986e-05,0.1931932869438458,0.4886873315675883,1.5645984800956133e-06,-0.0933459656266542
2025-10-31,28.844340270431687,47.97431913450625,1.7631355345270025e-05,28.74268577483316,47.891259245898624,1.3177925790072338e-05,0.0443697932816153,0.0738711403067925,1.6381425938872512e-06,-0.0933459656266542
2025-11-03,28.53601205762885,47.36027134600133,1.5279805526205747e-05,28.844340270431687,47.97431913450625,1.7631355345270025e-05,0.1011331248932053,0.2389273676483128,1.588632353325844e-06,-0.10362190236692785
2025-11-04,28.54060463261776,47.420187755303125,1.6019984518166177e-05,28.53601205762885,47.36027134600133,1.5279805526205747e-05,0.123943022647782,0.2595391024256677,1.5508647248884687e-06,-0.10655222494046084
2025-11-05,28.48815734680784,47.31148824625429,1.760049273597997e-05,28.54060463261776,47.420187755303125,1.6019984518166177e-05,0.1382633650724144,0.2820025719571881,1.654642494433084e-06,-0.10655222494046084
2025-11-06,28.1654008942063,46.48944523453009,2.205933132003207e-05,28.48815734680784,47.31148824625429,1.760049273597997e-05,0.2156395758217527,0.4752460994852642,2.353572669032684e-06,-0.10655222494046084
2025-11-07,28.081849503386422,46.26061229006702,2.1677655081060312e-05,28.1654008942063,46.48944523453009,2.205933132003207e-05,0.1976006966750169,0.491069441537664,2.831671069507027e-06,-0.10655222494046084
2025-11-10,28.124820253878564,46.174986933526185,1.899328993985085e-05,28.081849503386422,46.26061229006702,2.1677655081060312e-05,0.1937634872114073,0.5292843482590396,2.3239447351749454e-06,-0.10655222494046084
2025-11-17,27.7558076898346,45.472754888232565,1.3440700857542622e-05,28.124820253878564,46.174986933526185,1.899328993985085e-05,0.2330941348763963,0.591904019808812,3.133431351558171e-06,-0.10655222494046084
2025-11-18,27.65621610512571,45.34963628481216,7.751839888932517e-06,27.7558076898346,45.472754888232565,1.3440700857542622e-05,0.2088689071618523,0.4530559453463959,5.46654381571068e-06,-0.10655222494046084
2025-11-19,27.4283683512361,45.03813284894246,8.162477434565945e-06,27.65621610512571,45.34963628481216,7.751839888932517e-06,0.2627703280070304,0.4783406275821535,5.609067429327046e-06,-0.10655222494046084
