date,tci_total,tci_short,tci_long,short_minus_long,short_share,long_share,tci_total_lag1,tci_total_roll5_mean,tci_total_roll5_std,tci_short_lag1,tci_short_roll5_mean,tci_short_roll5_std,tci_long_lag1,tci_long_roll5_mean,tci_long_roll5_std,system_es_forward_60d_5pct
2021-11-30,29.391547240472544,56.73105934183409,0.0040110908289704,56.72704825100512,1.9301828133673304,0.000136470897437,,,,,,,,,,-0.09634220085680932
2021-12-01,30.019398011622048,58.10906491810788,0.0044419853216944,58.104622932786185,1.935717195115335,0.0001479704996074,29.391547240472544,,,56.73105934183409,,,0.0040110908289704,,,-0.09634220085680932
2021-12-02,30.065077255767008,58.20202473559343,0.0045666969949389,58.19745803859849,1.9358681250163516,0.000151893738908,30.019398011622048,,,58.10906491810788,,,0.0044419853216944,,,-0.09634220085680932
2021-12-03,29.974738720197298,58.21311282728888,0.0042529403832752,58.20885988690561,1.942072402054476,0.0001418841519512,30.065077255767008,,,58.20202473559343,,,0.0045666969949389,,,-0.09634220085680932
2021-12-06,30.10816019949625,58.37383612372141,0.0040409379974862,58.36979518572392,1.9388044881167488,0.0001342140459832,29.974738720197298,29.911784285511036,0.2639139224247071,58.21311282728888,57.92581958930914,0.6034196552985,0.0042529403832752,0.004262730305273,0.0002177788813171,-0.09634220085680932
2021-12-07,30.06400583934162,58.95936857484812,0.003602967313786,58.95576560753433,1.9611281640217808,0.0001198432215932,30.10816019949625,30.046276005284845,0.0454697640847288,58.37383612372141,58.371481435911946,0.3060311915402489,0.0040409379974862,0.0041811056022361,0.000339349384532,-0.09634220085680932
2021-12-08,30.029144416676584,59.083516970826814,0.0035776685229532,59.07993930230386,1.967539139677086,0.0001191398753594,30.06400583934162,30.048225286295757,0.0444737305208644,58.95936857484812,58.56637184645573,0.3785488778303814,0.003602967313786,0.0040082422424879,0.0003801208752023,-0.09634220085680932
2021-12-09,29.97079596375149,59.013816282389165,0.0036155746432522,59.01020070774591,1.9690440105015588,0.0001206365906205,30.029144416676584,30.02936902789265,0.0525796200860975,59.083516970826814,58.72873015581488,0.3611517319624811,0.0035776685229532,0.0038180177721505,0.0002770735592588,-0.09376460511847921
2021-12-10,29.90666340326416,58.86833605061784,0.0036330949248418,58.864702955693,1.968401999809603,0.000121481118634,29.97079596375149,30.015753964506025,0.0706660205239553,59.013816282389165,58.85977480048067,0.2529497773895199,0.0036155746432522,0.0036940486804638,0.0001743822752019,-0.09376460511847921
2021-12-13,29.91110695192168,58.93730540154146,0.0036287236525056,58.93367667788896,1.9704153877111843,0.0001213169294716,29.90666340326416,29.976343314991105,0.0626330915495632,58.86833605061784,58.97246865604468,0.0725162333935559,0.0036330949248418,0.0036116058114677,1.998458053127573e-05,-0.09376460511847921
2021-12-14,29.922675611767527,59.01000402414615,0.0036140793795625,59.00638994476659,1.9720831382117316,0.0001207806222429,29.91110695192168,29.94807726947629,0.0465084472624929,58.93730540154146,58.98259574590428,0.0735085335372401,0.0036287236525056,0.003613828224623,1.951264508370152e-05,-0.09376460511847921
2021-12-17,30.299645782839445,60.38520907301714,0.0036195943230191,60.38158947869412,1.9929344886010845,0.0001194599550424,29.922675611767527,30.002177542708857,0.1504722683738323,59.01000402414615,59.24293416634235,0.5736333512772389,0.0036140793795625,0.0036222133846362,7.455010589379809e-06,-0.09376460511847921
2021-12-22,30.39398943161616,60.61702043969701,0.0035536528485681,60.61346678684844,1.9943752555445229,0.0001169195921635,30.299645782839445,30.086816236281795,0.2144400747483635,60.38520907301714,59.563574997803926,0.7703040278176485,0.0036195943230191,0.0036098290256994,2.887039453088751e-05,-0.09376460511847921
2021-12-23,30.439380989787008,60.628137256901226,0.0037605502498281,60.6243767066514,1.9917664316906811,0.0001235422708198,30.39398943161616,30.193359753586368,0.2302224945839088,60.61702043969701,59.91553523906059,0.7742605542119692,0.0035536528485681,0.0036353200906966,6.796191840776285e-05,-0.09376460511847921
2021-12-30,30.466635844579447,60.77196360406432,0.0033160897009645,60.76864751436335,1.9947054185464568,0.000108843316928,30.439380989787008,30.30446553211792,0.1991495381905655,60.628137256901226,60.28246687956516,0.6481880613520239,0.0037605502498281,0.0035727933003884,0.0001451968615148,-0.09376460511847921
2021-12-31,30.475749424642952,60.84625409348848,0.0033300505249354,60.842924042963546,1.9965466064728723,0.0001092688641888,30.466635844579447,30.415080294693,0.0643415773310553,60.77196360406432,60.64971689343363,0.1581583100104473,0.0033160897009645,0.003515987529463,0.0001711699036733,-0.09376460511847921
2022-01-03,30.60370659869511,61.213285971866846,0.0034118786895324,61.20987409317731,2.0001918974898576,0.0001114857992292,30.475749424642952,30.47589245786413,0.0699476274852935,60.84625409348848,60.81533227320358,0.2170593025648325,0.0033300505249354,0.0034744444027657,0.0001661149033768,-0.09376460511847921
2022-01-04,30.541998076387628,61.03048563969145,0.003547980727625,61.026937658963824,1.998247969469778,0.0001161672762453,30.60370659869511,30.50549418681843,0.0595716178401894,61.213285971866846,60.89802531320247,0.2041305453040739,0.0034118786895324,0.003473309978577,0.0001655886374216,-0.09376460511847921
2022-01-05,30.47341813840555,60.91567575401879,0.0035175286571886,60.9121582253616,1.9989774523274424,0.0001154294093695,30.541998076387628,30.51230161654214,0.0532355160082852,61.03048563969145,60.95553301262599,0.1544556216475896,0.003547980727625,0.0034247056600491,9.458795211622338e-05,-0.09376460511847921
2022-01-06,30.466080540991936,60.84221882999438,0.0035767401633483,60.83864208983103,1.9970477905135031,0.0001174007322187,30.47341813840555,30.512190555824635,0.0533311620855877,60.91567575401879,60.96958405781199,0.1395979313345359,0.0035175286571886,0.0034768357525259,9.215610055232576e-05,-0.09376460511847921
2022-01-07,30.43632511550272,60.964195448848336,0.0035348921707288,60.96066055667761,2.0030077618600632,0.0001161405707592,30.466080540991936,30.50430569399659,0.0605604128291685,60.84221882999438,60.993172328883965,0.1260750859687289,0.0035767401633483,0.0035178040816846,5.638503175581384e-05,-0.09376460511847921
2022-01-10,30.40417652860289,60.91878933504939,0.0036030048198244,60.91518633022957,2.003632273274684,0.0001185036146739,30.43632511550272,30.464399679978147,0.0458708581640857,60.964195448848336,60.93427300152047,0.0619867673545629,0.0035348921707288,0.003556029307743,3.0428593695415215e-05,-0.09376460511847921
2022-01-11,30.420990742616727,60.889576795628166,0.0036052396275555,60.88597155600061,2.0015645549087275,0.0001185115783393,30.40417652860289,30.440198213223965,0.0262866806417356,60.91878933504939,60.90609123270781,0.0399540116775229,0.0036030048198244,0.0035674810877291,3.558273789714156e-05,-0.09376460511847921
2022-01-12,30.70048438847319,61.69653726518697,0.0039433181715221,61.692593947015446,2.0096274861497485,0.0001284448193593,30.420990742616727,30.48561146323749,0.1093512332885624,60.889576795628166,61.06226353494145,0.3196078042020135,0.0036052396275555,0.0036526389905958,0.0001475327640323,-0.09376460511847921
2022-01-13,30.74751641813868,62.000592341105865,0.0034543359689334,61.99713800513693,2.0164422874990406,0.0001123452028436,30.70048438847319,30.54189863866684,0.1497731477919913,61.69653726518697,61.293938237163744,0.4635560765620366,0.0039433181715221,0.0036281581517128,0.000166970944404,-0.09376460511847921
2022-01-19,30.845458253332225,62.229128770957495,0.0033112585594041,62.22581751239809,2.017448671369144,0.0001073499551282,30.74751641813868,30.623725266232743,0.1787090736174751,62.000592341105865,61.54692490158558,0.5514092757223034,0.0034543359689334,0.0035834314294478,0.0002102954547058,-0.09376460511847921
2022-01-20,30.822439844330564,62.21259974075856,0.0032007358329867,62.20939900492558,2.0184190497236663,0.0001038443370853,30.845458253332225,30.707377929378275,0.152303420882866,62.229128770957495,61.80568698272741,0.4967978613357733,0.0033112585594041,0.0035029776320803,0.000258777752419,-0.09376460511847921
2022-01-21,31.01105119649722,62.5214859441578,0.0031496534861789,62.51833629067163,2.016103406105104,0.0001015655182477,30.822439844330564,30.825390020154373,0.1063458740505633,62.21259974075856,62.13206881243334,0.2736879097095489,0.0032007358329867,0.003411860403805,0.0002855515069653,-0.07927663349066927
2022-01-24,30.91579113411481,62.60884312488087,0.0053933397750715,62.6034497851058,2.025141224860766,0.0001744525880536,31.01105119649722,30.868451369282692,0.0892712386760121,62.5214859441578,62.31452998437212,0.2216713692124298,0.0031496534861789,0.0037018647245149,0.0008521735651129,-0.07927663349066927
2022-01-25,30.512398614149,59.78286056122908,0.0041001218527407,59.778760439376335,1.959297311143116,0.0001343755993945,30.91579113411481,30.821427808484763,0.1678922249261422,62.60884312488087,61.870983628396765,1.0557288813294137,0.0053933397750715,0.0038310219012763,0.0008538066876271,-0.07927663349066927
2022-01-26,30.31174822265359,60.23978935774276,0.0027839643692926,60.237005393373465,1.9873413079065607,9.184440134706565e-05,30.512398614149,30.71468580234904,0.2619792108230411,59.78286056122908,61.473115745753816,1.2094502800566809,0.0041001218527407,0.003725563063254,0.0009397336867782,-0.07927663349066927
2022-01-27,30.710463298023218,60.74122079273254,0.0033010036443437,60.7379197890882,1.9778672891803089,0.0001074879142105,30.31174822265359,30.69229049308757,0.2565403208511895,60.23978935774276,61.17883995614861,1.1721512139051744,0.0027839643692926,0.0037456166255254,0.0009293323799465,-0.07927663349066927
2022-01-28,30.79477808752328,60.76516590903531,0.0031947916771786,60.76197111735813,1.973229543539226,0.0001037445916349,30.710463298023218,30.649035871292774,0.2138247836683598,60.74122079273254,60.82757594912412,0.961372799311504,0.0033010036443437,0.0037546442637254,0.0009237014594651,-0.07927663349066927
2022-01-31,30.604052415947123,60.49395420036661,0.0032018889605601,60.49075231140605,1.976664834387896,0.0001046230387088,30.79477808752328,30.586688127659244,0.1673523981810359,60.76516590903531,60.40459816422126,0.3646993236870705,0.0031947916771786,0.0033163541008231,0.0004303129193684,-0.07927663349066927
2022-02-01,29.85629508537498,60.02707570468468,0.002839206585316,60.02423649809936,2.0105333073991742,9.509574370152769e-05,30.604052415947123,30.45546742190444,0.341143612629766,60.49395420036661,60.45344119291237,0.2860298364543547,0.0032018889605601,0.0030641710473382,0.0002103532472583,-0.07959452635792748
2022-02-02,29.98323313791215,60.817913018859706,0.0027900006872089,60.8151230181725,2.028397429293868,9.305202925834896e-05,29.85629508537498,30.38976440495615,0.3905535560596791,60.02707570468468,60.569065925135774,0.2930571781888036,0.002839206585316,0.0030653783109214,0.0002087528489319,-0.07959452635792748
2022-02-03,29.762649676688024,60.362575086283925,0.0036430102320453,60.35893207605188,2.0281317605120246,0.0001224020801783,29.98323313791215,30.200201680689112,0.4179510428251025,60.817913018859706,60.49333678384604,0.2876592436651362,0.0027900006872089,0.0031337796284617,0.0003074522392277,-0.07959452635792748
2022-02-04,29.88253490872698,60.560790581102765,0.0037135105514953,60.55707707055127,2.026628288599988,0.000124270265653,29.762649676688024,30.01775304492985,0.3014527896656086,60.362575086283925,60.45246171825953,0.2592467121718876,0.0036430102320453,0.0032375234033251,0.0003876044416538,-0.07959452635792748
2022-02-07,29.819660942353185,60.2096555794252,0.003770542795999,60.205885036629205,2.019126095894296,0.000126444858085,29.88253490872698,29.860874750211064,0.0732235670593955,60.560790581102765,60.39560199407125,0.2746315140948163,0.0037135105514953,0.0033512541704128,0.0004403072650984,-0.07356138786962317
2022-02-10,29.66262515566789,59.46347793543273,0.0037104230853521,59.459767512347376,2.0046599929497657,0.0001250874818354,29.819660942353185,29.822140764269648,0.1082485786848786,60.2096555794252,60.28288244022086,0.4575210352087889,0.003770542795999,0.0035254974704201,0.0003699617224957,-0.07356138786962317
2022-02-11,29.25960926499195,58.53235106125218,0.0034187092739154,58.52893235197826,2.0004488279781643,0.0001168405648535,29.66262515566789,29.677415989685606,0.2210671422343501,59.46347793543273,59.82577004869936,0.7456502108301711,0.0037104230853521,0.0036512391877614,0.0001230867043666,-0.0913760963026306
2022-02-14,29.22372279827945,58.69191555278866,0.0041213358590988,58.68779421692956,2.008365462467504,0.0001410270651534,29.25960926499195,29.56963061400389,0.277430243972191,58.53235106125218,59.49163814200031,0.8023985167863135,0.0034187092739154,0.0037469043131721,0.0002240159670873,-0.0913760963026306
2022-02-15,29.19882238712989,58.556685508098745,0.0046435077773399,58.55204200032141,2.0054468201398787,0.0001590306525302,29.22372279827945,29.432888109684477,0.2572682578072552,58.69191555278866,59.0908171273995,0.6552829861330106,0.0041213358590988,0.003932903758341,0.0004196949911955,-0.0913760963026306
2022-02-16,28.649501673744265,57.35011662782446,0.0039846477398869,57.34613198008458,2.0017840896821872,0.0001390826194906,29.19882238712989,29.19885625596269,0.3228564149953202,58.556685508098745,58.51890933707936,0.6767311288720275,0.0046435077773399,0.0039757247471186,0.0004117930548971,-0.0913760963026306
2022-02-17,28.44530236237312,56.755945417394095,0.0040010146069744,56.75194440278712,1.9952660265081144,0.000140656427413,28.649501673744265,28.95539169730373,0.3398729895456192,57.35011662782446,57.97740283347163,0.7796807784973768,0.0039846477398869,0.004033843051443,0.0003901880364888,-0.0913760963026306
2022-02-18,28.30177752986643,56.341587648634594,0.0036882876024181,56.33789936103218,1.9907437824065355,0.0001303199984003,28.44530236237312,28.76382535027863,0.3817703681364749,56.755945417394095,57.539250150948114,0.943137900755258,0.0040010146069744,0.0040877587171436,0.0003123197170051,-0.0913760963026306
2022-02-23,28.235197717852884,56.1800030711121,0.0037402624227862,56.17626280868931,1.989715235306815,0.0001324680797408,28.30177752986643,28.56612033419332,0.346770302677498,56.341587648634594,57.0368676546128,0.8607577744670187,0.0036882876024181,0.0040115440298811,0.0003400884842238,-0.0913760963026306
2022-02-24,28.10632353558263,55.67104363509521,0.0035003266992321,55.66754330839598,1.9807301927843968,0.0001245387606387,28.235197717852884,28.34762056388387,0.1863537894389563,56.1800030711121,56.459739280012094,0.564758863975988,0.0037402624227862,0.0037829078142595,0.0001891524628935,-0.0913760963026306
2022-02-25,27.04081475063127,52.481386180914,0.0033157227618102,52.47807045815219,1.9408211869684444,0.0001226191885262,28.10632353558263,28.025883179261267,0.5045142574660478,55.67104363509521,55.48599319063,1.5419712837059247,0.0035003266992321,0.0036491228186442,0.0002310688302105,-0.0913760963026306
2022-02-28,26.754641888916293,52.03566799428682,0.0029439046543943,52.03272408963242,1.9449211172526943,0.0001100334165045,27.04081475063127,27.687751084569904,0.654392631337868,52.481386180914,54.54193770600855,1.882771293115902,0.0033157227618102,0.0034377008281281,0.0002887810795739,-0.0913760963026306
2022-03-01,26.848700359291183,52.04809292687676,0.0035822545316372,52.044510672345126,1.938570293174923,0.0001334237592024,26.754641888916293,27.39713565045485,0.6396623439103435,52.03566799428682,53.68323876165698,1.8448762122247089,0.0029439046543943,0.003416494213972,0.0002730662919251,-0.0913760963026306
2022-03-02,26.5662459300238,51.40498721480518,0.0028276034400517,51.40215961136513,1.9349737012224943,0.0001064359430948,26.848700359291183,27.063345292889032,0.5434683534064052,52.04809292687676,52.72823559039559,1.5109125719465073,0.0035822545316372,0.0032339624174251,0.0002994004695204,-0.0913760963026306
2022-03-03,27.39756367339486,52.8378147339895,0.0022946275726436,52.83552010641685,1.928558880777384,8.375297891439375e-05,26.5662459300238,26.921593320451485,0.2829202921168403,51.40498721480518,52.16158981017445,0.4818163965412249,0.0028276034400517,0.0029928225921074,0.0004401956721668,-0.0913760963026306
2022-03-04,27.67244717557801,52.893554656486494,0.0023281519453745,52.89122650454112,1.9114158686755784,8.413249217182291e-05,27.39756367339486,27.04791980544083,0.4171319495681954,52.8378147339895,52.24402350528895,0.5586164062981216,0.0022946275726436,0.0027953084288202,0.0004714497798305,-0.0913760963026306
2022-03-07,27.80926577249474,54.24407266657283,0.002383764403697,54.24168890216914,1.950575506391971,8.571835096972267e-05,27.67244717557801,27.25884458215652,0.4777415106139017,52.893554656486494,52.68570443974616,0.9530619954860932,0.0023281519453745,0.0026832803786808,0.0004890522877527,-0.0913760963026306
2022-03-08,27.794337596354705,54.2974270159638,0.0021600704124228,54.295266945551376,1.9535427612811695,7.77162040625893e-05,27.80926577249474,27.44797202956922,0.4649458640958686,54.24407266657283,53.13557125756356,1.0696575422704204,0.002383764403697,0.0023988435548379,0.0002266862625302,-0.0913760963026306
2022-03-09,28.10597070822142,55.29157236909856,0.0023199583122711,55.28925241078629,1.9672536110957,8.254325518073913e-05,27.794337596354705,27.75591698520875,0.2290170957236827,54.2974270159638,53.91288828842223,0.9330752510120044,0.0021600704124228,0.0022973145292817,7.45391645702028e-05,-0.0913760963026306
2022-03-10,28.27392060813162,57.66558407087052,0.0016363663566854,57.66394770451384,2.03953264459142,5.787546691401471e-05,28.10597070822142,27.9311883721561,0.2229594189665613,55.29157236909856,54.87844215579844,1.588623193485132,0.0023199583122711,0.0021656622860901,0.0002749414980353,-0.0913760963026306
2022-03-11,28.28846715496618,57.6748882629762,0.0016706742743035,57.673217588701895,2.0388127764940096,5.905849423199323e-05,28.27392060813162,28.05439236803373,0.2160368076824108,57.66558407087052,55.83470887709639,1.5444559228744532,0.0016363663566854,0.0020341667518759,0.0003194116471127,-0.0913760963026306
2022-03-14,28.15748273492787,57.75604765869641,0.0017757865353841,57.75427187216103,2.051179368639125,6.306623898525313e-05,28.28846715496618,28.12403576052036,0.1786891584224559,57.6748882629762,56.5371038755211,1.457487288376905,0.0016706742743035,0.0019125711782133,0.0002759468796708,-0.08477932777818438
2022-03-15,28.74034999656594,59.248080115009,0.0018184068710183,59.24626170813799,2.061494732043566,6.327017142225386e-05,28.15748273492787,28.313238240562605,0.2244119170258885,57.75604765869641,57.52723449533014,1.2690778142663974,0.0017757865353841,0.0018442384699324,0.000246980830313,-0.08477932777818438
2022-03-16,26.92115061388211,52.30672265432608,0.001984341947863,52.30473831237822,1.9429601432917096,7.370940329867468e-05,28.74034999656594,28.076274221694742,0.6108996548894564,59.248080115009,56.93026455237564,2.388576382230953,0.0018184068710183,0.0017771151970508,0.0001231175048744,-0.08477932777818438
2022-03-17,27.06461506816623,52.87077865251722,0.0016195563556005,52.86915909616162,1.9535019625941237,5.984036172402261e-05,26.92115061388211,27.834413113701668,0.7152479448091528,52.30672265432608,55.97130346870498,2.823727495550981,0.001984341947863,0.0017737531968338,0.0001270807910427,-0.08477932777818438
2022-03-18,27.10386520387204,52.95664009894836,0.0014704389716626,52.9551696599767,1.9538408895046824,5.425200282698181e-05,27.06461506816623,27.59749272348284,0.7217723924381135,52.87077865251722,55.027653835899415,2.8844689556264123,0.0016195563556005,0.0017337061363057,0.0001755580000436,-0.08477932777818438
2022-03-21,26.973713419332725,52.73798299266704,0.0014400257652839,52.73654296690176,1.9551621303601612,5.3386263244414765e-05,27.10386520387204,27.360738860363806,0.6928241885627374,52.95664009894836,54.024040902693535,2.621567122903531,0.0014704389716626,0.0016665539822856,0.0002078621650449,-0.08477932777818438
2022-03-22,26.748823766648105,52.09805325414059,0.0014243318147488,52.09662892232584,1.947676417798202,5.324839055258701e-05,26.973713419332725,26.96243361438024,0.1248235804502694,52.73798299266704,52.594035530519854,0.3338672813511728,0.0014400257652839,0.0015877389710317,0.0002100412563859,-0.08477932777818438
2022-04-11,26.61408404108432,52.04145820876489,0.0014465265895372,52.04001168217535,1.9554104559235697,5.435192085905299e-05,26.748823766648105,26.901020299820686,0.1890448593543318,52.09805325414059,52.540982641407616,0.3914222196706473,0.0014243318147488,0.0014801758993665,7.125249532012326e-05,-0.08477932777818438
2022-04-12,26.86690888396264,52.58352194326761,0.0014682182528932,52.58205372501472,1.957185404929694,5.464782938872461e-05,26.61408404108432,26.861479062979964,0.1704538574798687,52.04145820876489,52.4835312995577,0.3584962120069387,0.0014465265895372,0.0014499082788251,1.7435709963888807e-05,-0.08477932777818438
2022-04-13,26.995328538822577,53.17953183374245,0.0013876878978051,53.17814414584465,1.969953125677422,5.140474196524171e-05,26.86690888396264,26.839771729970074,0.1428853995365629,52.58352194326761,52.52810964651652,0.4226692164218537,0.0014682182528932,0.0014333580640536,2.683407658445894e-05,-0.08477932777818438
2022-04-14,27.042733722523103,53.266826704048206,0.0014081203284246,53.26541858371978,1.9697278851540003,5.207019167784127e-05,26.995328538822577,26.853575790608147,0.1577223007852037,53.17953183374245,52.633878388792745,0.5174876361815293,0.0013876878978051,0.0014269769766817,2.8246174999287034e-05,-0.08477932777818438
2022-04-20,27.02471127922341,53.2697192353179,0.0013534241149325,53.26836581120297,1.9711485049711388,5.008098332480658e-05,27.042733722523103,26.90875329312321,0.159670414194833,53.266826704048206,52.86821158502821,0.4861259180292666,0.0014081203284246,0.0014127954367185,4.095528835611083e-05,-0.08477932777818438
2022-04-21,27.04078102932517,53.21983135822371,0.0013600432151933,53.218471315008514,1.968132181555995,5.029600342232575e-05,27.02471127922341,26.994092690771375,0.0658186856757742,53.2697192353179,53.10388621491997,0.2622955221749732,0.0013534241149325,0.0013954987618497,4.131781605905156e-05,-0.08477932777818438
2022-04-22,26.92143036808156,53.024273075469374,0.0013567157851585,53.02291635968422,1.96959345586391,5.03953826601666e-05,27.04078102932517,27.00499698759516,0.0451000463384278,53.21983135822371,53.19203644136032,0.0902237988766771,0.0013600432151933,0.0013731982683028,2.1284945199251765e-05,-0.08477932777818438
2022-04-25,26.958966671402752,53.04763455368723,0.0015275175299743,53.04610703615726,1.9677176503192364,5.666083379948846e-05,26.92143036808156,26.9977246141112,0.048848633400119,53.024273075469374,53.16565698534928,0.1076269769838137,0.0013567157851585,0.0014011641947366,6.62710561465323e-05,-0.08477932777818438
2022-04-26,26.81062413601024,52.597174900360834,0.0011981637030109,52.59597673665783,1.9618034490183995,4.468988476107897e-05,26.958966671402752,26.951302696808625,0.082627770102596,53.04763455368723,53.03172662461181,0.2371361179610501,0.0015275175299743,0.0013591728696539,0.0001042148927436,-0.08477932777818438
2022-04-27,26.719676963174702,52.5495438000234,0.001318437286209,52.54822536273719,1.966698320209771,4.934330935310641e-05,26.81062413601024,26.890295833598884,0.1129506225538276,52.597174900360834,52.8876915375529,0.2658183418295955,0.0011981637030109,0.0013521755039092,0.0001055322162079,-0.08477932777818438
2022-04-28,26.690687958214884,52.42426170242506,0.0012167807849938,52.42304492164007,1.9641405191389936,4.55882136458494e-05,26.719676963174702,26.820277219376827,0.1062767084277084,52.5495438000234,52.72857760639319,0.2573562085635448,0.001318437286209,0.0013235230178692,0.0001181949639678,-0.08477932777818438
2022-04-29,26.84536919319068,52.90629007279404,0.0012028924382286,52.90508718035581,1.970779008180439,4.480819129631167e-05,26.690687958214884,26.805064984398648,0.095618283777716,52.42426170242506,52.70498100585811,0.2334622037628521,0.0012167807849938,0.0012927583484833,0.0001253538193026,-0.08477932777818438
2022-05-04,26.8383158072953,52.66449423222799,0.0011963090816103,52.66329792314637,1.9622875969703175,4.457467041523948e-05,26.84536919319068,26.78093481157716,0.0635969224437814,52.90629007279404,52.62835294156626,0.1596191885347962,0.0012028924382286,0.0012265166588105,4.651597704289029e-05,-0.08477932777818438
2022-05-05,27.27218479232644,53.26903894657144,0.0011322251486434,53.2679067214228,1.9532369464422128,4.151574790450869e-05,26.8383158072953,26.873246942840403,0.2088349982309757,52.66449423222799,52.76272575080839,0.2988704248267307,0.0011963090816103,0.001213328947937,6.006013785844844e-05,-0.08477932777818438
2022-05-06,27.119368215939307,53.017643789327366,0.0009881398592236,53.01665564946814,1.954973411149248,3.643668434144511e-05,27.27218479232644,26.953185193393324,0.2112352268636301,53.26903894657144,52.85634574866919,0.2906306234398472,0.0011322251486434,0.0011472694625399,8.471031300205107e-05,-0.08477932777818438
2022-05-09,27.10111930126186,53.02518958043925,0.000961859210762,53.02422772122849,1.9565682505951087,3.549149391468915e-05,27.119368215939307,27.03527146200272,0.1687545730723209,53.017643789327366,52.97653132427202,0.195918120651657,0.0009881398592236,0.0010962851476935,0.0001023985560033,-0.08150523212975512
2022-05-12,27.9174309931889,54.83063324855976,0.0010106562148643,54.82962259234489,1.9640286121576496,3.620161952261556e-05,27.10111930126186,27.24968382200236,0.3618479779751908,53.02518958043925,53.36139995942516,0.7594814455420977,0.000961859210762,0.0010578379030207,9.05577914764124e-05,-0.08150523212975512
2022-05-17,27.920522529938747,54.7197323834015,0.0010034521190257,54.71872893128247,1.9598391228074752,3.593958952414711e-05,27.9174309931889,27.466125166531054,0.3744960470441433,54.83063324855976,53.77244758965986,0.8244572688054923,0.0010106562148643,0.0010192665105037,5.8903909178798696e-05,-0.08150523212975512
2022-05-18,27.683548397251112,54.2514117990164,0.0010358978169283,54.25037590119948,1.9596986275214412,3.741925717265209e-05,27.920522529938747,27.54839788751599,0.3679816396716657,54.7197323834015,53.96892216014885,0.7976997064178155,0.0010034521190257,0.0010000010441607,2.453368312619625e-05,-0.08150523212975512
2022-05-19,27.92614060522129,54.85190854841081,0.0010219993062134,54.8508865491046,1.9641779121514296,3.659651079828478e-05,27.683548397251112,27.709752365372378,0.3179620102282254,54.2514117990164,54.33577511196554,0.6904278513900585,0.0010358978169283,0.0010067729335587,2.4993804967686728e-05,-0.08150523212975512
2022-05-24,27.912244718109847,54.81288366522171,0.0009503522917366,54.81193331292997,1.9637576346433487,3.404786327055948e-05,27.92614060522129,27.87197744874198,0.0943220626991237,54.85190854841081,54.69331392892203,0.2255132802592609,0.0010219993062134,0.0010044715497536,2.9199369598956068e-05,-0.08150523212975512
2022-05-25,27.830015173837925,54.67176477178915,0.0009520212161296,54.67081275057302,1.964489218934536,3.4208433239539284e-05,27.912244718109847,27.854494284871784,0.0923577395531777,54.81288366522171,54.66154023356792,0.2148679268348536,0.0009503522917366,0.0009927445500067,3.546319422810902e-05,-0.08150523212975512
2022-05-26,27.853890850222488,54.614389217155946,0.0009154356056818,54.61347378155026,1.960745430892636,3.286562766416843e-05,27.830015173837925,27.841167948928536,0.0864898134062675,54.67176477178915,54.6404716003188,0.2132878737401793,0.0009520212161296,0.0009751412473379,4.604526086015106e-05,-0.08150523212975512
2022-05-27,27.853553169451363,54.74603736474651,0.0009092295936303,54.74512813515288,1.9654956418554788,3.264321747745655e-05,27.853890850222488,27.875168903368586,0.0372332787100162,54.614389217155946,54.73939671346483,0.0875263354631468,0.0009154356056818,0.0009498076026783,4.01119628684258e-05,-0.08150523212975512
2022-06-01,27.60373806208856,54.14193810459551,0.0009231078981815,54.14101499669733,1.961398778050099,3.3441409134703825e-05,27.853553169451363,27.810688394742037,0.1069761585233107,54.74603736474651,54.59740262470177,0.237398638196971,0.0009092295936303,0.0009300293210719,1.7833551918829785e-05,-0.08150523212975512
2022-06-06,27.38249001735052,53.46190646635264,0.0008810593790989,53.46102540697354,1.9524121594667716,3.217601388846045e-05,27.60373806208856,27.70473745459017,0.1866181381599607,54.14193810459551,54.32720718492796,0.4815977856091222,0.0009231078981815,0.0009161707385444,2.286879271869761e-05,-0.08150523212975512
2022-06-07,27.26633027984442,53.25000172917555,0.0008656078824797,53.24913612129307,1.95295814224544,3.1746402012872526e-05,27.38249001735052,27.59200047579147,0.2396204746831117,53.46190646635264,54.04285457640524,0.5995084267779263,0.0008810593790989,0.0008988880718144,2.1876019866017734e-05,-0.08150523212975512
2022-06-08,27.302769110136392,53.25424451261019,0.0008796004394626,53.25336491217073,1.950507082186,3.221652851087697e-05,27.26633027984442,27.481776127774253,0.2197321276540084,53.25000172917555,53.77082563549608,0.5869083459227077,0.0008656078824797,0.0008917210385706,2.113840714410033e-05,-0.08150523212975512
2022-06-09,27.288166448581208,53.18346088201958,0.0008779393998629,53.18258294261972,1.948956921757004,3.2172898150456226e-05,27.302769110136392,27.368698783600216,0.1238912022288785,53.25424451261019,53.458310338950696,0.3543832435240654,0.0008796004394626,0.0008854629998171,1.9604744848834304e-05,-0.07515242197029266
2022-06-10,27.398788095246264,53.35646294859233,0.0008905168020465,53.355572431790286,1.9474022998064564,3.250205078234852e-05,27.288166448581208,27.32770879023176,0.0529266594635828,53.18346088201958,53.30121530775007,0.0975388551047981,0.0008779393998629,0.0008789447805901,7.97115722580439e-06,-0.07515242197029266
2022-06-13,27.2602014412972,53.18640611670617,0.0008169089553104,53.18558920775087,1.9510643100433105,2.996709166179686e-05,27.398788095246264,27.303251075021095,0.0501428291159933,53.35646294859233,53.24611523782077,0.0628467256741408,0.0008905168020465,0.0008661146958324,2.584033070386753e-05,-0.07515242197029266
2022-06-14,27.357681988750745,53.26988318207017,0.0008264333076985,53.26905674876247,1.9471636231452032,3.0208455089079647e-05,27.2602014412972,27.32152141680236,0.0500041375642501,53.18640611670617,53.250091528399686,0.0635913682267594,0.0008169089553104,0.0008582797808761,3.0351407535825736e-05,-0.07515242197029266
2022-06-15,27.455380440643605,53.59895325694748,0.0008288615508322,53.59812439539665,1.952220380730992,3.01894032255038e-05,27.357681988750745,27.352043682903805,0.0712890096527083,53.26988318207017,53.319033277267145,0.1537151555623349,0.0008264333076985,0.0008481320031501,3.0006714280310843e-05,-0.07802587224726754
2022-06-16,27.419432148498903,53.642456630246926,0.0008334129644673,53.64162321728246,1.956366431650687,3.0394975357391777e-05,27.455380440643605,27.378296822887343,0.0669707128854086,53.59895325694748,53.41083242691261,0.1801272421202099,0.0008288615508322,0.0008392267160709,2.620558345332088e-05,-0.07802587224726754
2022-06-17,27.374960932947328,53.63477854401495,0.0008438133869152,53.63393473062804,1.9592641127557715,3.082427730151105e-05,27.419432148498903,27.37353139042755,0.0661862086964648,53.642456630246926,53.46649554599715,0.1969431521178072,0.0008334129644673,0.0008298860330447,8.80665491224056e-06,-0.0592167721695833
2022-06-22,27.30328864073224,53.69245423929533,0.0008611213448655,53.69159311795046,1.966519672622681,3.153910710890854e-05,27.374960932947328,27.382148830314566,0.0521960463481624,53.63477854401495,53.56770517051498,0.1518705554291635,0.0008438133869152,0.0008387285109557,1.2681316443499757e-05,-0.05769918496239566
2022-06-23,27.2474440611649,53.32255499877857,0.0007968157044044,53.32175818307417,1.956974565360348,2.924368621936476e-05,27.30328864073224,27.3601012447974,0.0758134613795857,53.69245423929533,53.57823953385665,0.131277670514002,0.0008611213448655,0.0008328049902969,2.113835272009968e-05,-0.05769918496239566
2022-06-24,27.28986105164088,53.454494557810285,0.0008329127634455,53.45366164504684,1.9587675604744856,3.0520960215567634e-05,27.2474440611649,27.326997366996853,0.0618298157496332,53.32255499877857,53.54934779402921,0.1391971490362175,0.0007968157044044,0.0008336152328195,2.1049124514377044e-05,-0.05769918496239566
2022-06-27,27.186909390295607,53.342397253156975,0.0007627289515953,53.34163452420538,1.962061832309545,2.805500767466996e-05,27.28986105164088,27.28049281535619,0.0622602864538726,53.454494557810285,53.48933591861122,0.1503538336914686,0.0008329127634455,0.0008194784302451,3.532960863721036e-05,-0.05769918496239566
2022-06-28,27.155453900578525,53.241968161336,0.0008036341140171,53.24116452722198,1.960636281620088,2.959383838544416e-05,27.186909390295607,27.23659140888243,0.0573682034968576,53.342397253156975,53.41077384207544,0.1563384963696105,0.0007627289515953,0.0008114425756655,3.339725641058516e-05,-0.05769918496239566
2022-06-29,27.239021637252936,53.35656461358716,0.0007486442144407,53.35581596937272,1.9588282326783373,2.7484254919671228e-05,27.155453900578525,27.22373800818657,0.0473009293535512,53.241968161336,53.34359591693379,0.0681748536913599,0.0008036341140171,0.0007889471495806,3.007429722656655e-05,-0.05769918496239566
2022-06-30,27.37934866779897,53.69253214823485,0.0007564609909358,53.69177568724391,1.961059512397495,2.762888920821841e-05,27.239021637252936,27.250118929513384,0.0791957384907608,53.35656461358716,53.417591346825056,0.1530857331256063,0.0007486442144407,0.0007808762068868,3.221817045399292e-05,-0.05769918496239566
2022-07-01,27.41634204387572,53.88912086206037,0.0008142951780457,53.88830656688233,1.9655839125372363,2.970108764847416e-05,27.37934866779897,27.27541512796035,0.1041259085657932,53.69253214823485,53.50451660767508,0.245101791230039,0.0007564609909358,0.0007771526898069,2.6569734867418283e-05,-0.05769918496239566
2022-07-06,27.427021553416964,53.85648592922808,0.0010457564654269,53.85544017276265,1.963628672706477,3.812869229676219e-05,27.41634204387572,27.32343756058462,0.1075467309011722,53.88912086206037,53.607334342889295,0.2627229434796719,0.0008142951780457,0.0008337581925732,0.0001090401608498,-0.05769918496239566
2022-07-07,27.452142951127296,53.84987141667818,0.0010139854275497,53.84885743125063,1.9615908132398416,3.693647630186414e-05,27.427021553416964,27.38277537069438,0.0755952189232039,53.85648592922808,53.72891499395773,0.1982620675375238,0.0010457564654269,0.0008758284552797,0.0001281980066055,-0.06115037699640774
2022-07-08,27.60799315472052,54.055928689985286,0.0010276470479101,54.054901042937374,1.957981095802416,3.722280870438382e-05,27.452142951127296,27.456569674187893,0.0792503676244617,53.84987141667818,53.86878780923735,0.1157673239541908,0.0010139854275497,0.0009316290219736,0.0001212255601941,-0.06115037699640774
2022-07-11,27.66400527771989,54.06595928072844,0.0010179662516572,54.06494131447678,1.954379300392638,3.67975006307945e-05,27.60799315472052,27.51350099617208,0.102238615516537,54.055928689985286,53.943473235736064,0.0968827466122344,0.0010276470479101,0.0009839300741179,8.552363425000801e-05,-0.06115037699640774
2022-07-12,27.58818882844422,53.822417642501584,0.0010016991111404,53.82141594339044,1.9509224754547536,3.6308984158743295e-05,27.66400527771989,27.547870353085777,0.092190909875724,54.06595928072844,53.93013259182432,0.107463245051429,0.0010179662516572,0.0010214108607368,1.4745534646438668e-05,-0.06115037699640774
2022-07-13,27.90491994052488,54.91427065290728,0.0009380317466456,54.91333262116064,1.9679064039584688,3.361528177270793e-05,27.58818882844422,27.64345003050736,0.1481205057698191,53.822417642501584,54.14168953656015,0.3992653085895997,0.0010016991111404,0.0009998659169806,3.201749256785787e-05,-0.06115037699640774
2022-07-14,27.937101744875367,54.956467288548005,0.0009381853826318,54.955529103165375,1.9671499137747503,3.358205841104816e-05,27.90491994052488,27.740441789256977,0.1498628343193567,54.91427065290728,54.36300871093412,0.4755750242665955,0.0009380317466456,0.000984705907997,3.893994742830445e-05,-0.06235895336783456
2022-07-15,27.87359425230176,54.84788468117838,0.0009704804151117,54.84691420076327,1.9677363523596931,3.4817196746399475e-05,27.937101744875367,27.793562008773225,0.1402658151997154,54.956467288548005,54.521399909172736,0.4787955153064743,0.0009381853826318,0.0009732725814373,3.251589118658664e-05,-0.06235895336783456
2022-07-18,27.770616991888986,54.62204816432277,0.0008975742265327,54.62115059009624,1.9669007779076837,3.2321004131627906e-05,27.87359425230176,27.81488435160704,0.126365193219637,54.84788468117838,54.6326176858916,0.4212084195083398,0.0009704804151117,0.0009491941764124,3.49865252150632e-05,-0.06235895336783456
2022-07-19,27.92915900283316,54.86718384385667,0.0008723413209443,54.86631150253573,1.9645125668943664,3.123407048725702e-05,27.770616991888986,27.88307838648483,0.0604260109777227,54.62204816432277,54.84157092616262,0.1160797591125571,0.0008975742265327,0.0009233226183732,3.441857167012328e-05,-0.06235895336783456
2022-07-20,27.6029457209284,54.04670926951391,0.001035176559959,54.04567409295395,1.9580051280011035,3.750239450618255e-05,27.92915900283316,27.82268354256553,0.1249128375965335,54.86718384385667,54.66805864948394,0.3296543051527116,0.0008723413209443,0.0009427515810359,5.7150176241302666e-05,-0.06235895336783456
2022-07-21,27.53570196471188,53.82307010851648,0.0011022441233489,53.82196786439313,1.9546648993184528,4.002963588004659e-05,27.6029457209284,27.74240358653284,0.1516961629617526,54.04670926951391,54.441379213477646,0.4283148520113119,0.001035176559959,0.0009755633291793,8.528151033667518e-05,-0.06235895336783456
2022-07-22,27.39119148205786,53.82382754607435,0.0008710222003647,53.822956523873984,1.9650049754619376,3.1799354217039026e-05,27.53570196471188,27.645923032484056,0.1868984185506379,53.82307010851648,54.23656778645684,0.4298029375697141,0.0011022441233489,0.0009556716862299,9.517279477750586e-05,-0.06235895336783456
2022-07-25,27.146674379135643,52.92968687268999,0.0010365365992099,52.92865033609078,1.9497668898025544,3.818282065543026e-05,27.39119148205786,27.521134509933383,0.2570972002336414,53.82382754607435,53.89809552813029,0.6180902973648185,0.0008710222003647,0.0009834641607653,9.443623822747335e-05,-0.06235895336783456
2022-07-26,27.224109735365303,53.22133231099084,0.0008826555661629,53.22044965542467,1.954933800529536,3.242183398255598e-05,27.146674379135643,27.38012465643982,0.1748231608395214,52.92968687268999,53.56892522155712,0.4212573828980736,0.0010365365992099,0.000985527009809,9.206934988118556e-05,-0.06235895336783456
2022-07-27,27.236816406218384,53.18647759354844,0.000863994989606,53.18561359855883,1.9527420826394943,3.172158510451842e-05,27.224109735365303,27.30689879349781,0.1392074571374036,53.22133231099084,53.396878886364014,0.3625680067659597,0.0008826555661629,0.0009512906957384,9.882120626319978e-05,-0.06235895336783456
2022-07-28,27.14643215441031,52.99715523855589,0.0008633428922265,52.99629189566367,1.952269636654472,3.1803180886378034e-05,27.236816406218384,27.2290448314375,0.0894271040270181,53.18647759354844,53.231695912371904,0.315908455076454,0.000863994989606,0.0009035104495139,6.687491790717535e-05,-0.06235895336783456
2022-07-29,27.1046497989271,52.94397362136815,0.0008822021227046,52.94309141924545,1.9533170143915255,3.2547999300825525e-05,27.14643215441031,27.17173649481135,0.0504923662445673,52.99715523855589,53.05572512743066,0.1235527573864951,0.0008633428922265,0.0009057464339819,6.593153047121108e-05,-0.06235895336783456
2022-08-01,27.02955260558033,52.64826123775061,0.0008944960514924,52.64736674169912,1.9478036505451155,3.309326145885702e-05,27.1046497989271,27.148312140100284,0.0769311926222975,52.94397362136815,52.99944000044278,0.2052449860161873,0.0008822021227046,0.0008773383244384,1.200194899188384e-05,-0.06235895336783456
2022-08-02,27.21237618689421,53.26239353828005,0.0008812978550831,53.26151224042497,1.957285654603431,3.238592062046912e-05,27.02955260558033,27.14596543040607,0.0747307612742644,52.64826123775061,53.00765224590064,0.2145687219179019,0.0008944960514924,0.0008770667822225,1.1893443954662056e-05,-0.06235895336783456
2022-08-03,27.16954275942986,53.16565408140912,0.0008425246730469,53.16481155673608,1.9568107771322971,3.100989517957497e-05,27.21237618689421,27.132510701048364,0.0621615240008738,53.26239353828005,53.00348754347277,0.2112335359068432,0.0008812978550831,0.0008727727189107,1.8096191262113587e-05,-0.06235895336783456
2022-08-04,27.329490534768443,53.5771260716355,0.0008217416324439,53.576304330003055,1.9604143737503976,3.0067945518358065e-05,27.16954275942986,27.169122377119987,0.1012180312349223,53.16565408140912,53.11948171008869,0.3113987356818015,0.0008425246730469,0.0008644524669541,2.7591585248271118e-05,-0.06235895336783456
2022-08-05,27.230133505203664,53.51414951987079,0.0008012844883104,53.51334823538248,1.9652547612241515,2.942638853229548e-05,27.329490534768443,27.194219118375305,0.0976133818063813,53.5771260716355,53.233516889789215,0.3300864561736473,0.0008217416324439,0.0008482689400753,3.513428074702818e-05,-0.06235895336783456
2022-08-08,27.23654352076923,53.47127876258512,0.0008145408971115,53.47046422168801,1.9632182300155152,2.9906177209687847e-05,27.230133505203664,27.23561730141308,0.0524387420638415,53.51414951987079,53.39812039475612,0.1570479566386046,0.0008012844883104,0.0008322779091991,2.790755499088228e-05,-0.06235895336783456
2022-08-09,27.177434652849485,53.36944929964892,0.0007943881723709,53.36865491147655,1.9637412427391585,2.9229696714130837e-05,27.23654352076923,27.22862899460414,0.0571839092327667,53.47127876258512,53.4195315470299,0.1438251496360306,0.0008145408971115,0.0008148959726567,1.6829596551723426e-05,-0.06235895336783456
2022-08-10,27.017807932595712,52.884146012183606,0.000827120431359,52.883318891752246,1.957381077847599,3.061389855988717e-05,27.177434652849485,27.198282029237305,0.1026641542507598,53.36944929964892,53.36322993318479,0.2489027573587357,0.0007943881723709,0.0008118151243191,1.2286665726603547e-05,-0.06235895336783456
2022-08-11,27.08674887141487,53.0643063682121,0.0008268453689787,53.06347952284312,1.9590504057949831,3.0525825484035284e-05,27.017807932595712,27.149733696566592,0.0850163668768766,52.884146012183606,53.26066599250011,0.2452630600444597,0.000827120431359,0.0008128358716261,1.3243668970783349e-05,-0.06235895336783456
2022-08-12,27.09369491377093,52.98206976162364,0.0008273080635425,52.9812424535601,1.955512894429708,3.053507711574636e-05,27.08674887141487,27.122445978280048,0.076278478336462,53.0643063682121,53.15425004085067,0.2269405342792828,0.0008268453689787,0.0008180405866725,1.27870123783875e-05,-0.06235895336783456
2022-08-15,26.91829007735228,52.60823686173711,0.0008557004473543,52.60738116128976,1.9543677072563788,3.1788811432500464e-05,27.09369491377093,27.058795289596656,0.0865983407679794,52.98206976162364,52.98164166068108,0.2474530045612766,0.0008273080635425,0.000826272496721,1.9415117780404143e-05,-0.06235895336783456
2022-08-16,26.84317332905377,52.27776049932853,0.000828909482027,52.276931589846505,1.9475253487539637,3.087971276219522e-05,26.91829007735228,26.991943024837514,0.0975374471236775,52.60823686173711,52.763303900617,0.2873541314991391,0.0008557004473543,0.0008331767586523,1.12847984500966e-05,-0.06235895336783456
2022-08-17,26.860319254501547,52.22736113557507,0.0008123589177722,52.2265487766573,1.944405821863872,3.0243829571610768e-05,26.84317332905377,26.96044528921868,0.1088696970470338,52.27776049932853,52.63194692529529,0.3461850779836228,0.000828909482027,0.0008302244559349,1.4070226169095148e-05,-0.06235895336783456
2022-08-18,26.63081269953608,51.554836696630936,0.0008143534452529,51.554022343185686,1.9359092521246652,3.057936888524196e-05,26.860319254501547,26.86925805484292,0.1485883881165234,52.22736113557507,52.33005299097906,0.4725997376262225,0.0008123589177722,0.0008277260711897,1.5486235449487432e-05,-0.06235895336783456
2022-08-19,26.562281096100104,51.176982134580896,0.0008532216874417,51.176128912893454,1.926678734760274,3.2121551773163435e-05,26.63081269953608,26.76297529130876,0.1398394549807424,51.554836696630936,51.96903546557051,0.5233604536902168,0.0008143534452529,0.0008329087959696,1.851845554542253e-05,-0.06426204557895669
2022-08-22,26.854867772205377,52.222027773935366,0.0008515622964854,52.22117621163888,1.944601932763372,3.170979293991392e-05,26.562281096100104,26.750290830279376,0.1275087709689934,51.176982134580896,51.89179364801016,0.4461224078130187,0.0008532216874417,0.0008320811657958,1.754841775812061e-05,-0.06426204557895669
2022-08-23,26.788739147863307,52.15145099154386,0.0008208546436246,52.15063013690023,1.946767658742293,3.0641779708026016e-05,26.854867772205377,26.73940399404128,0.121285557178256,52.222027773935366,51.866531746453234,0.426705219360489,0.0008515622964854,0.0008304701981153,1.8125859796774752e-05,-0.06426204557895669
2022-08-24,26.76012340329624,52.060103611152925,0.000810471704632,52.05929313944829,1.9454358571732264,3.028654585846074e-05,26.788739147863307,26.71936482380022,0.1070998449001199,52.15145099154386,51.8330802415688,0.4030046957546549,0.0008208546436246,0.0008300927554873,1.85145505919524e-05,-0.06426204557895669
2022-08-25,26.86964554400653,52.39176111543611,0.0008287283494236,52.390932387086686,1.9498493580657772,3.084254863229686e-05,26.76012340329624,26.767131392694317,0.1101693918678111,52.060103611152925,52.00046512532983,0.42583571385422,0.000810471704632,0.0008329677363214,1.689231222407321e-05,-0.06426204557895669
2022-08-26,26.834207013010893,52.36072147352738,0.0008349844135764,52.3598864891138,1.9512677027549068,3.1116418427104913e-05,26.86964554400653,26.82151657607647,0.0410687922665967,52.39176111543611,52.23721299311912,0.1249743268185088,0.0008287283494236,0.0008293202815484,1.3813586651842373e-05,-0.06426204557895669
2022-08-31,26.738916488627336,52.13483911609739,0.0008256494462785,52.13401346665111,1.9497738114508685,3.0878193835179046e-05,26.834207013010893,26.79832631936086,0.0478638916551504,52.36072147352738,52.21977526155153,0.1317743216430085,0.0008349844135764,0.000824137711507,8.228590679961447e-06,-0.06426204557895669
2022-09-01,26.670053852940523,51.89822901119703,0.000787935732901,51.89744107546413,1.945936416077951,2.9543837340775583e-05,26.738916488627336,26.774589260376302,0.0707098756326597,52.13483911609739,52.16913086548217,0.1858611687260992,0.0008256494462785,0.0008175539293623,1.6861923416480186e-05,-0.06426204557895669
2022-09-02,26.564153753947352,51.27760450922244,0.0007443023392174,51.27686020688323,1.930330812876083,2.8019049509785303e-05,26.670053852940523,26.735395330506528,0.1108083509593881,51.89822901119703,52.01263104509608,0.408213964243228,0.000787935732901,0.0008043200562793,3.423910885016709e-05,-0.06426204557895669
2022-09-07,26.35242191321572,50.82297295594866,0.0006731511968174,50.82229980475184,1.928588314323435,2.5544187135217927e-05,26.564153753947352,26.63195060434837,0.1652476413681069,51.27760450922244,51.69887341319858,0.5678944803366129,0.0007443023392174,0.0007732046257581,5.938053167495182e-05,-0.06426204557895669
2022-09-08,26.33897931472265,50.77169738880051,0.0006670066580368,50.77103038214248,1.9276258499668115,2.532393719843064e-05,26.35242191321572,26.53290506469072,0.1627318911327052,50.82297295594866,51.3810685962532,0.5530160433247907,0.0006731511968174,0.0007396090746502,6.236697620383549e-05,-0.06426204557895669
2022-09-09,26.373547490747544,50.96295493260487,0.0006558294750528,50.96229910312982,1.932351154143517,2.486694197217421e-05,26.33897931472265,26.45983126511476,0.1331642374036356,50.77169738880051,51.14669175955471,0.4149988559290782,0.0006670066580368,0.000705645080405,5.156842025387398e-05,-0.06587311689347475
2022-09-12,26.59699695401253,51.71582504638595,0.0006631081695511,51.7151619382164,1.9444234676495644,2.493169325460485e-05,26.373547490747544,26.44521988532916,0.1115499872692989,50.96295493260487,51.11021096659249,0.3503057146007413,0.0006558294750528,0.000680679567735,3.2304064821075524e-05,-0.06587311689347475
2022-09-13,26.550064102838373,51.54158041515101,0.0006601708799113,51.5409202442711,1.9412977767402408,2.486513318213509e-05,26.59699695401253,26.442401955107364,0.1086502089145338,51.71582504638595,51.163006147778205,0.3892795436862874,0.0006631081695511,0.0006638532758738,5.914249842397901e-06,-0.06587311689347475
2022-09-14,26.60449099562953,51.72313745863715,0.0006475600867397,51.72248989855041,1.944150612283242,2.434025469031068e-05,26.550064102838373,26.492815771590124,0.1135720248499972,51.54158041515101,51.3430390483159,0.3984364700028841,0.0006601708799113,0.0006587350538583,6.677236723075239e-06,-0.06587311689347475
2022-09-15,26.58414742619364,51.69354425186004,0.0006386579789666,51.69290559388107,1.944525187252229,2.402401584401852e-05,26.60449099562953,26.54184939388432,0.0861943840830298,51.72313745863715,51.527408420927806,0.2899035636790493,0.0006475600867397,0.0006530653180443,8.909179881428909e-06,-0.06587311689347475
2022-09-16,26.68499458111128,52.01286714240101,0.0006478671541501,52.012219275246856,1.9491428781933435,2.427833186103349e-05,26.58414742619364,26.604138811957068,0.0445253079603738,51.69354425186004,51.73739086288703,0.1528526619250176,0.0006386579789666,0.0006514728538637,8.984075510258081e-06,-0.06587311689347475
2022-09-21,26.70499025854353,52.05424055373757,0.0006351930856587,52.05360536065192,1.949232710807084,2.378555766203612e-05,26.68499458111128,26.62573747286327,0.0594979203397998,52.01286714240101,51.80507396435736,0.1968975938478482,0.0006478671541501,0.0006458898370852,8.687553899603267e-06,-0.06587311689347475
2022-09-22,26.82659668948316,52.46239518161775,0.0006696518322505,52.461725529785504,1.955611283416528,2.4962235799109912e-05,26.70499025854353,26.68104399019223,0.0860510596085151,52.05424055373757,51.9892369176507,0.278174649338913,0.0006351930856587,0.0006477860275531,1.20006208370588e-05,-0.06587311689347475
2022-09-23,26.74415692837459,52.30410788311531,0.0006177693294552,52.303490113785855,1.9557209458198523,2.3099226164043667e-05,26.82659668948316,26.70897717674124,0.0790512387433915,52.46239518161775,52.10543100254633,0.2637177103100313,0.0006696518322505,0.0006418278760962,1.6991337639561763e-05,-0.06491461789434899
2022-09-26,27.16627874892117,53.23057908636139,0.000633862656606,53.22994522370478,1.959435798267928,2.3332700899683293e-05,26.74415692837459,26.825403441286745,0.1772074364414053,52.30410788311531,52.412837969446606,0.4408055018448893,0.0006177693294552,0.0006408688116241,1.7276140913494142e-05,-0.06491461789434899
2022-09-27,25.50017819539425,47.67943310291742,0.0005566084360537,47.678876494481365,1.8697686242651088,2.1827629273360636e-05,27.16627874892117,26.58844016414334,0.5679369169922011,53.23057908636139,51.54615116154989,1.972864024983313,0.000633862656606,0.0006226170680048,3.708781091342133e-05,-0.06491461789434899
2022-09-28,25.550314709159835,48.34738872945274,0.0005480732812729,48.346840656171466,1.892242396220666,2.145074483471684e-05,25.50017819539425,26.357505054266603,0.6942949113055855,47.67943310291742,50.80478079669293,2.310270048391229,0.0005566084360537,0.0006051931071276,4.6385722908687485e-05,-0.06491461789434899
2022-09-29,25.193704047592217,47.21464965698652,0.0005475833059738,47.21410207368055,1.8740654239565409,2.1734926509392454e-05,25.550314709159835,26.03092652588841,0.7760599544161546,48.34738872945274,49.755231691766674,2.502811539664538,0.0005480732812729,0.0005807794018723,3.726122212665588e-05,-0.06491461789434899
2022-09-30,24.921222479226923,46.57725249121496,0.0005689332120526,46.57668355800291,1.8689794423222783,2.2829265800537434e-05,25.193704047592217,25.66633963605888,0.7835142279768078,47.21464965698652,48.6098606133866,2.3817529443566148,0.0005475833059738,0.0005710121783918,3.236379943679648e-05,-0.06491461789434899
2022-10-03,24.930662266878446,46.57645254365181,0.0005674096897481,46.57588513396206,1.868239681924969,2.275951130676261e-05,24.921222479226923,25.21921633965033,0.2688048978290361,46.57725249121496,47.27903530484469,0.6770472069287441,0.0005689332120526,0.0005577215850202,9.128784385194083e-06,-0.06491461789434899
2022-10-04,24.84956036850273,46.34598977816977,0.0006000009643256,46.34538977720545,1.8650627653322251,2.414533518613521e-05,24.930662266878446,25.08909277427203,0.2585829177546743,46.57645254365181,47.01234663989516,0.7275446295772787,0.0005674096897481,0.0005664000906746,1.9112289416068652e-05,-0.06491461789434899
2022-10-05,24.7490741369486,46.08113939796752,0.0005223342685993,46.08061706369892,1.8619338704542356,2.1105204409222417e-05,24.84956036850273,24.92884465982978,0.1475231075911582,46.34598977816977,46.559096773598114,0.3752967572922104,0.0006000009643256,0.0005612522881398,2.5689777777401035e-05,-0.06491461789434899
2022-10-06,24.78527473780991,45.94859093788696,0.0005228590169739,45.94806807886999,1.85386651646804,2.1095550584165168e-05,24.7490741369486,24.84715879787332,0.0719920320199606,46.08113939796752,46.3058850297782,0.2555876118465164,0.0005223342685993,0.0005563074303399,2.9882327604518904e-05,-0.06491461789434899
2022-10-07,24.7592640292935,45.94597630379423,0.0005101442304042,45.94546615956383,1.8557084834764888,2.0604175867288768e-05,24.78527473780991,24.814767107886635,0.067687837783314,45.94859093788696,46.17962979229406,0.246096405336953,0.0005228590169739,0.0005445496340102,3.389740198633046e-05,-0.06491461789434899
2022-10-14,22.34758512098033,39.2664034340387,0.0004599656649933,39.265943468373706,1.7570759087152852,2.058234312581164e-05,24.7592640292935,24.29815167870701,0.9759104443773422,45.94597630379423,44.71761997037144,2.729493872170756,0.0005101442304042,0.0005230608290592,4.487358082954512e-05,-0.06491461789434899
2022-10-17,22.74136566743548,40.03016298143313,0.0004308040115686,40.02973217742156,1.760235667761781,1.89436297656253e-05,22.34758512098033,23.876512738493563,1.0947730485731586,39.2664034340387,43.4544546110241,3.117480237563985,0.0004599656649933,0.0004892214385078,3.7240315456719255e-05,-0.06491461789434899
2022-10-18,22.2017597935759,39.14303080927934,0.0004456808677088,39.14258512841163,1.7630598282846666,2.007412348627239e-05,22.74136566743548,23.367049869819024,1.1608886336817152,40.03016298143313,42.06683289328648,3.182918385023876,0.0004308040115686,0.0004738907583297,3.621706363527333e-05,-0.06491461789434899
2022-10-19,22.09983736284018,39.0288198311871,0.0004637486427553,39.02835608254434,1.766022943535874,2.0984255908374743e-05,22.2017597935759,22.82996239482508,0.9889856502230976,39.14303080927934,40.6828786719465,2.654794856234902,0.0004456808677088,0.000462068683486,2.6700349725952488e-05,-0.06491461789434899
2022-10-20,22.09243121997428,39.034701646743294,0.0004784168540901,39.03422322988921,1.766881211853728,2.1655237910509017e-05,22.09983736284018,22.296595832961238,0.2407534308283191,39.0288198311871,39.30062374053632,0.3749202556446905,0.0004637486427553,0.0004557232082232,1.624329133214554e-05,-0.0643609755034935
2022-10-21,22.082533681247,39.041645223290296,0.000477115188435,39.04116810810186,1.7679875772790223,2.1605998447550302e-05,22.09243121997428,22.243585545014568,0.2525800136356501,39.034701646743294,39.25567209838663,0.389518056788583,0.0004784168540901,0.0004591531129115,1.843919582619857e-05,-0.1267746258332739
2022-10-24,22.16758103992669,39.10005279395703,0.0004847094578999,39.09956808449913,1.763839397881653,2.186569012770836e-05,22.082533681247,22.12882861951281,0.0471787901585698,39.041645223290296,39.06965006089141,0.0446807131575181,0.000477115188435,0.0004699342021778,1.3916289066837104e-05,-0.1267746258332739
2022-10-25,22.12740063069796,39.02895517691157,0.0004739869537337,39.02848118995784,1.7638291920636,2.142081492735865e-05,22.16758103992669,22.113956786937223,0.0306803428441923,39.10005279395703,39.04683493441786,0.027020436744989,0.0004847094578999,0.0004755954193827,6.874142390969286e-06,-0.1267746258332739
2022-10-26,22.1309377267236,39.02661540791249,0.0004703599336554,39.02614504797883,1.7634415626585482,2.125350219965736e-05,22.12740063069796,22.120176859713904,0.0303379789625014,39.02895517691157,39.04639404976294,0.0273270321137929,0.0004739869537337,0.0004769176775628,4.7873067360132855e-06,-0.1267746258332739
2022-10-27,22.169940983917368,39.10560320074489,0.0004780771628704,39.10512512358202,1.7639019981655826,2.156420548061942e-05,22.1309377267236,22.13567881250253,0.0319595358837352,39.02661540791249,39.06057436056325,0.034921164414749,0.0004703599336554,0.0004768497393188,4.767920444323476e-06,-0.1267746258332739
2022-10-28,22.118270904120667,39.01572660640608,0.0004890922674584,39.01523751413863,1.7639591618862664,2.211259051752013e-05,22.169940983917368,22.142826257077257,0.0215882382228758,39.10560320074489,39.05539063718641,0.0390284319316391,0.0004780771628704,0.0004792451551235,6.8525071972839015e-06,-0.1267746258332739
2022-10-31,22.18293407400269,39.09393305373857,0.0004876726628148,39.09344538107575,1.762342750662309,2.1984137048233325e-05,22.118270904120667,22.145896863892457,0.0256084154971436,39.01572660640608,39.05416668914272,0.037681326615236,0.0004890922674584,0.0004798377961065,7.40530132844027e-06,-0.1267746258332739
2022-11-01,22.191959177673684,39.12620594358562,0.0004938842991836,39.12571205928644,1.763080295449926,2.225510128373318e-05,22.18293407400269,22.158808573287605,0.0290689512447294,39.09393305373857,39.073616842477534,0.0441857519691554,0.0004876726628148,0.0004838172651965,8.46266459050011e-06,-0.1267746258332739
2022-11-02,22.15758852239768,38.9897986784643,0.0004996513014782,38.989299027162815,1.7596589375712983,2.2549895308920223e-05,22.191959177673684,22.16413873242242,0.0257203074877009,39.12620594358562,39.06625349658789,0.0534923524240998,0.0004938842991836,0.000489675538761,7.156864492672426e-06,-0.1267746258332739
2022-11-03,22.1225939116858,38.95394377093297,0.0004939799791012,38.95344979095387,1.760821715863815,2.232920701221503e-05,22.15758852239768,22.154669317976104,0.0301716026891418,38.9897986784643,39.03592161062551,0.0644548176144683,0.0004996513014782,0.0004928561020072,4.231536774232742e-06,-0.1267746258332739
2022-11-04,22.146410599828936,38.971430263279125,0.0005159601243459,38.97091430315478,1.7597176791971945,2.329768618802206e-05,22.1225939116858,22.16029725711776,0.0250464426355864,38.95394377093297,39.02706234200012,0.0694708284862257,0.0004939799791012,0.0004982296733847,9.641395835949028e-06,-0.1267746258332739
2022-11-07,22.10689396175671,39.019496129985946,0.0005779583741639,39.01891817161178,1.7650374673840108,2.614380722880949e-05,22.146410599828936,22.145089234668564,0.0293928160819972,38.971430263279125,39.01217495724959,0.0610055151688634,0.0005159601243459,0.0005162868156545,3.1873800806693254e-05,-0.1267746258332739
2022-11-08,22.21301793386482,39.11588185534674,0.0006356405167585,39.11524621482999,1.7609440541491073,2.8615675665999227e-05,22.10689396175671,22.14930098590679,0.0364650807235606,39.019496129985946,39.01011013960182,0.0571648526870572,0.0005779583741639,0.0005446380591695,5.4413535205999096e-05,-0.1267746258332739
2022-11-09,21.82424847377824,38.31831805402327,0.0007335976783764,38.317584456344896,1.7557680439746917,3.361388041644665e-05,22.21301793386482,22.0826329761829,0.1341758885479454,39.11588185534674,38.87581401471361,0.2843679272805692,0.0006356405167585,0.0005914273345491,8.664861445924694e-05,-0.1267746258332739
2022-11-10,21.90783153925812,38.45024444028959,0.0006148761685318,38.449629564121054,1.7550912956121651,2.806650066803563e-05,21.82424847377824,22.039680501697365,0.1481552807028525,38.31831805402327,38.775074148584935,0.3251424890904363,0.0007335976783764,0.0006156065724353,7.165276679390388e-05,-0.1267746258332739
2022-11-15,22.00924917127283,38.68353831870571,0.0007843072188701,38.68275401148684,1.7576037245830578,3.5635346429436705e-05,21.90783153925812,22.012248215986144,0.1382186937633467,38.45024444028959,38.71749575967025,0.3104303210330546,0.0006148761685318,0.0006692759913401,7.719981322370947e-05,-0.1267746258332739
2022-11-16,21.94780418393327,38.65924919188567,0.0006681644364626,38.65858102744921,1.761417628292214,3.044333869862594e-05,22.00924917127283,21.980430260421457,0.1308857067226319,38.68353831870571,38.6454463720502,0.2713181854535878,0.0007843072188701,0.0006873172037998,6.298246965829511e-05,-0.1267746258332739
2022-11-17,22.211327989745968,39.05978724123687,0.0004922570098707,39.059294984227,1.758552539464057,2.2162430364269723e-05,21.94780418393327,21.980092271597687,0.1302854600549177,38.65924919188567,38.63422744922822,0.252113974058011,0.0006681644364626,0.0006586405024223,0.000101094204269,-0.1267746258332739
2022-11-18,23.512529514151705,40.66204987072425,3.1388729908527748e-06,40.66204673185126,1.729377940652902,1.334978862637281e-07,22.211327989745968,22.317748479672375,0.6064469546958698,39.05978724123687,39.102973812568415,0.8039224516079655,0.0004922570098707,0.0005125487413452,0.0002714590154594,-0.1267746258332739
2022-11-21,23.859749633563965,41.10251385770373,1.8732677942853224e-06,41.102511984435935,1.722671632726776,7.851162828842767e-08,23.512529514151705,22.708132098533547,0.8107562340787943,40.66204987072425,39.63342769605124,1.0389085317920124,3.1388729908527748e-06,0.0003899481611977,0.0003297314091925,-0.1267746258332739
2022-11-22,23.9009804237478,41.158251502740455,1.898774904443902e-06,41.15824960396555,1.7220319322903588,7.944338980158723e-08,23.859749633563965,23.086478349028543,0.8372990756139599,41.10251385770373,40.1283703328582,1.0577912299463057,1.8732677942853224e-06,0.0002334664724045,0.0002885289157907,-0.1267746258332739
2022-11-23,23.872456144661907,41.0729963980695,1.931421446236153e-06,41.072994466648055,1.720518247019747,8.090585378111738e-08,23.9009804237478,23.47140874117427,0.64585972425998,41.158251502740455,40.61111977409496,0.7954090509805537,1.898774904443902e-06,0.0001002198694013,0.0001960191572492,-0.1267746258332739
2022-11-29,24.01510677128981,41.314536160340566,1.8709583689697423e-06,41.3145342893822,1.720356130572458,7.790755988669946e-08,23.872456144661907,23.832164497483035,0.1689700484628632,41.0729963980695,41.062069557915706,0.2166846737562151,1.931421446236153e-06,2.142659100957579e-06,4.98585179099175e-07,-0.1267746258332739
2022-11-30,24.031530530379808,41.31654270620384,2.085160853378669e-06,41.31654062104299,1.719263891826321,8.676770922861876e-08,24.01510677128981,23.93596470072865,0.0727492514357647,41.314536160340566,41.192968125011625,0.1037592385519048,1.8709583689697423e-06,1.9319166734627577e-06,7.967180732011306e-08,-0.1267746258332739
2022-12-01,24.184460696288685,41.517980636211874,2.515803161675895e-06,41.51797812040871,1.7167213756634716,1.0402560525411952e-07,24.031530530379808,24.0009069132736,0.1107396373640475,41.31654270620384,41.276061480713246,0.1528126480878419,2.085160853378669e-06,2.0604237469408725e-06,2.394374176391089e-07,-0.1267746258332739
2022-12-02,24.13701388584914,41.45410919390189,2.0834110312573046e-06,41.45410711049086,1.717449780240019,8.631602240071423e-08,24.184460696288685,24.048113605693867,0.1083639995995159,41.517980636211874,41.33523301894554,0.153018933244224,2.515803161675895e-06,2.097350972303553e-06,2.2549117584655174e-07,-0.12494872584568588
2022-12-05,23.93186802832948,41.14821135444256,2.0956921407373536e-06,41.14820925875042,1.7193898656692048,8.756909984028688e-08,24.13701388584914,24.059995982427388,0.0901834999347647,41.45410919390189,41.35027601022015,0.1281807859146995,2.0834110312573046e-06,2.130205111203793e-06,2.103827577584671e-07,-0.12391308244356496
2022-12-06,24.086085013816483,41.46793753895842,2.721843335723116e-06,41.46793481711508,1.7216553672035615,1.1300480481414009e-07,23.93186802832948,24.07419163093272,0.0875480809638336,41.14821135444256,41.38095628594372,0.1341730757430905,2.0956921407373536e-06,2.300382104554468e-06,2.6807849366747884e-07,-0.12391308244356496
2022-12-07,24.07666306070493,41.39439880570021,2.9240745761866566e-06,41.394395881625634,1.7192747475566592,1.2144849844075708e-07,24.086085013816483,24.083218136997743,0.0849730331437837,41.46793753895842,41.39652750584299,0.1302546343962882,2.721843335723116e-06,2.4681648491160653e-06,3.350364932916399e-07,-0.12391308244356496
2022-12-08,24.036330385742662,41.363036950510526,3.293868446296633e-06,41.36303365664208,1.7208549011726573,1.3703707651856945e-07,24.07666306070493,24.05359207488854,0.0687923970126948,41.39439880570021,41.36553876870272,0.1152393979339289,2.9240745761866566e-06,2.6237779060402128e-06,4.732202792217428e-07,-0.12391308244356496
2022-12-09,23.924429856611145,41.08111622636552,3.4684040759576946e-06,41.08111275796145,1.7171199678563456,1.4497332211238694e-07,24.036330385742662,24.01107526904094,0.0697814525826787,41.363036950510526,41.290940175195445,0.1494170711693381,3.293868446296633e-06,2.9007765149802907e-06,4.811326270599334e-07,-0.12391308244356496
2022-12-12,23.84289603542057,40.86581498199416,3.3323049582416054e-06,40.865811649689206,1.7139618828721417,1.397609146678824e-07,23.924429856611145,23.99328087045916,0.0946303547053692,41.08111622636552,41.23446090070577,0.2262908204813464,3.4684040759576946e-06,3.1480990784811408e-06,2.791618597585863e-07,-0.12391308244356496
2022-12-13,24.16315430961912,41.344672063780514,2.7250964095638194e-06,41.344669338684106,1.7110627004240748,1.1277900122828685e-07,23.84289603542057,24.008694729619684,0.1129875755956929,40.86581498199416,41.20980780567019,0.2052481237687478,3.3323049582416054e-06,3.148749693249282e-06,2.781696974504826e-07,-0.12391308244356496
2022-12-14,24.33300636317449,41.5692205859176,3.011502523498053e-06,41.56921757441508,1.7083470889494503,1.237620406846091e-07,24.16315430961912,24.0599633901136,0.1739235033451377,41.344672063780514,41.24477216171367,0.2447958904468735,2.7250964095638194e-06,3.166235282711561e-06,2.65977837829376e-07,-0.12391308244356496
2022-12-15,24.21226902215988,41.24649010639869,3.5599163100117446e-06,41.24648654648238,1.7035367510846886,1.4702943812302726e-07,24.33300636317449,24.09515111739704,0.1831363049642412,41.5692205859176,41.2214627928913,0.2378759750746867,3.011502523498053e-06,3.2194448554545838e-06,3.092763439819216e-07,-0.12391308244356496
2022-12-16,24.337485605110725,41.34560840235939,3.69663431554509e-06,41.34560470572507,1.6988446987998242,1.5189055991752981e-07,24.21226902215988,24.17776226709696,0.1806387421109828,41.24649010639869,41.27436122809007,0.2300646209093998,3.5599163100117446e-06,3.265090903372062e-06,3.559692581192548e-07,-0.12391308244356496
2022-12-19,24.33511718724701,41.37131917747994,3.4656652987582565e-06,41.37131571181464,1.700066568784015,1.424141610698494e-07,24.337485605110725,24.276206497462244,0.0739197146563762,41.34560840235939,41.37546206718723,0.105860813704667,3.69663431554509e-06,3.291762971475393e-06,3.64890648402498e-07,-0.1171421388423342
2022-12-20,24.23923815546969,41.26113648265305,3.825858659638825e-06,41.26113265679439,1.7022455993874666,1.578374136637419e-07,24.33511718724701,24.29142326663236,0.0543115676225209,41.37131917747994,41.35875495096174,0.1155501931608047,3.4656652987582565e-06,3.5119154214903937e-06,2.7840173560776e-07,-0.1171421388423342
2022-12-21,24.12632730659044,40.934307028716894,3.786960436628492e-06,40.93430324175646,1.6966654936134902,1.5696381751374282e-07,24.23923815546969,24.250087455315548,0.0796655603207784,41.26113648265305,41.23177223952159,0.1562027182059015,3.825858659638825e-06,3.6670070041164816e-06,1.3602009323309406e-07,-0.1171421388423342
2022-12-22,24.17826980117717,40.96527469211074,4.751777527229999e-06,40.965269940333215,1.6943013304498844,1.9653091665800874e-07,24.12632730659044,24.24328761111901,0.0839396922322474,40.934307028716894,41.175529156664005,0.1881405597942631,3.786960436628492e-06,3.905379247560133e-06,4.412843454388944e-07,-0.1171421388423342
2022-12-29,24.65777209997485,41.38575084530916,6.615912052150425e-06,41.38574422939711,1.6784059272472298,2.683094005949213e-07,24.17826980117717,24.30734491009183,0.1884870294379819,40.96527469211074,41.18355764525396,0.1959225748165901,4.751777527229999e-06,4.4892347948812e-06,1.1465283690410945e-06,-0.12392140974757852
2022-12-30,24.61751186065597,41.24748261197213,5.146248939884397e-06,41.24747746572319,1.6755341825545902,2.0904829736709497e-07,24.65777209997485,24.363823844773624,0.226768467323696,41.38575084530916,41.15879033215239,0.1775912081205136,6.615912052150425e-06,4.825351523106427e-06,1.0384351018198964e-06,-0.12392140974757852
2023-01-04,24.62042698714308,41.31807463634777,5.012746659720542e-06,41.318069623601104,1.6782030083363009,2.0360112610306173e-07,24.61751186065597,24.4400616111083,0.2359585906373081,41.24748261197213,41.170177962891344,0.1854408533090758,5.146248939884397e-06,5.06272912312277e-06,9.106182110649854e-07,-0.12392140974757852
2023-01-05,24.568325464108444,41.38618298644158,5.506070109307544e-06,41.38617748037147,1.6845341391663886,2.2411255164098557e-07,24.62042698714308,24.528461242611904,0.1773878295616649,41.31807463634777,41.26055315443627,0.1562857938244702,5.012746659720542e-06,5.4065510576585815e-06,6.517707429564177e-07,-0.12392140974757852
2023-01-06,24.537910385457938,41.22899183574802,5.00829434796588e-06,41.22898682745368,1.6802160896382532,2.041043540094587e-07,24.568325464108444,24.600389359468057,0.0422354852156657,41.38618298644158,41.31329658316373,0.0663681352926415,5.506070109307544e-06,5.4578544218057575e-06,6.067528923163537e-07,-0.12392140974757852
2023-01-09,24.45756334591699,41.12369904707362,5.251506791719612e-06,41.12369379556683,1.6814307486579163,2.1471913278704897e-07,24.537910385457938,24.56034760865648,0.0600149369000016,41.22899183574802,41.26088622351662,0.0883029144567686,5.00829434796588e-06,5.184973369719595e-06,1.843403851435847e-07,-0.12392140974757852
2023-01-10,24.516510070514595,41.18675100319525,5.3293822549369145e-06,41.18674567381299,1.6799597856600943,2.173793186554081e-07,24.45756334591699,24.54014725062821,0.0540789588969422,41.12369904707362,41.24873990176125,0.0933442359618735,5.251506791719612e-06,5.221600032730099e-06,1.9107782206306478e-07,-0.12392140974757852
2023-01-11,24.51220118176735,41.16221847511768,4.671206928468032e-06,41.16221380391075,1.6792542689203669,1.905666037019379e-07,24.516510070514595,24.518502089553063,0.0363765052112513,41.18675100319525,41.21756866951523,0.0909792890564609,5.3293822549369145e-06,5.1532920864795966e-06,2.893221839467055e-07,-0.12392140974757852
2023-01-18,24.61089223114157,41.42453495072021,4.396242588241824e-06,41.42453055447762,1.6831789177599736,1.7862995566975046e-07,24.51220118176735,24.527015442959687,0.049613373875294,41.16221847511768,41.22523906237096,0.1053529631634242,4.671206928468032e-06,4.931326582266453e-06,3.52381842524867e-07,-0.12392140974757852
2023-01-19,24.51279544820072,41.342143722708926,4.453029466955801e-06,41.34213926967946,1.6865536127885206,1.816614296955944e-07,24.61089223114157,24.521992455508244,0.0495273475984066,41.42453495072021,41.247869439763136,0.1154020629215365,4.396242588241824e-06,4.820273606064437e-06,3.954858001614414e-07,-0.12392140974757852
2023-01-20,24.512909140042627,41.33279885830428,4.409655140935397e-06,41.33279444864914,1.6861645683166109,1.7989113881763156e-07,24.51279544820072,24.53306161433337,0.038944976241649,41.342143722708926,41.28968940200927,0.0996376978201279,4.453029466955801e-06,4.651903275907594e-06,3.52972439081263e-07,-0.12392140974757852
2023-01-23,24.5671350957808,41.49918206319206,2.746583574687325e-06,41.49917931660848,1.6892153644044232,1.1179909924291613e-07,24.512909140042627,24.543186619386614,0.0398949264213762,41.33279885830428,41.35217561400863,0.1126113509584229,4.409655140935397e-06,4.135343539857676e-06,7.014332906334174e-07,-0.12392140974757852
2023-01-24,24.597055555810496,41.623353266015904,3.4159233733374424e-06,41.62334985009253,1.692208775622468,1.38875296093337e-07,24.5671350957808,24.56015749419524,0.0411332901163198,41.49918206319206,41.44440257218828,0.108010302361055,2.746583574687325e-06,3.884286828831558e-06,6.892476695687414e-07,-0.12392140974757852
2023-01-25,24.64762380051887,41.6567825602832,2.7321701759105386e-06,41.656779828113024,1.6900932478288744,1.1084923228392598e-07,24.597055555810496,24.567503808070704,0.0515096832645436,41.623353266015904,41.49085209410087,0.1358336288343252,3.4159233733374424e-06,3.5514723463653004e-06,7.598366184485072e-07,-0.12392140974757852
2023-01-26,24.811044851880308,41.80896487020804,2.5538928489823017e-06,41.80896231631519,1.6850948889820552,1.0293370812187925e-07,24.64762380051887,24.627153688806622,0.1017791052930125,41.6567825602832,41.5842163236007,0.1598443214265833,2.7321701759105386e-06,3.171645022770601e-06,6.852406973962417e-07,-0.12392140974757852
2023-01-27,24.984058329882743,42.00200762730651,3.0734245668656864e-06,42.002004553881946,1.6811523201204293,1.2301542552795148e-07,24.811044851880308,24.721383526774645,0.156030590240004,41.80896487020804,41.718058077401146,0.172928766696527,2.5538928489823017e-06,2.9043989079566585e-06,3.058266969063365e-07,-0.12392140974757852
2023-01-30,24.64491621471557,41.52950934168458,2.767528190804463e-06,41.52950657415639,1.685114649198408,1.1229610872655197e-07,24.984058329882743,24.7369397505616,0.1432287794475319,42.00200762730651,41.72412353309964,0.1655184334967065,3.0734245668656864e-06,2.9085878311800864e-06,3.037729484707971e-07,-0.12392140974757852
2023-01-31,24.52574866586353,41.331566875070536,2.440946920108399e-06,41.331564434123614,1.6852316085501762,9.952588821501957e-08,24.64491621471557,24.722678372572204,0.1591160382325733,41.52950934168458,41.66576625491057,0.2297389747442378,2.767528190804463e-06,2.713592540534278e-06,2.1567237821006626e-07,-0.12392140974757852
2023-02-01,24.51291846010477,41.21298705494641,2.873175215347623e-06,41.2129841817712,1.681276226738212,1.1721065445649684e-07,24.52574866586353,24.695737304489384,0.1796254405473615,41.331566875070536,41.57700715384321,0.2930656546312585,2.440946920108399e-06,2.7417935484216946e-06,2.252633529667621e-07,-0.12392140974757852
2023-02-02,24.366900174580184,41.12786496621778,2.6611156188996883e-06,41.12786230510216,1.6878579003300065,1.092102647375637e-07,24.51291846010477,24.60690836902936,0.2081881952013475,41.21298705494641,41.44078717304516,0.3113140845843208,2.873175215347623e-06,2.763238102405172e-06,2.110074889351725e-07,-0.12591264206966313
2023-02-03,23.965549965321923,40.68919388396745,2.6632453960476817e-06,40.68919122072205,1.6978201603069651,1.1112807341794325e-07,24.366900174580184,24.403206696117195,0.235939939138901,41.12786496621778,41.17822442437735,0.2792168996562136,2.6611156188996883e-06,2.6812022682415717e-06,1.4335571846901666e-07,-0.06246334833776181
2023-02-06,24.408983646678124,41.32838683906935,1.9470216897894696e-05,41.32836736885245,1.6931629533331196,7.976660224664637e-07,23.965549965321923,24.356020182509702,0.2043601335138138,40.68919388396745,41.13799992385431,0.2370097005251351,2.6632453960476817e-06,6.021740009659618e-06,6.725627886981453e-06,-0.06246334833776181
2023-02-07,24.38123808950407,41.25666684359047,6.8226091343069554e-06,41.256660020981336,1.6921481465435155,2.79830298578809e-07,24.408983646678124,24.32711806723781,0.1878652944450128,41.32838683906935,41.123019917558295,0.2264330634021663,1.9470216897894696e-05,6.89807245249933e-06,6.483052858391419e-06,-0.06246334833776181
2023-02-08,24.549622892837903,41.67090784978527,7.101196612123482e-06,41.67090074858866,1.697415395408877,2.892588877279733e-07,24.38123808950407,24.33445895378444,0.1955423292455702,41.25666684359047,41.21460407652607,0.318279270644336,6.8226091343069554e-06,7.743676731854501e-06,6.171160352668895e-06,-0.06246334833776181
2023-02-09,24.478683266611306,41.59998713275687,5.780921326826218e-06,41.599981351835545,1.6994372891575775,2.3616144969330682e-07,24.549622892837903,24.356815572190666,0.2041730346077906,41.67090784978527,41.30902850983389,0.3472535181548764,7.101196612123482e-06,8.367637873439806e-06,5.770432293576807e-06,-0.06246334833776181
2023-02-10,24.57020376453537,41.66403486704461,5.01760421161514e-06,41.6640298494404,1.69571385188032,2.0421500202849558e-07,24.478683266611306,24.477746332033355,0.0745085799594847,41.59998713275687,41.50399670644932,0.1758957595477688,5.780921326826218e-06,8.838509636553298e-06,5.3677458059508575e-06,-0.06246334833776181
2023-02-13,24.96997027055922,42.198047948731606,5.397192234720962e-06,42.19804255153937,1.689951869846041,2.161473232142574e-07,24.57020376453537,24.589943656809574,0.2011827739961061,41.66403486704461,41.67792892838177,0.3014308555523369,5.01760421161514e-06,6.023904703918552e-06,8.07828784054792e-07,-0.06246334833776181
2023-02-14,25.005894615714848,42.331410169830725,4.263912933840582e-06,42.33140590591779,1.6928572570736071,1.7051631222827536e-07,24.96997027055922,24.71487496205173,0.2252956164714263,42.198047948731606,41.89287759362982,0.307526957770697,5.397192234720962e-06,5.512165463825278e-06,9.394885561941352e-07,-0.06246334833776181
2023-02-15,24.933018477208982,42.258854609795286,4.205894855899726e-06,42.25885040390043,1.6948952509871067,1.6868775273817294e-07,25.005894615714848,24.791554078925948,0.2212105268782935,42.331410169830725,42.01046694563182,0.3125368712444167,4.263912933840582e-06,4.933105112580526e-06,6.193483987297885e-07,-0.06246334833776181
2023-02-16,24.95328319342609,42.26912819688575,4.741442021898549e-06,42.26912345544373,1.6939305288701048,1.900127524360272e-07,24.933018477208982,24.8864740642889,0.1599310033613977,42.258854609795286,42.1442951584576,0.2438271899596014,4.205894855899726e-06,4.725209251594992e-06,4.516195649353714e-07,-0.06246334833776181
2023-02-17,24.933534221593025,42.29621365681894,4.501424706965232e-06,42.29620915539424,1.696358537899911,1.805369694869367e-07,24.95328319342609,24.95914015570043,0.0271130259287691,42.26912819688575,42.27073091641246,0.0441763986902321,4.741442021898549e-06,4.621973350665012e-06,4.3153160040196884e-07,-0.06246334833776181
2023-02-22,24.868487689476485,42.14047681385112,6.653249769143207e-06,42.14047016060135,1.694533151353774,2.6753736906802904e-07,24.933534221593025,24.938843639483885,0.0440826865493873,42.29621365681894,42.25921668943637,0.0644642557314773,4.501424706965232e-06,4.87318485754946e-06,9.100198981166826e-07,-0.06246334833776181
2023-02-23,24.98892578131152,42.364787890883,6.460111260344377e-06,42.36478143077174,1.69534249937892,2.58518966236464e-07,24.868487689476485,24.935449872603225,0.0391694154037928,42.14047681385112,42.26589223364682,0.0727856673335834,6.653249769143207e-06,5.31242452285022e-06,1.0318087795559458e-06,-0.06847063007433436
2023-02-24,24.988480582863705,42.37935747179978,6.5115940598827e-06,42.37935096020572,1.6959557557437956,2.605838333503215e-07,24.98892578131152,24.94654229373416,0.0444125005596656,42.364787890883,42.28999280604772,0.0853339451980971,6.460111260344377e-06,5.7735643636468135e-06,9.458854791888308e-07,-0.06847063007433436
2023-02-27,24.851745374918423,42.06958225161624,7.865202833229618e-06,42.06957438641341,1.6928220379271586,3.1648492750000404e-07,24.988480582863705,24.92623473003263,0.0578642919262897,42.37935747179978,42.25008361699382,0.1237668572356583,6.5115940598827e-06,6.398316525913028e-06,1.079962530509796e-06,-0.06847063007433436
2023-02-28,24.34461385622046,40.94422363429892,7.511342584954815e-06,40.944216122956334,1.6818596456742312,3.085422767153705e-07,24.851745374918423,24.80845065695812,0.239000209341975,42.06958225161624,41.97968561248981,0.5318191580567208,7.865202833229618e-06,7.000300101510944e-06,5.762469341168273e-07,-0.06847063007433436
2023-03-01,24.42957038535935,41.10593000948697,8.734776835079207e-06,41.10592127471013,1.6826300815392874,3.5754934275528484e-07,24.34461385622046,24.72066719613469,0.2782163314005822,40.94422363429892,41.77277625161698,0.6225264186587384,7.511342584954815e-06,7.416605514698145e-06,8.581045701131578e-07,-0.06847063007433436
2023-03-02,24.33953751787496,40.67441459392946,9.266528668571567e-06,40.67440532740079,1.6711252037578022,3.807191760223968e-07,24.42957038535935,24.59078954344738,0.2742180793023892,41.10593000948697,41.43470159222627,0.6666549156919493,8.734776835079207e-06,7.977888996343583e-06,9.606098010152924e-07,-0.06847063007433436
2023-03-03,24.34476786951581,40.60892458431574,9.088339737338636e-06,40.608915495976,1.668076064720489,3.733179870948341e-07,24.33953751787496,24.4620470007778,0.1977235771618386,40.67441459392946,41.08061501472946,0.5262680490481968,9.266528668571567e-06,8.49323813183477e-06,6.883331023950121e-07,-0.06847063007433436
2023-03-06,24.235663752384337,40.34193718725693,1.0897692092405542e-05,40.34192628956484,1.6645691077178788,4.496551942520416e-07,24.34476786951581,24.338830676270984,0.061556972064666,40.60892458431574,40.7350860018576,0.2666186567845378,9.088339737338636e-06,9.099735983669954e-06,1.0878220985136794e-06,-0.06847063007433436
2023-03-07,23.96438170036112,39.31268364866364,1.4739033306500918e-05,39.31266890963034,1.6404630897725705,6.150391648234686e-07,24.235663752384337,24.26278424509912,0.1613750885165227,40.34193718725693,40.40877800473054,0.6004220017372908,1.0897692092405542e-05,1.0545274127979176e-05,2.224749993281145e-06,-0.06847063007433436
2023-03-08,24.19626546261172,39.5809606680375,2.2977579552807618e-05,39.58093769045794,1.6358293278439329,9.49633305532739e-07,23.96438170036112,24.216123260549587,0.1385138912987566,39.31268364866364,40.10378413644065,0.5543802355013225,1.4739033306500918e-05,1.3393834671524858e-05,5.205005178487915e-06,-0.06847063007433436
2023-03-09,24.130014005146567,39.48046438184976,2.1781755092948018e-05,39.48044260009466,1.6361558834333527,9.02683068824672e-07,24.19626546261172,24.174218558003908,0.1259636414933285,39.5809606680375,39.86499409402471,0.5127362291152817,2.2977579552807618e-05,1.5896879956400147e-05,5.61171578403385e-06,-0.06847063007433436
2023-03-10,23.556613732079395,38.44297129540832,2.0659586053584025e-05,38.44295063582226,1.6319396214005362,8.770185005601973e-07,24.130014005146567,24.016587730516623,0.2479699414718378,39.48046438184976,39.43180343624324,0.6074434522967723,2.1781755092948018e-05,1.8211129219649225e-05,4.626125190593398e-06,-0.06847063007433436
2023-03-13,23.696856265448588,38.94651141557677,1.418721993541014e-05,38.94649722835684,1.6435307274223998,5.986962901950814e-07,23.556613732079395,23.90882623312948,0.2464210478710371,38.44297129540832,39.1527182819072,0.4153697202313842,2.0659586053584025e-05,1.8869034788250143e-05,3.6754987694971633e-06,-0.06847063007433436
2023-03-14,23.80071968496839,39.15575818546727,1.4224386541780382e-05,39.15574396108073,1.64515017628633,5.976452279619071e-07,23.696856265448588,23.87609383005093,0.2477338204318485,38.94651141557677,39.12133318926793,0.4079596118925839,1.418721993541014e-05,1.8766105435306037e-05,3.794979021248252e-06,-0.06847063007433436
2023-03-15,23.409706553996344,38.56668140404464,1.2846813047668254e-05,38.56666855723159,1.6474653928312826,5.487814645619782e-07,23.80071968496839,23.718782048327856,0.2441853650624177,39.15575818546727,38.91847733646935,0.3802062396162983,1.4224386541780382e-05,1.6739952134278166e-05,3.709025505174971e-06,-0.06847063007433436
2023-03-16,23.73808330259557,39.25523606111404,1.0223674012572738e-05,39.25522583744003,1.6536817889092923,4.3068658417989714e-07,23.409706553996344,23.640395907817656,0.1404787126508987,38.56668140404464,38.873431672322205,0.3194418142236419,1.2846813047668254e-05,1.4428335918203108e-05,3.438273020673028e-06,-0.06847063007433436
2023-03-21,23.75905383016912,39.11231401340681,1.0374466667332887e-05,39.11230363894014,1.6462067173627175,4.3665319088420283e-07,23.73808330259557,23.6808839274356,0.1396676014275911,39.25523606111404,39.00730021592191,0.2418181404833687,1.0223674012572738e-05,1.237131204095288e-05,1.7639301754326295e-06,-0.06847063007433436
2023-03-22,23.67801605413312,39.05720274343013,9.207607847444382e-06,39.057193535822286,1.6495133145503758,3.888673707456646e-07,23.75905383016912,23.67711588517251,0.1394398170149961,39.11231401340681,39.029438481492576,0.2403017000880743,1.0374466667332887e-05,1.1375389623359728e-05,1.860615153789323e-06,-0.06847063007433436
2023-03-23,23.60197862456091,38.86988634517361,9.815556017767818e-06,38.86987652961759,1.646891007041438,4.158785233181028e-07,23.67801605413312,23.637367673091013,0.1262421638247187,39.05720274343013,38.972264113433845,0.237436395737134,9.207607847444382e-06,1.0493623518557216e-05,1.244040503409647e-06,-0.06847063007433436
2023-03-24,23.46703856736804,38.47306412507273,1.1427915133432138e-05,38.4730526971576,1.6394511823307454,4.869773022541993e-07,23.60197862456091,23.648834075765357,0.106028719499234,38.86988634517361,38.953540657639465,0.2701224408830291,9.815556017767818e-06,1.0209843935709991e-05,7.308802192042599e-07,-0.06847063007433436
2023-03-27,23.28771756804568,38.06145319940685,1.1851926394046615e-05,38.06144134748045,1.6344003266182257,5.089346501826901e-07,23.46703856736804,23.55876092885537,0.1661832094284893,38.47306412507273,38.71478408529803,0.3961330780987857,1.1427915133432138e-05,1.0535494412004769e-05,9.835580145083084e-07,-0.06847063007433436
2023-03-28,23.47976247305947,38.45193497127922,1.126026786596236e-05,38.45192371101136,1.6376628603206156,4.79573329537823e-07,23.28771756804568,23.502902657433445,0.1331218034357978,38.06145319940685,38.58270827687251,0.3488399618627754,1.1851926394046615e-05,1.0712654651730662e-05,1.017778926076512e-06,-0.06847063007433436
2023-03-29,23.49436245436628,38.477700808690905,1.2291034757110726e-05,38.47768851765615,1.63774185758082,5.231482565651198e-07,23.47976247305947,23.46617193748008,0.1012616187637376,38.45193497127922,38.46680788992467,0.2557982275423004,1.126026786596236e-05,1.1329340033663931e-05,8.371359846938309e-07,-0.06847063007433436
2023-03-30,23.65631734438107,38.7250489386368,1.2363017783706187e-05,38.72503657561902,1.636985519550232,5.226095678261898e-07,23.49436245436628,23.477039681444104,0.1169537151086673,38.477700808690905,38.437840408617305,0.2131592312598809,1.2291034757110726e-05,1.1838832386851606e-05,4.43400189155409e-07,-0.06847063007433436
2023-03-31,23.715196357158685,38.828251253854255,1.270106192521619e-05,38.82823855279233,1.6372730239753437,5.355663825816158e-07,23.65631734438107,23.52667123940224,0.1501285979195812,38.7250489386368,38.50887783437361,0.2657565156092336,1.2363017783706187e-05,1.2093461745208417e-05,4.966739122806988e-07,-0.06847063007433436
2023-04-03,23.8899184757572,39.12504403145676,1.3676336137592974e-05,39.12503035512062,1.6377219566973291,5.724731187957517e-07,23.715196357158685,23.64711142094454,0.1516664040461965,38.828251253854255,38.72159600078359,0.2475316201185059,1.270106192521619e-05,1.2458343693917686e-05,7.765156417535154e-07,-0.06847063007433436
2023-04-04,24.094187134201885,39.60849111288221,1.59594635254706e-05,39.60847515341869,1.6439023608585517,6.623781676708246e-07,23.8899184757572,23.769996353173024,0.2056117607355421,39.12504403145676,38.95290722910418,0.3879950932905277,1.3676336137592974e-05,1.3398182825819336e-05,1.3726506566157245e-06,-0.06847063007433436
2023-04-05,24.23857578133613,39.795438213909925,1.9150794307881623e-05,39.79541906311562,1.641822464030774,7.900956921168555e-07,24.094187134201885,23.91883901856699,0.2209990587682212,39.60849111288221,39.21645471014799,0.4217705315976164,1.59594635254706e-05,1.4770134735973512e-05,2.524929738593753e-06,-0.06847063007433436
2023-04-06,24.1709178352514,39.622810587131255,1.7923874124209523e-05,39.62279266325713,1.6392762102457057,7.415471041016468e-07,24.23857578133613,24.02175911674106,0.1928036759219239,39.795438213909925,39.39600703984688,0.3610823112819336,1.9150794307881623e-05,1.5882306004074183e-05,2.443095838613628e-06,-0.06192932747648813
2023-04-12,24.16830053870088,39.757547172840624,1.722188309844018e-05,39.757529950957526,1.6450286650969344,7.125814688899061e-07,24.1709178352514,24.112379953049498,0.1202491331911148,39.622810587131255,39.58186622364416,0.239811856183802,1.7923874124209523e-05,1.678647023871898e-05,1.867092631322152e-06,-0.06192932747648813
2023-04-13,23.65421103335477,38.62279762259967,2.3338823713408296e-05,38.622774283775954,1.632808533251763,9.866667580033957e-07,24.16830053870088,24.065238464569013,0.2105313851094208,39.757547172840624,39.48141694187274,0.4354823548719654,1.722188309844018e-05,1.8718967753882045e-05,2.5305273430423867e-06,-0.06192932747648813
2023-04-14,23.725193503524803,38.71345310337841,2.3747410271323223e-05,38.71342935596814,1.6317444617523071,1.0009364209314089e-06,23.65421103335477,23.991439738433595,0.2486678952910694,38.62279762259967,39.30240933997198,0.5218479494316429,2.3338823713408296e-05,2.027655710305257e-05,2.7407221979170197e-06,-0.06192932747648813
2023-04-17,23.81468061513101,38.74816360293935,2.404785133138012e-05,38.74813955508802,1.62707047090609,1.0097910494798305e-06,23.725193503524803,23.90666070519257,0.2206394127644541,38.71345310337841,39.09295441777786,0.4911986270248848,2.3747410271323223e-05,2.1255968507752267e-05,3.0238014358792333e-06,-0.06192932747648813
2023-04-18,23.12711016401906,37.399581245379416,2.3765500885067056e-05,37.39955747987853,1.6171316251852914,1.0276035663998e-06,23.81468061513101,23.697899170946105,0.3356692052832704,38.74816360293935,38.64830854942749,0.7489453725803121,2.404785133138012e-05,2.242429385992377e-05,2.611009565185577e-06,-0.06192932747648813
2023-04-19,23.04506802753033,37.31456644742554,2.4547243021910573e-05,37.31454190018252,1.6191996657527086,1.065184229119467e-06,23.12711016401906,23.473252668712,0.3212319651203508,37.399581245379416,38.15971240434448,0.6571792086757635,2.3765500885067056e-05,2.3889365844617856e-05,3.991266863948761e-07,-0.11515288692392674
2023-04-20,23.151309616277945,37.40854798301404,2.697684839848849e-05,37.40852100616564,1.6158285903926433,1.165240707571928e-06,23.04506802753033,23.37267238529663,0.3274963539620573,37.31456644742554,37.91686247642735,0.6654836125161869,2.4547243021910573e-05,2.461697078163389e-05,1.2148183172256223e-06,-0.11515288692392674
2023-04-21,23.11959631350062,37.28787182350313,2.988116697839236e-05,37.28784194233615,1.6128253849194154,1.292460585090032e-06,23.151309616277945,23.251552947291792,0.2837943189346935,37.40854798301404,37.63174622045229,0.5601711185078263,2.697684839848849e-05,2.584372212304772e-05,2.3155970965568136e-06,-0.11515288692392674
2023-04-24,23.01633831470835,36.99961656430535,3.7726136766076015e-05,36.99957883816858,1.6075370486130338,1.6391024606189214e-06,23.11959631350062,23.09188448720726,0.0518442757969318,37.28787182350313,37.28203681272549,0.1487784870534666,2.988116697839236e-05,2.85793792099869e-05,5.046929302651475e-06,-0.11515288692392674
2023-04-25,23.023361186037803,37.06142348655127,3.705668133873443e-05,37.061386429869934,1.6097312285152636,1.6095252573810524e-06,23.01633831470835,23.07113469161101,0.0542972726284158,36.99961656430535,37.21440526095987,0.1566260534624901,3.7726136766076015e-05,3.123761530072037e-05,5.305046808735388e-06,-0.11515288692392674
2023-04-26,23.028391685944303,37.14740011209789,3.7097482974000136e-05,37.14736301461492,1.613113091817494,1.6109454572393388e-06,23.023361186037803,23.067799423293803,0.0562722712493695,37.06142348655127,37.18097199389434,0.1493500003900905,3.705668133873443e-05,3.374766329113828e-05,4.445061789506579e-06,-0.11515288692392674
2023-04-27,23.017795613117386,37.16384976874469,3.646652403466369e-05,37.16381330222065,1.614570326081345,1.5842752558755948e-06,23.028391685944303,23.04109662266169,0.0394818273379887,37.14740011209789,37.13203235104047,0.0980346975713604,3.7097482974000136e-05,3.564559841837333e-05,2.90965125947623e-06,-0.11515288692392674
2023-04-28,23.613179752414112,37.98530172269527,3.95126624741681e-05,37.98526221003279,1.608648310857491,1.673330863884543e-06,23.017795613117386,23.13981331044439,0.2367218017425991,37.16384976874469,37.27151833087889,0.3618162506601555,3.646652403466369e-05,3.757189751752848e-05,1.0490687057782714e-06,-0.11515288692392674
2023-05-03,23.7500329596664,38.33585929224154,4.381196474409892e-05,38.33581548027679,1.6141392038211309,1.844711744969061e-06,23.613179752414112,23.286552239436,0.3254677976138027,37.98530172269527,37.53876687646613,0.5208334056077744,3.95126624741681e-05,3.878906311313306e-05,2.7206585437327908e-06,-0.11515288692392674
2023-05-04,23.875770066603167,38.65950544729552,4.125482817093796e-05,38.65946419246736,1.619194075812092,1.7278951864528208e-06,23.7500329596664,23.457034015549077,0.3639325140042568,38.33585929224154,37.858383268614986,0.6121702742837238,4.381196474409892e-05,3.9628692479573765e-05,2.704214410915308e-06,-0.11515288692392674
2023-05-05,23.84971951232349,38.61853347753969,4.021567712275162e-05,38.61849326186257,1.6192447654399016,1.686211743579274e-06,23.875770066603167,23.62129958082491,0.315526907479632,38.65950544729552,38.15260994170335,0.5501357721648594,4.125482817093796e-05,4.025233130932406e-05,2.389844361516953e-06,-0.11515288692392674
2023-05-10,23.967611760432813,38.93648388193299,4.511202976313059e-05,38.93643876990323,1.6245458359022529,1.882207965234328e-06,23.84971951232349,23.811262810288,0.1208892804876612,38.61853347753969,38.507136764341,0.3229898369210162,4.021567712275162e-05,4.198143245501744e-05,2.139727031293829e-06,-0.11515288692392674
2023-05-11,23.658438969673885,38.49714782260077,3.565894570896603e-05,38.49711216365507,1.6272057455670512,1.5072400066071462e-06,23.967611760432813,23.82031465373995,0.1065641964058351,38.93648388193299,38.609505984322105,0.1984957712604098,4.511202976313059e-05,4.121068910197703e-05,3.280272723314843e-06,-0.11515288692392674
2023-05-12,23.656173849326063,38.53648555493636,3.667416224372113e-05,38.53644888077412,1.6290244483485743,1.5502998277452182e-06,23.658438969673885,23.801542831671885,0.1241131906052868,38.49714782260077,38.64963123686107,0.1545329399227186,3.565894570896603e-05,3.978312860190146e-05,3.388945020477925e-06,-0.10982903641550394
2023-05-15,23.57871765700043,38.52175369426771,3.961213213230398e-05,38.52171408213557,1.6337510060828415,1.679995185002917e-06,23.656173849326063,23.742132349751337,0.1438845159583085,38.53648555493636,38.62208088625551,0.1623959386076844,3.667416224372113e-05,3.9454589394174666e-05,3.309029823835165e-06,-0.10982903641550394
2023-05-16,23.79539551068491,38.84391324920002,4.016722504082864e-05,38.84387308197498,1.632413011658404,1.6880251064871875e-06,23.57871765700043,23.73126754942362,0.1372483274902006,38.52175369426771,38.66715684058757,0.1848783433653482,3.961213213230398e-05,3.944489897779008e-05,3.306857039201901e-06,-0.10982903641550394
2023-05-17,23.85855862889299,38.958062099712045,3.846527204219702e-05,38.95802363444,1.6328757619302865,1.6122211169795954e-06,23.79539551068491,23.709456923115653,0.1021287743287645,38.84391324920002,38.671472484143386,0.191256738400231,4.016722504082864e-05,3.811554743360336e-05,1.7137057707329374e-06,-0.11680897599449519
2023-05-18,24.122612881421457,39.44937828098283,3.773435878532713e-05,39.44934054662404,1.6353692062672698,1.564273280461631e-06,23.85855862889299,23.80229170546517,0.1882312210927109,38.958062099712045,38.86191857581979,0.3394982980451755,3.846527204219702e-05,3.853063004887558e-05,1.2595937605272742e-06,-0.11680897599449519
2023-05-19,23.95861847467337,39.21411743983318,3.640028060424904e-05,39.214081039552575,1.6367436829167084,1.5192979780001816e-06,24.122612881421457,23.86278063053463,0.179971133006576,39.44937828098283,38.99744495279916,0.3170475883280321,3.773435878532713e-05,3.847585372098116e-05,1.3423707402914886e-06,-0.11680897599449519
2023-05-22,24.016279261342444,39.1670768358322,7.958054883199302e-05,39.16699725528336,1.630855321493412,3.3136085721691712e-06,23.95861847467337,23.95029295140304,0.1153482282362932,39.21411743983318,39.12650958111205,0.2106182694893707,3.640028060424904e-05,4.646953706091897e-05,1.6600119040941828e-05,-0.11680897599449519
2023-05-23,24.070044182548827,39.24806602726192,7.72965210606153e-05,39.24798873074086,1.6305772324139485,3.211316126983121e-06,24.016279261342444,24.005222685775816,0.091418630940136,39.1670768358322,39.20734013672444,0.1575104227668196,7.958054883199302e-05,5.38953962648763e-05,2.0063332933494376e-05,-0.11680897599449519
2023-05-24,24.02418748831392,39.06654901531201,8.326741373779678e-05,39.06646574789828,1.626134038219405,3.465982513593874e-06,24.070044182548827,24.038348457660003,0.0550446450696296,39.24806602726192,39.229037519844425,0.1259971304129192,7.72965210606153e-05,6.285582460399624e-05,2.114647459413012e-05,-0.11680897599449519
2023-05-25,23.966132452209592,39.000417652387874,7.235889207577007e-05,39.0003452934958,1.6273137824869266,3.0192143943149588e-06,24.02418748831392,24.00705237181763,0.0409072075319387,39.06654901531201,39.13924539412544,0.0924989166775171,8.326741373779678e-05,6.978073126208485e-05,1.7060571644463213e-05,-0.11680897599449519
2023-05-26,24.00407135969034,39.08911544077827,6.82416319152824e-05,39.08904719914636,1.6284368953518449,2.842919057051276e-06,23.966132452209592,24.016142948821024,0.0335167099511708,39.000417652387874,39.11424499431446,0.0855129662368838,7.235889207577007e-05,7.614900152429151e-05,5.303876585968572e-06,-0.11782435760830468
2023-05-31,23.660126788327464,38.67645903238743,9.173269032088186e-05,38.67636729969711,1.6346682914424682,3.87710053887528e-06,24.00407135969034,23.944912454218027,0.1462842577820935,39.08911544077827,39.0161214336255,0.1883010972586047,6.82416319152824e-05,7.857942982206929e-05,8.272804424458814e-06,-0.11782435760830468
2023-06-01,23.600044277048777,38.76744697997125,4.72839476986002e-05,38.767399696023546,1.642685349436945,2.0035533469140224e-06,23.660126788327464,23.85091247311802,0.1822589083305764,38.67645903238743,38.91999762416737,0.166810234580094,9.173269032088186e-05,7.257691514966627e-05,1.5098389978502934e-05,-0.11782435760830468
2023-06-02,23.22662670860984,38.35791844140272,3.495298968672036e-05,38.35788348841303,1.651463164351106,1.5048672424637407e-06,23.600044277048777,23.691400317177205,0.2823400055752833,38.76744697997125,38.77827150938551,0.2581288481353722,4.72839476986002e-05,6.291403033945099e-05,1.9870697987820097e-05,-0.11546439726438519
2023-06-05,23.27135126918961,38.47081776335382,5.4683806354720366e-05,38.47076307954747,1.6531406929638732,2.3498337385813803e-06,23.22662670860984,23.552444080573206,0.2839009235565645,38.35791844140272,38.67235153157869,0.2538646095081319,3.495298968672036e-05,5.937901319524103e-05,1.9443624328746592e-05,-0.11546439726438519
2023-06-06,22.977642481890296,37.83192255705814,4.743204183421821e-05,37.83187512501631,1.646466672413202,2.0642692944500948e-06,23.27135126918961,23.347158305013195,0.2524745937121828,38.47081776335382,38.42091295483467,0.3282554236050441,5.4683806354720366e-05,5.52170951790282e-05,1.9327953546317315e-05,-0.11546439726438519
2023-06-07,22.84541111616251,37.66460344461259,4.418709176703331e-05,37.66455925752082,1.6486726044499107,1.9341780081065007e-06,22.977642481890296,23.18421517058021,0.260678248815644,37.83192255705814,38.2185418372797,0.4100458625637295,4.743204183421821e-05,4.570797546825848e-05,6.387557276127785e-06,-0.11546439726438519
2023-06-08,22.93661720030835,37.83042422542828,4.434699166366981e-05,37.83037987843662,1.6493462787058113,1.9334582461041217e-06,22.84541111616251,23.05152975523212,0.1674094136503544,37.66460344461259,38.03113728637111,0.3207566502749178,4.418709176703331e-05,4.5120584261272414e-05,6.350557236564112e-06,-0.11546439726438519
2023-06-09,22.52117648685572,36.985772428454666,3.953290926408479e-05,36.98573289554541,1.6422664442082358,1.7553660789949322e-06,22.93661720030835,22.910439710881292,0.2413351205334865,37.83042422542828,37.7567080837815,0.4741031470452295,4.434699166366981e-05,4.6036568176745295e-05,5.005894242772181e-06,-0.11546439726438519
2023-06-12,22.594532724141114,37.10693790732618,4.323052585162674e-05,37.10689467680032,1.64229720350354,1.913317986232887e-06,22.52117648685572,22.7750760018716,0.1839220513048806,36.985772428454666,37.48393211257597,0.3644403834942686,3.953290926408479e-05,4.3745912076126575e-05,2.5360798258850805e-06,-0.11546439726438519
2023-06-13,22.61114830456803,37.20554504329802,5.023636199812343e-05,37.20549480693602,1.6454513739039758,2.221751912881594e-06,22.594532724141114,22.701777166407147,0.1600700593457966,37.10693790732618,37.358656609823946,0.3292464786595759,4.323052585162674e-05,4.4306776108907615e-05,3.438722137551455e-06,-0.11546439726438519
2023-06-14,22.77673848033747,37.54113038037302,4.932526811033074e-05,37.54108105510491,1.6482223920154873,2.165598386832772e-06,22.61114830456803,22.688042639242138,0.1497714394512098,37.20554504329802,37.33396199697604,0.3094059825702532,5.023636199812343e-05,4.53344113775671e-05,3.975294104745722e-06,-0.11546439726438519
2023-06-15,22.36002435520468,36.76927434221984,5.2199693350420005e-05,36.76922214252649,1.644420138284025,2.334509682153796e-06,22.77673848033747,22.572724070221405,0.1352569708555538,37.54113038037302,37.12173202033434,0.2552841156354744,4.932526811033074e-05,4.690495171491714e-05,4.750556392998732e-06,-0.11546439726438519
2023-06-16,22.62346127408878,37.4928366229905,6.241116036417429e-05,37.49277421183014,1.6572546600520406,2.758691944086176e-06,22.36002435520468,22.593181027668017,0.1336390031320773,36.76927434221984,37.22314485924152,0.2805924783351742,5.2199693350420005e-05,5.148060193493505e-05,6.233001721690754e-06,-0.11546439726438519
2023-06-21,22.67327991542844,37.58658725589016,6.18715519717288e-05,37.58652538433819,1.6577481244922878,2.7288311264409163e-06,22.62346127408878,22.60893046592548,0.1374559540366667,37.4928366229905,37.31907472895431,0.3053634932286663,6.241116036417429e-05,5.5208807158955455e-05,5.7386770014998965e-06,-0.11546439726438519
2023-06-22,22.861043515606543,38.01441938420441,6.19480086254994e-05,38.01435743619578,1.6628470768735082,2.7097629460006657e-06,22.67327991542844,22.658909508133185,0.1706090526390077,37.58658725589016,37.48084959713559,0.4014956974036932,6.18715519717288e-05,5.755113648443065e-05,5.619985067987469e-06,-0.11546439726438519
2023-06-23,23.32313529434272,38.99272681245619,4.921537336274348e-05,38.992677597082825,1.6718475591021549,2.110152547744351e-06,22.861043515606543,22.76818887093423,0.320355919850358,38.01441938420441,37.77116888355222,0.730302194467325,6.19480086254994e-05,5.75291575349132e-05,5.652234633554479e-06,-0.11546439726438519
2023-06-26,23.299084009075624,38.91375201075443,4.594263466639034e-05,38.913706068119765,1.6701837718425527,1.971864415291796e-06,23.32313529434272,22.95600080170842,0.3006740248214453,38.99272681245619,38.200064417259135,0.6401020407194183,4.921537336274348e-05,5.627774579810726e-05,7.179873937301231e-06,-0.11546439726438519
2023-06-27,23.259318673478088,38.88996579734231,6.255502381834123e-05,38.889903242318496,1.6720165514429874,2.689460714499384e-06,23.299084009075624,23.083172281586283,0.2655487199914175,38.91375201075443,38.4794902521295,0.5716733136950559,4.594263466639034e-05,5.630651848894065e-05,7.204640928499739e-06,-0.11546439726438519
2023-06-30,23.112177884484453,38.67148116713579,5.143260346113936e-05,38.671429734532325,1.6732080100982836,2.225346469649095e-06,23.259318673478088,23.170951875397485,0.1713965584030915,38.88996579734231,38.69646903437862,0.3572779531333077,6.255502381834123e-05,5.421872878682276e-05,6.790071801908803e-06,-0.11546439726438519
2023-07-03,23.247683620520032,38.89973899861345,4.2698302773215926e-05,38.89969630031068,1.6732737606717003,1.8366691267050545e-06,23.112177884484453,23.248279896380183,0.0732534726246666,38.67148116713579,38.87353295726044,0.1073372890485098,5.143260346113936e-05,5.0368787616366064e-05,6.77338303960284e-06,-0.11546439726438519
2023-07-06,23.20509207123136,38.80086822324375,4.059472449763695e-05,38.80082762851925,1.6720842177285449,1.74938864164062e-06,23.247683620520032,23.22467125175791,0.0637265617938295,38.89973899861345,38.83516123941795,0.0909038094952971,4.2698302773215926e-05,4.864465784334477e-05,7.857893064215598e-06,-0.11546439726438519
2023-07-07,23.106112502697403,38.54395422758311,4.355964922782477e-05,38.54391066793388,1.668128042875386,1.8852002569770064e-06,23.20509207123136,23.186076950482267,0.0653860710896467,38.80086822324375,38.761201682783685,0.1360826566602902,4.059472449763695e-05,4.816806075563165e-05,8.076547238693852e-06,-0.11546439726438519
2023-07-10,23.16464619376696,38.68799739071789,4.236622454226887e-05,38.68795502449335,1.6701311587969725,1.828917402315801e-06,23.106112502697403,23.16714245454004,0.0541831027641699,38.54395422758311,38.72080800145879,0.1210065047363276,4.355964922782477e-05,4.413030090041718e-05,3.7765632665495862e-06,-0.11546439726438519
2023-07-11,22.990429325884023,38.28040785460747,4.296043374036185e-05,38.28036489417373,1.6650584167868956,1.8686225094541573e-06,23.16464619376696,23.14279274281996,0.0893542687279195,38.68799739071789,38.642593338953134,0.2163997950786824,4.236622454226887e-05,4.243586695626167e-05,1.0001584933964509e-06,-0.11546439726438519
2023-07-12,23.02163746462525,38.165838714993946,4.5270084519273015e-05,38.16579344490943,1.6578246779204595,1.966414621411463e-06,22.990429325884023,23.097583511641,0.0817044172493545,38.28040785460747,38.49581328222924,0.2398305703931167,4.296043374036185e-05,4.295022330547309e-05,1.5259547454730454e-06,-0.11546439726438519
2023-07-13,23.02353541305281,38.29844115287725,4.55313036639218e-05,38.29839562157359,1.6634474447901078,1.977598263996788e-06,23.02163746462525,23.06127218000529,0.0643591881300856,38.165838714993946,38.39532786815593,0.191313439504699,4.5270084519273015e-05,4.393753913873006e-05,1.2555737999986711e-06,-0.11546439726438519
2023-07-14,23.102458620760554,38.39996647475902,4.555594218397745e-05,38.39992091881683,1.6621593010993068,1.9719088315145616e-06,23.02353541305281,23.06054140361792,0.0638647378075431,38.29844115287725,38.36653031759111,0.1770815563730829,4.55313036639218e-05,4.43367977299606e-05,1.382875146566912e-06,-0.11546439726438519
2023-07-17,23.33213169644664,38.7904540385344,4.027380899188961e-05,38.79041376472541,1.662533648583939,1.7261092777914974e-06,23.102458620760554,23.09403850415385,0.1246649307394629,38.39996647475902,38.38702164715441,0.2149698384308413,4.555594218397745e-05,4.3918314619884746e-05,2.06449977406193e-06,-0.11546439726438519
2023-07-18,23.06076247022791,38.36821404090784,4.722517916751513e-05,38.36816681572867,1.6637877472803544,2.047858531498434e-06,23.33213169644664,23.108105133022637,0.1158359246130562,38.7904540385344,38.404582884414495,0.2090480314166431,4.027380899188961e-05,4.4771263705315406e-05,2.35333819205174e-06,-0.11546439726438519
2023-07-19,23.13554833959421,38.44087144530728,4.873979970670505e-05,38.44082270550757,1.661550047617394,2.1067060521445127e-06,23.06076247022791,23.130887308016423,0.1074905964039853,38.36821404090784,38.45958943047716,0.1718690652016899,4.722517916751513e-05,4.5465206742801805e-05,2.8559998012730647e-06,-0.11546439726438519
2023-07-20,23.311135917607206,38.76578617846624,5.560238666075782e-05,38.765730576079584,1.6629728519229274,2.3852285387243017e-06,23.13554833959421,23.188407408927304,0.1115288872351645,38.44087144530728,38.55305843559496,0.1853646591902786,4.873979970670505e-05,4.7479423342169016e-05,4.965005129193023e-06,-0.11546439726438519
2023-07-21,23.2880033117024,38.70247761785449,5.1860121942365536e-05,38.70242575773255,1.661906222694764,2.226902892799978e-06,23.311135917607206,23.225516347115672,0.1075548665886273,38.76578617846624,38.613560664214056,0.174577564193556,5.560238666075782e-05,4.874025929384663e-05,5.114657048897854e-06,-0.11546439726438519
2023-07-24,23.22828916429729,38.51477052981502,5.308664143552683e-05,38.51471744317358,1.658097600619403,2.285430539461464e-06,23.2880033117024,23.204747840685805,0.0941535428329769,38.70247761785449,38.55842396247017,0.1520885104003221,5.1860121942365536e-05,5.130282578257407e-05,3.0058311861938574e-06,-0.11546439726438519
2023-07-25,23.33498691123157,38.73382989787556,4.727826954375522e-05,38.73378261960602,1.6599036479095786,2.026067969251754e-06,23.22828916429729,23.25959272888654,0.0714353804805267,38.51477052981502,38.63154713386372,0.1292339057061952,5.308664143552683e-05,5.131344385782209e-05,2.991467629240942e-06,-0.11546439726438519
2023-07-26,23.385517958538863,38.99469475467199,4.574457694810979e-05,38.99464901009504,1.667471929585108,1.9561070671691865e-06,23.33498691123157,23.309586652675467,0.0519389233446578,38.73382989787556,38.742311795736654,0.1534157336217477,4.727826954375522e-05,5.071439930610304e-05,3.669843469434841e-06,-0.11546439726438519
2023-07-27,23.215540938744496,38.74348063446482,4.190167194206424e-05,38.74343873279288,1.6688596977641683,1.8048975060552824e-06,23.385517958538863,23.290467656902926,0.0640355758640676,38.99469475467199,38.73785068693637,0.1529919924011008,4.574457694810979e-05,4.7974256362364326e-05,4.088241233189728e-06,-0.11546439726438519
2023-07-28,23.087125135197216,38.64778347507684,2.247486397336662e-05,38.64776100021287,1.6739972278383333,9.734804070127735e-07,23.215540938744496,23.250292021601886,0.103705809536755,38.74348063446482,38.726911858380845,0.1570320397112217,4.190167194206424e-05,4.209720476856454e-05,1.0449774788243528e-05,-0.06785104901112456
2023-07-31,22.95674112555314,38.50314431196507,8.330688242313623e-05,38.50306100508265,1.6772042730885368,3.628863607753427e-06,23.087125135197216,23.195982413853056,0.1579334100376857,38.64778347507684,38.72458661481086,0.1602100154386697,2.247486397336662e-05,4.8141252966086425e-05,1.9701807971309483e-05,-0.06785104901112456
2023-08-01,22.95951672393475,38.54816588123667,2.3144273361771435e-05,38.54814273696331,1.6789624252435211,1.0080470612712888e-06,22.95674112555314,23.12088837639369,0.1631643404289031,38.50314431196507,38.68745381148308,0.174631530241496,8.330688242313623e-05,4.331445372968966e-05,2.212880693259656e-05,-0.06785104901112456
2023-08-02,23.140426018814768,38.846365952041246,2.452670892101393e-05,38.84634142533233,1.678723024392743,1.0599074062453308e-06,22.95951672393475,23.071869988448874,0.1014415120939088,38.54816588123667,38.65778805095694,0.1256476352977823,2.3144273361771435e-05,3.907088012427049e-05,2.326136175169809e-05,-0.06785104901112456
2023-08-03,23.302821399611773,39.19703268108455,2.9370366619303667e-05,39.19700331071793,1.6820723983979715,1.2603781368634177e-06,23.140426018814768,23.089326080622328,0.1285500202014303,38.846365952041246,38.74849846028087,0.2534704328848878,2.452670892101393e-05,3.6564619059718375e-05,2.349525318034564e-05,-0.0698644615459527
2023-08-04,23.36116127396896,39.3821541995104,2.8432402211329223e-05,39.38212576710819,1.6857960842637316,1.2170800020549954e-06,23.302821399611773,23.14413330837668,0.1682236045145841,39.19703268108455,38.89537260516759,0.3477793315213366,2.9370366619303667e-05,3.77561267073109e-05,2.289387651817493e-05,-0.0698644615459527
2023-08-07,23.4234134565686,39.38261320167744,2.8195620298717387e-05,39.38258500605714,1.681335355954852,1.203736609567916e-06,23.36116127396896,23.23746777457977,0.1678218481980546,39.3821541995104,39.07126638311006,0.3266862643183833,2.8432402211329223e-05,2.6733874282427128e-05,2.4384258883074528e-06,-0.0698644615459527
2023-08-08,23.475143468439978,39.487630974611896,2.581024209724664e-05,39.4876051643698,1.682103925273093,1.0994711121551174e-06,23.4234134565686,23.34059312348082,0.1156543337973215,39.38261320167744,39.25915940178511,0.2266389119872076,2.8195620298717387e-05,2.726706802952217e-05,1.8042166082854447e-06,-0.0698644615459527
2023-08-09,23.64503048166336,39.687224671206025,2.6578536342672168e-05,39.68719809266968,1.6784594421218164,1.124064372142964e-06,23.475143468439978,23.441514016050537,0.1171065558471889,39.487630974611896,39.42733114561806,0.1601616356982109,2.581024209724664e-05,2.7677433513853812e-05,1.296032139618898e-06,-0.0698644615459527
2023-08-10,23.5714301337597,39.62049317718351,2.220136150528629e-05,39.62047097582201,1.680869296107658,9.418758802203028e-07,23.64503048166336,23.49523576288012,0.1017665490088369,39.687224671206025,39.51202324483785,0.1238298647890465,2.6578536342672168e-05,2.624363249105034e-05,2.246816050020407e-06,-0.0698644615459527
2023-08-11,23.498062186845303,39.48365641771285,2.220748407503801e-05,39.48363421022878,1.6802941495242365,9.450772535392394e-07,23.5714301337597,23.522615945455392,0.0775445685940787,39.62049317718351,39.53232368847834,0.1082102998380863,2.220136150528629e-05,2.4998648863792103e-05,2.4079357051260577e-06,-0.0698644615459527
2023-08-14,23.49727944429641,39.45598839397526,1.9605429448079948e-05,39.45596878854581,1.6791726245377132,8.343701871766629e-07,23.498062186845303,23.53738914300095,0.0628893762940204,39.48365641771285,39.54699872693791,0.0904261118427682,2.220748407503801e-05,2.328061069366461e-05,2.572884969846423e-06,-0.0698644615459527
2023-08-15,23.47734683081346,39.43817403672271,1.977183144740821e-05,39.43815426489126,1.6798394776432335,8.4216634826292e-07,23.49727944429641,23.537829815475646,0.0624579098967845,39.45598839397526,39.53710733936008,0.0987051102609377,1.9605429448079948e-05,2.2072928563696926e-05,2.5186782829912025e-06,-0.0698644615459527
2023-08-16,23.501681277973024,39.48292687308339,2.023191999032024e-05,39.4829066411634,1.6800043539901466,8.6087117559894e-07,23.47734683081346,23.509159974737575,0.0322796766902359,39.43817403672271,39.49624777973555,0.0644457686740911,1.977183144740821e-05,2.0803605293226546e-05,1.1620331105909123e-06,-0.0698644615459527
2023-08-17,23.43983532914066,39.27074982528538,2.1955776529029188e-05,39.270727869508846,1.675385055989005,9.366864664673444e-07,23.501681277973024,23.48284101381377,0.0231291283799533,39.48292687308339,39.42629910935592,0.0796424657262446,2.023191999032024e-05,2.075448829797512e-05,1.1057412430306176e-06,-0.0698644615459527
2023-08-18,23.44996099088686,39.268487436693086,2.30902776783055e-05,39.268464346415406,1.6745651496799348,9.84661666911892e-07,23.43983532914066,23.473220774622085,0.0247444930712786,39.27074982528538,39.383265313151966,0.0938826255095632,2.1955776529029188e-05,2.093104701862861e-05,1.363977190029427e-06,-0.0698644615459527
2023-08-21,23.275826437894825,39.15182746752789,1.81284880681032e-05,39.15180933903982,1.6820810883769832,7.78854753728041e-07,23.44996099088686,23.42893017334177,0.079547303490948,39.268487436693086,39.32243312786248,0.1215251356140358,2.30902776783055e-05,2.0635658742633265e-05,1.7299116991596294e-06,-0.06849473316113941
2023-08-24,23.42434799911452,39.366718011250605,3.705885408438407e-05,39.36668095239652,1.6805897014823523,1.5820655535763455e-06,23.275826437894825,23.41833040700197,0.0758339183097261,39.15182746752789,39.30814192276807,0.1108023403432451,1.81284880681032e-05,2.409306327002844e-05,6.695817944680525e-06,-0.06849473316113941
2023-08-25,22.71216241811368,38.090135708191056,3.927934639242741e-05,38.09009642884466,1.6770809844954675,1.7294410663909688e-06,23.42434799911452,23.260426635030107,0.2813580532542839,39.366718011250605,39.0295836897896,0.4746370628635555,3.705885408438407e-05,2.790254855044987e-05,8.571158228384679e-06,-0.06849473316113941
2023-08-30,23.06158936769648,38.969552331808,4.0754884364158486e-05,38.96951157692364,1.689803409057079,1.7672192369033283e-06,22.71216241811368,23.18477744274127,0.2736956516072837,38.090135708191056,38.96934419109412,0.4590643484816565,3.927934639242741e-05,3.166237011747573e-05,9.235376702596056e-06,-0.06849473316113941
2023-08-31,23.16430701568595,39.26923651146213,3.559697349009801e-05,39.26920091448864,1.695247627518948,1.536716529702061e-06,23.06158936769648,23.12764664770109,0.2401348096427498,38.969552331808,38.96949400604794,0.4591620608107915,4.0754884364158486e-05,3.416370927983424e-05,8.211915258728754e-06,-0.06849473316113941
2023-09-01,23.324286388956924,39.46982985663376,3.682381545206069e-05,39.46979303281831,1.6922202548207894,1.5787756520386078e-06,23.16430701568595,23.13733863791351,0.2468051451079225,39.26923651146213,39.03309448386911,0.5002028306099128,3.559697349009801e-05,3.790277475662573e-05,1.855939299784654e-06,-0.06849473316113941
2023-09-06,23.38207887286388,39.607259563302414,3.558855144916604e-05,39.607223974750966,1.6939152322024156,1.522043939834127e-06,23.324286388956924,23.12888481266338,0.2373731120571432,39.46982985663376,39.08120279427948,0.539963552754505,3.682381545206069e-05,3.760871422958213e-05,2.070440671468346e-06,-0.06849473316113941
2023-09-07,23.422153491105643,39.74998842814818,1.1958890746913698e-05,39.74997646925743,1.6971107478756335,5.105803252230834e-07,23.38207887286388,23.27088302726177,0.1365734018971904,39.607259563302414,39.413173338270894,0.2727054220465592,3.558855144916604e-05,3.2144623100479385e-05,1.026912456252378e-05,-0.06515464246414959
2023-09-08,23.41328921486505,39.73349778401286,7.929527819810248e-06,39.73348985448504,1.6970489459800524,3.386763708012374e-07,23.422153491105643,23.34122299669549,0.0948668544462728,39.74998842814818,39.56596242871187,0.1794028196232351,1.1958890746913698e-05,2.557955179160973e-05,1.283750778284844e-05,-0.06515464246414959
2023-09-11,23.72251821819334,40.13182827964143,1.132819108578599e-05,40.13181695145035,1.691718725243234,4.775290288152521e-07,23.41328921486505,23.452865237196967,0.1391153712874616,39.73349778401286,39.73848078234773,0.2210302413780854,7.929527819810248e-06,2.072579531074733e-05,1.271979414124328e-05,-0.07216478707965977
2023-09-12,23.874838139921508,40.44804537643905,1.1761938925595948e-05,40.44803361450012,1.694170454240911,4.926499964801276e-07,23.72251821819334,23.56297558738988,0.1988328931355471,40.13182827964143,39.93412388630878,0.3111910380077582,1.132819108578599e-05,1.5713420005454383e-05,1.0045404449756592e-05,-0.07216478707965977
2023-09-13,23.93565095964196,40.508354800403545,1.3336317307108202e-05,40.50834146408624,1.6923857583278146,5.571737877359025e-07,23.874838139921508,23.673690004745502,0.2202487219795955,40.44804537643905,40.11434293372901,0.3300623100156024,1.1761938925595948e-05,1.1262973177042817e-05,1.7971163160465737e-06,-0.07216478707965977
2023-09-14,26.201094049588644,47.081029904650286,1.0533438727477546e-05,47.08101937121156,1.79691083950708,4.020228585700191e-07,23.93565095964196,24.229478116442102,1.0022520601472782,40.508354800403545,41.58055122902944,2.763977024560542,1.3336317307108202e-05,1.0977882773155589e-05,1.7770577831971223e-06,-0.07216478707965977
2023-09-15,26.06102285371757,47.05407038008178,1.085896980623709e-05,47.05405952111197,1.8055342894329096,4.1667473556925533e-07,26.201094049588644,24.759024844212608,1.1232843876302268,47.081029904650286,43.04466574824322,3.2871718483468184,1.0533438727477546e-05,1.1563771170440956e-05,9.792873047127871e-07,-0.07216478707965977
2023-09-18,26.191260732861924,47.24743403092074,1.185677039626075e-05,47.24742217415034,1.8039388982768527,4.526994907650312e-07,26.06102285371757,25.252773347146324,1.1015311899057556,47.05407038008178,44.467786898499085,3.2582131262605087,1.085896980623709e-05,1.1669487032535908e-05,9.766769658808595e-07,-0.07216478707965977
2023-09-19,26.29930187785692,47.47605029217317,9.574004800380022e-06,47.47604071816837,1.805220933721679,3.640402640665148e-07,26.191260732861924,25.7376660947334,0.9041865359144464,47.24743403092074,45.87338788164591,2.686727377428204,1.185677039626075e-05,1.123190020749272e-05,1.2802012938521047e-06,-0.07216478707965977
2023-09-20,26.19496506148433,47.21434476689936,7.703079949807573e-06,47.21433706381941,1.802420604726089,2.940671969489957e-07,26.29930187785692,26.18952891510188,0.0758026574480689,47.47605029217317,47.214585874945065,0.1503629756600563,9.574004800380022e-06,1.0105252736032596e-05,1.405126700412143e-06,-0.07216478707965977
2023-09-21,26.1685005451105,47.24626979590898,9.357653830575334e-06,47.24626043825515,1.8054633934590032,3.5759228215786257e-07,26.19496506148433,26.18301021420625,0.0759291605154566,47.21434476689936,47.2476338531968,0.1347226421655774,7.703079949807573e-06,9.870095756652154e-06,1.4121594864935807e-06,-0.07216478707965977
2023-09-22,26.12068078127088,46.84799944167048,9.809602993137142e-06,46.84798963206749,1.793521380011717,3.755492850772423e-07,26.1685005451105,26.19494179971691,0.0585122474529398,47.24626979590898,47.20641966551455,0.2022368660657403,9.357653830575334e-06,9.660222394032164e-06,1.324879271728273e-06,-0.07216478707965977
2023-09-25,26.143663352487145,46.822225110266,9.345816897793113e-06,46.8222157644491,1.7909588445573226,3.574792396836769e-07,26.12068078127088,26.185422323641955,0.0620986993154709,46.84799944167048,47.1213778813836,0.2507036110041191,9.809602993137142e-06,9.158031694338636e-06,7.469371618752855e-07,-0.07216478707965977
2023-09-26,26.01003834092063,46.64027885957796,8.904003497847944e-06,46.64026995557446,1.7931645562475214,3.42329502984223e-07,26.143663352487145,26.127569616254696,0.063777036698452,46.822225110266,46.95422359486456,0.23673718556707,9.345816897793113e-06,9.02403143383222e-06,7.199016557189737e-07,-0.07216478707965977
2023-09-27,25.9166117882932,46.49331858988485,8.55647004133663e-06,46.49331003341481,1.7939582137386632,3.301538839734319e-07,26.01003834092063,26.071898961616476,0.094659919978272,46.64027885957796,46.81001835946165,0.2533839478094865,8.904003497847944e-06,9.194709452138032e-06,4.287978247325551e-07,-0.07216478707965977
2023-09-28,26.101888448887365,46.94054701854387,7.915973488736008e-06,46.940539102570376,1.7983582724469418,3.032720603429534e-07,25.9166117882932,26.05857654237185,0.0842408112401972,46.49331858988485,46.74887380398864,0.1606525796600018,8.55647004133663e-06,8.906373383770169e-06,6.499637258339534e-07,-0.07216478707965977
2023-09-29,26.21182211966688,47.18027739867825,8.579039190387269e-06,47.18026881963906,1.7999617570759652,3.272965592098371e-07,26.101888448887365,26.076804810051044,0.1033909987865199,46.94054701854387,46.81532939539019,0.2380116375641004,7.915973488736008e-06,8.660260623220193e-06,4.691973394833889e-07,-0.07216478707965977
2023-10-02,26.15832235252219,47.13920934390871,9.289324806863169e-06,47.1392000545839,1.8020731111360255,3.551192879144059e-07,26.21182211966688,26.079736610058053,0.1054329748492575,47.18027739867825,46.87872624211873,0.2712941456695454,8.579039190387269e-06,8.648962205034204e-06,4.529518268337102e-07,-0.07216478707965977
2023-10-03,26.444455954639807,47.71875499735935,6.123637045794266e-06,47.71874887372231,1.8044899497728888,2.3156600598243147e-07,26.15832235252219,26.16662013280189,0.1708795949768858,47.13920934390871,47.094421469675005,0.3960231222569416,9.289324806863169e-06,8.092888914623468e-06,1.076286241152095e-06,-0.07216478707965977
2023-10-04,26.141627463972338,46.14487496140378,9.137240689889662e-06,46.14486582416309,1.7651875356650752,3.495283796880035e-07,26.444455954639807,26.21162326793772,0.1216496857441931,47.71875499735935,47.02473274397879,0.5099417366019205,6.123637045794266e-06,8.209043044334075e-06,1.148935561698732e-06,-0.07216478707965977
2023-10-05,26.017311136445173,45.94779297543536,9.843178796589204e-06,45.94778313225657,1.7660469498353146,3.783319015930448e-07,26.141627463972338,26.19470780544928,0.1401984591823162,46.14487496140378,46.82618193535709,0.6716848642517684,9.137240689889662e-06,8.594484105904714e-06,1.2993806568775815e-06,-0.07120980638129272
2023-10-06,25.95461461614173,45.52858150592101,5.934501640848703e-06,45.52857557141937,1.7541613381385297,2.286491912369953e-07,26.017311136445173,26.143266304744248,0.1687594380248287,45.94779297543536,46.49584275680565,0.8085253486715626,9.843178796589204e-06,8.065576595997002e-06,1.6803870301892937e-06,-0.1025647504373685
2023-10-11,26.10742675420772,45.783153368228334,5.629365690465698e-06,45.783147738862645,1.753644807635034,2.15623153651419e-07,25.95461461614173,26.133087185081354,0.169078949626907,45.52858150592101,46.22463156166957,0.7739243160124458,5.934501640848703e-06,7.333584772717508e-06,1.7819655777837043e-06,-0.1025647504373685
2023-10-12,26.71153092479468,47.32285379175141,5.366605347699748e-06,47.32284842514606,1.7716264157598134,2.009096881346571e-07,26.10742675420772,26.18650217911233,0.2706729751767771,45.783153368228334,46.14545132054798,0.6224361665624495,5.629365690465698e-06,7.182178433098603e-06,1.9061700742694445e-06,-0.1025647504373685
2023-10-13,26.5340650775446,47.00082025014291,6.103119482008288e-06,47.00081414702343,1.7713388473566016,2.3001072260025737e-07,26.71153092479468,26.264989701826774,0.3014312756346737,47.32285379175141,46.3166403782958,0.7102480008121648,5.366605347699748e-06,6.575354191522329e-06,1.6533809755392312e-06,-0.1171650048231168
2023-10-16,25.97820242279584,46.93508675540438,2.9848310471497028e-06,46.93508377057333,1.8067103332068464,1.1489752056633901e-07,26.5340650775446,26.257167959096915,0.3081883979067192,47.00082025014291,46.51409913428961,0.7174592429479388,6.103119482008288e-06,5.203684641634428e-06,1.1379046780566377e-06,-0.1171650048231168
2023-10-17,25.97931422472611,46.73057586452495,4.918751540030578e-06,46.73057094577341,1.798760947278916,1.8933338645825765e-07,25.97820242279584,26.26210788081379,0.3034609039923102,46.93508675540438,46.7544980060104,0.5216124840803142,2.9848310471497028e-06,5.000534621470803e-06,1.0784135583626194e-06,-0.1171650048231168
2023-10-18,25.94879963497519,46.630913621249,5.926268450509423e-06,46.63090769498055,1.797035480531336,2.2838314426389413e-07,25.97931422472611,26.230382456967284,0.3254676311556288,46.73057586452495,46.92405005661453,0.2401754039158771,4.918751540030578e-06,5.059915173479548e-06,1.1188211093298893e-06,-0.1171650048231168
2023-10-19,25.5545110614646,45.80357925301857,6.803538734211978e-06,45.80357244947984,1.7923872283390674,2.662363102094918e-07,25.94879963497519,25.99897848430127,0.3121554731182165,46.630913621249,46.62019514886797,0.4296958228733825,5.926268450509423e-06,5.347301850781994e-06,1.3260476703750438e-06,-0.1171650048231168
2023-10-20,25.60375119911497,45.791045112329726,5.556174127236111e-06,45.7910395561556,1.788450635854974,2.170062536550569e-07,25.5545110614646,25.812915708615343,0.1918308417306704,45.80357925301857,46.378240121305325,0.4843749868708569,6.803538734211978e-06,5.237912779827559e-06,1.280980063272817e-06,-0.1171650048231168
2023-10-23,25.592260625783428,45.750290604161314,4.642833933492711e-06,45.75028596132738,1.787661171208505,1.814155459488872e-07,25.60375119911497,25.735727349212866,0.1873894942381878,45.791045112329726,46.14128089105672,0.4419478878113392,5.556174127236111e-06,5.56951335709616e-06,7.658324147641992e-07,-0.1171650048231168
2023-10-24,25.62266181280204,45.719237087991296,3.4363095655346314e-06,45.71923365168173,1.784328163171098,1.3411212272324196e-07,25.592260625783428,25.66439686682805,0.1439327438559541,45.750290604161314,45.93901313574999,0.34724079814196,4.642833933492711e-06,5.273024962196971e-06,1.1506552107168345e-06,-0.1171650048231168
2023-10-25,25.49183800784008,45.10232104370309,9.615765973408358e-06,45.10231142793712,1.769284781655672,3.772095982428182e-07,25.62266181280204,25.573004541401023,0.0462860957960048,45.719237087991296,45.6332946202408,0.2671663080950031,3.4363095655346314e-06,6.010924466776758e-06,2.113302207962291e-06,-0.1171650048231168
2023-10-26,25.54264391872937,45.1280922876953,1.182105304040114e-05,45.12808046664226,1.7667745136831636,4.627967675551882e-07,25.49183800784008,25.570631112853977,0.0474628404411203,45.10232104370309,45.49819722717614,0.3136447651373613,9.615765973408358e-06,7.01442732801459e-06,3.175673088132276e-06,-0.1171650048231168
2023-10-27,24.821168193512506,43.84442112264924,1.0647382353457728e-05,43.84441047526688,1.7664124742569058,4.289637889098478e-07,25.54264391872937,25.414114511733484,0.2997912945153766,45.1280922876953,45.10887242924005,0.6903928913474682,1.182105304040114e-05,8.032668973258913e-06,3.355958205705337e-06,-0.1171650048231168
2023-10-30,24.93566069064164,44.09647724954505,1.061445496932597e-05,44.09646663509008,1.768410221674795,4.256737008500272e-07,24.821168193512506,25.28279452470513,0.3347630288238723,43.84442112264924,44.7781097583168,0.6999598166301241,1.0647382353457728e-05,9.226993180425566e-06,2.978417807016005e-06,-0.1171650048231168
2023-10-31,25.000793326495813,44.03024049821411,9.908331518818867e-06,44.03023058988259,1.7611537331317768,3.963206842847674e-07,24.93566069064164,25.158420827443884,0.2989990791817378,44.09647724954505,44.44031044036136,0.5572727533218806,1.061445496932597e-05,1.0521397571082412e-05,7.628439862246303e-07,-0.1171650048231168
2023-11-01,24.524909795215688,42.940848176969446,2.9947161551577e-05,42.940818229807896,1.7509074869399248,1.221091608557887e-06,25.000793326495813,24.965035184919007,0.3317171761773271,44.03024049821411,44.00801586701464,0.6969218977258425,9.908331518818867e-06,1.458767668671614e-05,7.704241210406037e-06,-0.1171650048231168
2023-11-02,24.52769585836617,42.78205569987029,2.5962733059844445e-05,42.78202973713723,1.7442345969598172,1.0585068083755122e-06,24.524909795215688,24.762045572846365,0.2008936778417585,42.940848176969446,43.53880854944963,0.5614499562072826,2.9947161551577e-05,1.7416012690604803e-05,8.700769408249352e-06,-0.1171650048231168
2023-11-03,24.579754848844136,42.85735403732708,2.9941119572693693e-05,42.85732409620751,1.7436038032471446,1.218121163405406e-06,24.52769585836617,24.713762903912688,0.2096996386119751,42.78205569987029,43.3413951323852,0.5919883761755705,2.5962733059844445e-05,2.1274760134451995e-05,9.111873880464678e-06,-0.1171650048231168
2023-11-06,25.042668819901365,43.99317201754327,3.423319443154328e-05,43.99313778434884,1.7567285792871237,1.3669946553115866e-06,24.579754848844136,24.735164529764635,0.2351680327091998,42.85735403732708,43.320734085984846,0.5665299458660417,2.9941119572693693e-05,2.5998508026895455e-05,8.459801067744935e-06,-0.1171650048231168
2023-11-07,25.101972080206725,44.00731105915989,2.9824283200132417e-05,44.007281234876686,1.7531415826033965,1.188125104467362e-06,25.042668819901365,24.755400280506816,0.2601775207082861,43.99317201754327,43.316148198174,0.5608322988344349,3.423319443154328e-05,2.998169836315817e-05,2.617438437469818e-06,-0.1171650048231168
2023-11-08,24.92703728335631,43.79038957880962,2.87633965623669e-05,43.79036081541305,1.7567426518051663,1.1539035399755316e-06,25.101972080206725,24.83582577813494,0.2376778513043748,44.00731105915989,43.486056478542025,0.5499772721817827,2.9824283200132417e-05,2.9744945365316152e-05,2.662995548109021e-06,-0.1171650048231168
2023-11-09,24.498748574744592,43.22855955614079,3.1289690828491923e-05,43.22852826644996,1.7645211315285094,1.2771954752312538e-06,24.92703728335631,24.830036321410624,0.2453418877999665,43.79038957880962,43.57535724979613,0.4567689633776394,2.87633965623669e-05,3.081033691904564e-05,1.8901608002916968e-06,-0.1171650048231168
2023-11-14,24.69365770143119,43.82327140934418,2.5057753606198333e-05,43.823246351590576,1.774677204131014,1.0147445108849162e-06,24.498748574744592,24.85281689192804,0.2255334786936124,43.22855955614079,43.76854072419955,0.2837333159856722,3.1289690828491923e-05,2.983366372574657e-05,3.01432455446648e-06,-0.1171650048231168
2023-11-15,24.728345212811856,44.01951117982435,3.6801505589596565e-05,44.01947437831876,1.7801236112239998,1.488231633491171e-06,24.69365770143119,24.789952170510134,0.2068895011402277,43.82327140934418,43.773808556655766,0.2880663723361123,2.5057753606198333e-05,3.034732595735723e-05,3.82900686773362e-06,-0.1171650048231168
2023-11-16,24.533273099774178,43.65008808017621,3.201338267289079e-05,43.65005606679354,1.7792199150376715,1.3048965192168129e-06,24.728345212811856,24.676212374423624,0.1535319795013733,44.01951117982435,43.702363960859024,0.2646404582206818,3.6801505589596565e-05,3.0785145851908903e-05,3.8691137982468544e-06,-0.1171650048231168
2023-11-17,24.74963061626461,44.23608731782286,1.8760706331048826e-05,44.236068557116525,1.7873433346820302,7.580196497445877e-07,24.533273099774178,24.640731041005285,0.1039642456195988,43.65008808017621,43.79150350866168,0.342798972599728,3.201338267289079e-05,2.878460780564529e-05,6.250425923842779e-06,-0.1171650048231168
2023-11-20,24.651042435937367,44.10267726107929,1.0409210774897247e-05,44.10266685186852,1.7890796048764446,4.222624987137357e-07,24.74963061626461,24.67118981324384,0.0766178072576347,44.23608731782286,43.96632704964938,0.2072016101161558,1.8760706331048826e-05,2.4608511794926357e-05,9.375713378509047e-06,-0.1171650048231168
2023-11-21,24.453158596697875,43.90914885142757,3.369828663700616e-05,43.90911515314093,1.7956432367537585,1.378075004247375e-06,24.651042435937367,24.623089992297174,0.1138562984276624,44.10267726107929,43.983502538066055,0.1979858476208083,1.0409210774897247e-05,2.633661840108792e-05,1.0069860307305072e-05,-0.1171650048231168
2023-11-22,24.107557893312904,43.52091591753006,3.720606051515852e-05,43.52087871146955,1.8052809874036289,1.5433359397004271e-06,24.453158596697875,24.498932528397383,0.2201979054785167,43.90914885142757,43.8837834856072,0.2679411470423229,3.369828663700616e-05,2.6417529386200303e-05,1.015488658832339e-05,-0.1171650048231168
2023-11-27,24.308566597777,43.900368795493385,3.544194823876635e-05,43.90033335354514,1.8059628739897828,1.4580023917168151e-06,24.107557893312904,24.453991227997957,0.23125609102298,43.52091591753006,43.93383962867064,0.2417005312713782,3.720606051515852e-05,2.710324249937542e-05,1.0614934360240175e-05,-0.1171650048231168
2023-11-28,24.22968265263904,43.70578948078968,3.220751755929397e-05,43.70575727327213,1.8038118826137144,1.3292587451939249e-06,24.308566597777,24.35000163527284,0.1877441931380658,43.900368795493385,43.827780061264,0.1982451912367805,3.544194823876635e-05,2.979260474502445e-05,9.835410770139764e-06,-0.1171650048231168
2023-11-29,24.12693031272225,43.15254621891982,2.7582252257243568e-05,43.15251863666756,1.7885634707605245,1.1432143210816714e-06,24.22968265263904,24.24517921062981,0.1268352932151144,43.70578948078968,43.6377538528321,0.2815415604020291,3.220751755929397e-05,3.322721304149371e-05,3.2821806974972904e-06,-0.1171650048231168
2023-11-30,24.099921360675697,43.29696172958091,2.5322172329613564e-05,43.29693640740858,1.7965602908659024,1.050715973328122e-06,24.12693031272225,24.174531763425374,0.0816395332989355,43.15254621891982,43.51531642846277,0.2697619924097708,2.7582252257243568e-05,3.1551990180015194e-05,4.518837257549868e-06,-0.1171650048231168
2023-12-01,24.265082086241787,43.69960309986581,2.547220856915829e-05,43.69957762765724,1.8009254180369465,1.0497474716395434e-06,24.099921360675697,24.206036602011157,0.0800951364304695,43.29696172958091,43.55105386492992,0.2797863698957614,2.5322172329613564e-05,2.9205219790815152e-05,3.988935386388939e-06,-0.1171650048231168
2023-12-04,24.003474914758566,43.34044932752866,3.010448527450115e-05,43.34041922304338,1.8055906272504207,1.2541719639097492e-06,24.265082086241787,24.145018265407465,0.093785717996438,43.69960309986581,43.43906997133698,0.2240684949900173,2.547220856915829e-05,2.813772719796211e-05,2.6747793210509715e-06,-0.1171650048231168
2023-12-05,24.02908938185308,43.37725600666823,3.018061054281387e-05,43.37722582605769,1.8051976634381748,1.2560030912201966e-06,24.003474914758566,24.10489961125028,0.0918724333197718,43.34044932752866,43.37336327651269,0.1800712486862599,3.010448527450115e-05,2.773234579466609e-05,2.124181275051613e-06,-0.1171650048231168
2023-12-06,23.798081605306304,42.90336477792047,3.25169281283776e-05,42.90333226099234,1.802807700615424,1.3663676202004129e-06,24.02908938185308,24.039129869767088,0.1511465265963667,43.37725600666823,43.32352698831282,0.2537118092105233,3.018061054281387e-05,2.871928096889289e-05,2.8481652091780603e-06,-0.1171650048231168
2023-12-07,23.49388724516901,42.10936706745332,3.145364940121399e-05,42.10933561380392,1.792354182516653,1.338801411319522e-06,23.798081605306304,23.91792304666575,0.2585980692081157,42.90336477792047,43.0860080558873,0.550136491211327,3.25169281283776e-05,2.9945576383212977e-05,2.4073905663420017e-06,-0.1171650048231168
2023-12-08,23.53246773184304,42.12608940350013,3.394208036393311e-05,42.12605546141977,1.7901263005450578,1.4423510849227371e-06,23.49388724516901,23.771400175786,0.2258656456844655,42.10936706745332,42.77130531661417,0.5591076221063657,3.145364940121399e-05,3.163955074216794e-05,1.4553986064770488e-06,-0.1171650048231168
2023-12-11,23.52033296064577,42.17521474637999,4.440060313929778e-05,42.175170345776856,1.7931385077306334,1.8877540217474332e-06,23.53246773184304,23.674771784963443,0.2085987928951581,42.12608940350013,42.53825840038444,0.5143639572187026,3.394208036393311e-05,3.449877431512727e-05,5.103002265532078e-06,-0.1171650048231168
2023-12-12,23.489340090740967,42.15100925686647,4.5015621983919015e-05,42.15096424124449,1.794473965383198,1.9164276991188563e-06,23.52033296064577,23.56682192674102,0.1167436304831499,42.17521474637999,42.29300905042408,0.3059934966478553,4.440060313929778e-05,3.74657766033483e-05,5.969006521066078e-06,-0.11249387590787248
2023-12-13,23.879735886955533,42.97702939794788,5.01871773372748e-05,42.976979210770544,1.7997280037516818,2.101663836436729e-06,23.489340090740967,23.583152783070865,0.1491616569474982,42.15100925686647,42.30774197442956,0.3353876940032494,4.5015621983919015e-05,4.099982644512774e-05,7.113938265499378e-06,-0.11249387590787248
2023-12-14,23.80649055577786,43.004176016989845,6.198198717099362e-05,43.00411403500267,1.8064055227389528,2.603575147952689e-06,23.879735886955533,23.645673445192635,0.1634706444697136,42.97702939794788,42.48670376433687,0.4118144453826375,5.01871773372748e-05,4.710549399908367e-05,9.118840709233598e-06,-0.11249387590787248
2023-12-15,24.27881940856156,43.78462445230296,6.831320447843472e-05,43.78455613909848,1.803408300687923,2.813695482011168e-06,23.80649055577786,23.79494378053634,0.2864483794138166,43.004176016989845,42.81841077409743,0.6086646663831192,6.198198717099362e-05,5.3979718821984e-05,9.54969078105593e-06,-0.11249387590787248
2023-12-18,24.323120489990128,44.01986119113182,6.882020112406512e-05,44.019792370930695,1.809794973027726,2.829414965583351e-06,24.27881940856156,23.95550128640521,0.3114255419513114,43.78462445230296,43.18734006304779,0.6635663122567325,6.831320447843472e-05,5.8863638418937455e-05,9.645725215011174e-06,-0.11249387590787248
2023-12-19,24.45570956157807,44.36000877495308,5.067377448524408e-05,44.35995810117859,1.813891707507285,2.0720631457308743e-06,24.323120489990128,24.14877518057263,0.2573159179971077,44.01986119113182,43.62913996666512,0.5526003705517998,6.882020112406512e-05,5.999526891920247e-05,8.174392316738132e-06,-0.11249387590787248
2023-12-20,24.505883551660133,44.6813131890157,2.512848166797185e-05,44.68128806053403,1.8232892152133315,1.0254060668736649e-06,24.45570956157807,24.274004713513552,0.2481086358276431,44.36000877495308,43.96999672487868,0.5705680495032344,5.067377448524408e-05,5.498352978534188e-05,1.629730036388521e-05,-0.11249387590787248
2023-12-21,24.514853831383626,44.300656782040136,3.415519035935806e-05,44.30062262684978,1.8070944696120097,1.3932447076487558e-06,24.505883551660133,24.415677368634704,0.0968220839595875,44.6813131890157,44.22929287788874,0.305971715802542,2.512848166797185e-05,4.941817042301477e-05,1.76521114264523e-05,-0.11249387590787248
2023-12-22,24.72821166159891,44.611161823068045,3.3739775420489886e-05,44.61112808329263,1.8040593648082484,1.3644244024684272e-06,24.514853831383626,24.505555819242176,0.1307130317425595,44.300656782040136,44.39460035204176,0.2364548717539865,3.415519035935806e-05,4.25034846114258e-05,1.5541625060425168e-05,-0.11249387590787248
2023-12-28,24.235047659492256,43.56494971711911,3.028703031327172e-05,43.5649194300888,1.7976011571842658,1.2497202703626232e-06,24.72821166159891,24.4879412531426,0.1573341245720439,44.611161823068045,44.30361805723921,0.3964987715873329,3.3739775420489886e-05,3.479685044926712e-05,8.57230056238876e-06,-0.11249387590787248
2023-12-29,24.41830436268546,43.89932165740152,5.965938438260747e-05,43.89926199801714,1.797803852608445,2.443223882235461e-06,24.235047659492256,24.48046021336408,0.1595623505497744,43.56494971711911,44.2114806337289,0.4251789085016177,3.028703031327172e-05,3.659397242873979e-05,1.1977832227548185e-05,-0.11249387590787248
2024-01-03,24.21687333101961,43.2994875054713,6.663830459404094e-05,43.2994208671667,1.7879883547975863,2.751730319730555e-06,24.41830436268546,24.422658169235973,0.1894344400851445,43.89932165740152,43.93511549702002,0.4760222501552317,5.965938438260747e-05,4.489593701395362e-05,1.512569774496017e-05,-0.11249387590787248
2024-01-04,24.23635670858991,43.15789320108311,4.579656952665115e-05,43.15784740451359,1.7807087806141666,1.8895814283183832e-06,24.21687333101961,24.36695874467723,0.1949990256852527,43.2994875054713,43.70656278082862,0.518123201385374,6.663830459404094e-05,4.722421284741224e-05,1.415822601741377e-05,-0.11249387590787248
2024-01-05,24.226626991115698,43.20353984962346,2.670072797327316e-05,43.20351314889549,1.7833080876453378,1.1021232127388083e-06,24.23635670858991,24.266641810580587,0.0761511586667654,43.15789320108311,43.4250383861397,0.2759387530384313,4.579656952665115e-05,4.581640335796889e-05,1.5695544340139673e-05,-0.11249387590787248
2024-01-08,23.63139377818094,41.64358589635309,3.017974987185473e-05,41.64355571660322,1.7622145476160171,1.2771040995355908e-06,24.226626991115698,24.145911034318324,0.267827282191946,43.20353984962346,43.040765621986495,0.7478477095803298,2.670072797327316e-05,4.579494726968549e-05,1.5716817514568712e-05,-0.11249387590787248
2024-01-09,23.666272734973308,41.70600603292994,2.8795754624338465e-05,41.70597723717532,1.7622549397606686,1.2167422790571058e-06,23.63139377818094,23.995504708775893,0.28333786350411,41.64358589635309,42.60210249709218,0.7587778321146827,3.017974987185473e-05,3.962222131803169e-05,1.5108467623790268e-05,-0.11249387590787248
2024-01-10,23.581763492597823,41.49039186379285,3.0008335044144163e-05,41.490361855457806,1.7594270198162425,1.2725229414485308e-06,23.666272734973308,23.868482741091533,0.2976261245770421,41.70600603292994,42.240283368756494,0.7711949515750353,2.8795754624338465e-05,3.2296227408052333e-05,6.863469815789469e-06,-0.11249387590787248
2024-01-11,23.65213311309935,41.56897035974788,2.4428854346961223e-05,41.568945930893534,1.7575146461832476,1.0328393735206782e-06,23.581763492597823,23.751638021993426,0.2392149718631782,41.49039186379285,41.92249880048945,0.6445814858049227,3.0008335044144163e-05,2.802268437211435e-05,2.1843333410606752e-06,-0.11249387590787248
2024-01-12,23.44343020780853,41.35048665888396,1.724251029274923e-05,41.35046941637366,1.7638411398137015,7.354943427607323e-07,23.65213311309935,23.594998665331996,0.0810149485931227,41.56897035974788,41.55188816234154,0.1239330095237925,2.4428854346961223e-05,2.6131040836009563e-05,4.907740189677564e-06,-0.11249387590787248
2024-01-17,28.382069635231577,47.273800071977,0.0001382554439718,47.27366181653303,1.6656220169826697,4.871224887707944e-06,23.44343020780853,24.54513383674212,1.9200914955460429,41.35048665888396,42.677930997466326,2.3008173351561023,1.724251029274923e-05,4.7746179655998615e-05,4.5474934131915577e-05,-0.07996955549305752
2024-01-18,28.225430663946764,46.858696691027205,4.513568342488065e-05,46.85865155534378,1.660158785491316,1.5991140741931668e-06,28.382069635231577,25.456965422536808,2.325887376990009,47.273800071977,43.70846912908578,2.7456482474247195,0.0001382554439718,5.101416541610706e-05,4.4573861395578166e-05,-0.07996955549305752
2024-01-19,28.08319361817615,46.52812072768327,4.001943449586568e-05,46.52808070824878,1.6567959242914987,1.425031463300673e-06,28.225430663946764,26.35725144765248,2.29681858554997,46.858696691027205,44.71601490186386,2.6701216247347745,4.513568342488065e-05,5.301638530645136e-05,4.380351669559753e-05,-0.07996955549305752
2024-01-22,28.12590331960843,46.57514496293316,3.815018990107252e-05,46.57510681274326,1.655951968321762,1.356407631340875e-06,28.08319361817615,27.25200548895429,1.907061527206038,46.52812072768327,45.717249822500925,2.1994483788793726,4.001943449586568e-05,5.576065241727362e-05,4.233164821761814e-05,-0.058216412045330505
2024-01-23,28.29038878958281,46.70991889254239,4.333157131159477e-05,46.70987556097108,1.6510879097477122,1.5316711139562168e-06,28.12590331960843,28.22139720530915,0.1084537237072758,46.57514496293316,46.78913626923261,0.2683037229839299,3.815018990107252e-05,6.097846462104272e-05,3.8715756915081385e-05,-0.058216412045330505
2024-01-24,28.28810942313559,46.6888924626955,4.3882646592929255e-05,46.688848580048905,1.6504776535016767,1.5512753410462837e-06,28.29038878958281,28.20260516288995,0.0844751287759749,46.70991889254239,46.672154747376304,0.1154650385307105,4.333157131159477e-05,4.210390514526858e-05,2.601524437271633e-06,-0.058216412045330505
2024-01-25,28.16920746432161,46.50278500001803,4.386828351622043e-05,46.50274113173451,1.6508375345283413,1.5573133738953382e-06,28.28810942313559,28.19136052296492,0.0844303618901816,46.6888924626955,46.60097240917448,0.0839219444891979,4.3882646592929255e-05,4.185042516353654e-05,2.342636889578372e-06,-0.058216412045330505
2024-01-26,27.85593916100471,45.73412487269292,3.2058933478497446e-05,45.73409281375944,1.641808757850668,1.150883238694622e-06,28.16920746432161,28.14590963153063,0.1588212348216254,46.50278500001803,46.4421732381764,0.3620071447620622,4.386828351622043e-05,4.025832496006289e-05,4.6322047727976825e-06,-0.058216412045330505
2024-01-29,27.7390460474634,45.51983326643077,2.7483350192208545e-05,45.51980578308058,1.641002116242326,9.90782096297856e-07,27.85593916100471,28.068538177101622,0.2286162447737789,45.73412487269292,46.23111089887592,0.5030981718976685,3.2058933478497446e-05,3.81249570182901e-05,6.975472146071412e-06,-0.058216412045330505
2024-01-30,27.70069235497877,45.33938024598956,1.810906305712413e-05,45.3393621369265,1.636759820475769,6.537404489772367e-07,27.7390460474634,27.950598890180817,0.2357419837323511,45.51983326643077,45.95700316956536,0.5395906001763059,2.7483350192208545e-05,3.3080455367395967e-05,9.895233725780272e-06,-0.058216412045330505
2024-01-31,27.465997500533163,44.84337393368029,2.148329832566109e-05,44.84335245038197,1.632686886132929,7.821779757041071e-07,27.70069235497877,27.78617650566033,0.2296183611152649,45.33938024598956,45.58789946376231,0.5438953002968216,1.810906305712413e-05,2.860058571394233e-05,9.02262498452724e-06,-0.05519139091607681
2024-02-01,27.345730949423253,44.68620912130501,2.552183800832356e-05,44.686183599467,1.6341201192958963,9.333024615625365e-07,27.465997500533163,27.621481202680663,0.1872323782920348,44.84337393368029,45.224584288019706,0.3987858656049139,2.148329832566109e-05,2.4931296612362963e-05,4.81864061235905e-06,-0.05519139091607681
2024-02-02,27.22510871995607,44.40600785990217,2.706247192488537e-05,44.405980797430246,1.631068155380862,9.9402622054723e-07,27.345730949423253,27.49531511447093,0.198912553235582,44.68620912130501,44.95896088546156,0.4129909525253575,2.552183800832356e-05,2.3932004301640547e-05,3.6011737547987468e-06,-0.06042073726933276
2024-02-05,27.32760435794064,44.53075870936987,3.196608225685112e-05,44.530726743287616,1.6295156401600377,1.1697359870318332e-06,27.22510871995607,27.41302677656638,0.1629087453494112,44.40600785990217,44.76114597404938,0.324324903246589,2.706247192488537e-05,2.482855071456906e-05,4.748844820891325e-06,-0.06042073726933276
2024-02-06,27.152616102235367,44.174758541560834,2.4658680825846224e-05,44.174733882880005,1.6269061653298336,9.081511974021602e-07,27.32760435794064,27.303411526017697,0.1074067177550194,44.53075870936987,44.52822163316363,0.2298520477083321,3.196608225685112e-05,2.613847426831348e-05,3.4367274690264677e-06,-0.06042073726933276
2024-02-07,27.395214774132096,44.37084424012753,2.751825962633549e-05,44.370816721867904,1.6196567395421428,1.0044914724420987e-06,27.152616102235367,27.28925498073749,0.0879461351946602,44.174758541560834,44.433715694453085,0.1702642817731617,2.4658680825846224e-05,2.734546652844836e-05,2.529998872681387e-06,-0.06042073726933276
2024-02-08,27.1997696917071,44.06691324446018,3.67096283884181e-05,44.06687653483179,1.6201208224897463,1.349630118361276e-06,27.395214774132096,27.260062729194253,0.0885773759392579,44.37084424012753,44.30985651908412,0.1667544652119521,2.751825962633549e-05,2.9583024604467265e-05,4.273945416623083e-06,-0.06042073726933276
2024-02-09,27.20114144557944,44.10832740998334,2.577710480909458e-05,44.10830163287853,1.6215616355008349,9.476479088447854e-07,27.1997696917071,27.25526927431893,0.0909558205880279,44.06691324446018,44.25032042910036,0.1747463474649429,3.67096283884181e-05,2.9325951181309103e-05,4.452739675192277e-06,-0.06042073726933276
2024-02-12,27.1054941701432,44.08953993822109,2.6564657844880127e-05,44.08951337356324,1.6265905229938908,9.80046985239664e-07,27.20114144557944,27.21084723675944,0.0986898544915431,44.10832740998334,44.16207667487059,0.11040957038748,2.577710480909458e-05,2.8245666298914908e-05,4.334831593805455e-06,-0.06042073726933276
2024-02-13,27.1427624103089,44.04175188843067,2.80540837390924e-05,44.041723834346925,1.6225965221470413,1.033575113505668e-06,27.1054941701432,27.20887649837415,0.0999236672803121,44.08953993822109,44.13547534424456,0.1197751532659661,2.6564657844880127e-05,2.8924746881564143e-05,3.970347884955142e-06,-0.06042073726933276
2024-02-14,27.055490207186,43.94085389663726,3.131620456081957e-05,43.940822580432695,1.6241011920370407,1.1574805823515227e-06,27.1427624103089,27.14093158498493,0.0559402206795645,44.04175188843067,44.0494772755465,0.0587044944106514,2.80540837390924e-05,2.968433586846096e-05,3.991849143575355e-06,-0.05388732408107405
2024-02-15,27.22083771225766,44.14637253875319,4.07528953752422e-05,44.14633178585782,1.6217859643193089,1.4971212791475189e-06,27.055490207186,27.14514518909504,0.0607961109339809,43.94085389663726,44.06536913440512,0.0707856079299672,3.131620456081957e-05,3.049298926582578e-05,5.469240731658524e-06,-0.05388732408107405
2024-02-16,27.08335378940013,43.68554842401573,4.295130750963895e-05,43.68550547270822,1.6130036465835835,1.5858932332984998e-06,27.22083771225766,27.121587657859173,0.0572514549506432,44.14637253875319,43.98081333721159,0.1623101696474742,4.07528953752422e-05,3.3927829805934655e-05,6.686440764400592e-06,-0.05388732408107405
2024-02-21,27.17485238280612,43.8078010765085,3.529838517014309e-05,43.807765778123326,1.6120713540370972,1.2989356730591418e-06,27.08335378940013,27.13545930039176,0.0600077723530534,43.68554842401573,43.92446556486907,0.1636822331236084,4.295130750963895e-05,3.567457527098724e-05,5.5847824050555305e-06,-0.05388732408107405
2024-02-22,27.146763580967047,43.75187950014463,3.3781203624449564e-05,43.751845718941006,1.6116793948439456,1.2443915652668818e-06,27.17485238280612,27.13625953452339,0.0601263888578307,43.8078010765085,43.86649108721186,0.1632078643607603,3.529838517014309e-05,3.681999924805868e-05,4.356649105151232e-06,-0.0655523768939508
2024-02-23,27.1075288158425,43.705332964270944,3.41250708326112e-05,43.70529883920011,1.6122949923317305,1.2588779694542804e-06,27.146763580967047,27.14666725625469,0.0486540435824632,43.75187950014463,43.8193869007386,0.1688384590036687,3.3781203624449564e-05,3.738177250241701e-05,3.749530487557623e-06,-0.0655523768939508
2024-02-26,27.0772883886716,43.70663452499597,3.500474121546388e-05,43.70659952025476,1.614143702191451,1.2927712964828825e-06,27.1075288158425,27.11795739153748,0.0374885818553839,43.705332964270944,43.73143929798716,0.0439356639026737,3.41250708326112e-05,3.623214167046135e-05,3.4050682064290305e-06,-0.0655523768939508
2024-02-27,26.920462508451102,43.37064444293588,3.4218379648729924e-05,43.37061022455623,1.6110660962574692,1.2710918186486506e-06,27.0772883886716,27.08537913534768,0.0889124001815439,43.70663452499597,43.668458501771184,0.1535485359555572,3.500474121546388e-05,3.448555609827953e-05,5.705592963382254e-07,-0.0655523768939508
2024-02-28,27.139135592254394,43.55526650814056,3.687719071028929e-05,43.55522963094985,1.6048877592317785,1.3588196493927453e-06,26.920462508451102,27.07823577723733,0.0826513537132395,43.37064444293588,43.6179515880976,0.1403759930429542,3.4218379648729924e-05,3.480131720630878e-05,1.1125097018694622e-06,-0.0655523768939508
2024-02-29,27.142033263384626,43.59071964998381,3.753858383086295e-05,43.59068211139998,1.6060226301759393,1.3830424370418693e-06,27.139135592254394,27.077289713720848,0.0818850603308866,43.55526650814056,43.58571961806543,0.1233997491742711,3.687719071028929e-05,3.555279324759146e-05,1.4011998311923048e-06,-0.0655523768939508
2024-03-01,27.173189998271777,43.64427211081505,3.148175600234506e-05,43.64424062905905,1.6061519502712358,1.158559447909771e-06,27.142033263384626,27.0904219502067,0.0904941971964937,43.59071964998381,43.573507447374254,0.1135894772706776,3.753858383086295e-05,3.502413028153823e-05,2.142630865745652e-06,-0.0655523768939508
2024-03-04,27.45775854820461,44.02982734027422,4.2196075772800456e-05,44.02978514419844,1.6035477645772076,1.5367633049406192e-06,27.173189998271777,27.1665159821133,0.1713231893015422,43.64427211081505,43.63814601042991,0.2163918452362572,3.148175600234506e-05,3.646239719300554e-05,3.579041849011565e-06,-0.0655523768939508
2024-03-05,27.37974120565981,43.678499563972885,6.63550539755704e-05,43.67843320891891,1.5952853328994898,2.423509173339221e-06,27.45775854820461,27.258371721555044,0.1337860050046672,44.02982734027422,43.6997170346373,0.1704368029422038,4.2196075772800456e-05,4.288973205837364e-05,1.2214989563714168e-05,-0.0655523768939508
2024-03-08,27.302015911848443,43.635793781378304,4.682855058501302e-05,43.63574695282772,1.598262704199853,1.7152048675164134e-06,27.37974120565981,27.29094778547385,0.1198958187670444,43.678499563972885,43.71582248928485,0.1594784112918129,6.63550539755704e-05,4.488000403331839e-05,1.1879289334470812e-05,-0.0655523768939508
2024-03-11,27.32638608279639,43.66981498694608,3.812168367278481e-05,43.669776865262406,1.5980823389756198,1.395050320861298e-06,27.302015911848443,27.327818349356203,0.0939767869339509,43.635793781378304,43.7316415566773,0.1499210283750988,4.682855058501302e-05,4.4996624001702754e-05,1.1809301570218387e-05,-0.0655523768939508
2024-03-12,27.273727452287872,43.55001998874568,4.459254537494334e-05,43.54997539620031,1.5967755073057484,1.6350000363152662e-06,27.32638608279639,27.347925840159423,0.0650423318565798,43.66981498694608,43.71279113226343,0.1648986689515638,3.812168367278481e-05,4.761878187622241e-05,9.802357683576304e-06,-0.0830297751043534
2024-03-13,27.219099921326933,43.53248260517247,4.6494423524837365e-05,43.53243611074895,1.5993358608843469,1.7081543349788609e-06,27.273727452287872,27.30019411478389,0.0534674297803333,43.55001998874568,43.613322185243085,0.060805765771303,4.459254537494334e-05,4.84784514266298e-05,9.47200466978973e-06,-0.1034294272488792
2024-03-14,26.96512773301953,43.1304200632084,4.623979177456255e-05,43.13037382341663,1.599488809778343,1.714799656518618e-06,27.219099921326933,27.217271420255837,0.1310379368117826,43.53248260517247,43.50370628509019,0.1935741959513494,4.6494423524837365e-05,4.445539898642822e-05,3.259088399676219e-06,-0.1034294272488792
2024-03-15,26.88136991153556,43.00301681565633,3.5743947145865217e-05,43.00298107170919,1.5997330849274356,1.329692172069195e-06,26.96512773301953,27.133142220193257,0.1766999080978034,43.1304200632084,43.37715089194579,0.2609660311794273,4.623979177456255e-05,4.223847829859866e-05,4.445045420790677e-06,-0.1034294272488792
2024-03-18,26.87955292155057,42.971098706124586,4.247309207174338e-05,42.97105623303251,1.5986537734291215,1.5801264327462363e-06,26.88136991153556,27.043775587944094,0.1692020418100104,43.00301681565633,43.23740763578149,0.2538115694914518,3.5743947145865217e-05,4.310875997839038e-05,3.9525242209246085e-06,-0.1034294272488792
2024-03-19,26.746829845740788,42.69587494758582,3.993954710785421e-05,42.69583500803871,1.5962966524941191,1.493244146622268e-06,26.87955292155057,26.938396066634677,0.1567937186904266,42.971098706124586,43.066578627549525,0.2726609553748472,4.247309207174338e-05,4.217816032497255e-05,4.040407185569691e-06,-0.1034294272488792
2024-03-22,26.688975284809445,42.51331407962127,4.8806906160914086e-05,42.51326527271511,1.5929166866072433,1.828729115302284e-06,26.746829845740788,26.83237113933118,0.1001309117331093,42.69587494758582,42.86274492243928,0.2249507634413249,3.993954710785421e-05,4.264065685218789e-05,4.601414549561723e-06,-0.1034294272488792
2024-03-25,26.69099838253405,42.48734501729965,4.5657778777461945e-05,42.48729935952088,1.5918229962166703,1.7106058800460345e-06,26.688975284809445,26.77754526923408,0.0865604533949368,42.51331407962127,42.73412991325753,0.2188973433932692,4.8806906160914086e-05,4.252425425276778e-05,4.515453110848232e-06,-0.1034294272488792
2024-03-26,26.711842764088235,42.56632321290692,4.315207196684377e-05,42.56628006083496,1.5935375027788674,1.6154659320194114e-06,26.69099838253405,26.743639839744617,0.0710674785661742,42.48734501729965,42.64679119270765,0.1773690483639386,4.5657778777461945e-05,4.400587921696348e-05,3.013042048392471e-06,-0.1034294272488792
2024-03-27,26.56033632109037,41.98872343504845,4.646060006783957e-05,41.98867697444838,1.580880713536262,1.7492474306866096e-06,26.711842764088235,26.67979651965258,0.0632469747765513,42.56632321290692,42.450316138492425,0.2417289690356549,4.315207196684377e-05,4.480338081618272e-05,3.0294648354551447e-06,-0.1034294272488792
2024-03-28,26.47990481215517,41.8631588993809,4.497075211983828e-05,41.86311392862878,1.5809406867718157,1.6982973480778974e-06,26.56033632109037,26.62641151293545,0.090790233286154,41.98872343504845,42.28377292885144,0.2959512675037241,4.646060006783957e-05,4.580962181857953e-05,1.854552020450888e-06,-0.1034294272488792
2024-04-05,26.135563210211348,41.11895414794187,4.915705658096769e-05,41.11890499088529,1.5732951234766737,1.8808493310663256e-06,26.47990481215517,26.515729098015832,0.2083166715242009,41.8631588993809,42.00490094251556,0.5202310049071727,4.497075211983828e-05,4.587965190259025e-05,1.9694619051457004e-06,-0.1034294272488792
2024-04-08,25.991943989710247,40.72221922000237,5.6510574304949496e-05,40.72216270942807,1.566724644994756,2.1741572822456465e-06,26.135563210211348,26.375918219451076,0.2693975823709341,41.11895414794187,41.6518757830561,0.6546125254304082,4.915705658096769e-05,4.805021100808777e-05,4.66485906042504e-06,-0.10554262365723377
2024-04-09,25.95693848215032,40.61362662006789,6.556763010630996e-05,40.61356105243778,1.564653961328932,2.526015544991892e-06,25.991943989710247,26.224937363063493,0.2496389042348161,40.72221922000237,41.261336464488295,0.5695138660295849,5.6510574304949496e-05,5.2533322635981e-05,7.631268658916538e-06,-0.10554262365723377
2024-04-10,25.784224523572444,40.34123725060894,7.233235886323097e-05,40.34116491825008,1.5645705075880094,2.8052951058157016e-06,25.95693848215032,26.069715003559907,0.233607942474237,40.61362662006789,40.93183922760039,0.5284654824786108,6.556763010630996e-05,5.770767439505929e-05,1.0123592269819935e-05,-0.10554262365723377
2024-04-11,25.707627892920616,40.20530541981797,8.904235658593506e-05,40.20521637746138,1.5639445843577708,3.463655104890312e-06,25.784224523572444,25.915259619713,0.1525990973462352,40.34123725060894,40.60026853168781,0.3184896361649684,7.233235886323097e-05,6.652199528827864e-05,1.3737594091708891e-05,-0.10554262365723377
2024-04-12,25.71786435801043,40.26024450137634,9.040464737236982e-05,40.26015409672897,1.5654583110372595,3.51524707160263e-06,25.707627892920616,25.831719849272808,0.1199743086536343,40.20530541981797,40.4285266023747,0.2031173862484105,8.904235658593506e-05,7.477151344655907e-05,1.3207381891842872e-05,-0.10554262365723377
2024-04-15,25.382621161222385,39.767987894972656,8.000789964869677e-05,39.76790788707301,1.5667407886040992,3.152073977723257e-06,25.71786435801043,25.70985528357524,0.1864039528824358,40.26024450137634,40.23768033736876,0.2735792057067603,9.040464737236982e-05,7.947097851530853e-05,9.546807473153549e-06,-0.10554262365723377
2024-04-16,25.26836328975395,39.48618490285331,9.782390322055548e-05,39.48608707895009,1.5626728351996009,3.8713984795454486e-06,25.382621161222385,25.57214024509597,0.2062862490445922,39.767987894972656,40.01219199392584,0.3296703579197917,8.000789964869677e-05,8.592223313815762e-05,8.844670506668177e-06,-0.10554262365723377
2024-04-22,25.27926628674148,39.54060643654847,9.65289675462196e-05,39.540509907580926,1.564151664373535,3.818503529781927e-06,25.26836328975395,25.471148597729773,0.2012803680645861,39.48618490285331,39.85206583111375,0.3253714619789084,9.782390322055548e-05,9.076155487475536e-05,6.353958443379452e-06,-0.10554262365723377
2024-04-23,25.215745026624187,39.41978798709642,0.000100109355155,39.41968787774127,1.5633005467605583,3.970112921482152e-06,25.27926628674148,25.37277202447049,0.1808246161834149,39.54060643654847,39.69496234456944,0.305944877822756,9.65289675462196e-05,9.297495458856834e-05,7.235937746532872e-06,-0.10554262365723377
2024-04-24,25.25276909654933,39.50573350368263,0.0001020268208035,39.50563147686182,1.5644119404347183,4.04022309052204e-06,25.215745026624187,25.279752972178265,0.0557440089772549,39.41978798709642,39.5440601450307,0.1186740153705478,0.000100109355155,9.529938927479438e-05,7.875389451871322e-06,-0.10554262365723377
2024-04-25,25.32106181704131,39.56970383762813,9.795132105290392e-05,39.56960588630708,1.5627189777245971,3.868373362880927e-06,25.25276909654933,25.26744110334205,0.0343616602037273,39.50573350368263,39.5044033335618,0.0511238846673546,0.0001020268208035,9.888807355563582e-05,1.945179062510669e-06,-0.10554262365723377
2024-04-26,25.31900077836837,39.40289320382835,0.0001086376049647,39.40278456622338,1.556257829791322,4.290754043402692e-06,25.32106181704131,25.27756860106493,0.0401206606879524,39.56970383762813,39.487744993756806,0.0658075249696151,9.795132105290392e-05,0.0001010508139044,4.229711173074573e-06,-0.11907841755230743
2024-04-29,25.384286790062585,39.40942547758534,0.0001338596609275,39.40929161792441,1.552512615521398,5.273327631166822e-06,25.31900077836837,25.29857270172916,0.0586998561717294,39.40289320382835,39.46150880196417,0.065652231330777,0.0001086376049647,0.0001085169525807,1.3165937094381935e-05,-0.11907841755230743
2024-04-30,25.20051694944193,39.12426303964608,0.0001034283840911,39.12415961126199,1.5525182724679183,4.104216762640277e-06,25.384286790062585,25.295527086292704,0.0631450607716774,39.40942547758534,39.402403812474105,0.1523667655945516,0.0001338596609275,0.0001091807583679,1.2804000484621632e-05,-0.11907841755230743
2024-05-03,25.540179346702985,39.66315610031239,0.000105916436001,39.66305018387639,1.5529709310922502,4.147051379835862e-06,25.20051694944193,25.35300913632344,0.1108530973474228,39.12426303964608,39.433888331800055,0.1835410101478396,0.0001034283840911,0.0001099586814074,1.245923993358685e-05,-0.11907841755230743
2024-05-08,25.51500582683195,39.58088349938486,0.0001245680135648,39.58075893137129,1.5512786384614905,4.882147172931565e-06,25.540179346702985,25.391797938281563,0.1258105613191918,39.66315610031239,39.4361242641514,0.1852421349115778,0.000105916436001,0.0001152820199098,1.186363787342845e-05,-0.11907841755230743
2024-05-09,25.539599112309045,39.57626822003549,0.0001250102808684,39.57614320975462,1.5496041283185742,4.894762847242584e-06,25.51500582683195,25.435917605069697,0.1311140894505596,39.58088349938486,39.47079926739283,0.1918840735885477,0.0001245680135648,0.0001185565550905,1.1837292139885886e-05,-0.11907841755230743
2024-05-10,25.51641204547526,39.56891471652697,0.0001337957994581,39.56878092072751,1.5507240847971646,5.2435193168870926e-06,25.539599112309045,25.462342656152234,0.1313595976825303,39.57626822003549,39.50269711518117,0.1922862575955429,0.0001250102808684,0.0001185437827966,1.1820796343771254e-05,-0.11907841755230743
2024-05-13,25.517178952330017,39.523391215409625,0.0001370336890218,39.5232541817206,1.5488934450491314,5.370252302490015e-06,25.51641204547526,25.52567505672985,0.0116281846056361,39.56891471652697,39.582522750333865,0.0452222520912051,0.0001337957994581,0.0001252648437828,1.0827688407897806e-05,-0.11907841755230743
2024-05-14,25.365537784169074,39.237181339167854,0.0001523483821717,39.23702899078568,1.546869680943892,6.006116782068874e-06,25.517178952330017,25.490746744223067,0.0632609041175268,39.523391215409625,39.49732779810496,0.131676356368145,0.0001370336890218,0.0001345512330169,1.0140672800393956e-05,-0.11907841755230743
2024-05-17,25.36392130191795,39.309269047698045,0.000133269368829,39.309135778329214,1.5498104011514018,5.254288847636604e-06,25.365537784169074,25.46052983924027,0.0786645955204753,39.237181339167854,39.4430049077676,0.1416495467321851,0.0001523483821717,0.0001362915040698,8.9554677454936e-06,-0.11907841755230743
2024-05-20,25.241256844902868,38.923564883253206,0.0001273345496858,38.92343754870352,1.542061281750845,5.044699258369676e-06,25.36392130191795,25.400861385759036,0.1048500523031355,39.309269047698045,39.312464240411146,0.2311611861661643,0.000133269368829,0.0001367563578332,8.40098330569733e-06,-0.11907841755230743
2024-05-21,25.24189955840092,38.74399684216101,0.000117077268693,38.74387976489232,1.5349081297356786,4.6382114952214345e-06,25.241256844902868,25.345958888344164,0.1017970076417535,38.923564883253206,39.14748066553794,0.2787356834825092,0.0001273345496858,0.0001334126516802,1.1623101064883932e-05,-0.11907841755230743
2024-05-22,25.18600187247488,38.64292770683722,0.0001140826175392,38.64281362421968,1.5343017880527143,4.529604107743592e-06,25.24189955840092,25.27972347237314,0.0723151972883783,38.74399684216101,38.97138796382347,0.2633209656961024,0.000117077268693,0.0001288224373837,1.3643096157752055e-05,-0.11907841755230743
2024-05-23,25.089807388068067,38.42379333070126,0.0001010449117864,38.42369228578947,1.5314503111320985,4.027329115107269e-06,25.18600187247488,25.224577393152934,0.089046068409828,38.64292770683722,38.80871036213015,0.2978534566727393,0.0001140826175392,0.0001185617433066,1.1156899204330604e-05,-0.11907841755230743
2024-05-24,25.139591469456025,38.41214639605401,0.0001009053768952,38.41204549067712,1.5279542805110342,4.013803367401476e-06,25.089807388068067,25.179711426660557,0.0589696855451372,38.42379333070126,38.62928583180134,0.1945875532163009,0.0001010449117864,0.0001120889449199,1.0082950271139512e-05,-0.11907841755230743
2024-05-31,25.32209685028201,38.632737791180105,0.0001102197643702,38.63262757141573,1.5256531881857114,4.3527107972882e-06,25.139591469456025,25.19587942773638,0.0807042354845923,38.41214639605401,38.57112041338672,0.1310093551903419,0.0001009053768952,0.0001086659878568,6.645474051135248e-06,-0.11907841755230743
2024-06-03,24.84958181011477,37.63687019421914,6.349085309449232e-05,37.63680670336605,1.5145876691936695,2.5550069043274207e-06,25.32209685028201,25.11741587807915,0.1546527804766004,38.632737791180105,38.349695083798345,0.3697589985948427,0.0001102197643702,9.794870473709848e-05,1.7980845335909813e-05,-0.11907841755230743
2024-06-04,25.24638029878726,38.54980864411262,4.763059946955942e-05,38.54976101351316,1.5269439891137349,1.8866308320582264e-06,24.84958181011477,25.129491563341624,0.1617319293486929,37.63687019421914,38.33107127125343,0.3566327015426834,6.349085309449232e-05,8.465830112317035e-05,2.45152541462382e-05,-0.11907841755230743
2024-06-05,25.386196891992128,38.74900556625969,4.153955986943872e-05,38.748964026699824,1.526380880567532,1.6363049591938695e-06,25.24638029878726,25.18876946412644,0.1884354155870944,38.54980864411262,38.39611371836512,0.3951843908989575,4.763059946955942e-05,7.27572307397781e-05,2.7883743960232083e-05,-0.11907841755230743
2024-06-06,25.325280975394964,38.56634763352488,4.0439948849717e-05,38.56630719357603,1.5228398717863942,1.5968213299985435e-06,25.386196891992128,25.225907365314225,0.1933185600314932,38.74900556625969,38.42695396585928,0.4012033022895327,4.153955986943872e-05,6.066414513068151e-05,2.6108967291828383e-05,-0.11907841755230743
2024-06-07,25.320777585001967,38.54334572594967,4.334082767493825e-05,38.543302385122,1.5222022940077369,1.7116704860047404e-06,25.325280975394964,25.225643512258216,0.1931879508335378,38.56634763352488,38.409075552813206,0.3935536353861236,4.0439948849717e-05,4.7288357791629154e-05,8.463691393137117e-06,-0.11907841755230743
2024-06-10,25.15441355252845,38.32067508308422,3.817451882172927e-05,38.3206369085654,1.523417550683957,1.5176071881783971e-06,25.320777585001967,25.286609860740956,0.079592395169129,38.54334572594967,38.545836530586215,0.1359544200295913,4.334082767493825e-05,4.2225090937076543e-05,3.1789372601295645e-06,-0.11907841755230743
2024-06-11,25.196297713470184,38.45007541327761,3.699218531583473e-05,38.450038421092295,1.5260208404634712,1.468159558063102e-06,25.15441355252845,25.27659334367754,0.0868457944440102,38.32067508308422,38.525889884419215,0.1411262499067308,3.817451882172927e-05,4.00974081063316e-05,2.282841129997243e-06,-0.11907841755230743
2024-06-14,25.11993161613496,38.27575081074916,4.118947397099782e-05,38.27570962127519,1.523720342700455,1.6397128224879849e-06,25.196297713470184,25.223340288506105,0.0849252373691975,38.45007541327761,38.43123893331711,0.1162566368293979,3.699218531583473e-05,4.002739092664342e-05,2.242548204240608e-06,-0.11907841755230743
2024-06-17,24.96737464891389,38.0467431445849,3.537765211169955e-05,38.04670776693279,1.5238583823726128,1.416955230943295e-06,25.11993161613496,25.15175902320989,0.1145151492270898,38.27575081074916,38.32731803552911,0.169211650739594,4.118947397099782e-05,3.901493157903993e-05,2.879916998674289e-06,-0.11907841755230743
2024-06-18,25.275642421723845,38.71712080070102,4.418008710492619e-05,38.71707662061392,1.5317957167895573,1.747931323278826e-06,24.96737464891389,25.142731990554264,0.1019225025367699,38.0467431445849,38.36207305047938,0.2201824657489046,3.537765211169955e-05,3.918278346503752e-05,3.1398787521873097e-06,-0.11907841755230743
2024-06-21,25.14979695881188,38.483429320552176,4.185139819798968e-05,38.483387469153975,1.5301685887793426,1.664084933430286e-06,25.275642421723845,25.141808671810956,0.1018333687114444,38.71712080070102,38.39462389797298,0.2236592744936381,4.418008710492619e-05,3.99181593402896e-05,3.246389117301253e-06,-0.11907841755230743
2024-06-24,24.911967592920607,37.992659490407554,2.5181764814651645e-05,37.99263430864274,1.5250766262719515,1.0108300245945932e-06,25.14979695881188,25.084942647701038,0.1307970315487245,38.483429320552176,38.30314071339897,0.2708401759104277,4.185139819798968e-05,3.755607524005298e-05,6.832247136120938e-06,-0.11907841755230743
2024-06-25,24.772195154504427,37.70748400154322,2.385675642749393e-05,37.70746014478679,1.5221696650765617,9.63045716324254e-07,24.911967592920607,25.015395355374928,0.1777312322294622,37.992659490407554,38.18948735155777,0.3622825645152148,2.5181764814651645e-05,3.4089531731352205e-05,8.340061567478663e-06,-0.11907841755230743
2024-06-28,24.800488509497587,37.72641568381493,2.776646165266552e-05,37.72638791735327,1.5211964743907054,1.1195933355116002e-06,24.772195154504427,24.982018127491667,0.1981164919935179,37.70748400154322,38.12542185940378,0.4073771734341004,2.385675642749393e-05,3.256729363954539e-05,8.654698744747212e-06,-0.11907841755230743
2024-07-01,24.770532458923608,37.68380976709452,2.446248794467092e-05,37.68378530460658,1.5213160972451722,9.875640737734034e-07,24.800488509497587,24.88099613493162,0.1440378206870729,37.72641568381493,37.91875965268248,0.3036932899103172,2.776646165266552e-05,2.8623773807494345e-05,6.746750503239409e-06,-0.11907841755230743
2024-07-02,24.65560161954048,37.35515953494247,2.78375428409419e-05,37.35513169739964,1.5150779977454345,1.1290555091902368e-06,24.770532458923608,24.782157067077343,0.0817770957170609,37.68380976709452,37.69310569556054,0.2026537879060588,2.446248794467092e-05,2.582100273608479e-05,1.6711490351181082e-06,-0.11907841755230743
2024-07-03,24.614207702365206,37.19729707218211,3.8746484411986006e-05,37.197258325697696,1.511212447785097,1.5741511926976554e-06,24.65560161954048,24.72260508896626,0.0735683259594419,37.35515953494247,37.53403321191545,0.2167561895344654,2.78375428409419e-05,2.8533946655551663e-05,5.363260638285105e-06,-0.11907841755230743
2024-07-08,24.556938254662978,37.17059601322827,4.9292942010891744e-05,37.17054672028626,1.5136494471646993,2.007291849647901e-06,24.614207702365206,24.67955370899797,0.0924994180787019,37.19729707218211,37.42665561425246,0.2363336231158215,3.8746484411986006e-05,3.3621183772231227e-05,9.203072266345584e-06,-0.11907841755230743
2024-07-09,24.374083672564552,36.84570318791911,4.257611923075063e-05,36.845660611799886,1.511675420618688,1.7467782503214378e-06,24.556938254662978,24.594272741611366,0.1304631840169945,37.17059601322827,37.250513115073296,0.2726853972432033,4.9292942010891744e-05,3.658311528784825e-05,9.22529785048482e-06,-0.11907841755230743
2024-07-12,24.303546018950595,36.74390779461002,3.5565422986705736e-05,36.74387222918703,1.5118743481284211,1.463384106951872e-06,24.374083672564552,24.50087545361676,0.1377987548692655,36.84570318791911,37.06253272057639,0.2297853119071483,4.257611923075063e-05,3.880370229625521e-05,7.1414516629171e-06,-0.11907841755230743
2024-07-15,23.402088448284605,35.530286109482155,4.443725739902969e-05,35.530241672224754,1.5182527913266886,1.8988586209829057e-06,24.303546018950595,24.250172819365588,0.4391073050589223,36.74390779461002,36.697558035484334,0.6099382048658617,3.5565422986705736e-05,4.212364520787277e-05,4.719572957028262e-06,-0.11907841755230743
2024-07-16,23.51730666410773,35.61607112336426,5.39416037481252e-05,35.61601718176051,1.5144621632085848,2.293698190807336e-06,23.402088448284605,24.03079261171409,0.4749756108930982,35.530286109482155,36.38131284572077,0.6752692507169973,4.443725739902969e-05,4.5162669075100607e-05,6.220167894414502e-06,-0.11536936690392685
2024-07-17,23.948489188089344,36.17383921708871,4.6760892558056313e-05,36.17379245619615,1.5104852307376275,1.9525612739409297e-06,23.51730666410773,23.909102798399363,0.3959575020983305,35.61607112336426,36.18196148649285,0.5479626576248666,5.39416037481252e-05,4.465625918453352e-05,5.960962205291088e-06,-0.10105504463856392
2024-07-18,23.87222349422265,35.82757444265236,8.156711022059447e-05,35.82749287554214,1.5008059241454004,3.4168208185691057e-06,23.948489188089344,23.80873076273098,0.3220844173057137,36.17383921708871,35.9783357374395,0.4425009091513119,4.6760892558056313e-05,5.245445738250229e-05,1.5695157331925792e-05,-0.10105504463856392
2024-07-19,23.755371841387163,35.73185107980345,4.696715499977336e-05,35.73180411264845,1.504158777996924,1.9771172311412144e-06,23.87222349422265,23.6990959272183,0.2081335678191423,35.82757444265236,35.77592439447818,0.2230863626183421,8.156711022059447e-05,5.473480378511581e-05,1.3788117524934807e-05,-0.10105504463856392
2024-07-22,23.81815845782853,35.88554392243558,4.491987724031272e-05,35.88549900255834,1.506646451528697,1.8859508941401172e-06,23.755371841387163,23.78230992912708,0.1469268548292121,35.73185107980345,35.84697595706887,0.1872294191906316,4.696715499977336e-05,5.483132775337241e-05,1.3717198413168171e-05,-0.10105504463856392
2024-07-23,23.641811169893263,35.45953360297678,5.23988961312221e-05,35.459481204080646,1.499865359221413,2.2163655633097025e-06,23.81815845782853,23.80721083028419,0.1042596756499548,35.88554392243558,35.815668452991375,0.2311570952883659,4.491987724031272e-05,5.45227862299918e-05,1.3751049319697671e-05,-0.10105504463856392
2024-07-26,23.666130956925965,35.57793819408704,7.393358530008581e-05,35.57786426050174,1.5033271918777686,3.1240250227065072e-06,23.641811169893263,23.750739184051515,0.0875775336198421,35.45953360297678,35.69648824839104,0.1577198702843612,5.23988961312221e-05,5.99573247783977e-05,1.4928615930208636e-05,-0.10604662440901765
2024-07-29,23.57120381878553,35.444009472572695,6.570905472382865e-05,35.44394376351797,1.5036995880679165,2.7876834475233946e-06,23.666130956925965,23.69053524896409,0.0868343972605873,35.57793819408704,35.619775254375114,0.168235140247795,7.393358530008581e-05,5.678571367904454e-05,1.122605766632319e-05,-0.10604662440901765
2024-07-30,23.4642599325438,35.21646420756272,6.196882745495185e-05,35.21640223873527,1.5008555270357868,2.640987937957679e-06,23.57120381878553,23.632312867195417,0.1164032380546384,35.444009472572695,35.516697879926966,0.2183984415195571,6.570905472382865e-05,5.978604817008023e-05,1.0154529947006886e-05,-0.10604662440901765
2024-07-31,23.25797257832204,34.853588603544445,6.262918936052348e-05,34.85352597435509,1.4985652118289228,2.6928051939874587e-06,23.4642599325438,23.52027569129412,0.1487138147882405,35.21646420756272,35.31030681614873,0.2565811955711769,6.196882745495185e-05,6.332791059412239e-05,6.9271763191770414e-06,-0.10604662440901765
2024-08-01,23.368711500784286,35.15860076965858,6.393648995910635e-05,35.15853683316862,1.5045160178591193,2.735986960896862e-06,23.25797257832204,23.465655757472327,0.1441271237327946,34.853588603544445,35.2501202494851,0.2497212550843701,6.262918936052348e-05,6.563542935969922e-05,4.34125917748757e-06,-0.10604662440901765
2024-08-02,23.36305534587515,35.18075499652477,7.021144966876686e-05,35.1806847850751,1.505828517533178,3.0052340599006027e-06,23.368711500784286,23.40504063526216,0.1056680771459404,35.15860076965858,35.17068360997264,0.1884672710231912,6.393648995910635e-05,6.489100223343544e-05,2.951012279101413e-06,-0.10604662440901765
2024-08-05,23.662784074169338,35.7282436694204,6.0257224668028657e-05,35.72818341219573,1.50989180129577,2.5464976766536267e-06,23.36305534587515,23.423356686338924,0.136361872049666,35.18075499652477,35.22753044934218,0.2819957227435971,7.021144966876686e-05,6.380063622227544e-05,3.417617936931972e-06,-0.10358305142020512
2024-08-06,23.568252594990582,35.55273421200361,5.885130540690423e-05,35.5526753606982,1.5085010680664683,2.49705849721812e-06,23.662784074169338,23.44415521882828,0.1484127048266347,35.7282436694204,35.29478445023036,0.3100411135940154,6.0257224668028657e-05,6.317713181266592e-05,3.939470147878264e-06,-0.10851158919920305
2024-08-09,23.472928780247983,35.39720942108013,4.952535388626787e-05,35.39715989572624,1.508001398226292,2.10989239348532e-06,23.568252594990582,23.48714645921347,0.1158053221846096,35.55273421200361,35.40350861373749,0.217880628538697,5.885130540690423e-05,6.05563647178148e-05,6.772382505790203e-06,-0.10851158919920305
2024-08-12,23.42860458781382,35.29158340228908,4.071524962710024e-05,35.29154268703945,1.5063459400670274,1.737843561040674e-06,23.472928780247983,23.49912507661937,0.105581473929353,35.39720942108013,35.43010514026359,0.193064945659329,4.952535388626787e-05,5.591211665141358e-05,1.003718311986439e-05,-0.10851158919920305
2024-08-13,23.61228436829803,35.57738003484556,3.836676086513026e-05,35.5773416680847,1.5067318129800236,1.6248644250889024e-06,23.42860458781382,23.54897088110395,0.0867228582673755,35.29158340228908,35.50943014792775,0.1512762257587944,4.071524962710024e-05,4.954317889068625e-05,8.99196273162239e-06,-0.10851158919920305
2024-08-14,23.75918327021314,35.76280715403577,4.69498252330443e-05,35.76276020421054,1.5052203919345817,1.976070671246736e-06,23.61228436829803,23.56825072031271,0.1157423996208776,35.57738003484556,35.516342844850826,0.1615574854605151,3.836676086513026e-05,4.688169900368939e-05,7.22210909865796e-06,-0.10851158919920305
2024-08-15,23.83063652258268,35.811194267709865,3.958700484474416e-05,35.81115468070502,1.5027376307709626,1.661181177734394e-06,23.75918327021314,23.62072750583113,0.1562426058971177,35.76280715403577,35.56803485599208,0.2013736901490432,4.69498252330443e-05,4.302883889125737e-05,4.3934662707114e-06,-0.10851158919920305
2024-08-16,23.92003875308892,35.95797057111583,4.1011263292421134e-05,35.95792955985254,1.5032572038150394,1.7145149184645503e-06,23.83063652258268,23.71014950039932,0.1731011573478741,35.811194267709865,35.680187085999215,0.2292312084597143,3.958700484474416e-05,4.132602077248802e-05,2.9624545852371704e-06,-0.10851158919920305
2024-08-19,24.03320700233873,36.217921651101214,4.055140268688277e-05,36.21788109969853,1.5069949527575222,1.6873071780614469e-06,23.92003875308892,23.8310699833043,0.1426953742786142,35.95797057111583,35.865454735761645,0.2141307376017243,4.1011263292421134e-05,4.129325138444453e-05,2.9699262102115686e-06,-0.10851158919920305
2024-08-20,24.018639137018933,36.21274011547501,4.843562447781603e-05,36.21269167985053,1.507693250599773,2.0165848781650667e-06,24.03320700233873,23.91234093704848,0.1059245502059716,36.217921651101214,35.99252675188754,0.1929473913648498,4.055140268688277e-05,4.330702410698168e-05,3.640743117156829e-06,-0.10851158919920305
2024-08-23,24.32467788271421,36.54882574050253,5.395759007889361e-05,36.54877178291245,1.502540996297227,2.2182242387364717e-06,24.018639137018933,24.025439859548698,0.1665579215640309,36.21274011547501,36.149730469180895,0.2526958276723536,4.843562447781603e-05,4.4708577076151546e-05,5.596746449084343e-06,-0.11677120075819936
2024-08-28,24.26709073702732,36.39862241708031,3.00168885644364e-05,36.39859240019175,1.4999170197827794,1.2369380775683957e-06,24.32467788271421,24.112730702437624,0.1555995221139552,36.54882574050253,36.26721609905498,0.1987973754873095,5.395759007889361e-05,4.279455382009e-05,8.09834104192581e-06,-0.10570037165331109
2024-08-29,24.24166106361724,36.39338552654815,3.124383562655399e-05,36.39335428271252,1.5012744147788064,1.288848794006359e-06,24.26709073702732,24.177055164543287,0.1263809518674804,36.39862241708031,36.354299090141446,0.1264679198088914,3.00168885644364e-05,4.0841068286916565e-05,9.370955929845284e-06,-0.10570037165331109
2024-08-30,24.27597797920213,36.428314440194775,2.8245014464852505e-05,36.42828619518031,1.5005910151757378,1.163496460947969e-06,24.24166106361724,24.225609359915968,0.1069267085658365,36.39338552654815,36.39637764796016,0.107700617201346,3.124383562655399e-05,3.8379790642510514e-05,1.065233591950356e-05,-0.10570037165331109
2024-09-06,24.20724482927241,36.40533824325456,3.0788288703884574e-05,36.40530745496586,1.503902591972454,1.27186257341662e-06,24.27597797920213,24.263330498366663,0.0388658369606253,36.428314440194775,36.434897273516064,0.0581994087490511,2.8245014464852505e-05,3.4850323487724224e-05,9.60819148734062e-06,-0.10570037165331109
2024-09-09,24.40007466666861,36.66091177647172,2.849327674412202e-05,36.66088328319498,1.5024917864924348,1.1677536701576112e-06,24.20724482927241,24.27840985515754,0.0653472224435351,36.40533824325456,36.45731448070991,0.1024949364195453,3.0788288703884574e-05,2.9757460820769903e-05,1.202071069366725e-06,-0.10570037165331109
2024-09-10,24.337552166427,36.51641052980632,2.54281478827351e-05,36.51638510165844,1.5004142684562884,1.044811232816279e-06,24.40007466666861,24.29250214103748,0.0688883522024797,36.66091177647172,36.4808721032551,0.0997986340026917,2.849327674412202e-05,2.883971268442964e-05,2.082748848589766e-06,-0.10570037165331109
2024-09-11,24.236176268963067,36.45784872037599,3.212789803602875e-05,36.457816592477954,1.5042739545950587,1.3256174439188187e-06,24.337552166427,24.291405182106644,0.0697277526714821,36.51641052980632,36.49376474202067,0.0914810484500571,2.54281478827351e-05,2.90165251663246e-05,2.3050056984035338e-06,-0.10570037165331109
2024-09-12,24.26944323899794,36.563763683774745,3.82106583906841e-05,36.56372547311636,1.5065761222334668,1.574434898007235e-06,24.236176268963067,24.290098234065805,0.0700650915261263,36.45784872037599,36.52085459073667,0.0880803286187174,3.212789803602875e-05,3.1009653951490914e-05,4.257682504881377e-06,-0.10570037165331109
2024-09-13,24.421112751266467,36.78192472964427,4.985577933526705e-05,36.78187487386493,1.506152692724322,2.041503179771428e-06,24.26944323899794,24.332871818464618,0.0716907311619582,36.563763683774745,36.59617188801461,0.1142285743544285,3.82106583906841e-05,3.4823152077767414e-05,8.637741616585581e-06,-0.10570037165331109
2024-09-16,24.4456514883118,36.841680939264656,4.10657923070844e-05,36.841639873472346,1.5070852563237995,1.6798812797735907e-06,24.421112751266467,24.34198718279325,0.0818356724938125,36.78192472964427,36.63232572057319,0.1515181698939742,4.985577933526705e-05,3.733765519035989e-05,8.250363712606752e-06,-0.10570037165331109
2024-09-17,24.218017315550515,36.3862197220727,4.453274970127551e-05,36.386175189323,1.5024442029244451,1.8388272301994269e-06,24.4456514883118,24.31808021261796,0.0958921570951139,36.841680939264656,36.60628755902648,0.1780621693700523,4.10657923070844e-05,4.1158575554067975e-05,5.954466651735512e-06,-0.10570037165331109
2024-09-20,24.36292746374842,36.78176351936229,3.408262137217402e-05,36.781729436740925,1.509743177378534,1.398954268648065e-06,24.218017315550515,24.343430451575024,0.0872540839543985,36.3862197220727,36.671070518823726,0.1710580283057329,4.453274970127551e-05,4.154952022129703e-05,5.385724984037387e-06,-0.10570037165331109
2024-09-23,24.49995621943266,37.019357280442215,3.710240363479031e-05,37.019320178038576,1.510996874805822,1.514386527979252e-06,24.36292746374842,24.38953304766197,0.0964005574489351,36.78176351936229,36.76218923815723,0.2071617974650559,3.408262137217402e-05,4.132786927011827e-05,5.539194344084503e-06,-0.1253545430812503
2024-09-24,24.475098323418365,36.97044334437052,3.904938559748309e-05,36.97040429498493,1.5105329856426484,1.5954741052100163e-06,24.49995621943266,24.400330162092352,0.1021827653939106,37.019357280442215,36.79989296110248,0.2238090619950641,3.710240363479031e-05,3.916659052256147e-05,3.536212056754392e-06,-0.1253545430812503
2024-09-25,24.540679511412435,37.11116487939406,3.525962178385981e-05,37.11112961977228,1.512230533882969,1.4367826191390755e-06,24.475098323418365,24.41933576671248,0.1166571385960895,36.97044334437052,36.85378974912835,0.2573216408917206,3.904938559748309e-05,3.800535641791655e-05,3.672576551402991e-06,-0.1253545430812503
2024-09-26,24.35066749629233,36.54233633306587,4.966851740602094e-05,36.54228666454846,1.500670827139743,2.039718928180656e-06,24.540679511412435,24.445865802860844,0.0757778838728233,37.11116487939406,36.88501307132699,0.2022766201450855,3.525962178385981e-05,3.903250995886564e-05,5.578285252744948e-06,-0.1253545430812503
2024-09-27,24.418270046745004,36.61459569239624,3.96739869749604e-05,36.61455601840927,1.4994754182955328,1.6247664924259863e-06,24.35066749629233,24.45693431946016,0.0663048049292777,36.54233633306587,36.85157950593378,0.2286723541047165,4.966851740602094e-05,4.0150783079422914e-05,5.004872699393598e-06,-0.1253545430812503
2024-09-30,24.50413642573353,36.61541364603405,3.187970866155586e-05,36.615381766325385,1.494254398925955,1.3009929469735044e-06,24.418270046745004,24.457770360720332,0.0668659792689873,36.61459569239624,36.77079077905215,0.2264712200110201,3.96739869749604e-05,3.910624408477602e-05,5.981747234987769e-06,-0.1253545430812503
2024-10-01,24.16790310849703,36.06465851339888,3.392335609057571e-05,36.06462459004279,1.4922543487324371,1.4036532643433523e-06,24.50413642573353,24.396331317736067,0.1320638342046045,36.61541364603405,36.58963381285783,0.3319995377169128,3.187970866155586e-05,3.808103818339455e-05,6.3326196678487884e-06,-0.1253545430812503
2024-10-04,24.42092061729045,36.990913913389086,1.1027070542488608e-05,36.990902886318544,1.514722335537132,4.515419674506966e-07,24.16790310849703,24.37237953891167,0.1132290383380372,36.06465851339888,36.56558361965683,0.2957219883526271,3.392335609057571e-05,3.323452793512031e-05,1.270451751126813e-05,-0.1253545430812503
2024-10-07,23.78713618193434,35.71467606188459,1.2796812498069915e-05,35.71466326507209,1.5014281580062117,5.379719693953211e-07,24.42092061729045,24.25967327604007,0.2617743078507704,36.990913913389086,36.400051565420576,0.4524945088325209,1.1027070542488608e-05,2.5860186953530103e-05,1.1685405459486069e-05,-0.1253545430812503
2024-10-08,23.68999300514328,35.68435239948631,1.3164216328102482e-05,35.68433923526998,1.5063048938739223,5.556867967518787e-07,23.78713618193434,24.114017867719724,0.3273939910138571,35.71467606188459,36.21400290683859,0.5132021043441773,1.2796812498069915e-05,2.055823282415852e-05,1.0124786564691264e-05,-0.1253545430812503
2024-10-09,24.06577512482505,36.62004381686182,1.7425266304724366e-05,36.62002639159552,1.5216648384238587,7.24068359084322e-07,23.68999300514328,24.026345607538023,0.2636804405595125,35.68435239948631,36.21492894100414,0.5139292462763979,1.3164216328102482e-05,1.766734435279222e-05,8.395355837705544e-06,-0.1253545430812503
2024-10-10,24.08756616368377,36.56825523075862,1.8996478424824973e-05,36.5682362342802,1.5181382370582412,7.886425011035567e-07,24.06577512482505,24.010278218575376,0.2569262536779542,36.62004381686182,36.31564828447608,0.5238611811850541,1.7425266304724366e-05,1.4681968819642074e-05,3.0118546645313702e-06,-0.1253545430812503
2024-10-11,24.25792465803221,37.05562832817741,1.1553185989731172e-05,37.05561677499142,1.5275679535886293,4.7626440235915725e-07,24.08756616368377,23.977679026723727,0.2085394648267879,36.56825523075862,36.32859116743375,0.5409069957306272,1.8996478424824973e-05,1.4787191909090586e-05,2.8890131079293404e-06,-0.1253545430812503
2024-10-18,24.16438174165945,36.37221892399968,1.1132607764753986e-05,36.37220779139192,1.5051996493373505,4.6070319049633883e-07,24.25792465803221,24.053128138668757,0.1936657055591908,37.05562832817741,36.46009973985677,0.4475356949717984,1.1553185989731172e-05,1.44543509624274e-05,3.180328388021578e-06,-0.1253545430812503
2024-10-21,24.386150410256032,37.00494500234357,1.379866320561406e-05,37.00493120368037,1.5174574248004504,5.658401581830146e-07,24.16438174165945,24.192359619691302,0.1180183961784214,36.37221892399968,36.72421826042822,0.2637121350213354,1.1132607764753986e-05,1.4581240337929718e-05,3.1387073061995933e-06,-0.1253545430812503
2024-10-22,24.38935298510828,37.08116963710983,2.014683306266128e-05,37.081149490276765,1.5203834910975684,8.260503292138412e-07,24.386150410256032,24.25707519174795,0.1195691720530919,37.00494500234357,36.81644342447783,0.2904324420550052,1.379866320561406e-05,1.51255536895171e-05,3.759344924961181e-06,-0.1253545430812503
2024-10-23,24.569950652137752,37.47875973472539,3.2186701276973754e-05,37.47872754802411,1.5253901102753935,1.310002683060875e-06,24.38935298510828,24.353552089438743,0.1371879868691047,37.08116963710983,36.998544325271176,0.3558136708896095,2.014683306266128e-05,1.7763598259946854e-05,7.898932513205285e-06,-0.1253545430812503
2024-10-24,24.742756822456272,37.87323463788582,3.607927112307595e-05,37.873198558614696,1.5306796615125953,1.4581750684439002e-06,24.569950652137752,24.45051852232356,0.1946412041371551,37.47875973472539,37.16206558721286,0.502224130447502,3.2186701276973754e-05,2.266881528661581e-05,9.884882960464232e-06,-0.1253545430812503
2024-10-25,24.90733643644609,38.06074561479103,3.702149213911823e-05,38.06070859329889,1.52809376915542,1.4863689754054108e-06,24.742756822456272,24.59910946128089,0.202898006620651,37.87323463788582,37.49977092537113,0.4182556513651877,3.607927112307595e-05,2.784659216148866e-05,9.24578755677913e-06,-0.1253545430812503
2024-10-28,24.96109501288128,38.25588015390934,2.1885017597798982e-05,38.25585826889174,1.5326202690293524,8.76765125348272e-07,24.90733643644609,24.714098381805936,0.2123241523659707,38.06074561479103,37.74995795568428,0.4215613051954563,3.702149213911823e-05,2.9463863039925646e-05,7.106914598943703e-06,-0.1291985016734615
2024-10-29,24.85609851943809,38.404080898318405,2.405928228822544e-05,38.40405683903612,1.5450566736483384,9.67942827769631e-07,24.96109501288128,24.807447488671897,0.138954608442846,38.25588015390934,38.014540207926,0.3222265781100518,2.1885017597798982e-05,3.024635288503848e-05,6.19487157734978e-06,-0.13606249692188485
2024-11-04,24.864035421644147,38.47584177328096,1.613316936090608e-05,38.4758256401116,1.5474496042499897,6.488556297205945e-07,24.85609851943809,24.866264442573176,0.0721695122621053,38.404080898318405,38.21395661563712,0.2218349560445004,2.405928228822544e-05,2.7035646501824942e-05,8.194583445264114e-06,-0.13606249692188485
2024-11-05,25.12994486130653,39.01810934289829,1.5029209799214706e-05,39.01809431368849,1.552653997382058,5.980598000577277e-07,24.864035421644147,24.943702050343227,0.1003319570341121,38.47584177328096,38.44293155663961,0.3207728988613618,1.613316936090608e-05,2.282563423705269e-05,7.86768515972762e-06,-0.13606249692188485
2024-11-06,25.21769015865005,38.98820345841158,1.87227497488196e-05,38.98818473566183,1.5460656076400414,7.424450705449488e-07,25.12994486130653,25.00577279478402,0.1447864959543856,39.01810934289829,38.62842312536371,0.3142279445231536,1.5029209799214706e-05,1.9165885758992967e-05,3.4013183855035027e-06,-0.13606249692188485
2024-11-07,25.09905963480916,38.94096149333527,1.445180997257236e-05,38.9409470415253,1.551490855033038,5.757908934775216e-07,25.21769015865005,25.033365719169595,0.1467754270980923,38.98820345841158,38.7654393932489,0.2678509597311613,1.87227497488196e-05,1.7679244233947643e-05,3.5106452751930866e-06,-0.13606249692188485
2024-11-08,25.16038664837868,39.078599944429534,1.1734448031184148e-05,39.078588209981504,1.5531796267903433,4.663858387859993e-07,25.09905963480916,25.09422334495771,0.1215792196658642,38.94096149333527,38.90034320247113,0.2168940125445889,1.445180997257236e-05,1.5214277382539384e-05,2.275019106153543e-06,-0.13606249692188485
2024-11-15,25.158439550717304,39.175796674945246,1.1903283279164628e-05,39.17578477166197,1.5571632173756296,4.731328131527636e-07,25.16038664837868,25.153104170772345,0.0392683487620562,39.078599944429534,39.04033418280399,0.081118237935988,1.1734448031184148e-05,1.4368300166191092e-05,2.546310739033577e-06,-0.13606249692188485
2024-11-18,24.94708835689542,38.598733968239664,1.2528702520276831e-05,38.59872143953714,1.5472240053044468,5.022110132068328e-07,25.158439550717304,25.11653286989012,0.0926594601579729,39.175796674945246,38.956459107872256,0.1960828945367918,1.1903283279164628e-05,1.386819871040352e-05,2.6120988696453345e-06,-0.13606249692188485
2024-11-19,24.985654428264443,38.84117002847472,1.152224275712769e-05,38.84115850623196,1.5545388310716628,4.611543311866757e-07,24.94708835689542,25.070125723813,0.0883822732925773,38.598733968239664,38.92705242188489,0.2001012792477903,1.2528702520276831e-05,1.2428097312065138e-05,1.0660849765988747e-06,-0.13606249692188485
2024-11-20,24.970672975509466,38.79611605252672,1.0537787609672256e-05,38.79610551473911,1.5536672195650016,4.220065522466064e-07,24.985654428264443,25.04444839195306,0.0946722580740332,38.84117002847472,38.89808333372317,0.2063770529833689,1.152224275712769e-05,1.1645292839485116e-05,6.47553783689497e-07,-0.13606249692188485
2024-11-21,25.224310750389705,39.140806883603695,1.2975635609875735e-05,39.14079390796808,1.551709668935116,5.144099174117282e-07,24.970672975509466,25.057233212355268,0.1121656924018916,38.79611605252672,38.91052472155801,0.2184087792465784,1.0537787609672256e-05,1.1893530355223434e-05,8.426604810097572e-07,-0.13606249692188485
2024-11-22,25.34727692916577,39.29344831603623,1.3894735585406528e-05,39.293434421300645,1.5502039302227113,5.481746865446754e-07,25.224310750389705,25.09500068804496,0.1610319449033166,39.140806883603695,38.934055049776205,0.2498018664797604,1.2975635609875735e-05,1.2291820816471817e-05,1.1629216850208911e-06,-0.13606249692188485
2024-11-25,25.383930242065635,39.31209430738839,1.7754425204006e-05,39.31207655296319,1.5487000607274497,6.994356285530519e-07,25.34727692916577,25.182369065079005,0.174981427214098,39.29344831603623,39.07672711760596,0.2194090792847376,1.3894735585406528e-05,1.3336965353217647e-05,2.493360482045278e-06,-0.13606249692188485
2024-11-26,25.43046708638479,39.34795830293918,2.125708024337305e-05,39.34793704585894,1.5472762717758208,8.358902796069314e-07,25.383930242065635,25.27133159670307,0.1651525470729208,39.31209430738839,39.17808477249885,0.2036732986884705,1.7754425204006e-05,1.528393285046672e-05,3.783274297824929e-06,-0.13606249692188485
2024-12-02,25.43238838857932,39.285837229238055,1.5245650030483024e-05,39.28582198358802,1.544716785108542,5.994580531543488e-07,25.43046708638479,25.363674679317043,0.0765300963040667,39.34795830293918,39.27602900784111,0.0709354434757054,2.125708024337305e-05,1.6225505334628873e-05,2.9869248157880016e-06,-0.13606249692188485
2024-12-03,24.886799205589124,37.97832649915915,1.932642711212756e-05,37.97830717273204,1.5260430313043192,7.765734336694931e-07,25.43238838857932,25.296172370356928,0.2071180254753181,39.285837229238055,39.0435329309522,0.5330354275314256,1.5245650030483024e-05,1.7495663635079237e-05,2.668188575687256e-06,-0.13606249692188485
2024-12-04,25.13208021193384,38.49650406106666,1.4473182511024728e-05,38.49648958788415,1.531767515320391,5.758847810835894e-07,24.886799205589124,25.25313302691054,0.214262464042301,37.97832649915915,38.88414407995829,0.5532436516940524,1.932642711212756e-05,1.7611353020202878e-05,2.5178538692440072e-06,-0.13606249692188485
2024-12-05,25.269334516168616,38.69646271399584,2.4677546455297893e-05,38.696438036449386,1.531360578144069,9.765807817181704e-07,25.13208021193384,25.23021388173114,0.204973246142256,38.49650406106666,38.761017761279774,0.5112093772446528,1.4473182511024728e-05,1.899597727046125e-05,3.7953297346798367e-06,-0.13606249692188485
2024-12-06,25.255674068657896,38.69730558311857,3.121842409562002e-05,38.69727436469447,1.5322222435211752,1.2360954615882475e-06,25.269334516168616,25.19525527818576,0.1813871624484709,38.69646271399584,38.63088721731565,0.4198965079052187,2.4677546455297893e-05,2.098824604091065e-05,6.268214808793906e-06,-0.13606249692188485
2024-12-09,25.113509822130336,38.46745561347489,4.065174443898901e-05,38.46741496173045,1.5317435072168564,1.618720152097824e-06,25.255674068657896,25.13147956489596,0.1375645397754868,38.69730558311857,38.467210894163024,0.2628178319551497,3.121842409562002e-05,2.606946492261185e-05,9.176430876320097e-06,-0.13606249692188485
2024-12-10,25.1492445007232,38.49058223382992,4.0272686369453295e-05,38.49054196114355,1.5304866208892705,1.6013477608957677e-06,25.113509822130336,25.183968623922777,0.0652558367428261,38.46745561347489,38.569662041097175,0.1043294246767452,4.065174443898901e-05,3.0258716774077e-05,9.894930048452053e-06,-0.13606249692188485
2024-12-13,24.936615169767432,38.04158320298501,4.104646177654218e-05,38.04154215652324,1.525531149436261,1.6460318089323507e-06,25.1492445007232,25.144875615489497,0.1201179658394629,38.49058223382992,38.47867786948085,0.2393941169131492,4.0272686369453295e-05,3.557337262718049e-05,6.565252765924524e-06,-0.13606249692188485
2024-12-16,24.792475019822778,37.72869951396197,5.084808118275688e-05,37.72864866588079,1.5217802774348288,2.050948166413453e-06,24.936615169767432,25.04950371622033,0.1645349778035076,38.04158320298501,38.28512522947408,0.350505888407487,4.104646177654218e-05,4.080747957267228e-05,6.21499855684793e-06,-0.13606249692188485
2024-12-17,24.630526501572103,37.35176780671449,4.809042753769848e-05,37.35171971628695,1.5164827192926804,1.952472576444072e-06,24.792475019822778,24.92447420280317,0.1950551668874665,37.72869951396197,38.01601767419326,0.4366785871062417,5.084808118275688e-05,4.4181880261087975e-05,4.411110549453845e-06,-0.13606249692188485
2024-12-18,24.55458590848149,37.15295649553082,4.846936159146506e-05,37.15290802616923,1.513076076053789,1.973943351035013e-06,24.630526501572103,24.8126894200734,0.2139328339921483,37.35176780671449,37.75311785060444,0.4793616048583392,4.809042753769848e-05,4.574540369158319e-05,4.26584320023251e-06,-0.13606249692188485
2024-12-19,24.44492640197537,36.8882337277521,5.673940335550348e-05,36.88817698834875,1.50903435425239,2.321111645929048e-06,24.55458590848149,24.671825800323838,0.174128576416491,37.15295649553082,37.43264814938888,0.4097815084924905,4.846936159146506e-05,4.9038747088793214e-05,5.053195644490081e-06,-0.13606249692188485
2024-12-20,24.320259717948485,36.63658370337527,5.9591145606614906e-05,36.63652411222967,1.5064223872715172,2.4502676491828875e-06,24.44492640197537,24.548554709960044,0.1606924373660286,36.8882337277521,37.15164824946693,0.3762223830236885,5.673940335550348e-05,5.274768385480777e-05,4.612360814214612e-06,-0.13606249692188485
2024-12-23,24.351205727880167,36.61073964965086,6.12304508351008e-05,36.61067841920003,1.5034466900230126,2.5144730622105035e-06,24.320259717948485,24.460300851571525,0.1179966802035444,36.63658370337527,36.92805627660471,0.2889095039273541,5.9591145606614906e-05,5.482415778527655e-05,5.534609052376248e-06,-0.13170988594655553
2024-12-24,24.057967438250632,36.16081451142358,5.617138093034394e-05,36.16075834004265,1.5030702242089744,2.334834855626042e-06,24.351205727880167,24.345789038907228,0.1654972568070386,36.61073964965086,36.68986561754652,0.3294838455752423,6.12304508351008e-05,5.644034846380564e-05,4.394792655447306e-06,-0.13170988594655553
2024-12-30,23.847272895712248,35.70161943589912,6.215989550549033e-05,35.70155727600361,1.4970944305467435,2.606582973966248e-06,24.057967438250632,24.20432643635338,0.2199138843860011,36.16081451142358,36.399598205620194,0.4204044539753795,5.617138093034394e-05,5.917845524661069e-05,2.377454743825095e-06,-0.13170988594655553
2024-12-31,23.92716477019037,35.83943483468325,6.558845747496066e-05,35.83936924622578,1.4978554784448916,2.7411713048707704e-06,23.847272895712248,24.100774109996383,0.2035315243356169,35.70161943589912,36.18983842700642,0.3843753451098465,6.215989550549033e-05,6.094826607050213e-05,3.0899662772532315e-06,-0.13170988594655553
2025-01-03,23.235779147305664,34.493587672199425,5.649296243634479e-05,34.49353117923699,1.484503164431186,2.4312919346582578e-06,23.92716477019037,23.883877995867817,0.366591909008836,35.83943483468325,35.761239220771245,0.7068126927185199,6.558845747496066e-05,6.032862943644811e-05,3.5728885988939963e-06,-0.13170988594655553
2025-01-06,22.959506880296445,34.100564904826285,5.607904299675277e-05,34.10050882578329,1.4852481406772269,2.4425194882943718e-06,23.235779147305664,23.60553822635107,0.4291036593820538,34.493587672199425,35.25920427180633,0.8091864640491458,5.649296243634479e-05,5.92983478687785e-05,3.892710295681023e-06,-0.13170988594655553
2025-01-07,22.60755864103072,33.38676427565869,6.080129182563258e-05,33.38670347436687,1.476796535432387,2.6894231611229177e-06,22.959506880296445,23.31545646690709,0.5081699868352796,34.100564904826285,34.70439422465335,0.9410603849789082,5.607904299675277e-05,6.022433004783623e-05,3.576581344083421e-06,-0.13170988594655553
2025-01-08,22.39041683659669,33.056692226569105,5.326504091893529e-05,33.056638961528186,1.476376811910826,2.378921362101426e-06,22.60755864103072,23.02408525508398,0.536575691939577,33.38676427565869,34.17540878278735,0.9746085373009268,6.080129182563258e-05,5.8445359130525225e-05,4.30862563864172e-06,-0.13170988594655553
2025-01-13,22.427376061575988,33.12311210243347,5.494239570133801e-05,33.12305716003777,1.476905368309318,2.4497915204386678e-06,22.39041683659669,22.7241275133611,0.3256388744658251,33.056692226569105,33.6321442363374,0.5677979869368349,5.326504091893529e-05,5.6316146775800695e-05,2.5060106560102274e-06,-0.13170988594655553
2025-01-14,22.4560102608057,33.172583756701265,6.817811442470072e-05,33.17251557858684,1.4772251780896302,3.036074246176202e-06,22.427376061575988,22.568173736061105,0.2091386842006307,33.12311210243347,33.367943453237764,0.3826417494599946,5.494239570133801e-05,5.865317717347188e-05,5.380834588941293e-06,-0.13170988594655553
2025-01-15,22.33612056680072,32.93325551972173,7.664919803446778e-05,32.9331788705237,1.4744393692372908,3.4316253713456078e-06,22.4560102608057,22.443496473361968,0.0913015778196115,33.172583756701265,33.13448157621686,0.1495130163264969,6.817811442470072e-05,6.276720818101488e-05,8.687591712117592e-06,-0.13170988594655553
2025-01-16,22.42396564914847,33.12980360856881,7.493019166586244e-05,33.12972867837714,1.4774283963384005,3.3415227635575618e-06,22.33612056680072,22.406777874985515,0.0409967595362813,32.93325551972173,33.08308944279888,0.0835945887156001,7.664919803446778e-05,6.559298814906086e-05,9.813454302940918e-06,-0.13170988594655553
2025-01-17,22.451615137827577,33.24097411215524,6.234919018287137e-05,33.24091176296506,1.4805604811989328,2.777046987493671e-06,22.42396564914847,22.41901753523169,0.0433527890906197,33.12980360856881,33.119945819916104,0.1023514234729449,7.493019166586244e-05,6.740981800184808e-05,8.044364680275947e-06,-0.13170988594655553
2025-01-22,24.070281307308004,35.44689720570053,4.800074032726205e-05,35.4468492049602,1.4726415845808358,1.9941910821245155e-06,22.451615137827577,22.747598584378096,0.6627476099282475,33.24097411215524,33.58470284056952,0.9367044736372744,6.234919018287137e-05,6.602148692703288e-05,1.0345988372685526e-05,-0.10005769787834216
2025-01-23,24.360785747746743,35.73309263605924,4.54032456683356e-05,35.73304723281357,1.4668284104655525,1.8637841216815095e-06,24.070281307308004,23.128553681766306,0.8930719024593048,35.44689720570053,34.09680461644111,1.226504935536907,4.800074032726205e-05,6.146651317575986e-05,1.305311670140829e-05,-0.09977766770050682
2025-01-24,24.221919065416326,35.56293160393378,3.6423244842435965e-05,35.56289518068893,1.4682127996501304,1.5037307632011906e-06,24.360785747746743,23.505713381489425,0.8768280948744059,35.73309263605924,34.62273983328352,1.1776429311029897,4.54032456683356e-05,5.342132253735349e-05,1.360106749749742e-05,-0.09977766770050682
2025-01-27,24.21271261029408,35.56320125992426,4.729201685113786e-05,35.56315396790741,1.4687821985218006,1.95318953362671e-06,24.221919065416326,23.863462773718545,0.7118825963190154,35.56293160393378,35.10941936355461,0.938673389831974,3.6423244842435965e-05,4.789368757440858e-05,8.331967126042633e-06,-0.09977766770050682
2025-01-28,24.994823855256467,37.14820128833278,4.334899513689815e-05,37.14815793933764,1.4862357703921338,1.7343188888999416e-06,24.21271261029408,24.372104517204324,0.3246432468036459,35.56320125992426,35.89086479879012,0.635263394501235,4.729201685113786e-05,4.409364856521393e-05,4.161720131833579e-06,-0.09977766770050682
2025-01-29,24.7808916702208,36.70553866581061,3.621143252939111e-05,36.70550245437808,1.4812033059294496,1.4612643084553084e-06,24.994823855256467,24.51422658978688,0.3168540538921574,37.14820128833278,36.14259309081213,0.6584145385449501,4.334899513689815e-05,4.173578700563974e-05,4.597085602993808e-06,-0.09977766770050682
2025-01-30,25.092572057183308,37.3940844725854,4.748617030297085e-05,37.394036986415095,1.4902451764358091,1.8924393320363852e-06,24.7808916702208,24.6605838516742,0.375717874063967,36.70553866581061,36.474791458117366,0.7764418591041155,3.621143252939111e-05,4.21523719325668e-05,4.988284679590652e-06,-0.09977766770050682
2025-01-31,25.13289893986078,37.4919248492656,4.758538699615556e-05,37.49187726387861,1.4917469305462174,1.893350508829888e-06,25.092572057183308,24.84277982656309,0.337786170810242,37.3940844725854,36.860590107183725,0.7033034560493701,4.748617030297085e-05,4.438480036331071e-05,4.386137074865447e-06,-0.09977766770050682
2025-02-03,25.079764882336004,37.3852454477204,5.494872132323547e-05,37.38519049899908,1.490653745085597,2.190958391397702e-06,25.13289893986078,25.016190280971472,0.1259514010286157,37.4919248492656,37.22499894474296,0.2832861300377574,4.758538699615556e-05,4.591614125773023e-05,6.125528317841462e-06,-0.09977766770050682
2025-02-04,21.92982929056666,33.07641747746886,1.2980897661735405e-05,33.07640449657119,1.50828431171131,5.919288057257824e-07,25.079764882336004,24.40319136803351,1.2430324275524278,37.3852454477204,36.41064218257017,1.690573913643322,5.494872132323547e-05,3.9842521762697686e-05,1.4705823666377755e-05,-0.11886455408494269
2025-02-05,21.73512074533844,32.889575076897664,9.881113443848292e-06,32.88956519578422,1.513199556710608,4.546150702184394e-07,21.92982929056666,23.79403718305704,1.602887850336303,33.07641747746886,35.647449464787584,2.1766412103006934,1.2980897661735405e-05,3.457645794558912e-05,1.911622497948924e-05,-0.11886455408494269
2025-02-06,21.635551664788693,32.625886236889265,1.206457507822565e-05,32.625874172314184,1.5079757032489751,5.576273378718805e-07,21.73512074533844,23.102633104578118,1.638835941657626,32.889575076897664,34.69380981764836,2.245920853398001,9.881113443848292e-06,2.749213890064008e-05,1.957721432054434e-05,-0.11886455408494269
2025-02-07,21.569539894788544,32.519033713497215,1.1371019835519964e-05,32.51902234247738,1.5076368745980622,5.271795268227922e-07,21.635551664788693,22.38996129556367,1.3503929879491636,32.625886236889265,33.69923159049468,1.8533794280731692,1.206457507822565e-05,2.024926546851296e-05,1.7379254218046185e-05,-0.11886455408494269
2025-02-10,21.617421136516768,32.67288693508158,1.1135148604506876e-05,32.672875799932974,1.511414646952943,5.151006928248747e-07,21.569539894788544,21.697492546399825,0.1280751565257082,32.519033713497215,32.756759887966915,0.200248429572672,1.1371019835519964e-05,1.1486550924767242e-05,1.0277591739707e-06,-0.11886455408494269
2025-02-11,21.67874303596417,32.82115468365482,1.1671463826694613e-05,32.821143012190994,1.513978676217797,5.383828669094015e-07,21.617421136516768,21.647275295479325,0.0561757039953856,32.67288693508158,32.70570732920411,0.1337393465932685,1.1135148604506876e-05,1.1224664157759084e-05,7.402218337424923e-07,-0.11886455408494269
2025-02-12,21.828070964005374,33.11437533268937,1.1314065142405529e-05,33.11436401862423,1.517054593935267,5.183263862877527e-07,21.67874303596417,21.66586533921271,0.088341214236248,32.82115468365482,32.75066738036245,0.2061680002162692,1.1671463826694613e-05,1.151125449747053e-05,3.2613976049314095e-07,-0.11886455408494269
2025-02-13,22.255736854401764,34.15345920004115,3.400999408928568e-05,34.15342519004706,1.534591257232907,1.528145049152086e-06,21.828070964005374,21.789902377135327,0.2486460948235274,33.11437533268937,33.05618197299283,0.5827666678193291,1.1314065142405529e-05,1.590033829968254e-05,9.05647472428334e-06,-0.11886455408494269
2025-02-14,22.345144601345208,34.177410501456315,8.897210821086474e-05,34.177321529348106,1.5295229058127815,3.981719957431312e-06,22.255736854401764,21.94502331844666,0.2995149993265456,34.15345920004115,33.387857330584644,0.6506408213137288,3.400999408928568e-05,3.142055597475149e-05,3.008215989902757e-05,-0.11886455408494269
2025-02-19,22.439528713595745,34.46564838784529,9.471840727174387e-05,34.46555366943802,1.5359345923768497,4.221051541708875e-06,22.345144601345208,22.10944483386245,0.3001954019221871,34.177410501456315,33.74640962113739,0.6518158579170934,8.897210821086474e-05,4.813720770819889e-05,3.6667614380283634e-05,-0.11886455408494269
2025-02-20,22.497688224929007,34.48179981403291,8.289479014278945e-05,34.48171691924277,1.53268191243866,3.684591470644359e-06,22.439528713595745,22.273233871655417,0.2373524991081611,34.46564838784529,34.07853864721301,0.5014924026986224,9.471840727174387e-05,6.238187297141786e-05,3.34256079653492e-05,-0.10267950668316615
2025-02-21,22.707461151714508,34.77236790692731,8.09571898603907e-05,34.77228694973745,1.5313190530021823,3.565224193030408e-06,22.497688224929007,22.44911190919725,0.1532311587874424,34.48179981403291,34.41013716206059,0.2278040469960513,8.289479014278945e-05,7.631049791501489e-05,2.1695367137866076e-05,-0.0778461181290341
2025-02-24,23.082599639151,35.372334958714205,8.274340389920075e-05,35.372252215310304,1.5324242291461083,3.5846657305816416e-06,22.707461151714508,22.614484466147093,0.2625152640670154,34.77236790692731,34.6539123137952,0.4055324450204254,8.09571898603907e-05,8.60571798769979e-05,5.10892132224898e-06,-0.0755794036509077
2025-02-25,23.027509210564943,35.09451116191425,0.0001073925758595,35.09440376933839,1.52402549667912,4.6636644405391726e-06,23.082599639151,22.75095738799104,0.2643832460984228,35.372334958714205,34.837332445886794,0.3524603419791338,8.274340389920075e-05,8.974127340672496e-05,1.009301713309126e-05,-0.0755794036509077
2025-02-26,23.66318005933764,36.30085306914293,0.0001335440226222,36.30071952512031,1.5340648627156257,5.643536595137502e-06,23.027509210564943,22.99568765713942,0.3962802956957715,35.09451116191425,35.20437338214632,0.6247062981245763,0.0001073925758595,9.750639647681618e-05,2.0502527990955483e-05,-0.0755794036509077
2025-02-27,23.55699353459993,36.04198630634252,9.958248589024314e-05,36.04188672385664,1.5299909240712295,4.227300302306356e-06,23.66318005933764,23.207548719073603,0.3543517093380733,36.30085306914293,35.516410680608246,0.5733997324501842,0.0001335440226222,0.0001008439356263,1.9167073536769428e-05,-0.0755794036509077
2025-02-28,23.51542361566252,36.01099472302667,0.0001219585558522,36.01087276447082,1.531377674142406,5.1863218730607575e-06,23.55699353459993,23.369141211863205,0.2615203157870502,36.04198630634252,35.76413604382812,0.4534557781979731,9.958248589024314e-05,0.0001090442088246,1.761252774195865e-05,-0.0755794036509077
2025-03-03,23.631148785794338,36.19138837221384,0.0001324788591422,36.19125589335469,1.5315120183226123,5.606111676713683e-06,23.51542361566252,23.478851041191877,0.2316570916225387,36.01099472302667,35.92794672652804,0.4296457789591499,0.0001219585558522,0.0001189912998732,1.3518380534946646e-05,-0.0755794036509077
2025-03-04,23.130977274740307,34.937589698782425,0.000190015498189,34.937399683284234,1.5104242801247865,8.21476308294602e-06,23.631148785794338,23.49954465402695,0.191567545135265,36.19138837221384,35.89656243390168,0.4907636518347347,0.0001324788591422,0.0001355158843391,2.9860776782359947e-05,-0.0755794036509077
2025-03-05,22.899043224186205,34.6631045120838,0.0001337043892993,34.6629708076945,1.5137359309175098,5.838863571298911e-06,23.130977274740307,23.346717286996657,0.283031808300154,34.937589698782425,35.56901272248985,0.6365168135615332,0.000190015498189,0.0001355479576745,2.985872764330065e-05,-0.07786717065800629
2025-03-06,22.890890790720523,34.68523245602596,0.0001459808537212,34.685086475172234,1.51524170785379,6.377246523773444e-06,22.899043224186205,23.213496738220776,0.3083368754686331,34.6631045120838,35.29766195242654,0.6655787881282816,0.0001337043892993,0.0001448276312407,2.3843181558498272e-05,-0.07786717065800629
2025-03-07,22.80224088696352,34.46266097818339,0.0001277393385257,34.46253323884487,1.5113716739079956,5.602051971950311e-06,22.890890790720523,23.07086019248098,0.3005341108218793,34.68523245602596,34.987995203457885,0.6203049450588906,0.0001459808537212,0.0001459837877754,2.28246278536217e-05,-0.07786717065800629
2025-03-10,22.69729236769765,34.28619115280004,0.000101923075873,34.28608922972417,1.510585077610204,4.490538969223262e-06,22.80224088696352,22.88408890886164,0.143398611450518,34.46266097818339,34.60695575957512,0.2201407014895654,0.0001277393385257,0.0001398726311216,2.890346083432255e-05,-0.07738480208381207
2025-03-11,22.945611616919976,34.69898569658193,0.0001477298252415,34.698837966756685,1.5122275350897632,6.438260513943537e-06,22.69729236769765,22.84701577729757,0.0880623663211934,34.28619115280004,34.559234959135026,0.1612910263084297,0.000101923075873,0.0001314154965321,1.6533983158233196e-05,-0.07738480208381207
2025-03-12,23.00004210828394,34.83855201861883,0.0001543174782858,34.83839770114054,1.514716879847407,6.709443294028552e-06,22.945611616919976,22.86721555411712,0.1071867059275957,34.69898569658193,34.594324460442024,0.1955232702351021,0.0001477298252415,0.0001355381143294,1.8979698870193144e-05,-0.07738480208381207
2025-03-13,23.128994909188137,35.12398504382944,0.000154004517635,35.12383103931181,1.518612684283839,6.658504541147215e-06,23.00004210828394,22.914836377810644,0.1510457872997266,34.83855201861883,34.68207497800273,0.2915208566430378,0.0001543174782858,0.0001371428471122,2.0100876869107568e-05,-0.07738480208381207
2025-03-14,22.79729062908372,34.414574385284986,0.0001676050675502,34.41440678021743,1.509590545000136,7.351973104048482e-06,23.128994909188137,22.913846326234683,0.1517949319173895,35.12398504382944,34.672457659423046,0.2992903770567192,0.000154004517635,0.0001451159929171,2.2547247657668105e-05,-0.07738480208381207
2025-03-17,22.853988208283926,34.50885304405694,0.0001740091595791,34.50867903489736,1.5099707206267157,7.613951577870622e-06,22.79729062908372,22.94518549435194,0.1157455543977111,34.414574385284986,34.71699003767443,0.2512061470030052,0.0001676050675502,0.0001595332096583,9.713888910669912e-06,-0.07738480208381207
2025-03-18,22.974981785369778,34.79208411059765,0.0002177477517246,34.79186636284592,1.5143465372735518,9.477602801115578e-06,22.853988208283926,22.9510595280419,0.1163617487262811,34.50885304405694,34.73560972047757,0.2526278456592,0.0001740091595791,0.0001735367949549,2.341328344056477e-05,-0.07738480208381207
2025-03-19,22.944089582886143,34.753143552719216,0.0002135471974529,34.75293000552176,1.5146882785290978,9.307285725217162e-06,22.974981785369778,22.93986902296234,0.1137747184411527,34.79208411059765,34.718528027297644,0.2479336763447277,0.0002177477517246,0.0001853827387883,2.557626812354975e-05,-0.07738480208381207
2025-03-20,22.962086971826025,34.804279781258145,0.000227017282445,34.8040527639757,1.5157280705348006,9.886613648121148e-06,22.944089582886143,22.90648743548992,0.0691040046335014,34.753143552719216,34.654586974783385,0.1611652688381533,0.0002135471974529,0.0001999852917503,2.430389743784318e-05,-0.08636552330964355
2025-03-21,22.82694082186832,34.587047564863745,0.0002090458217132,34.58683851904203,1.5151854045956603,9.157855331754883e-06,22.962086971826025,22.91241747404684,0.0601742664348375,34.804279781258145,34.68908161069914,0.1190607816521621,0.000227017282445,0.0002082734425829,1.813032937473163e-05,-0.08636552330964355
2025-03-24,22.9686549642599,35.00246708878709,0.0001570059218638,35.00231008286523,1.5239232398785327,6.835660255600825e-06,22.82694082186832,22.935350825242036,0.0551791535410203,34.587047564863745,34.78780441964517,0.1325703626378228,0.0002090458217132,0.0002048727950399,2.465781737519184e-05,-0.08636552330964355
2025-03-25,23.06633970420213,35.17792534219166,0.0001773466077924,35.177747995583864,1.5250761843147176,7.68854573662989e-06,22.9686549642599,22.953622409008503,0.0763438464729404,35.00246708878709,34.86497266596397,0.2050735636321099,0.0001570059218638,0.0001967925662534,2.5711926326461803e-05,-0.08636552330964355
2025-03-26,23.069776318515565,35.14835875862522,0.0001692922567245,35.1481894663685,1.5235673841542845,7.338270401374797e-06,23.06633970420213,22.978759756134387,0.0887505935627268,35.17792534219166,34.94401570714517,0.222188545002964,0.0001773466077924,0.0001879415781077,2.60359950025786e-05,-0.08636552330964355
2025-03-27,23.137423428321583,35.28854507761725,0.0001641130734905,35.28838096454376,1.5251717714783215,7.092971004265576e-06,23.069776318515565,23.0138270474335,0.1078248058924608,35.14835875862522,35.040868766417,0.2445855802517635,0.0001692922567245,0.0001753607363168,1.8104498009495145e-05,-0.08636552330964355
2025-03-28,23.1527872211299,35.32693758421891,0.0001710276022858,35.326766556616626,1.5258179175930289,7.386912022830465e-06,23.137423428321583,23.07899632728581,0.0652368564756607,35.28854507761725,35.18884677028803,0.1144593969287564,0.0001641130734905,0.0001677570924314,6.839273522341246e-06,-0.08636552330964355
2025-03-31,22.7296265110948,34.670501647275195,0.0001472271085557,34.67035442016664,1.5253440979486317,6.477321942964413e-06,23.1527872211299,23.031190636652795,0.1547490672027135,35.32693758421891,35.12245368198565,0.2355456803805396,0.0001710276022858,0.0001658013297697,1.020437007352166e-05,-0.12984639590805824
2025-04-01,22.8071735494205,34.9331750312919,0.0001854490674883,34.932989582224415,1.5316748897269432,8.131172724513775e-06,22.7296265110948,22.97935740569647,0.1762107535118879,34.670501647275195,35.07350361980569,0.2442038481740216,0.0001472271085557,0.0001674218217089,1.2330904469651451e-05,-0.12985910582212093
2025-04-02,22.80773218183798,34.98364695024134,0.0001707237125412,34.98347622652879,1.53385030441997,7.485343618562347e-06,22.8071735494205,22.926948578360957,0.1804424340457634,34.9331750312919,35.040561258128925,0.2429907531608172,0.0001854490674883,0.0001677081128723,1.238749504918562e-05,-0.12985910582212093
2025-04-03,22.77463803471541,34.86714004604445,0.0001961273500463,34.8669439186944,1.5309635214793065,8.611656077578174e-06,22.80773218183798,22.85439149963972,0.151903621351594,34.98364695024134,34.95628025181436,0.2136750020728634,0.0001707237125412,0.0001741109681834,1.6474198740364476e-05,-0.12985910582212093
2025-04-04,23.93820661872548,37.4662366943312,0.0002461235106936,37.46599057082051,1.56512295557778,1.0281618611357117e-05,22.77463803471541,23.011475379158835,0.4642439080117311,34.86714004604445,35.38414007383682,1.0464663760785728,0.0001961273500463,0.000189130149865,3.287983017681967e-05,-0.12985910582212093
2025-04-07,24.7614038808918,39.28332988227567,0.0001306433925967,39.28319923888308,1.5864742593448162,5.276089886709395e-06,23.93820661872548,23.417830853118232,0.8043381317946626,37.4662366943312,36.30670572083692,1.784052906982262,0.0002461235106936,0.0001858134066732,3.745730406762757e-05,-0.12985910582212093
2025-04-08,24.84869100781124,39.43846947120346,0.0001029324638761,39.43836653873959,1.5871447497498317,4.142369666222778e-06,24.7614038808918,23.826134344796383,0.9028509162027336,39.28332988227567,37.207764608819225,1.988770771581648,0.0001306433925967,0.0001693100859507,5.004511584886725e-05,-0.12985910582212093
2025-04-09,25.091822892780183,39.926202559592,9.192150627019402e-05,39.92611063808573,1.5912037451483925,3.663404873491401e-06,24.84869100781124,24.28295248698482,0.8481874019645842,39.43846947120346,38.19627573068935,1.8619065632939744,0.0001029324638761,0.0001535496446965,5.876666484298442e-05,-0.12985910582212093
2025-04-10,25.61468403902981,41.257297895594,9.878817358588415e-05,41.25719910742041,1.6106893152665518,3.856700845318172e-06,25.091822892780183,24.8509616878477,0.544505927005427,39.926202559592,39.47430730059927,1.220931535428164,9.192150627019402e-05,0.0001340818094044,5.754750933689419e-05,-0.12985910582212093
2025-04-11,26.31829412571607,42.46103708541833,0.0001047111336575,42.460932374284674,1.6133658542834244,3.97864440443292e-06,25.61468403902981,25.326979189245822,0.5778257317818527,41.257297895594,40.473267378816686,1.2125980479467444,9.878817358588415e-05,0.0001057993339972,1.317862545698741e-05,-0.12985910582212093
2025-04-14,26.53288688474624,42.98517587731476,0.0001000038912792,42.98507587342348,1.6200715762304383,3.769054295282594e-06,26.31829412571607,25.681275790016706,0.6597151530175106,42.46103708541833,41.21363657782451,1.3787654212647045,0.0001047111336575,9.967143373377566e-05,4.404201291667146e-06,-0.12985910582212093
2025-04-15,26.63838166068444,43.166217239210965,9.971445659049072e-05,43.16611752475438,1.6204519399509898,3.7432625547842192e-06,26.53288688474624,26.03921392059135,0.5930221103997438,42.98517587731476,41.95918613142601,1.2154918948960562,0.0001000038912792,9.90278322766538e-05,4.105639153325966e-06,-0.13175014317870087
2025-04-23,26.67529881318596,43.34146046075298,8.35587246802629e-05,43.34137690202829,1.624778817447725,3.132438188057286e-06,26.63838166068444,26.355909104672502,0.3908839086030314,43.166217239210965,42.64223771165821,0.752590930674916,9.971445659049072e-05,9.735527595866756e-05,7.198438186454952e-06,-0.13175014317870087
2025-04-24,26.73365501384679,43.43004190615619,6.193139229013834e-05,43.4299799747639,1.6245456105295537,2.3166077462307626e-06,26.67529881318596,26.579703299635906,0.1461569810089671,43.34146046075298,43.07678651377064,0.3436217083749069,8.35587246802629e-05,8.998391969951842e-05,1.574929480755226e-05,-0.13175014317870087
2025-04-25,26.732015577772074,43.36230473135074,4.914118668804206e-05,43.36225559016405,1.6221113071401512,1.8382896173718917e-06,26.73365501384679,26.6624475900471,0.0740817134947754,43.43004190615619,43.25704004295713,0.1614286297193963,6.193139229013834e-05,7.886993030562681e-05,2.0365832378377395e-05,-0.13175014317870087
2025-04-28,27.07746927059918,43.85402167600372,4.616997136292574e-05,43.85397550603236,1.6195760851114909,1.7051065925521064e-06,26.732015577772074,26.77136406721769,0.1572154733768834,43.36230473135074,43.43080920269493,0.2288206082152694,4.914118668804206e-05,6.810314632237197e-05,2.0576007698444544e-05,-0.13175014317870087
2025-04-29,26.98990057767353,43.75355191764164,2.5300373890532645e-05,43.75352661726775,1.6211083027788276,9.374015223850624e-07,27.07746927059918,26.84166785061551,0.1605891039268882,43.85402167600372,43.548276138381055,0.2130520601793992,4.616997136292574e-05,5.322032978238035e-05,1.9194643597636874e-05,-0.13175014317870087
2025-05-02,27.029815784554945,43.85725591021984,3.386437836711841e-05,43.85722204584148,1.6225510473245708,1.2528527251920374e-06,26.98990057767353,26.912571244889307,0.1493511522104425,43.75355191764164,43.65143522827442,0.2128110370671836,2.5300373890532645e-05,4.328146051975145e-05,1.2668865405500577e-05,-0.13175014317870087
2025-05-07,27.03081996252336,43.843862199964285,3.652278940097474e-05,43.84382567717488,1.621995272831206,1.351153588814969e-06,27.029815784554945,26.972004234624613,0.1231577634420121,43.85725591021984,43.73419928703605,0.189845398537719,3.386437836711841e-05,3.819973994191873e-05,8.61673967819949e-06,-0.13175014317870087
2025-05-08,26.960330186870223,43.6499595055339,3.118776027817898e-05,43.64992831777362,1.6190439509821577,1.1568018663720792e-06,27.03081996252336,27.017667156444247,0.0398883173567296,43.843862199964285,43.79173024187268,0.0805581816413436,3.652278940097474e-05,3.460905465994611e-05,6.8735509213920686e-06,-0.13175014317870087
2025-05-09,27.350194864839214,44.57191680112387,4.256323835216341e-05,44.57187423788552,1.6296745606893102,1.55623163061561e-06,26.960330186870223,27.07221227529225,0.1414764456367599,43.6499595055339,43.93530926689671,0.3268590722261273,3.118776027817898e-05,3.388770805779365e-05,5.713861215307284e-06,-0.13175014317870087
2025-05-12,27.58717509617785,45.33191185982349,2.9687057824672763e-05,45.33188217276567,1.6432241322926948,1.076118077373781e-06,27.350194864839214,27.19166717899312,0.2396422519459932,44.57191680112387,44.25098125533308,0.6250445284341393,4.256323835216341e-05,3.476504484462167e-05,4.545230577917226e-06,-0.13175014317870087
2025-05-13,27.74517158487481,45.63139857088325,1.053698671520195e-05,45.631388033896535,1.6446608892395194,3.797773130711562e-07,27.58717509617785,27.334738339057093,0.3049480328932669,45.33191185982349,44.60580978746576,0.7841452919244266,2.9687057824672763e-05,3.009956651423838e-05,1.077636084580148e-05,-0.13175014317870087
2025-05-16,28.253159351589343,46.66754625847034,1.2673463811229277e-05,46.66753358500653,1.651763814365954,4.485680221994837e-07,27.74517158487481,27.579206216870283,0.4283163723419473,45.63139857088325,45.17054659916697,1.014886595788408,1.053698671520195e-05,2.532970139628929e-05,1.2077275871160598e-05,-0.11938997345603276
2025-05-19,28.074955578123923,46.14521579020782,1.215775618442785e-05,46.14520363245164,1.6436434124285593,4.33046319542575e-07,28.253159351589343,27.80213129512103,0.3260541397345282,46.66754625847034,45.66959785610175,0.7130930022030239,1.2673463811229277e-05,2.152370057753906e-05,1.261790820999688e-05,-0.11938997345603276
2025-05-20,28.121355128877067,46.23449333929498,1.226492526986604e-05,46.23448107436971,1.6441061651334865,4.361427539198322e-07,28.074955578123923,27.956363347928598,0.2491088913089969,46.14521579020782,46.00211316373598,0.4698678981104908,1.215775618442785e-05,1.5464037961079585e-05,7.148751685169397e-06,-0.11938997345603276
2025-05-21,28.180961793566144,46.29763660350991,1.012312330707325e-05,46.2976264803866,1.642869286813337,3.592185171403345e-07,28.121355128877067,28.075120687406255,0.1754446732157899,46.23449333929498,46.195258112473255,0.333322266867961,1.226492526986604e-05,1.1551251057559683e-05,1.020276611559611e-06,-0.11938997345603276
2025-05-22,28.3022611095701,46.53559106095975,1.1093050281007326e-05,46.53557996790947,1.6442358043691516,3.919492593917287e-07,28.180961793566144,28.18653859234532,0.0831393772088926,46.29763660350991,46.37609661048856,0.1948819074779345,1.012312330707325e-05,1.166246377072076e-05,9.2996734115664e-07,-0.11938997345603276
2025-05-23,28.27052163457019,46.48421540138043,1.0186558910050047e-05,46.48420521482152,1.6442645099458617,3.60324405814768e-07,28.3022611095701,28.19001104894148,0.0861572008115935,46.53559106095975,46.33943043907058,0.1482697031184429,1.1093050281007326e-05,1.1165082790484914e-05,9.212416790863796e-07,-0.11938997345603276
2025-05-30,28.27520970259512,46.49936223804761,8.997292330625595e-06,46.49935324075528,1.6445275818336322,3.182042653356455e-07,28.27052163457019,28.230061873835723,0.06799415063702,46.48421540138043,46.410259728638536,0.1205773059093419,1.0186558910050047e-05,1.053299001972446e-05,1.0917545340417993e-06,-0.11938997345603276
2025-06-02,28.442100577922144,46.836468698708615,9.772908886988504e-06,46.836458925799725,1.6467302958300094,3.43607141821818e-07,28.27520970259512,28.29421096364474,0.0844792869510334,46.49936223804761,46.53065480052126,0.173769864693987,8.997292330625595e-06,1.0034586743148956e-05,6.776037632945497e-07,-0.11938997345603276
2025-06-03,28.288916575795028,46.57267939981269,1.051524977658362e-05,46.57266888456292,1.6463224837554182,3.717091726864093e-07,28.442100577922144,28.31580192009052,0.0641179516777858,46.836468698708615,46.58566335978183,0.1290881158173668,9.772908886988504e-06,1.011301203705103e-05,7.054331853685226e-07,-0.11938997345603276
2025-06-04,28.247071345728497,46.56985917849163,1.0026771430824148e-05,46.569849151720206,1.6486615057717795,3.54966761265337e-07,28.288916575795028,28.304763967322195,0.0699813045502544,46.57267939981269,46.5925169832882,0.1271427422132138,1.051524977658362e-05,9.899756267014391e-06,5.114200348776024e-07,-0.11938997345603276
2025-06-05,28.24510937007898,46.56287501019941,9.517700465502843e-06,46.56286549249895,1.6485287559029629,3.369680867862127e-07,28.247071345728497,28.299681514423952,0.073135342913551,46.56985917849163,46.608248905052,0.1172504427287459,1.0026771430824148e-05,9.765984578104952e-06,5.06357347338532e-07,-0.11938997345603276
2025-06-06,28.493712883671943,47.0067732313447,9.591157243269997e-06,47.00676364018746,1.649724394404265,3.3660608859318294e-07,28.24510937007898,28.34338215063932,0.1041580208772682,46.56287501019941,46.709731103711405,0.1812238840618923,9.517700465502843e-06,9.884757560633831e-06,3.608685452614471e-07,-0.11938997345603276
2025-06-09,28.7466150589722,47.57341443705577,1.0704634981325712e-05,47.57340373242079,1.6549223043986694,3.723789725978417e-07,28.493712883671943,28.40428504684933,0.1941906811404304,47.0067732313447,46.85712025138084,0.3963531654547202,9.591157243269997e-06,1.0071102779501277e-05,4.769060056209308e-07,-0.11938997345603276
2025-06-10,28.72804444991624,47.6274740307371,1.1367597569663992e-05,47.627462663139525,1.657873863073752,3.956968804292258e-07,28.7466150589722,28.49211062167357,0.2197697486933678,47.57341443705577,47.06807917756573,0.4637885646438661,1.0704634981325712e-05,1.0241572338117349e-05,7.036376233282478e-07,-0.11938997345603276
2025-06-13,28.980667796668428,48.17886279657439,1.2436699962841175e-05,48.17885035987443,1.662448330542368,4.2913779800032346e-07,28.72804444991624,28.63882991186156,0.2500019312408167,47.6274740307371,47.38987990118228,0.5555785661185891,1.1367597569663992e-05,1.0723558044520752e-05,1.1033063289932183e-06,-0.11938997345603276
2025-06-16,29.08869988491573,48.424351238892704,1.7780425044536405e-05,48.42433345846766,1.664713494603576,6.11248530009299e-07,28.980667796668428,28.80754801482891,0.2085871349869902,48.17886279657439,47.76217514692094,0.4972952492209509,1.2436699962841175e-05,1.2376102960327469e-05,2.855772404770024e-06,-0.11938997345603276
2025-06-17,29.07782088524941,48.33207486532164,2.0947097055256425e-05,48.33205391822458,1.6621628923314375,7.203805655836632e-07,29.08869988491573,28.9243696151444,0.1573921648914494,48.424351238892704,48.02723547371632,0.3575979796534506,1.7780425044536405e-05,1.4647290922724754e-05,4.0172558660084376e-06,-0.11938997345603276
2025-06-18,28.663166897380908,47.63966852694378,2.524174738479435e-05,47.63964328519639,1.6620518136569495,8.806335836917173e-07,29.07782088524941,28.907679982826146,0.1783810114550029,48.33207486532164,48.04048629169392,0.341396619576321,2.0947097055256425e-05,1.755471340341848e-05,5.198541486092584e-06,-0.11938997345603276
2025-06-23,28.604087793030374,47.48096460535739,2.4619947753500737e-05,47.48093998540964,1.659936333188242,8.607143122913919e-07,28.663166897380908,28.88288865144897,0.2078100905646533,47.63966852694378,48.01118440661798,0.3797237539912105,2.524174738479435e-05,2.020518344018583e-05,4.725173963261382e-06,-0.11938997345603276
2025-06-24,28.68884531299604,47.87675808413862,3.6457807368857005e-05,47.87672162633125,1.6688283394400143,1.270800792820394e-06,28.604087793030374,28.82452415471449,0.2130657890254579,47.48096460535739,47.95076346413083,0.3721966117491313,2.4619947753500737e-05,2.500940492138899e-05,6.325062430398622e-06,-0.11938997345603276
2025-06-27,28.573788634184893,47.91330307380246,1.7288137327742288e-05,47.91328578566513,1.6768270979816902,6.050348292651412e-07,28.68884531299604,28.721541904568323,0.1827774153812436,47.87675808413862,47.84855383111278,0.288975931184212,3.6457807368857005e-05,2.491094737803017e-05,6.43961842807069e-06,-0.11938997345603276
2025-06-30,28.514449683225696,47.753984688994514,2.046403214424732e-05,47.75396422496237,1.6747293116123834,7.176723510917265e-07,28.573788634184893,28.608867664163583,0.062470747840503,47.91330307380246,47.73293579584736,0.1586496301567239,1.7288137327742288e-05,2.481433439582835e-05,6.501687517393998e-06,-0.11938997345603276
2025-07-01,28.82201951124837,48.21178059688179,2.2938749572328834e-05,48.21175765813221,1.672741237929777,7.958758602386113e-07,28.514449683225696,28.640638186937075,0.1067252962328313,47.753984688994514,47.84735820983495,0.2370568040194305,2.046403214424732e-05,2.435373483333525e-05,6.536575244749253e-06,-0.11938997345603276
2025-07-02,28.768440902709624,48.16551587916522,1.8694720312285165e-05,48.16549718444491,1.6742483905211782,6.498343228090737e-07,28.82201951124837,28.673508808872924,0.1153660766532269,48.21178059688179,47.984268464596525,0.1756346102092267,2.2938749572328834e-05,2.3168689345092133e-05,6.9074740916764325e-06,-0.11938997345603276
2025-07-03,28.830250291456704,48.1706978558561,2.078040162371621e-05,48.17067707545447,1.6708386978565557,7.20784641605213e-07,28.768440902709624,28.701789804565056,0.1318182602137862,48.16551587916522,48.04305641894001,0.178972008792704,1.8694720312285165e-05,2.0033208196063972e-05,1.9242163000485862e-06,-0.11938997345603276
2025-07-08,28.953962657756964,48.46452323064101,2.505179905835917e-05,48.46449817884195,1.6738476803159457,8.652286857753345e-07,28.830250291456704,28.77782460927947,0.1450383806152161,48.1706978558561,48.153300450307725,0.228115983739174,2.078040162371621e-05,2.158594054218735e-05,2.195859436502432e-06,-0.11938997345603276
2025-07-11,29.06633733153581,48.56414265834943,2.417687470569557e-05,48.56411848147473,1.6708036552530918,8.317826367295555e-07,28.953962657756964,28.88820213894149,0.1078312600463514,48.46452323064101,48.3153320441787,0.1662838331287861,2.505179905835917e-05,2.2328509054477e-05,2.315435800597014e-06,-0.11938997345603276
2025-07-14,28.98598897463162,48.38512435140608,2.4649895552263542e-05,48.385099701510526,1.6692590476644589,8.5040726310346e-07,29.06633733153581,28.92099603161814,0.1076502032115201,48.56414265834943,48.35000079508357,0.1589905772455214,2.417687470569557e-05,2.2670738250463943e-05,2.49948204246324e-06,-0.11938997345603276
2025-07-15,29.040466302581223,48.55167481521801,2.611766828281113e-05,48.55164869754972,1.6718627831021624,8.993543013629122e-07,28.98598897463162,28.975401111592465,0.0826357621251874,48.38512435140608,48.42723258229413,0.1436690639500422,2.4649895552263542e-05,2.415532784456913e-05,1.8049725256377928e-06,-0.11938997345603276
2025-07-16,29.15956932989195,48.93481528386727,2.34877202187303e-05,48.93479179614705,1.6781734575792722,8.054892701948329e-07,29.040466302581223,29.041264919279516,0.0711369273168372,48.55167481521801,48.58005606789636,0.1888168657673119,2.611766828281113e-05,2.4696791563571954e-05,8.808277064708918e-07,-0.11938997345603276
2025-07-17,29.23782281928224,49.1462395346586,1.0850544023598015e-05,49.146228684114575,1.68091310486521,3.7111326963928805e-07,29.15956932989195,29.098036951584568,0.0896664006935864,48.93481528386727,48.71639932869988,0.2801883301313169,2.34877202187303e-05,2.1856540556619725e-05,5.570219007307308e-06,-0.11938997345603276
2025-07-18,28.946146501935075,48.66051826072266,1.2193598732568876e-05,48.660506067123926,1.681070682671687,4.212511925120577e-07,29.23782281928224,29.073998785664426,0.1089743022424798,49.1462395346586,48.735674449174525,0.2722537237410664,1.0850544023598015e-05,1.9459885361994382e-05,6.548364871765025e-06,-0.11938997345603276
2025-07-21,28.980426932499256,48.74290411521661,1.4620947238016596e-05,48.74288949426937,1.6819249843609203,5.045111057912111e-07,28.946146501935075,29.07288637723795,0.1098915559543809,48.66051826072266,48.80723040193663,0.2107966202772317,1.2193598732568876e-05,1.7454095699144995e-05,6.176869239403486e-06,-0.11938997345603276
2025-07-22,29.057506373854867,48.76215061740948,1.5520239320661027e-05,48.76213509717016,1.678125782372169,5.341215147981764e-07,28.980426932499256,29.07629439149268,0.109094620222895,48.74290411521661,48.84932556237492,0.1732279377062457,1.4620947238016596e-05,1.5334609906714972e-05,4.404311034929894e-06,-0.11938997345603276
2025-07-25,29.49372049630077,49.31704385421774,2.1241779452359216e-05,49.317022612438286,1.6721201335180242,7.20213628356024e-07,29.057506373854867,29.14312462477444,0.2022308670877317,48.76215061740948,48.92577127644502,0.2577874178678506,1.5520239320661027e-05,1.4885421753440756e-05,3.588937802690688e-06,-0.11938997345603276
2025-07-28,29.36291403885063,49.0505693074847,1.6609533936002243e-05,49.05055269795077,1.67049391768763,5.656636774546917e-07,29.49372049630077,29.16814286868812,0.2194067883496669,49.31704385421774,48.90663723101024,0.2438891146619803,2.1241779452359216e-05,1.6037219735921603e-05,2.9819961206868246e-06,-0.11938997345603276
2025-07-29,29.745517441471595,49.81198325916076,1.225429785570575e-05,49.811971004862905,1.674604698243112,4.119712450730693e-07,29.36291403885063,29.32801705659542,0.2817718667716302,49.0505693074847,49.13693023069786,0.3978220848268463,1.6609533936002243e-05,1.6049359560548976e-05,2.9664066807047244e-06,-0.11938997345603276
2025-07-30,29.73168562721658,49.973080400902056,6.260561383552052e-06,49.97307414034067,1.6808021256338177,2.1056866610418798e-07,29.745517441471595,29.478268795538888,0.2554323471216319,49.81198325916076,49.382965487834944,0.4544305985645245,1.225429785570575e-05,1.4377282389656068e-05,4.975918822415666e-06,-0.07732250102953958
2025-07-31,29.66388974414824,49.82803717735823,7.783439025948105e-06,49.82802939391921,1.6797539906979917,2.623876738040916e-07,29.73168562721658,29.599545469597565,0.1483929799471018,49.973080400902056,49.5961427998247,0.3515652765266738,6.260561383552052e-06,1.2829922330713485e-05,5.549768366973108e-06,-0.06756203465198703
2025-08-01,29.680412821829552,49.76928693400621,8.553202358959538e-06,49.769278380803854,1.6768394440053596,2.88176664196152e-07,29.66388974414824,29.63688393470332,0.1403368670659183,49.82803717735823,49.68659141578239,0.3253209576450938,7.783439025948105e-06,1.0292206912033548e-05,3.7237250270678248e-06,-0.06756203465198703
2025-08-04,30.133650280855942,50.646274407818346,8.693062941391124e-06,50.64626571475541,1.6807215168350904,2.884835677181092e-07,29.680412821829552,29.791031183104383,0.1740014995208945,49.76928693400621,50.005732435849126,0.3275304556614625,8.553202358959538e-06,8.708912713111324e-06,1.972063817193769e-06,-0.06756203465198703
2025-08-05,30.115347079094096,50.66373532040976,6.1008239339276345e-06,50.66372921958583,1.6823228099396614,2.0258189015403358e-07,30.133650280855942,29.864997110628885,0.2131370998765832,50.646274407818346,50.17608284809892,0.3966645269704131,8.693062941391124e-06,7.478217928755701e-06,1.1049435736719112e-06,-0.06756203465198703
2025-08-08,30.1443732586355,50.70288285368153,5.622197287224549e-06,50.70287723148424,1.6820015602466245,1.865090124444352e-07,30.115347079094096,29.947534636912668,0.2251017463100652,50.66373532040976,50.322043338654815,0.4281354138775741,6.1008239339276345e-06,7.350545109490201e-06,1.2637345386441158e-06,-0.06756203465198703
2025-08-11,30.20829896429718,50.88326506794561,4.639397795964609e-06,50.88326042854781,1.6844134496975125,1.5358023970326358e-07,30.1443732586355,30.056416480942453,0.1905892496483104,50.70288285368153,50.53308891677229,0.3910821460754848,5.622197287224549e-06,6.721736863493502e-06,1.623024860091293e-06,-0.08152991369381307
2025-08-12,30.421742424653285,51.188833330311446,4.494344766760112e-06,51.18882883596668,1.682639758623058,1.4773462690019913e-07,30.20829896429718,30.2046824015072,0.1129528112840906,50.88326506794561,50.81699819603334,0.2041132517269601,4.639397795964609e-06,5.909965345053617e-06,1.515466474926181e-06,-0.08152991369381307
2025-08-13,30.22462436912232,50.99330257167301,4.321056997812839e-06,50.993298250616014,1.687144294959977,1.4296478742105593e-07,30.421742424653285,30.22287721916048,0.1072273760248432,51.188833330311446,50.88640382880427,0.1929569948762187,4.494344766760112e-06,5.03556415633796e-06,6.984702562283031e-07,-0.09445490256571853
2025-08-14,30.08854522690355,50.69962383845574,4.069348525561098e-06,50.699619769107215,1.685014129334604,1.3524577193325077e-07,30.22462436912232,30.21751684872237,0.1129842786503652,50.99330257167301,50.89358153241346,0.1850458928897123,4.321056997812839e-06,4.6292690746646525e-06,5.31548545031285e-07,-0.10117336431134764
2025-08-15,29.62051351907286,49.828549932309954,2.906021375491401e-06,49.82854702628858,1.6822311301330073,9.81084063117337e-08,30.08854522690355,30.11274490080984,0.2683298051300254,50.69962383845574,50.71871494813915,0.4724922484119505,4.069348525561098e-06,4.086033892318022e-06,6.19818224858752e-07,-0.10117336431134764
2025-08-18,29.649097559642907,49.928670952516335,3.4864967528976293e-06,49.92866746601958,1.6839861939163072,1.175920024508031e-07,29.62051351907286,30.000904619878987,0.3172700607792489,49.828549932309954,50.52779612505329,0.5533692098582743,2.906021375491401e-06,3.855453683704627e-06,5.845117908133156e-07,-0.10117336431134764
2025-08-19,29.56933428991468,49.88290798016295,3.132711698309177e-06,49.88290484745125,1.686981096398125,1.0594461368640493e-07,29.649097559642907,29.83042299293126,0.2709723319746395,49.928670952516335,50.2666110550236,0.4835100290063148,3.4864967528976293e-06,3.58312707001444e-06,5.388200825551688e-07,-0.10117336431134764
2025-08-22,29.55065438216876,49.764928288587726,3.632512722525834e-06,49.764924656075,1.6840550346193524,1.229249503428167e-07,29.56933428991468,29.695628995540552,0.1995788893611186,49.88290798016295,50.02093619840654,0.3437249198553879,3.132711698309177e-06,3.445418214957039e-06,4.036620188600056e-07,-0.10117336431134764
2025-08-27,29.58841721512941,49.79090882230424,6.16013642473633e-06,49.79090266216782,1.6827837886794672,2.081941855810548e-07,29.55065438216876,29.595603393185723,0.0353391022842354,49.764928288587726,49.83919319517624,0.05979496221777,3.632512722525834e-06,3.863575794792086e-06,1.1765068844253571e-06,-0.10117336431134764
2025-08-28,29.646351524166032,49.91699757655166,4.747966922900021e-06,49.91699282858473,1.6837484213145804,1.6015349878819814e-07,29.58841721512941,29.60077099420436,0.0401636618751858,49.79090882230424,49.85688272402458,0.0667125671751673,6.16013642473633e-06,4.231964904273809e-06,1.105217333118926e-06,-0.10117336431134764
2025-08-29,29.700512017057832,50.095040681270525,6.533714770698193e-06,50.09503414755576,1.6866726288253733,2.1998660383180257e-07,29.646351524166032,29.61105388568734,0.0550449345583017,49.91699757655166,49.89015666977542,0.1168612156499528,4.747966922900021e-06,4.841408507833922e-06,1.3411002140333349e-06,-0.10117336431134764
