date,tci_total,net_wti,net_henry_hub,net_brent,net_rbob,net_pjm_west,net_cels,tci_total_lag1,tci_total_roll5_std,system_dsv_forward_20d
2022-03-07,35.179199078619924,8.634936240950921,-1.235532633087887,8.253888717802866,-1.5119731383506263,-2.686007318171413,-11.45531186914388,34.92064050461569,1.214986404169025,0.0163316234953908
2022-03-08,35.06745737649112,8.854491626480907,-1.1632089541682822,8.371362054286628,-0.187592992262104,-2.412473633607825,-13.46257810072934,35.179199078619924,0.1419599801008784,0.0163736638064355
2022-03-09,37.775294631183776,13.18798405862109,-2.733597989647474,12.68444663733279,2.013711287075459,-5.999749283901924,-19.15279470947997,35.06745737649112,1.2391432562067597,0.0129095994141799
2022-03-10,36.51411196403748,10.383081204341565,-2.498317323443044,10.101834586937905,-0.2555007412371068,-5.395175012314135,-12.335922714285177,37.775294631183776,1.231392986734001,0.0101975047633379
2022-03-11,36.79391807303048,11.197361097499424,-2.4111164544478703,11.16367155976527,0.4757159384120442,-5.206063906753766,-15.21956823447512,36.51411196403748,1.1441009554733248,0.0101975047633379
2022-03-14,37.01452925038165,10.259914573932797,-3.2347161195740544,10.316054313497752,1.8504033810365923,-3.48360142062114,-15.708054728271916,36.79391807303048,0.992642215414649,0.0036589095578795
2022-03-15,33.41857328622024,12.01939366036146,-9.155177026261752,14.317373089446292,4.045195455601224,-6.973641839447864,-14.25314333969937,37.01452925038165,1.679241735928202,0.0035294659919551
2022-03-16,33.92408312746507,9.877151931699936,-9.928281784336702,12.482298459527158,-0.6991796418850313,-7.3027696146943715,-4.429219350310998,33.41857328622024,1.718053972811714,0.0076460046478622
2022-03-17,32.71794277985854,10.271972206108089,-6.682716963992696,12.239449541252348,-2.6380600044575004,-7.589771242910304,-5.600873535999916,33.92408312746507,1.992921957885456,0.0084262172509678
2022-03-18,31.965007112757444,9.061376835037636,-5.8236011712588525,11.076430642640553,-2.635831813511956,-6.740150025340785,-4.938224467566588,32.71794277985854,1.9385436423623656,0.0084262172509678
2022-03-21,31.79285748696445,10.160529657653685,-6.5507465590460505,11.942841888076003,-3.1259724349775557,-7.615206712967049,-4.81144583873896,31.965007112757444,0.9162269450976502,0.0084262172509678
2022-03-22,31.638065601906543,10.27172584694464,-6.589659574497519,11.852312783687488,-3.63939590427497,-7.745983744136765,-4.1489994077228864,31.79285748696445,0.9436648938488033,0.0084262172509678
2022-04-11,31.54231972737381,9.147789057308517,-6.349761580538393,10.90359090561099,-3.092394777654931,-6.8230756880130805,-3.78614791671308,31.638065601906543,0.4680815654885713,0.0072084066148868
2022-04-12,32.15621337032437,9.984880610106266,-6.435464712348926,11.783006675711334,-3.2638589903684263,-7.730678415564607,-4.337885167535616,31.54231972737381,0.2474891599407988,0.0072084066148868
2022-04-13,31.92294218336878,8.975515257219648,-6.166956109805687,11.064245710216824,-3.731328425831428,-7.175207187039078,-2.9662692447603103,32.15621337032437,0.2419331082619974,0.0072084066148868
2022-04-14,31.444747027071013,8.716394063915033,-5.723126349243668,10.60047670870206,-4.229432236460916,-7.184243505098154,-2.180068681814351,31.92294218336878,0.2929761784603469,0.0071405456798348
2022-04-20,31.488191552128843,8.829964731955371,-6.06907997353774,10.4888062776131,-5.054499451952168,-6.891916097744399,-1.3032754863341651,31.444747027071013,0.313098087627322,0.0075890524774767
2022-04-21,31.257287081903424,9.06520274281371,-6.679223095867558,10.45333602565816,-6.162967296160808,-6.729248910025532,0.052900533582024,31.488191552128843,0.3718899293466153,0.0075588499116295
2022-04-22,31.157020980149763,9.382448284156794,-6.695321315432235,10.84791431388532,-6.425814152696638,-7.514103186265908,0.4048760563527214,31.257287081903424,0.2949804884789949,0.0075588499116295
2022-04-25,31.35409325202949,10.195028877744209,-6.749395080985843,12.318932594347416,-6.625043413293327,-9.251509170323391,0.1119861925109493,31.157020980149763,0.1355117015400617,0.0070776447722294
2022-04-26,30.53129561256217,9.51822117582502,-7.108712614933832,10.146207507644249,-6.364555723019592,-5.517165277294345,-0.6739950682214779,31.35409325202949,0.3708420840567152,0.011817091474077
2022-04-27,30.26097606040089,9.031607818707762,-7.389642104297723,9.843288825980636,-6.248199857266954,-5.291361761855484,0.0543070787317967,30.53129561256217,0.48566264090809,0.0117750511630323
2022-04-28,30.60980406442303,9.347622975002892,-6.862298025841408,9.878953790804031,-5.7318649229208845,-5.796164362415047,-0.8362494546295673,30.26097606040089,0.4560426145474908,0.0117410126197191
2022-04-29,30.238436167092622,9.813382084006989,-6.808772466234659,9.854204147596718,-5.658545137557937,-6.193311759687825,-1.0069568681232983,30.60980406442303,0.4525297949606641,0.0122670159668555
2022-05-04,31.31186516358244,9.027029865610215,-6.310357430070924,9.945295468137472,-4.539786321349801,-7.875207391768868,-0.2469741905581344,30.238436167092622,0.4349656514635286,0.0122670159668555
2022-05-05,30.53465704955628,8.317931934525525,-6.742281751212276,8.799769168947705,-4.54674287743719,-6.239335492757636,0.4106590179338898,31.31186516358244,0.4348538987045515,0.0123022843939341
2022-05-06,30.563425753213615,8.504883083743337,-7.083598075799625,9.153907479217708,-5.299411328096845,-6.476333275217295,1.2005521161526858,30.53465704955628,0.3968159786551512,0.027024244871206
2022-05-09,32.36370408685956,7.929928293545302,-7.202911687759151,8.516138947870097,-3.2168734445371,-6.412320020107032,0.3860379109878789,30.563425753213615,0.8579102659713589,0.0258603212706868
2022-05-12,32.640705409565,8.623792157822919,-7.603284228841245,8.897956384924413,-2.7620501175220014,-7.715234788366686,0.5588205919826024,32.36370408685956,0.98617692386056,0.0250801086675811
2022-05-17,31.27046943245085,8.53981122265003,-7.378316839910337,8.98251261619992,-6.037579800963755,-6.49372872120445,2.387301523228624,32.640705409565,0.9881432651565468,0.02510384859901
2022-05-18,32.26081203041318,8.615080418705304,-7.418648594226562,8.741594043790691,-5.672246532720813,-7.248351756871874,2.9825724213232263,31.27046943245085,0.8724175141283571,0.0253487273143601
2022-05-19,31.602115410358525,7.885612084062025,-7.178545309526307,7.853584802088555,-4.271911689380936,-5.5279987036567775,1.2392588164134573,32.26081203041318,0.5695471614386864,0.0253487273143601
2022-05-24,31.61065991354873,8.110358484989952,-8.381674100854564,9.00891306702077,-4.409316001033908,-6.288652359574364,1.960370909452092,31.602115410358525,0.5578833938697748,0.0253487273143601
2022-05-25,31.925791840653147,7.4743983641961265,-7.8888951265219,7.7156673034753425,-2.908042344817922,-4.915945351271933,0.5228171549402685,31.61065991354873,0.3747605668653159,0.0260390082054659
2022-05-26,32.33481895203341,8.006004976924771,-8.148086020678425,8.188354228043167,-2.8261630058446485,-4.817628369934767,-0.4024818085100801,31.925791840653147,0.3469154152466757,0.0264855685527772
2022-05-27,30.9643922585531,7.005121382082088,-1.810535157991444,8.764219386190945,-3.840020840589105,-6.9783138711573045,-3.1404708985351637,32.33481895203341,0.502962360485038,0.0278102446988556
2022-06-01,30.48251608928059,7.409812429026829,-1.7832890977325428,9.237649854665923,-4.142930127104727,-7.881204972494082,-2.840038086361373,30.9643922585531,0.7426311972812678,0.0262145318924558
2022-06-06,30.07807143320528,7.275571402600221,-2.7252707373477296,7.855837389877273,-5.4465434294737065,-4.831549519126964,-2.128045106529097,30.48251608928059,0.9532066208852537,0.0262145318924558
2022-06-07,29.988447595079556,7.32966897403633,-2.7704610804456853,8.032084722338318,-5.526217632085412,-5.035627473873705,-2.029447509969849,30.07807143320528,0.9563841265229708,0.0262145318924558
2022-06-08,29.950804892423974,7.30689148785244,-2.827296369289856,7.934252706429334,-5.740750433886603,-4.861873660094207,-1.811223731011058,29.988447595079556,0.4309082683339021,0.0286930989314025
2022-06-09,30.53239493266912,7.168367769217433,-3.399758203363845,8.075759432138184,-5.329840220088833,-4.50640473866366,-2.008124039239245,29.950804892423974,0.2792011419782573,0.0239698260206606
2022-06-10,30.022649334899917,6.275708125858046,-3.6354388081845217,7.695541508105677,-5.047010577518087,-2.771430704386357,-2.5173695438747465,30.53239493266912,0.2382672100096653,0.0243091443567175
2022-06-13,30.082598412424502,5.597444292197153,-3.492738925355731,6.321950030394618,-3.572255716868746,-2.815762974680913,-2.038636705686402,30.022649334899917,0.2381028476570998,0.0243091443567175
2022-06-14,29.54883922145699,5.893017103719544,-3.1525140366788333,6.230399356026851,-3.82556542248431,-4.37631109920853,-0.7690259013746985,30.082598412424502,0.3510614363567918,0.023783141009581
2022-06-15,29.319352586435624,6.150118558819749,-3.0413012998581674,5.39329945660991,-4.184268649332488,-4.252443509044779,-0.0654045571942045,29.54883922145699,0.4766463294340789,0.023783141009581
2022-06-16,29.22266467431186,5.945752377711109,-3.5967271289409792,5.12690344345495,-4.520589042139143,-4.338986906844755,1.383647256758879,29.319352586435624,0.3961075164051498,0.0232387707300436
2022-06-17,29.742199021409157,6.800419255335896,-6.180034212683839,4.883041223212594,-6.661314584012835,-3.3832193214014765,4.541107639549647,29.22266467431186,0.3447685024044668,0.0091112773685942
2022-06-22,28.86439661910791,6.656478208842891,-5.849704886608908,5.959793470099356,-7.14753057184484,-2.595869601321776,2.9768333808332117,29.742199021409157,0.3338296890487203,0.0062688727551435
2022-06-23,29.015689621450743,6.807638033038124,-5.363794437203683,5.816672019236137,-7.39069950851502,-2.668335667556554,2.7985195610009885,28.86439661910791,0.3353876068369715,0.0072655319871991
2022-06-24,29.05493246975892,4.898790163136638,-2.317200374685912,4.88378634171962,-6.65679359033782,-2.73953123630365,1.930948696471134,29.015689621450743,0.3391656280457542,0.0072417920557703
2022-06-27,28.54034664282118,4.725681892233965,-2.2431340177266783,4.860237612168916,-6.558334199196942,-3.1495409020418585,2.365089614562576,29.05493246975892,0.439978909180622,0.0069969133404201
2022-06-28,28.938313881858605,4.945556871256535,-2.060510287790274,4.7308893446925,-6.736211222698586,-3.2232052535270834,2.3434805480669,28.54034664282118,0.2049292532836165,0.007240336110573
2022-06-29,29.24550085609165,4.309182896715207,-1.9656320640427989,3.989265048683052,-5.700388633715946,-2.762009705046776,2.1295824574072864,28.938313881858605,0.2599028818896292,0.007240336110573
2022-06-30,29.07442366122853,5.455198198671795,-2.191688464925779,2.4641662796911987,-5.079868929581977,-2.936705604287792,2.2888985204325465,29.24550085609165,0.2643965251235803,0.0067597653192185
2022-07-01,28.90932080240596,5.383723300781519,-2.603968576569205,1.9433233901783569,-3.886778408644211,-3.22897827450408,2.392678568757666,29.07442366122853,0.2607943899693741,0.0063132049719073
2022-07-06,28.91009766288981,4.756920593586095,-2.738676241544169,2.4352546041286374,-3.232476380017985,-3.462967720948296,2.241945144795743,28.90932080240596,0.1455281400937324,0.0057308357456685
2022-07-07,29.40795979271608,4.288600932028011,-3.7944462502664926,2.880227129103403,-2.464372055988825,-3.312155378495385,2.402145623619312,28.91009766288981,0.2171622813018849,0.0060672008656904
2022-07-08,29.207382849633728,4.834202764796316,-4.095704162597413,2.4953750101892,-2.665601686751522,-3.3652100378327665,2.7969381121962,29.40795979271608,0.2117953265938483,0.0060672008656904
2022-07-11,29.108360330914053,4.788858313886799,-4.882755243126214,2.6833464365818145,-3.6568021833936513,-3.252209880865408,4.319562556916656,29.207382849633728,0.2112402469933134,0.0060672008656904
2022-07-12,31.33881360338974,5.620533927613138,-5.796786330721183,3.0344302793340105,-2.559197787961267,-3.393597769306122,3.094617681041356,29.108360330914053,0.9914667440591828,0.004799299661847
2022-07-13,31.29026571055283,5.614571873268723,-5.698384933309175,3.032516316803324,-2.5510267721987674,-3.3924248996652917,2.994748415101167,31.33881360338974,1.140843027501881,0.0048213090435208
2022-07-14,31.065698508950447,5.652434895513238,-4.869247365304696,2.955513984577294,-2.728772174338232,-4.088307825150017,3.0783784847024265,31.29026571055283,1.141024220373425,0.0046828160016085
2022-07-15,30.76137647748965,4.856365364720119,-4.45256923350864,2.739936448753454,-2.651414277278974,-3.911360470700087,3.4190421680141423,31.065698508950447,0.9255381284750832,0.0046828160016085
2022-07-18,31.989946286489797,7.079423305725285,-4.84533407582809,6.418448887593868,-5.0649096155043765,-4.597577032396549,1.0099485304098534,30.76137647748965,0.4533372334150857,0.0046828160016085
2022-07-19,31.4990797864308,6.544315710454157,-3.968518748530704,6.627074686494282,-4.888922095615335,-5.811750199419208,1.497800646616854,31.989946286489797,0.4632772133824816,0.0046828160016085
2022-07-20,31.0932260866917,6.787031269241474,-4.175849517293219,6.150962915317031,-4.858560481594509,-5.52696066929581,1.6233764836250817,31.4990797864308,0.4748110848672594,0.0046828160016085
2022-07-21,30.80764708198405,6.499951527513076,-3.9437223757526567,5.249857492753129,-4.107202087539164,-5.608854017832599,1.9099694608581856,31.0932260866917,0.5163862558421893,0.004088348885786
2022-07-22,29.781577013204355,7.168131174639754,-2.5772344284443536,4.56759439660177,-4.892832199840861,-6.229182129338696,1.9635231863823976,30.80764708198405,0.8296744520031478,0.0047857711094654
2022-07-25,29.86163438814522,8.014429624399448,-3.0949421368859475,3.3796729746402576,-2.949729622439719,-6.744552704858286,1.3951218651441994,29.781577013204355,0.7598291050244015,0.0037891118774098
2022-07-26,29.708053833708263,8.348528032249767,-3.560688886661378,3.7580101280130895,-3.292710829598676,-6.5314075568020815,1.2782691127993022,29.86163438814522,0.6492212983559229,0.0037891118774098
2022-07-27,30.43116831483056,8.667362170897839,-3.4980556894554367,4.338967847631771,-4.440686282781357,-6.148546035694936,1.0809579894021333,29.708053833708263,0.4797517853132632,0.0042104475198925
2022-07-28,30.08851901119985,8.627123416679964,-3.184020816532829,3.579954989687465,-5.027258210887858,-5.942832021435563,1.947032642488855,30.43116831483056,0.2926163403142963,0.0041343855495875
2022-07-29,30.183299536588688,8.768007769433915,-2.811441261303516,4.058747507699096,-5.310881209456085,-5.832899855310048,1.1284670489366777,30.08851901119985,0.2814461393358208,0.0041343855495875
2022-08-01,31.226338676151386,9.105363141299172,-2.952198323279898,5.228662907730232,-4.7659459339003405,-6.650412163372055,0.034530371522857,30.183299536588688,0.5657467016968905,0.0039248011259984
2022-08-02,30.8230380711942,9.49722281886372,-3.041327688813533,4.171363314086761,-4.587048680632172,-5.331515169940081,-0.7086945935647062,31.226338676151386,0.472635583229443,0.0039419008925591
2022-08-03,31.35511728263161,8.970948425070816,-2.950494786755076,4.5786942666439,-4.337632826004025,-5.394029665347843,-0.8674854136077261,30.8230380711942,0.5822414805120603,0.0031995939727194
2022-08-04,30.59809601932194,7.04965029327618,-1.4774149990255276,4.942502264776991,-5.0519821538404415,-5.138747026461321,-0.3240083787258925,31.35511728263161,0.4755586999360218,0.0039115445247018
2022-08-05,30.60245351619136,6.601075013890956,-1.4673257631106704,5.114587336143934,-4.729824249596675,-5.10524504789971,-0.4132672894278002,30.59809601932194,0.3524999661109285,0.0039115445247018
2022-08-08,30.61023930420051,6.23995756386104,-1.1753916690990245,5.661441327132245,-5.077125452096311,-4.859546386685087,-0.7893353831128866,30.60245351619136,0.3257531490168551,0.0039115445247018
2022-08-09,30.06107068742641,5.697751925815119,-1.1307211330638405,6.052883441179539,-5.068035409627143,-4.714538525095492,-0.8373402992081456,30.61023930420051,0.4611013197440683,0.0027016956342309
2022-08-10,30.475032020898396,6.051501938295672,-2.0512012614024018,6.5393641982413655,-4.677136181617627,-5.455982998715425,-0.4065456948015864,30.06107068742641,0.2349819982364649,0.0027443588123043
2022-08-11,29.8264216278788,5.954245200331691,-1.5908508013460327,6.076901877441557,-4.360362256616284,-5.251283025092302,-0.8286509947186396,30.475032020898396,0.3530562740147644,0.0025435335181598
2022-08-12,29.059656836997437,5.532931951547816,-2.752412209169941,5.1683578652710125,-4.330949285162923,-4.742587220588945,1.1246588981029593,29.8264216278788,0.6156178920675166,0.0029031953022908
2022-08-15,28.97696397337401,5.751963648319581,-2.2654692906206257,5.221870120230072,-4.280253687900391,-5.419720335791145,0.9916095457624952,29.059656836997437,0.6476525350529949,0.0029031953022908
2022-08-16,29.1631388529687,5.773374436994729,-2.874882394921684,5.575015181076992,-4.825564110212476,-4.618053618545581,0.9701105056080692,28.97696397337401,0.6399575074231465,0.0063144047258809
2022-08-17,29.178134631680027,5.692243229539031,-2.766584346513813,5.229413915236847,-4.609812446689681,-4.571061095862595,1.0258007442902155,29.1631388529687,0.3373918966388077,0.0087380752681678
2022-08-18,28.866714181852604,7.092367750252322,-3.519659805314035,4.21233203880189,-3.453035761268602,-5.397368363980492,1.065364141508951,29.178134631680027,0.1306084578056393,0.012950966134483
2022-08-19,28.214527778990814,6.381379861308659,-3.278300468683903,4.688523490551397,-3.4230280367060715,-5.663603510489168,1.2950286640190931,28.866714181852604,0.3941711609493245,0.0122862947419744
2022-08-22,28.45850276907501,4.664103941252023,-3.304253580996596,6.346262972275966,-2.440303810862545,-6.245001217242974,0.9791916955741548,28.214527778990814,0.4289152467330308,0.0122862947419744
2022-08-23,28.791786260924155,5.275250637699607,-2.838194399548698,6.86438284287685,-2.8247649479594727,-6.6861821008004965,0.2095079677321827,28.45850276907501,0.3737701724322482,0.0122917541497934
2022-08-24,28.40509758256321,5.610967362696947,-2.950982459446472,5.816097592036719,-2.972401671016506,-5.706591486477519,0.2029106622068557,28.791786260924155,0.2741545070129399,0.0118704185073106
2022-08-25,28.11965335950729,5.663772997583735,-2.690936175787884,5.036804469346812,-2.5574555008031794,-6.127606823477805,0.6754210331383117,28.40509758256321,0.2597679016079557,0.0117030577074628
2022-08-26,28.300683548981706,4.916194686640552,-3.469107077754529,5.31075942584409,-1.7329090530873827,-7.06841334586873,2.0434753642260333,28.11965335950729,0.2471114220020482,0.0117030577074628
2022-08-31,27.14542439568365,4.705287962317996,-3.902604089761197,6.979251367003855,-1.767573263860406,-8.263955906109121,2.249593930408878,28.300683548981706,0.614355555988949,0.0117029320313005
2022-09-01,27.14947378302601,5.071904491133012,-4.283312990697997,7.186856237708419,-3.2033914909268084,-5.292330603290829,0.5202743560742,27.14542439568365,0.6260517073976318,0.0116960413983643
2022-09-02,25.973294216578413,4.21145795031201,-4.394147201873289,4.938634110874197,3.964655363882997,-9.14593744734944,0.4253372241535551,27.14947378302601,0.9317712340600094,0.0116960413983643
2022-09-07,26.651590462156705,4.169760001495661,-4.560884742904836,4.533158876413999,2.440033017428465,-8.47601246025258,1.8939453078193225,25.973294216578413,0.8516251002878683,0.0142643992044666
2022-09-08,26.26837266051457,4.044670620585833,-3.839750892423188,3.606583492909437,1.1129035602641115,-6.91514752019059,1.9907407388544571,26.651590462156705,0.5238623666824139,0.0142643992044666
2022-09-09,26.11836723043893,3.987408246606627,-3.824647940499826,4.061996040606154,0.34665144157605,-7.400154532895931,2.8287467446068906,26.26837266051457,0.4739564260659006,0.0147204411220338
2022-09-12,25.9053364052123,4.059139003197764,-3.5564534438238145,4.263500730074355,0.2022213124889162,-7.449194311060226,2.480786709122995,26.11836723043893,0.2966966993722445,0.0148770212489191
2022-09-13,26.102262832855075,3.765898638536832,-3.3770217211573907,4.380129000903231,0.5002039102812041,-7.6733133217038,2.4041034931398872,25.9053364052123,0.2789399387623582,0.0148851496476924
2022-09-14,25.68336815364988,3.893061582322872,-3.637473542430137,4.455682119271302,0.0905307821213341,-7.673775927378413,2.8719749860930186,26.102262832855075,0.2261092717474333,0.0187330304605971
2022-09-15,26.042495133344385,4.133894382616823,-3.761106205899312,4.841457989014288,0.0428266614810795,-7.686499139182468,2.4294263119695643,25.68336815364988,0.1810389202712423,0.0191248720102573
2022-09-16,25.790753546389663,4.642447975609777,-2.397819505753052,3.1259278652447264,-1.1047970328456709,-6.617897891091428,2.3521385888356967,26.042495133344385,0.1731981918616462,0.0191248720102573
2022-09-21,25.49867821424245,4.791341556116336,-2.1905577622113093,2.91506826522172,-1.3712823112542516,-6.686906243468716,2.5423364955962318,25.790753546389663,0.2509412490138588,0.0157136625866672
2022-09-22,24.34935328155059,4.174735126375651,-3.667608948952828,2.7048385419229604,-1.4946627001517925,-6.107967870301289,4.3906658511073005,25.49867821424245,0.6581770424910133,0.0132899920443804
2022-09-23,28.0298374509651,7.979768082900328,-9.68765957890604,5.289809962111434,-3.712599003227957,-6.088922441846356,6.219602978968563,24.34935328155059,1.3346439140182302,0.0090771011780651
2022-09-26,25.652140881836477,1.713316286806524,-12.680039533515842,0.6595585909154451,19.27990738244254,-10.078862582574688,1.1061198559260357,28.0298374509651,1.3387228769640205,0.0091171978601863
2022-09-27,27.30365057541292,5.6349584226992775,-9.481506279151189,5.987283133680641,8.737585626230416,-8.585934275316363,-2.292386628142774,25.652140881836477,1.4813601059806345,0.0091326146355409
2022-09-28,25.753852757695665,3.2212002016523087,-5.608943005359711,4.917450210717213,5.867103107573302,-7.963454355398458,-0.4333561591846386,27.30365057541292,1.4567825516924575,0.0112965394832603
2022-09-29,25.730096122197438,3.344214863238726,-6.980231000964597,4.7180711862292455,6.820643301785911,-9.550258836612858,1.6475604863235294,25.753852757695665,1.1016379332665227,0.0112965394832603
2022-09-30,25.650731227880826,3.0360982214978662,-6.988945032486271,4.532258238127653,7.451104376979044,-9.882482929144688,1.8519671250264211,25.730096122197438,0.7201213459152814,0.0127193809571609
2022-10-03,24.89851670134044,2.484051838539827,-6.178028926725499,3.4314430105899945,7.336299525458401,-10.08387165339699,3.010106205534281,25.650731227880826,0.877530803596327,0.0127193809571609
2022-10-04,26.524017983645763,3.639028724973272,-7.086395671941991,2.6752154510726958,6.589182692215124,-9.43701271027624,3.619981513957118,24.89851670134044,0.5759686877094516,0.0127193809571609
2022-10-05,26.036645311938056,3.766703018723774,-8.162093690922944,2.5434804689132378,7.770367859841887,-9.153957843158455,3.2355001866025117,26.524017983645763,0.5947527576069787,0.0127846683730354
2022-10-06,26.45539419752301,4.138162659423877,-6.507806642633152,2.916015692353824,8.856108406100871,-10.415773091766068,1.0132929765206526,26.036645311938056,0.6672300687243045,0.0158162998909419
2022-10-07,31.204341631749383,7.740153403594064,-5.986016742138988,-1.116250443610291,26.1445262773407,-9.92018089261293,-16.862231602572585,26.45539419752301,2.425958523514773,0.0121996264128353
2022-10-14,31.58806144110555,8.254970288491094,-11.1468564569724,2.320602292252687,31.617295639392218,-12.280813715097262,-18.765198048066345,31.204341631749383,2.779702137962055,0.0122629609872528
2022-10-17,30.581634019943134,13.276206210072196,-16.02534038296872,4.087649286789791,14.008091338784364,-13.760640238984823,-1.585966213692835,31.58806144110555,2.700241757070253,0.0120255233558795
2022-10-18,29.337308983000465,11.081672521985205,-15.312062827781435,3.604702787916331,13.06147495245622,-13.316554146279293,0.8807667117030071,30.581634019943134,2.0721487256221383,0.0127870321524349
2022-10-19,25.780679855886746,10.4492729025935,-10.900975010161265,3.4672244737977707,11.200909777736024,-11.400872165622932,-2.815559978343039,29.337308983000465,2.350409578362621,0.0140297641629205
2022-10-20,25.87054012858244,10.032829537882591,-10.195748408737105,2.9837460440504344,11.002595702583118,-10.487408425739488,-3.33601445003956,25.780679855886746,2.6829330671839013,0.0113677432933334
2022-10-21,24.853893481835676,7.803407663442165,-8.428343236967395,2.2195612567303087,11.22880565933989,-10.39585012071631,-2.4275812218286905,25.87054012858244,2.512654103313659,0.0120631004559531
2022-10-24,24.632113975380665,7.405456770198349,-7.962119434656223,2.1419605782705275,10.352811233295634,-9.25813027513901,-2.679978871969244,24.853893481835676,1.8935500914678784,0.0124030010191398
2022-10-25,24.66953137827269,7.079017504518561,-9.058072377384429,1.4984931157913977,10.025652105479589,-9.474760610994748,-0.070329737410347,24.632113975380665,0.6129897931141067,0.0124030010191398
2022-10-26,24.56273209247226,6.774058544855798,-9.507062780478824,1.5366490945214224,10.368778605244923,-9.569596965862338,0.397173501719017,24.66953137827269,0.5433978332415682,0.0124030010191398
2022-10-27,24.373351308402448,6.716555818004721,-8.998093831244924,1.0958990859626212,10.871059327738598,-9.556631344657385,-0.1287890558036348,24.56273209247226,0.1742178374843739,0.0153987509915186
2022-10-28,24.037114364232583,6.34433606254543,-8.726863794189589,1.2637078088924767,11.0480132187616,-9.42672243494762,-0.5024708610622977,24.373351308402448,0.2599491223215822,0.0195516602755893
2022-10-31,23.918353208743145,6.090480929411051,-8.65705456206186,1.4126444239231546,10.98137768068056,-9.380143059966697,-0.4473054119861981,24.037114364232583,0.3259520388057447,0.0231808240853692
2022-11-01,24.389974690819827,6.371192704134934,-8.909425238911917,1.6127001675312087,10.197327296218738,-8.226779293438947,-1.0450156355340194,23.918353208743145,0.2681981243293408,0.0213708153676622
2022-11-02,23.411974637017725,5.12976489309618,-8.8628444718437,1.571883415253275,10.301765327736836,-8.138421242177886,-0.0021479220647115,24.389974690819827,0.4005836042952518,0.0213732739890507
2022-11-03,22.715028506382893,4.292123770721112,-8.753880462902897,1.3226680521073888,10.711602406003363,-8.152367057443145,0.5798532915141532,23.411974637017725,0.6500701681650352,0.0199504325151501
2022-11-04,23.03164471490216,4.432709797867759,-8.405554638518009,1.5118203491693905,12.659067253874246,-9.914590047374906,-0.2834527150184946,22.715028506382893,0.6727075183257967,0.0199504325151501
2022-11-07,23.10035434072792,4.91155256491453,-7.199846188584935,0.6847936796220608,12.605379310555897,-10.236942317412234,-0.764937049095316,23.03164471490216,0.642302288620691,0.0199504325151501
2022-11-08,22.75763830606527,3.7223595876466495,-2.374837928873097,0.1334735665662378,13.096928148354635,-13.00762617075345,-1.5702972029409512,23.10035434072792,0.2831466249167176,0.0198749359656512
2022-11-09,22.98255832345705,4.032214091612332,0.1751924103848168,1.303152866583261,10.183366672923745,-15.18214724841499,-0.511778793089146,22.75763830606527,0.1712073034459001,0.0195173009852154
2022-11-10,27.269449986159717,1.6024928284967643,6.356793376322887,0.109440766319004,10.225323365423655,-17.18474424348134,-1.1093060930810097,22.98255832345705,1.9279310928706048,0.0195175139423865
2022-11-15,25.979900168683184,2.3173494056469157,2.61825600797798,0.1751677795388317,9.452838923630823,-13.021953668274644,-1.5416584485198896,27.269449986159717,2.069044646895412,0.0194541793679691
2022-11-16,26.103039268728956,2.0447958173155385,2.723192339739789,0.1937583290985358,9.17472403022349,-11.08662546028656,-3.0498450560907493,25.979900168683184,2.026317204798803,0.0237064368334035
2022-11-17,26.4290171755877,0.8462274006598207,2.962738021077726,-1.270715162479675,15.683653525544903,-14.934987397917151,-3.28691638688564,26.103039268728956,1.628341013674762,0.0241202396898474
2022-11-18,26.10696133252593,0.6442630059537464,2.324051367368618,-2.025811922236194,14.24074485916622,-11.954782719269929,-3.228464590982494,26.4290171755877,0.5255554528305707,0.0227885329297356
2022-11-21,25.240234925244724,3.0043862998336195,1.7582936713033137,-1.090451402615031,11.303261438716095,-11.629555832447648,-3.345934174790376,26.10696133252593,0.4415294281749107,0.021602672986418
2022-11-22,25.04124575697081,4.037610479344664,1.2856713336678922,-0.4860196677909698,11.23355402233077,-13.802740608182608,-2.2680755593697306,25.240234925244724,0.6061149862997486,0.0219738068605137
2022-11-23,25.139464774657554,4.591230905247357,1.2604827747436893,-0.26709819976125,10.250272710652997,-13.833581400229946,-2.001306790652848,25.04124575697081,0.6319885418331489,0.0221338286468464
2022-11-29,24.91681672114486,4.347837869148592,1.1404878774069722,-0.372711959876149,10.329442831098932,-13.28393451786506,-2.161122099913282,25.139464774657554,0.4726790931352969,0.0221526843698058
2022-11-30,27.56088455698101,4.358361821124852,-0.2930543289414444,0.3632188373690113,7.039061030510297,-10.728333667546185,-0.7392536925165274,24.91681672114486,1.113943787668925,0.0221526843698058
2022-12-01,27.98633940317606,3.722390263455587,-0.4704553306427605,0.0801643962192102,6.90349823671632,-9.153552386152398,-1.0820451795959372,27.56088455698101,1.5109418079204735,0.0191571900218626
2022-12-02,26.35455082815675,4.024266207131568,0.0353377677891337,-0.6213802098760723,7.279031941150171,-6.706258893986673,-4.010996812208157,27.98633940317606,1.3833492980688022,0.0148212227825628
2022-12-05,28.701817434011044,5.76967663220077,-0.4758047292247838,-0.0487068785132294,6.577608465802387,-7.576783288690427,-4.24599020157471,26.35455082815675,1.490447214451601,0.0111766421974283
2022-12-06,29.13374747002712,5.660425076611638,-1.4355870109268205,0.5954003055988579,7.661015531188807,-7.6850951546785,-4.796158747793978,28.701817434011044,1.079889451559021,0.0109035104687322
2022-12-07,28.493614362644564,5.020354450094764,-1.4593488774484946,0.0902692330394927,7.660248730580276,-6.87257550052407,-4.438948035741952,29.13374747002712,1.076972276578377,0.0117239950101539
2022-12-08,28.64512187674738,3.713043992837868,-1.5559323157924076,-1.5726818519175794,10.918436193899252,-6.128677045434216,-5.374188973592865,28.493614362644564,1.0945434979915436,0.0118254254379673
2022-12-09,28.13044768806834,3.616707725932393,-1.2520044520370917,-1.678199003847226,9.45828991307336,-5.169344020967902,-4.975450162153571,28.64512187674738,0.362936616134602,0.0118254254379673
2022-12-12,28.616393532872127,3.9070732319032047,-0.7550524276266124,-1.69614670376275,8.975523124802432,-4.832382632303723,-5.599014593012598,28.13044768806834,0.3601783170631428,0.0118254254379673
2022-12-13,30.97278907829263,4.829144080129062,0.1493372209080981,-1.5757240104831425,7.241072041954332,-4.712009110921521,-5.931820221586824,28.616393532872127,1.1372691832680517,0.0120091951922966
2022-12-14,30.19457169458423,2.988198141587951,0.4629460485194414,-3.587211954542809,8.731481113040516,-3.146402816904292,-5.449010531700791,30.97278907829263,1.2105591395549833,0.0107551225001493
2022-12-15,29.40249727703582,2.9166727306777886,0.8603874322618665,-3.3552320188715115,8.424922894748033,-2.987215389369556,-5.8595356494466255,30.19457169458423,1.152254136621634,0.0114585596442211
2022-12-16,28.01693362922053,3.207509284120924,2.151416812101825,-1.8244002397174413,6.518775800686173,-3.9886935467499214,-6.0646081104415615,29.40249727703582,1.185713997371729,0.0114585596442211
2022-12-19,27.61890391831717,2.627532914998284,2.197725039069507,-2.1368857494443745,5.678610613490564,-3.752403300835928,-4.614579517278061,28.01693362922053,1.419859838188953,0.0069876978925928
2022-12-20,26.9341958168694,1.6379047889200322,2.72925792732892,-1.5260210903561455,5.927970751947775,-4.359727380642266,-4.40938499719835,27.61890391831717,1.3346663024751313,0.0057050771929732
2022-12-21,26.03290495009093,2.55911048989892,3.130471870721383,-2.3211028740084387,6.277639561828142,-5.565905940031104,-4.080213108408914,26.9341958168694,1.2572055957177155,0.0060336887669592
2022-12-22,27.21762007609144,3.3184204385907847,1.2387215621734846,0.0212179037817819,5.085601271985452,-4.804483900270274,-4.859477276261259,26.03290495009093,0.753242055296223,0.0060336887669592
2022-12-29,26.534978637238996,3.1468729392595662,1.1375614025291192,-0.7832102547932678,6.348978533381301,-5.213344760622082,-4.636857859754628,27.21762007609144,0.6121191384564524,0.0655270566229293
2022-12-30,26.329424978628637,3.0722277264485527,0.8208326788261999,-1.2637541513390502,6.144330674852604,-4.725417753395799,-4.048219175392532,26.534978637238996,0.4721477987205866,0.0663501841191271
2023-01-04,26.790113158383747,4.597713571723318,0.7401330087071791,1.2447091194106576,0.1770667223306219,-4.105930698749948,-2.6536917234218595,26.329424978628637,0.4513395547933579,0.0663313283961678
2023-01-05,26.180947155782547,3.377349499169881,0.889453869437105,-0.4401475545273499,1.7260150068451487,-4.272004631303904,-1.2806661896208826,26.790113158383747,0.4092914289022406,0.0663675714532502
2023-01-06,25.231096742591838,3.453229144005114,1.42441145261909,-0.000160512830817,0.7302110086724323,-5.199290550333759,-0.4084005421320373,26.180947155782547,0.5948624884493384,0.0663673158288145
2023-01-09,25.52532018095944,3.856416014938411,1.573128429524962,0.129037113173446,-0.0649453993107567,-5.230382223218877,-0.263253935107187,25.231096742591838,0.6287740194601247,0.0663673158288145
2023-01-10,25.38475983644988,3.690736353759696,1.8846145949075623,0.1989631931562741,0.0145624631758156,-5.487712671129884,-0.3011639338694536,25.52532018095944,0.6508551456432721,0.067039092929003
2023-01-11,27.123905725935373,4.7839916868324295,1.5744277982345238,1.6256977491644091,-1.0409532353186748,-6.004005210627861,-0.9391587882848108,25.38475983644988,0.7793559730807008,0.0670361911193245
2023-01-18,27.27836328651817,4.9296600479543,1.3598426875533356,1.5788070898826092,-1.236636999196719,-5.313624339895451,-1.3180484862980837,27.123905725935373,1.0041618047268408,0.0662132479565142
2023-01-19,26.696326462504388,4.138795677405263,1.89563202453882,1.1173396453489275,-1.8027200195909323,-5.556356604861247,0.2073092771591955,27.27836328651817,0.8915062055606394,0.0661118175287008
2023-01-20,27.06393755941913,4.621739345768127,2.137502276562156,1.4870913813920978,-2.258530369991785,-4.858170204883017,-1.129632428847593,26.696326462504388,0.7707258855122187,0.0682788757061444
2023-01-23,27.15978233301031,4.13698657970869,2.9320465685758634,1.3238297982621106,-2.340188755742787,-5.331525666930492,-0.721148523873417,27.06393755941913,0.2201688737142871,0.069910952467507
2023-01-24,26.903881988736305,4.376454229811927,2.7819491718266605,1.826595015074176,-2.137716731422536,-5.401384700639943,-1.445896984650208,27.15978233301031,0.2271938042012119,0.0697271827131776
2023-01-25,27.00474269982817,4.178073644610386,3.177239574631852,1.6932432291059172,-1.9421730086582996,-5.352586223964828,-1.7537972157250508,26.903881988736305,0.1769367583659823,0.0683316065011525
2023-01-26,27.079373457259575,4.210603916241126,3.385371762515988,1.7957627749247251,-2.1249917237830545,-5.400277655166839,-1.8664690747319133,27.00474269982817,0.0951509470647994,0.0676279563999096
2023-01-27,26.60169666051672,2.57138484404652,3.4028030457990117,1.0530236033853129,-0.2844668062092292,-5.359440003393576,-1.383304683628051,27.079373457259575,0.21632435973047,0.0676279563999096
2023-01-30,26.753939280223715,4.613981121591635,3.0447765642777505,1.230034874697779,-1.4343400721891566,-6.20435165511949,-1.2501008332585162,26.60169666051672,0.1927365407773769,0.0676310391879184
2023-01-31,26.132223861119005,5.332526902213274,2.797839195130102,0.9444821832289988,-0.9964651013923084,-7.539013663653794,-0.539369515526289,26.753939280223715,0.3777231002415178,0.0675809511630208
2023-02-01,26.06939006305504,5.953248674004243,2.77212974510992,2.06081752406827,-2.617252806300064,-7.343428756511749,-0.8255143803706293,26.132223861119005,0.4264539809492643,0.0672628984850987
2023-02-02,24.48084883566207,5.775667369651693,0.9612897621473984,3.090358694824289,-2.245535652801532,-7.386261142564754,-0.1955190312570414,26.06939006305504,0.9028138509338332,0.0672771960681055
2023-02-03,28.374159749634103,7.4038816886337955,-1.4272135042789564,0.1742466682673935,-1.7753232972535289,-1.8067229632502304,-2.568868592118479,24.48084883566207,1.403526856404506,0.0060816781678433
2023-02-06,28.32226191746902,6.534816031614746,-1.173243159334849,0.9916150046551238,-2.973159664459015,-0.5981249831855422,-2.7819032292904726,28.374159749634103,1.6640523824683977,0.0058750746795209
2023-02-07,29.208946412676912,8.54917021593868,-1.6599124967472747,2.610693777519636,-4.701385528607105,-1.9168141298921528,-2.8817518382118106,28.32226191746902,1.956050546275341,0.0058888590062628
2023-02-08,29.13164487921495,8.398211280474314,-1.656682082176097,2.6694014223075584,-4.670423255561275,-1.8658874466628264,-2.8746199183816383,29.208946412676912,1.957291067440184,0.0058526159491804
2023-02-09,29.168910763250853,8.53993155520989,-1.7291966884402576,3.002245204486485,-4.886312672048323,-1.852241781538721,-3.0744256176690623,29.13164487921495,0.451224258004722,0.0060394802531943
2023-02-10,29.109595586046,8.489772420447615,-1.6817880080880483,2.842853579217256,-5.008487018413,-1.750553412153577,-2.891797561010224,29.168910763250853,0.3742232569792456,0.0067612192579239
2023-02-13,29.05355828153907,8.593064320750159,-1.6910774441880818,2.9036328869283423,-4.970232902640635,-1.878208614391509,-2.9571782464582697,29.109595586046,0.058962503892965,0.0093685427568209
2023-02-14,28.501990477912155,8.102811086415194,-1.5965489233124792,2.725938671442954,-4.813702021932375,-1.7841060624387062,-2.634392750174575,29.05355828153907,0.2777224730247349,0.0096120989669417
2023-02-15,28.317243475976078,7.481490455827377,-1.7299204040027265,2.424659461529842,-3.858701575508803,-1.8901741505004228,-2.427353787345254,28.501990477912155,0.3916381188905379,0.0105687246029441
2023-02-16,28.120120309351293,7.301646812283842,-1.8096923303554853,2.497954273688798,-4.125370387965255,-2.0414797224280523,-1.823058645223829,28.317243475976078,0.4424767870994446,0.0105687246029441
2023-02-17,29.08897011529758,8.308591319885437,-1.7179664666003518,2.592527175575718,-4.853425625804029,-2.2437672502610315,-2.0859591527957466,28.120120309351293,0.4368373754032365,0.0084297474254701
2023-02-22,29.57878276763455,8.250751479301144,-1.7246553009406045,2.507183786551259,-4.75192920039207,-2.2092142012891234,-2.072136563230609,29.08897011529758,0.6006732261138642,0.0067976706641075
2023-02-23,30.15542127432656,7.770325198980821,-1.6154385309991106,3.013650598945361,-4.923748038848721,-1.9646992237143053,-2.2800900043640446,29.57878276763455,0.8521549495104009,0.0067976706641075
2023-02-24,29.2306114528068,8.091603171482056,-2.52175883855087,2.8556369462899696,-4.846729644931472,-1.742392070831933,-1.8363595634577687,30.15542127432656,0.7466027031403346,0.007445338223565
2023-02-27,29.116305927889844,7.504806623863509,-1.700956014555377,1.986679229049933,-4.3435132822768345,-1.902703475176203,-1.5443130809050132,29.2306114528068,0.4479823515216342,0.0074733139588455
2023-02-28,29.28063508217994,7.262308663959629,-1.730106061566783,2.244821907857577,-4.341020123739369,-1.872458099882035,-1.5635462866290355,29.116305927889844,0.418292306893737,0.0074803883359091
2023-03-01,29.04434673452593,7.387541666421335,-1.8627420904127945,2.227308544714923,-4.360062938265443,-1.9528178092911848,-1.439227373166828,29.28063508217994,0.4512786536960591,0.0074773055479002
2023-03-02,28.92475291183628,7.433567607595059,-1.9380603762462627,2.11492736480232,-4.453456074904594,-1.837107265057048,-1.3198712561894863,29.04434673452593,0.1430863110379294,0.0074773055479002
2023-03-03,29.326029328213924,8.094578293672548,-2.242246185490892,2.1365147826139648,-4.383603717474806,-2.161559013129633,-1.4436841601911397,28.92475291183628,0.1661436317452438,0.0074667466518363
2023-03-06,28.826316461843817,7.506566317915002,-1.954847501270553,2.315474606079171,-4.250829831188785,-2.2029904932136954,-1.413373098321136,29.326029328213924,0.2182384888626207,0.0074524490688295
2023-03-07,30.33391698585489,8.407164026507296,-2.343337538118196,2.8453329761630077,-4.37816455563356,-2.5530538060339456,-1.9779411028845943,28.826316461843817,0.6123333284535185,0.0118108079246009
2023-03-08,30.23228437993913,8.065893297409524,-2.561965195932625,2.782958609188753,-4.119716933089002,-2.2379360768481917,-1.9292337007284492,30.33391698585489,0.7145935010872956,0.010694361567206
2023-03-09,30.94325743365313,7.6354784814217,-2.9010645051381942,2.6119556332690337,-2.3830999703654854,-2.240001863055186,-2.723267776131878,30.23228437993913,0.8461804564893471,0.0109901183991673
2023-03-10,30.174056392317866,7.140792361090888,-2.4333915423770947,2.472700643819266,-2.704219875931038,-2.5415732097124994,-1.934308376889492,30.94325743365313,0.7763752612604202,0.0121478342829986
2023-03-13,30.329466473773092,6.528672946602441,-2.258426622020302,2.6803113564849994,-2.875506766883717,-2.0509140968268937,-2.024136817356526,30.174056392317866,0.3096836775793387,0.0119609699789847
2023-03-14,29.22112095843697,5.37995369039659,-0.6782404070257098,2.839682442956871,-3.22469786604681,-2.953334762026426,-1.3633630982545544,30.329466473773092,0.6178835102838739,0.01129892540621
2023-03-15,33.22570559838008,11.14543205622362,-3.583080246205084,1.4818907851902452,-1.2942239363611634,-4.931515025721033,-2.818503633126568,29.22112095843697,1.5006975602451915,0.0080198248071246
2023-03-16,32.81151474531598,11.20511498282223,-3.082997655447105,1.3385567403670962,-1.2643302660129194,-5.431334783323127,-2.765009018406193,33.22570559838008,1.7617798087708163,0.007692926597547
2023-03-21,31.707449655834967,12.936681524121497,-3.072453204847836,3.935278950593883,-2.9821845911175657,-7.827553645566631,-2.989769033183311,32.81151474531598,1.6804925332631222,0.0076884331097934
2023-03-22,30.217798700617745,12.527507286831693,-2.2744008616154225,4.069311908230127,-4.373764268544477,-7.74842827516733,-2.200225789734599,31.707449655834967,1.6998877063316158,0.0076884331097934
2023-03-23,29.48616629603828,12.100850888364027,-2.395066827402536,3.3529607187803023,-4.1702769354270295,-6.975426098629743,-1.91304174568503,30.217798700617745,1.6155652869656685,0.0096893644243502
2023-03-24,29.19595549908419,12.435580189038768,-2.309496301568192,3.5330469652853864,-4.399089365637465,-6.901261067954522,-2.358780419163919,29.48616629603828,1.5362449032846657,0.0098585129807859
2023-03-27,30.033648368172997,13.213460944116306,-2.5788538886007637,4.128509663266229,-4.18293950513614,-8.399961121027665,-2.180216092618004,29.19595549908419,0.973689439725254,0.0098811656415731
2023-03-28,29.87617712436352,13.30567223106889,-2.628503391959237,3.9076430022408033,-4.359703936053762,-8.619966272817592,-1.6051416324790893,30.033648368172997,0.4156537932874979,0.0092091504488174
2023-03-29,29.50598458176861,12.28312511874153,-2.693896029813125,3.669893803558701,-4.7181622292710585,-8.102523317551135,-0.4384373456649104,29.87617712436352,0.3344605921381091,0.0098824919096523
2023-03-30,29.709684817265444,12.621052489571994,-2.8318758511061137,3.615845784845576,-4.728815672290061,-8.323307290608406,-0.352899460412992,29.50598458176861,0.327024562240328,0.0110773134528701
2023-03-31,30.672250471065727,13.67912015048296,-3.565683759649163,2.845402018947567,-4.0882640840702535,-8.638812228016256,-0.2317620976948085,29.709684817265444,0.4439982444133918,0.0110773134528701
2023-04-03,30.2685688359158,9.321505622301828,-3.199286728518201,3.1367460511018805,-5.051726092443829,-7.404565151800302,3.1973262993586493,30.672250471065727,0.4656991377180448,0.0110773134528701
2023-04-04,29.97296256637541,9.441301485847276,-3.9251903954929386,2.6868143663917365,-5.704880657957965,-6.124307053092259,3.62626225430418,30.2685688359158,0.460913102081505,0.0110773134528701
2023-04-05,30.457338563833694,10.280672485724743,-4.374272155781455,2.7787561262639286,-5.5114778501526445,-6.344565416990367,3.17088681093578,29.97296256637541,0.3822938679777352,0.0150762478827023
2023-04-06,29.67413459670659,9.592480356734365,-4.262172128284925,2.8235327297745343,-5.636430531898327,-5.733965409648011,3.216554983322361,30.457338563833694,0.3942131860254561,0.0106020447007165
2023-04-12,29.358163054849115,9.268381199944308,-3.582297084928342,3.103651507819152,-5.711881286607408,-5.683735640514898,2.6058813042872058,29.67413459670659,0.4432007332120043,0.0115640510972708
2023-04-13,29.12128948285259,7.99475016031721,-1.971667817862155,2.936681921531111,-6.095139723225742,-6.439325831238662,3.5747012904782323,29.358163054849115,0.524187512617844,0.0112572413026254
2023-04-14,29.02832689303015,7.876082605834739,-1.312095907376687,3.063212437352348,-6.233273192387166,-6.388483036337867,2.994557092914629,29.12128948285259,0.5764019043566594,0.010099525418794
2023-04-17,29.324155020709213,8.775247838189081,0.3841711683348467,4.285133364431907,-6.3216281746343626,-9.09587386206092,1.9729496657393997,29.02832689303015,0.2498396794684962,0.010099525418794
2023-04-18,28.818769295745724,8.332147024952526,0.0295383056903464,4.085943421517605,-6.335733518847775,-8.081440697150377,1.9695454638376968,29.324155020709213,0.2219416013687418,0.0100398309868392
2023-04-19,28.75789496001646,9.097551246220185,-0.8833604260699124,2.120720072928293,-4.579587927924976,-8.22069538627126,2.465372421117662,28.818769295745724,0.229967767585999,0.0105991866503714
2023-04-20,28.970003589516697,9.157509044946586,-1.2599251669589746,1.5830209077394954,-4.0709019220158,-7.972490500327966,2.5627876366167026,28.75789496001646,0.2214745692453439,0.011127003662681
2023-04-21,29.00656731462963,9.223655535756857,-1.0491677450045982,1.7894575369696,-4.097187431687352,-8.076101181038155,2.209343285003662,28.970003589516697,0.2204949980735218,0.0108896571278272
2023-04-24,28.72527971575036,9.096239503297369,-1.0956972825055369,1.752179523098988,-3.965869970443237,-7.767540077854996,1.9806883044074295,29.00656731462963,0.1262590694382415,0.0108896571278272
2023-04-25,28.70391285207236,10.048803785982209,-1.2443742508823965,1.7083153639525293,-4.6241131605479495,-8.752561361355214,2.8639296228508244,28.72527971575036,0.1438776865225991,0.0088606448133008
2023-04-26,29.62201033551342,12.500732630545102,-1.942990958200962,2.4489180905918886,-5.524113397474771,-9.29591788960783,1.8133715241465664,28.70391285207236,0.3710877014325144,0.0086914962568651
2023-04-27,29.272683654114516,12.607475265971082,-1.6102443529671389,2.560950348125488,-5.658249636109495,-9.108910059992825,1.2089784349728738,29.62201033551342,0.388135042143544,0.0143367165010214
2023-04-28,28.849687295310005,12.03041951300154,-1.0788968859753112,2.794100468275083,-5.813610084738599,-8.74781528721157,0.8158022766488688,29.272683654114516,0.40030001223176,0.0143367165010214
2023-05-03,29.2633542943323,10.34783443529173,-0.2207512132874622,3.2357066927793525,-6.658154061211754,-7.665661336365813,0.9610254827939312,28.849687295310005,0.3672810665696058,0.0136480962746499
2023-05-04,29.13946054804786,9.670263948355611,-0.163290342132317,3.302564494102114,-7.038940078821888,-6.529551061277594,0.7589530397740685,29.2633542943323,0.2781366929208008,0.0124462003543685
2023-05-05,31.322234478651485,11.748252612682514,0.4256609473872519,4.850615952479579,-6.209455006986396,-8.976106018763385,-1.8389684867995744,29.13946054804786,0.9946063979954284,0.0128165280467887
2023-05-10,29.70797070232726,10.156281148445537,1.9773023761695208,5.017286694794201,-6.774982948108331,-7.329084325608514,-3.046802945692372,31.322234478651485,0.9810913131786886,0.0130950178329829
2023-05-11,29.77286963531789,11.103240632785456,2.091065799564796,4.813267625038947,-6.762462160603455,-8.272322420637956,-2.972789476147785,29.70797070232726,0.8720989231445536,0.0153290526063944
2023-05-12,29.686282357255056,11.343566641282775,1.104241287324193,4.898455378495967,-7.182109492647086,-7.472632823148706,-2.691520991307115,29.77286963531789,0.8210610483956017,0.0113301181765622
2023-05-15,30.39259127705689,11.532763693993148,1.1910138783704731,5.181558691640227,-6.736794362623677,-7.381334080178149,-3.7872078212020543,29.686282357255056,0.7039448462199647,0.0113301181765622
2023-05-16,29.880951565976783,11.619845790144815,0.1798968259254847,5.215790588857431,-7.37005728344262,-5.691085082888592,-3.9543908385964777,30.39259127705689,0.29198352051202,0.0103681117800079
2023-05-17,30.655221837982825,12.25052934924966,-0.0115782216440702,5.609866830382444,-7.195991462387376,-6.030560354563752,-4.622266141036869,29.880951565976783,0.423534883520231,0.0103653804159501
2023-05-18,29.639634333902382,12.330140905148632,0.0359717756172486,5.7438642077136,-7.565787333990002,-5.971204228247506,-4.572985326242028,30.655221837982825,0.4508119757278496,0.0104168905384629
2023-05-19,29.547059127736148,12.6956665001821,-0.2008254963891014,5.703644024109266,-7.472357445302002,-6.368489900235352,-4.357637682364899,29.639634333902382,0.4821744570074422,0.0104168905384629
2023-05-22,29.444241582001585,12.459280086858456,-0.1404357885024136,5.730352482562338,-7.106340857117047,-6.667985490729744,-4.274870433071577,29.547059127736148,0.4869889077909551,0.0104168905384629
2023-05-23,28.61385444381037,11.67185513819453,-0.1671390427755996,5.735305411041928,-6.634902311932944,-6.661391186176757,-3.9437280083511226,29.444241582001585,0.7267411746104672,0.0098575348749306
2023-05-24,28.047388287342773,11.316532464869924,-0.3929464534761395,5.8314499870002905,-6.727135119736776,-5.553768839915751,-4.474132038741528,28.61385444381037,0.697362934339944,0.0093297178626211
2023-05-25,27.15434890866938,10.294228048555889,-0.7843760876576678,5.9227614837281095,-6.855213168363054,-4.616890561852282,-3.9605097144109767,28.047388287342773,0.9997106401005617,0.0086149322492261
2023-05-26,28.761396353664782,11.21596082312186,-0.1904516903413533,6.494122745683718,-6.881810673716863,-7.508793514811507,-3.1290276899359046,27.15434890866938,0.8577110602384033,0.0086149322492261
2023-05-31,29.16076414391725,10.391356977327176,-1.9172214261310327,6.374439033711823,-6.548872592059777,-4.341362363862865,-3.958339628985353,28.761396353664782,0.7773882561497215,0.0099642297522308
2023-06-01,29.67944208472693,11.029853846829596,-2.2642946470711856,7.832000233398958,-6.85292030582859,-5.168496865084782,-4.576142262243987,29.16076414391725,0.9865662872599564,0.0099642297522308
2023-06-02,31.324231699494877,12.191132608578847,-1.7434525690257487,8.717212757648255,-6.034509103674367,-8.337000573292231,-4.793383120234729,29.67944208472693,1.5099288191320397,0.0042963568472873
2023-06-05,31.45662582333104,11.984724624667066,-1.9238767555613376,8.102560329355128,-5.422957847820605,-8.048739926468373,-4.69171042417188,31.324231699494877,1.2437148415765935,0.0043038360590149
2023-06-06,31.14908748153211,9.141268885622964,-2.4807621445436787,6.590950998484402,-2.8627801353788485,-6.758908361481652,-3.629769242703176,31.45662582333104,1.0568913203108683,0.004291139089271
2023-06-07,31.710283601723948,8.137025294912206,-2.011809562166489,5.450086560413787,-0.7911913673938429,-6.651510851819452,-4.132600073946247,31.14908748153211,0.8005933029627599,0.0043706434059209
2023-06-08,31.488984161508693,9.478266731881853,-2.5520171712950965,5.8135070333785706,-1.6805730223744533,-6.634161060013432,-4.42502251157747,31.710283601723948,0.2078216289210393,0.0040003157135008
2023-06-09,32.310825428975484,9.712426697226874,-3.202919671354133,5.646234959345271,0.367357499983413,-6.9530910438509,-5.570008441350517,31.488984161508693,0.4332885310555053,0.0043829727813389
2023-06-12,31.322339656241,9.82064844302635,-2.880373480864961,5.637097260665996,-0.5739340966622208,-7.32835121297929,-4.6750869131858455,32.310825428975484,0.4500302339426191,0.002155489292089
2023-06-13,32.499153130618936,10.605718110706498,-2.6387760483191123,6.866307872251021,-0.2728187070536947,-7.268350558452541,-7.292080669132172,31.322339656241,0.5149531907249661,0.0021785843268096
2023-06-14,32.957016867697526,10.489120967902052,-3.045313356372347,6.750607963771159,-0.2626539618302743,-7.1275312291189215,-6.804230384351683,32.499153130618936,0.6919388844069705,0.0021809979565238
2023-06-15,34.671415738310365,10.677835173786171,-3.190399038834734,7.110019287935998,1.0898790156701708,-7.379008846718339,-8.308325591839294,32.957016867697526,1.227668910960832,0.0021809979565238
2023-06-16,34.45321174949803,9.370283508520004,-2.729150647758159,6.6749612940772565,1.9554829540832517,-7.170942187922968,-8.100634920999338,34.671415738310365,1.3972797666197427,0.0021809979565238
2023-06-21,34.16881508194422,9.390606791754536,-2.4620882895863634,7.059456813679766,2.1596383809842763,-7.301028021170298,-8.846585675661876,34.45321174949803,0.9633742664507902,0.002129487834011
2023-06-22,36.16886240311734,10.600734502473834,-4.384258884955182,8.170114543010506,3.883828092306629,-8.055423801912287,-10.214994450923507,34.16881508194422,1.151721843556463,0.002129487834011
2023-06-23,35.335669386351086,12.051981844003826,-4.793069618460988,8.767676863420071,1.0700356804397302,-7.672744983913173,-9.42387978548951,36.16886240311734,0.8013369700646229,0.002129487834011
2023-06-26,35.29982661820114,11.11046369789826,-4.57748072173524,8.366294171084732,2.104816440328229,-7.99012408395151,-9.013969503624462,35.335669386351086,0.7940866041876655,0.0449521016277994
2023-06-27,34.11868660960264,10.644593872224654,-4.610531341246094,7.185425153428994,1.8272090467541915,-7.16215547089568,-7.884541260266076,35.29982661820114,0.8710199854005557,0.0449526431540124
2023-06-30,33.8151171388891,10.591693061270654,-4.512487345348303,6.977467354365331,0.8005432386567577,-7.316233027720296,-6.540983281224101,34.11868660960264,0.9664054701174936,0.0459344084297426
2023-07-03,33.595356706978954,10.943140427740316,-4.944070430145009,7.16885221122088,1.3253616702808202,-7.441464807315834,-7.051819071781162,33.8151171388891,0.8289177895387062,0.0460218707856844
2023-07-06,33.04884755539262,11.316699231882891,-5.146639254383047,7.274104844137838,1.676458873553095,-7.170144538085985,-7.950479157104816,33.595356706978954,0.8371468976402123,0.0446725732826797
2023-07-07,33.77276350246428,12.864878538457925,-5.110504468719689,8.407965205004196,1.2521838664143914,-7.390585394625482,-10.02393774653133,33.04884755539262,0.3950762131106253,0.0446725732826797
2023-07-10,32.722567687523025,12.27011768141046,-5.152927600990097,7.651425710343226,1.461602622835123,-7.510531479120519,-8.719686934478187,33.77276350246428,0.4825065830059601,0.0454667683688485
2023-07-11,29.100224373808143,11.018526007147024,-2.7519174389197367,7.467120651550552,-1.3055889264944511,-6.470082976814817,-7.95805731646857,32.722567687523025,1.9180349698422816,0.0454592891571209
2023-07-12,28.50855716577373,10.869473315892122,-2.723394785102529,6.776399175717401,-0.4303245651752085,-6.931797541180728,-7.560355600151004,29.100224373808143,2.436319991929416,0.0454592891571209
2023-07-13,28.7839629189544,10.941840032878057,-1.9899160269194132,6.627176345602926,-0.8496575396740873,-7.25849733984445,-7.470945472043011,28.50855716577373,2.474402309451873,0.045379784840471
2023-07-14,31.035614909380584,12.163069503891116,-3.061516109951812,7.609364536200111,-0.0509864784825495,-8.335182476644075,-8.324748975012842,28.7839629189544,1.802294464439284,0.0454695285203581
2023-07-17,29.71109424792626,10.599147352618113,-3.603762300340197,5.234645474749748,-0.1382580127825576,-7.998034589969562,-4.093737924275574,31.035614909380584,1.0040124175851552,0.0448083816663257
2023-07-18,29.70876049816226,10.77189163823271,-3.869847411241823,5.41173790065168,-0.0689176142248584,-8.611681143819126,-3.633183369598557,29.71109424792626,0.9911638474205148,0.0467895298673816
2023-07-19,28.988533572564204,10.318059670757208,-3.5804717657877863,4.843852400504417,0.1563171032804362,-7.559134738163742,-4.178622670590515,29.70876049816226,0.8824079190779186,0.0476679937471386
2023-07-20,28.778181062530507,9.963812821988787,-2.948457365468805,4.707555809740782,-0.0179808421491785,-7.853953014302973,-3.850977409808598,28.988533572564204,0.883822003005634,0.04797792966811
2023-07-21,28.463782053712624,9.838693651742927,-2.702604906083572,4.949974395400282,-0.3367379669857016,-7.592786813368303,-4.156538360705619,28.778181062530507,0.5613087121434576,0.04797792966811
2023-07-24,28.168863750386866,10.599365972825098,-3.95725878112807,5.41576939141639,-0.641394330482413,-6.204398374167885,-5.212083878463126,28.463782053712624,0.585428061890938,0.0526299056819068
2023-07-25,28.2066171399872,10.924280537285782,-3.821175564358605,5.531934438338034,-0.6990805821963875,-6.632921577426531,-5.303037251642273,28.168863750386866,0.3573653465307838,0.0526299056819068
2023-07-26,27.625978467414274,11.484340690820131,-5.004632520211549,5.823698591446046,-0.7508708510901805,-6.056289037834251,-5.496246873130216,28.2066171399872,0.4250109955075702,0.0543885894391053
2023-07-27,28.04236211227404,10.74707719959622,-5.339879637542943,5.968635214254171,-2.0086360199296784,-3.8945377642250714,-5.472658992152656,27.625978467414274,0.3067791510191253,0.0560787182237791
2023-07-28,29.33190053930884,9.853890270764616,-7.97324168845468,4.954199384160148,-1.9318750351210416,1.6538037019926826,-6.5567766333417445,28.04236211227404,0.6340995784026103,0.0133496477157699
2023-07-31,28.44777219645233,9.75978399329454,-7.562886622368015,4.885438907140795,-2.436541907673337,1.956421419806798,-6.602215790200804,29.33190053930884,0.6346802138960358,0.0133491061895569
2023-08-01,27.82663516407366,9.653623418690088,-7.431085020611172,4.241777570133273,-1.725466837382072,3.322870373507669,-8.061719504337795,28.44777219645233,0.6747694530329067,0.0126484705941025
2023-08-02,28.4010980824884,11.18997125036934,-8.132406345671406,3.846487923565057,-1.863244930407692,2.0988362942422114,-7.139644192097494,27.82663516407366,0.5759511100926463,0.017637790279391
2023-08-03,27.886759044228796,11.289505119534772,-7.468634770311722,4.300071716785965,-1.976388866663893,2.0356526409130886,-8.180205840258227,28.4010980824884,0.6042857993405673,0.0176405177927839
2023-08-04,27.84832682965009,11.325899311557755,-8.396381809901687,4.567305944513322,-2.1320294044833936,2.054497201963711,-7.419291243649727,27.886759044228796,0.3136663022992491,0.0176405177927839
2023-08-07,27.694953764291316,11.197373961846324,-7.399602865626864,4.57223404130729,-2.3491002522974758,1.9389142132775865,-7.95981909850688,27.84832682965009,0.2722097670057603,0.0170234978174185
2023-08-08,27.404648730747,10.739385515494426,-6.723248966137451,4.3007258683706056,-2.7226368781085952,2.4854779109876537,-8.079703450606624,27.694953764291316,0.3631114865273925,0.017341844645816
2023-08-09,28.147311717661054,11.274395537010776,-7.098172435498728,4.9153308434618594,-2.4935987899608243,2.064148047425318,-8.662103202438388,27.404648730747,0.2728372141967673,0.017341844645816
2023-08-10,28.70279618561735,12.173959684315603,-7.008189753559357,5.974246299657196,-3.3730064267025384,1.541292125783844,-9.30830192949471,28.147311717661054,0.4944609485957537,0.017341844645816
2023-08-11,28.382928373017776,12.871093539666674,-7.95762164490782,6.46814741894768,-3.871941339899923,1.6783790850189764,-9.188057058825592,28.70279618561735,0.5214460635630048,0.0183818293493873
2023-08-14,28.00529360894708,13.441585313934318,-8.702831239772724,6.850182381506698,-3.8132014440926634,1.8506539811024352,-9.626388992678072,28.382928373017776,0.4832298147651668,0.0183818293493873
2023-08-15,28.5741722213694,14.211669482337427,-9.82468901451481,6.705092823719774,-3.2477563950986656,1.5848906786384074,-9.429207575082108,28.00529360894708,0.2893641064179275,0.0163941298641698
2023-08-16,28.79665100211534,14.736819777791474,-10.0255580007233,6.84640185713117,-3.7247700332857647,0.5784590817680568,-8.411352682681606,28.5741722213694,0.3133602526184242,0.0180678891014767
2023-08-17,27.96278778931664,14.49325461161046,-10.51348679072266,6.667144776981431,-4.384760409414636,0.8475291556591991,-7.109681344113794,28.79665100211534,0.3603580498514225,0.0177555395507911
2023-08-18,28.56074426148199,11.81645881863716,-7.994000306971191,5.552062412291598,-3.738385505185228,2.031943225944488,-7.66807864471688,27.96278778931664,0.3736443097235754,0.0177555395507911
2023-08-21,28.49155380036139,10.779811747663402,-4.409732569327716,4.88680564674727,-5.78835344716644,0.1051589129411265,-5.573690290857657,28.56074426148199,0.3095392343979198,0.013321330392681
2023-08-24,27.61064562638001,9.47464693907606,-3.847805010825102,3.3552865591221206,-3.44718248284882,-1.9672997890679331,-3.5676462154563,28.49155380036139,0.484525354806024,0.013321330392681
2023-08-25,28.12664165326428,9.834316359849211,-3.887249882365317,3.794861019102534,-2.5465894908662,-2.777136516660094,-4.418201489060124,27.61064562638001,0.3911092830222002,0.0118308988332754
2023-08-30,27.7434258602345,9.899086552904896,-4.407543611449039,3.7949473874577535,-2.5493910453126998,-1.9915184557319447,-4.745580827868999,28.12664165326428,0.4279907425973134,0.0101407700486016
2023-08-31,27.50297061043381,9.770792184236363,-4.061282324940128,4.156306050115965,-2.515729647470323,-1.7857641791607095,-5.564322082781171,27.7434258602345,0.4083667019025964,0.0104334058571487
2023-09-01,27.316813086868112,10.371306578111891,-7.814240601220845,6.2256435523295295,-3.8144649861008766,0.583977592483631,-5.5522221356033015,27.50297061043381,0.3039677606564758,0.0107297098333071
2023-09-06,27.67764417227072,10.677309495518903,-6.8886673239765255,6.0943239068733135,-2.823086490328162,-1.153799585098204,-5.906080002989299,27.316813086868112,0.3027168581017572,0.0132272515255882
2023-09-07,27.57292515577386,11.292786497361485,-7.02901787686757,6.810854212589973,-3.070918351177376,-1.878048734774973,-6.125655747131487,27.67764417227072,0.1658361477314029,0.0122587937011868
2023-09-08,27.246326089061043,10.998976304297628,-6.901191359113655,6.532488208914366,-3.260943295354913,-1.3004197087181488,-6.068910150025285,27.57292515577386,0.1789350046987041,0.0122560661877938
2023-09-11,26.72906601183119,10.863420709635127,-6.622570854926822,6.624140358325278,-3.124577027440587,-1.3524249595594284,-6.387988226033537,27.246326089061043,0.3694138996823026,0.0134501262337991
2023-09-12,26.94007223271018,10.438823686161008,-5.561286056431181,6.940278911005976,-3.4531748904064266,-1.5927866822625043,-6.77185496806686,26.72906601183119,0.4041011827809981,0.0134541512834383
2023-09-13,26.5838738322544,10.180818281144177,-5.8221284235388975,6.727489391828698,-2.752162173004958,-1.4739837222885637,-6.860033354140471,26.94007223271018,0.399384817393657,0.0131358044550408
2023-09-14,27.19400952332386,9.750124661411787,-6.340935223134803,6.898494097865154,-3.0108593998793296,-0.3077824025196971,-6.989041733743095,26.5838738322544,0.287083028087928,0.0131436171682657
2023-09-15,26.90873819195689,7.725229104165088,-6.71341491421591,4.695395273951817,3.1215639813042326,-1.321580036335524,-7.507193408869696,27.19400952332386,0.2308229160876426,0.0135722087192036
2023-09-18,26.894203194126565,6.514041571399531,-5.128032847529404,4.925539405386822,-0.77470004318495,-1.2271386210964454,-4.3097094649755405,26.90873819195689,0.2167981548702866,0.0124579868492318
2023-09-19,26.83617587860409,6.963578005008692,-5.870736443490522,4.460698464186287,0.4826459466289794,-1.0859331430861712,-4.950252829247258,26.894203194126565,0.2174758904790053,0.0128742638956448
2023-09-20,26.59298532850922,7.334087521131984,-3.9783107612350825,3.582616021826567,1.430600506349457,-1.3426910333473323,-7.026302254725593,26.83617587860409,0.2143543805698053,0.0128742638956448
2023-09-21,24.422030709271453,3.7844670683158768,-5.158785431682356,4.3606064374686255,5.3940263247358775,-1.142686569741146,-7.237627829096871,26.59298532850922,1.074590833725471,0.0124294042936757
2023-09-22,25.34869901160072,4.994847387082729,-4.23623166510496,4.284166671079397,5.283017212652185,-1.6860726362554974,-8.639726969453875,24.422030709271453,1.0911954879144703,0.0126827844767106
2023-09-25,24.943728460832645,4.900725685596434,-3.0846301021974387,4.228973355614485,4.719150747111044,-1.6867950505906393,-9.077424635533916,25.34869901160072,1.0477931009384815,0.0126827844767106
2023-09-26,24.69451853274789,5.088974018920368,-3.110693766108096,3.8867577253356416,5.183681584005596,-1.8966235437048784,-9.152096018448642,24.943728460832645,0.8498443363945184,0.012465017621024
2023-09-27,25.96067719204478,7.841336799716849,-5.233267392925413,5.193488775547905,4.836530308152675,-2.3084732533762526,-10.329615237115728,24.69451853274789,0.6016013588470063,0.012465017621024
2023-09-28,28.00869815012216,13.429055266407724,-7.11007528906431,5.324955715267585,5.284644165573216,-3.576823941116704,-13.351755917067464,25.96067719204478,1.328791360486182,0.0131299869205043
2023-09-29,27.12368085734044,12.065883391041446,-5.916869251179136,3.624237135298287,3.024358146774244,-4.095349585745711,-8.702259836189139,28.00869815012216,1.415282989761283,0.0131299869205043
2023-10-02,28.643458458808837,6.64916148848021,-6.797747085991503,6.635381400894268,2.7083686518541583,-1.1723694816745844,-8.022794973562531,27.12368085734044,1.5862232399165568,0.01303208651894
2023-10-03,26.248856267045483,4.873187152791402,-7.948376191442896,0.06875177788244,16.54440812302531,-0.6682369011315243,-12.869733961124789,28.643458458808837,1.138413616940697,0.0130233759082524
2023-10-04,30.172072549164707,6.435582957903051,-8.637954922337745,1.2415118419103948,14.030542318178064,-3.1335164488344613,-9.936165746819324,26.248856267045483,1.4965551964540638,0.0116951794673838
2023-10-05,29.84260393338958,5.939775879310446,-8.604069918497192,1.4875449593890977,18.111466178414314,-3.989179922299836,-12.945537176316869,30.172072549164707,1.6982962792106957,0.0090503773604338
2023-10-06,30.346296264350077,7.462533367003104,-12.983148841363988,3.636219928008423,18.10818849211929,-3.22153624473156,-13.002256701035254,29.84260393338958,1.7014208681032836,0.0139694987310581
2023-10-11,30.50575341311544,6.6861764215590185,-12.910038514074664,8.1420129807345,15.381553849820492,-3.5655931655459767,-13.734111572493358,30.346296264350077,1.791451678096081,0.0127754386850528
2023-10-12,30.618594332218333,8.160924349511887,-12.973680209290915,6.397536838584813,15.976277339455546,-4.142995598965459,-13.418062719295854,30.50575341311544,0.3047596005298292,0.0125942385246101
2023-10-13,33.13423727901542,14.627223598426744,-16.156428827076375,13.313291437556636,9.539572513019207,-5.279578550632136,-16.044080171294073,30.618594332218333,1.2894338339216254,0.0125942385246101
2023-10-16,31.670858615678867,13.236316658302355,-11.69891796025244,13.450291379614512,8.457329480978249,-4.879279047796736,-18.565740510845973,33.13423727901542,1.172241030111786,0.0125864258113853
2023-10-17,30.5382974251406,12.257317581615538,-11.717732848615258,9.887405352122355,8.766127932709981,-4.904977421938772,-14.288140595893816,31.670858615678867,1.1376605950576124,0.0159071025065571
2023-10-18,29.158884124402107,13.310832665364266,-11.691284366588071,4.765427642386591,8.130058343974365,-4.955696895648753,-9.559337389488409,30.5382974251406,1.4790575771861163,0.0158915959930706
2023-10-19,29.05926964386592,11.054469156796053,-11.25329639141759,4.724948018622399,7.98729791343742,-5.006362823625544,-7.507055873812684,29.158884124402107,1.7291979310977228,0.0154753189466576
2023-10-20,29.8455008352012,11.07948925120359,-10.806463708062353,3.169615884491158,7.84493442644818,-5.46604211085544,-5.821533743225103,29.05926964386592,1.0820082038773324,0.0183605361403263
2023-10-23,29.70556411434484,10.581877224609386,-10.724997564515348,2.5100648529652787,8.676027959747447,-6.068093474619619,-4.974878998187162,29.8455008352012,0.5957927069166331,0.0162522369965088
2023-10-24,29.934203115453823,8.27589473650734,-7.9276111529466995,4.125080514188646,7.079814118562641,-6.042963904228105,-5.5102143120838605,29.70556411434484,0.4038833298902172,0.0159988568134739
2023-10-25,30.00058568311301,8.124912549446783,-8.030139862595188,4.558311693191584,7.09867455117605,-6.173760289065099,-5.577998642154135,29.934203115453823,0.3796486763322902,0.0159988568134739
2023-10-26,29.07527016390519,7.315193950643206,-7.941233238114098,4.21432934997285,8.256743175098702,-5.996277146347551,-5.848756091253094,30.00058568311301,0.3728084113105009,0.0186506071467797
2023-10-27,27.70237139195311,8.861398848286989,-6.429318546871487,5.789294714457405,6.000999178056652,-6.372979131546886,-7.849395062382678,29.07527016390519,0.9564376389666048,0.0207951090153425
2023-10-30,26.33363139043345,6.717249264161083,-6.337745512877024,5.006470544270115,5.707027487016724,-6.638894117574302,-4.454107664996563,27.70237139195311,1.573956749188967,0.0198619527110263
2023-10-31,25.634271739912773,5.903633405400235,-5.473284895978447,3.87330029267639,5.418977189757037,-5.481450942494458,-4.241175049360747,26.33363139043345,1.8238796919316331,0.0198619527110263
2023-11-01,25.35415254565397,5.290065255285249,-4.906035921596786,3.7911600459926618,4.793959092437582,-4.83319429900767,-4.135954173111077,25.634271739912773,1.553708262332156,0.0195736740182644
2023-11-02,24.18011677990177,3.8559052336086808,-4.297729627862734,2.8356943906763448,4.502196327782528,-3.612070878454653,-3.2839954457501417,25.35415254565397,1.2986222691886682,0.0194126719671038
2023-11-03,24.33840941519265,4.401237272938481,-4.210331396983769,2.884439137223623,4.372571908196843,-3.629245023437044,-3.818671897938152,24.18011677990177,0.9048331850808876,0.0212962101362827
2023-11-06,24.93714107903619,4.357398801469344,-3.5526716637189306,3.125690476754876,4.34188045401487,-4.515337405193542,-3.7569606633266144,24.33840941519265,0.6284464311483425,0.0198326880264037
2023-11-07,28.088304252870284,7.732928714003883,-2.8627827698650776,7.257704954447718,0.2776771316624682,-7.15662893078124,-5.248899099467675,24.93714107903619,1.5855861712075698,0.0149135666557794
2023-11-08,26.125546420585795,7.839109146535762,-3.446955912314886,3.8266200288389385,0.3774752445672718,-4.609166880075387,-3.9870816275516816,28.088304252870284,1.6196507747922042,0.02168055433409
2023-11-09,25.657944242613947,7.8214839825445,-0.4321971768351567,2.976249319459612,-0.1562716692532504,-4.845983668756038,-5.363280787159652,26.125546420585795,1.43517656448277,0.0217579048367283
2023-11-14,25.473979495820647,7.369531919504404,-0.4971965410434329,2.714296178114786,-0.1867795210744987,-5.847526022091175,-3.5523260134100667,25.657944242613947,1.2128620200918767,0.0217579048367283
2023-11-15,24.74971986129016,6.76980510860259,0.5061194162305114,2.653304650203616,-0.5009775376024521,-5.526731350645697,-3.901520286788541,25.473979495820647,1.2581586607285011,0.0217579048367283
2023-11-16,26.252903276088063,10.687066076942187,-0.102609046852109,6.214863661389572,-1.925582130601068,-6.764451604319022,-8.109286956559513,24.74971986129016,0.5981569694819022,0.0180086365906184
2023-11-17,24.50183453209195,8.613661760765773,2.0611137034282745,6.053331564241191,-1.069075944465304,-6.982425196388797,-8.676605887581179,26.252903276088063,0.7075616522429231,0.0185167348280214
2023-11-20,23.949348912535395,8.480683643220281,2.522761104008985,6.353234870643192,-0.3717177106407856,-7.7650833783917905,-9.219878528839876,24.50183453209195,0.8955524692077971,0.0188923477983041
2023-11-21,23.7077845994278,7.938837861522472,3.035144253241985,6.599365142420815,-0.0066410173824689,-8.661108363144955,-8.905597876657854,23.949348912535395,0.9972856352004534,0.0161656352510215
2023-11-22,23.53754122437032,7.724818264380801,3.089301354283447,6.445967743533444,0.1938469198121239,-8.753509204012012,-8.700425077997785,23.7077845994278,1.1033123659479576,0.0162138361602825
2023-11-27,23.412046354342177,7.852331015729938,2.845219691633893,6.347518108405147,0.1256484452398218,-8.582783427206675,-8.587933833802118,23.53754122437032,0.4302372205104177,0.0164022671337883
2023-11-28,24.42168643996185,8.55432261305058,2.354301831544237,7.965355709460596,-0.6140680565671062,-8.94424211920204,-9.315669978286255,23.412046354342177,0.3989154202125217,0.0164022671337883
2023-11-29,23.913483266565404,8.03140779159424,2.151293969548552,7.0986070001441774,-0.6057900091958608,-6.601843391353645,-10.07367536073748,24.42168643996185,0.3959980040703176,0.0137505168004825
2023-11-30,24.973044559263467,10.25122305489969,2.405424847838222,7.678343898134379,-1.5308548041824714,-8.401797034858138,-10.402339961831686,23.913483266565404,0.6477626037977595,0.0116060149319196
2023-12-01,24.454193447902476,9.11895470182354,1.774795361412596,6.7749489837392005,-2.900260442168957,-8.194305484576102,-6.574133120230263,24.973044559263467,0.5933449711375691,0.0150680777710221
2023-12-04,24.15364980368787,8.884643510355495,1.8155605722593329,6.693811569671233,-2.914392200887452,-7.556173583825053,-6.923449867573595,24.454193447902476,0.396158106515085,0.0165995978079326
2023-12-05,24.3640608399384,8.833850350308403,1.964866377261032,6.839805681979172,-3.094599525798582,-6.906439448784218,-7.637483434965796,24.15364980368787,0.3955967854556012,0.0165995978079326
2023-12-06,22.93102055015241,7.436631142165872,1.9744876136952645,6.46037085568878,-1.209805634712103,-7.122789907672223,-7.538894069165558,24.3640608399384,0.7580416571293125,0.0164730064936224
2023-12-07,23.39130122442342,6.7842021209946,2.9107873677131195,5.696675500756655,-1.0945326229501957,-6.269071307548224,-8.02806105896594,22.93102055015241,0.6663422700525404,0.0136352153970189
2023-12-08,23.89808915014632,7.329260272204763,2.1056288115103845,6.381893567264044,-1.5789379110585866,-6.513450028977074,-7.724394710943539,23.39130122442342,0.5833734239312568,0.0136352153970189
2023-12-11,23.642039275501578,7.407702161670592,2.480521274715498,6.377379717271012,-1.609604148247879,-6.954821631898877,-7.70117737351037,23.89808915014632,0.5374106070378905,0.0377520942898965
2023-12-12,26.76320540084876,10.768900741010448,0.8974673412159513,5.849880248680094,0.6309252577913824,-8.268330346696317,-9.878843242001569,23.642039275501578,1.5172976031610628,0.0309982005519755
2023-12-13,27.329902864255057,9.971883576225942,-1.4523397041595,4.3806355030012085,-1.935412605493681,-6.246443821686897,-4.7183229478870885,26.76320540084876,1.8830425394448176,0.0313598450251332
2023-12-14,31.022338694609545,12.581710759564672,-4.763413138050655,7.999225103268827,-2.219914833995908,-6.675933597410522,-6.921674293376412,27.329902864255057,3.0059358754450995,0.0443415331643301
2023-12-15,30.92404979532605,12.429023941762203,-4.31841303031112,7.749946099317718,-2.338830948398517,-6.057511090688127,-7.464214971682146,31.022338694609545,3.1078460088381297,0.0466428343241737
2023-12-18,31.468892672813706,11.406901704363356,-2.699786375834635,7.914638964169086,-2.22326008827892,-6.622577810348961,-7.775916394069938,30.92404979532605,2.25949792308733,0.0466428866688931
2023-12-19,31.933576252861965,11.486462216921725,-2.299486109257288,7.691175038641973,-2.5095191015997003,-6.50158175977924,-7.86705028492748,31.468892672813706,1.8364146200905989,0.0461347884314902
2023-12-20,31.169856878802715,10.963830781531932,-2.1493547006484537,6.550290887124291,-2.044422216181758,-7.189802424300584,-6.130542327525433,31.933576252861965,0.407812808484862,0.0457591754612075
2023-12-21,30.876133887639146,10.690491905442071,-2.5535154765864103,6.384265629114694,-2.5459158196209657,-6.052169639023354,-5.923156599326031,31.169856878802715,0.4372159382269576,0.0456006708148214
2023-12-22,30.265996783103954,10.10547160655446,-2.725321917319789,6.268020829976315,-1.7614569796220785,-7.120203394950185,-4.766510144638701,30.876133887639146,0.626954991010075,0.045655204970412
2023-12-28,30.303252506933376,10.619409566878891,-2.9360594930047936,6.793470424699066,-2.3242383269846307,-7.133944100224033,-5.018638071364489,30.265996783103954,0.6890687991666462,0.0487987348256057
2023-12-29,30.50532854851817,10.617026595107482,-3.066405086148638,6.837625139221267,-2.0387878215735604,-7.320564781705039,-5.02889404490152,30.303252506933376,0.3894416951811125,0.0493215249247517
2024-01-03,30.016638318531918,10.5161431409307,-3.174582325651077,6.511899787307591,-2.349294779725085,-7.414073577120851,-4.090092245741307,30.50532854851817,0.3208845183806681,0.0496452242228345
2024-01-04,30.893487947403543,9.218088184380726,-2.356778057070075,8.28929719598188,-2.416275299964177,-8.149459834724826,-4.584872188603505,30.016638318531918,0.3274373157001807,0.0496452242228345
2024-01-05,27.90098140344894,6.8352770551098345,-2.922430640785956,7.414186748984477,-0.439827330765187,-6.340160763138737,-4.547045069404412,30.893487947403543,1.1750391808542469,0.0462845245624794
2024-01-08,28.770459045313885,7.686122122450257,-2.659860819461312,7.540243696125039,-0.7326124319356317,-6.903481952133873,-4.93041061504448,27.90098140344894,1.248960624767866,0.0461075267950005
2024-01-09,29.304909142513683,8.320608889335212,-3.0567883792764974,8.333083393821084,-0.0112905544817465,-8.4850765488384,-5.100536800559642,28.770459045313885,1.1467990622087665,0.0472176669338664
2024-01-10,28.434354749206893,7.678681015075256,-2.6909959859752863,7.397361404191677,0.125454059585639,-8.168226814501157,-4.342273678376117,29.304909142513683,1.1445790795894923,0.0472176669338664
2024-01-11,27.56158771625839,7.881096193013008,-2.6115777062066794,7.937566070854849,-0.4565354076482713,-8.464946156448804,-4.285602993564076,28.434354749206893,0.6908476460950091,0.0467214449296028
2024-01-12,42.37079037856172,0.0683332857913541,20.479270603223704,-0.588742374385653,-12.063512554274038,17.397315480334733,-25.29266444069008,27.56158771625839,6.227526459711644,0.0474079454318984
2024-01-17,39.925444211217695,-0.04099651224994,15.613611264783046,0.3614404862696929,-8.78741196087137,13.54415556157948,-20.69079883951091,42.37079037856172,7.044495362817624,0.027948899125815
2024-01-18,38.621311706988095,0.7929136637206469,8.11172066486975,2.244272798723678,-5.0176905806567085,9.554402218315737,-15.685618764973086,39.925444211217695,6.881275989509993,0.0279358051854254
2024-01-19,38.365682767462864,0.7508223745417482,8.50139830396084,1.7603588517135194,-5.050438769685419,9.226397574252443,-15.188538334783132,38.621311706988095,5.707458077882182,0.0274968102096294
2024-01-22,37.46717961071489,0.3171775750377321,9.447287179600217,2.034478384970484,-5.358779418638095,8.822531200459174,-15.26269492142951,38.365682767462864,1.90402141394095,0.0145151220704325
2024-01-23,37.38244787770353,0.2930781516650143,9.643355263605194,1.839481932895424,-5.228273417709827,8.887150340904704,-15.434792271360507,37.46717961071489,1.0333658941525192,0.012214085731144
2024-01-24,36.299686888176,1.0778596769818378,9.52983542491532,2.339507695771246,-4.451168704272968,6.430873121525124,-14.926907214920584,37.38244787770353,0.9194313532223636,0.0132164324443502
2024-01-25,35.42261939677471,3.880751382333173,8.61429178613134,0.3321046395306481,-2.083637891640789,5.768780067621435,-16.512289983975784,36.299686888176,1.1409866642517492,0.0132164324443502
2024-01-26,35.19506209893056,4.158165273521853,8.34291633929643,0.6108313451715119,-1.9179377133930815,5.476777418985797,-16.670752663582487,35.42261939677471,1.0618885156436133,0.0132164324443502
2024-01-29,34.03669465872024,2.8692634347049264,7.742458889834978,1.0145625529039108,-2.32193846681934,5.791157401224048,-15.09550381184852,35.19506209893056,1.2533351936448505,0.0132164324443502
2024-01-30,33.741945311403235,3.3072514123546384,7.224557021563648,0.744935042975456,-2.343970352433555,5.926869735048655,-14.859642859508828,34.03669465872024,1.048572718047863,0.0130915379735007
2024-01-31,33.04456418116521,3.0937246226094715,6.539699595119153,1.090246730950021,-2.2264824344329845,5.324345967093876,-13.821534481339548,33.741945311403235,1.002195764688053,0.0100370034093489
2024-02-01,33.16774341388715,4.1872698918057765,6.529169239745414,0.2043702990323481,-2.608638206571401,5.51227462648022,-13.82444585049234,33.04456418116521,0.861554513109897,0.009514213310203
2024-02-02,33.60914709673367,4.269596750544714,5.952692190982006,0.3771953617362271,-2.7653694410147427,5.172526202558842,-13.006641064807056,33.16774341388715,0.4105801428947891,0.0091905140121202
2024-02-05,33.38748804976934,4.413261207789134,5.8187930680516615,0.2619659681595507,-2.482505307683104,5.098379210749116,-13.109894147066337,33.60914709673367,0.2918137245725813,0.0091905140121202
2024-02-06,33.337487274596945,4.419307521775238,5.4257267785218914,0.4811019768600317,-2.2767725102562526,4.937558005729436,-12.986921772630334,33.38748804976934,0.2161825009461006,0.0106764310727493
2024-02-07,33.44310813640853,4.398405145993543,5.607075451151729,0.5031012243004227,-2.3035189579042825,5.102507372568255,-13.307570236109711,33.337487274596945,0.1604702139493917,0.0094945220169807
2024-02-08,33.24242693983613,4.126695547246349,5.791371877457664,1.0929209363406684,-2.1978752921904103,5.046885390528495,-13.859998459382762,33.44310813640853,0.1363975761156468,0.0106448369496947
2024-02-09,32.82943916915588,4.584292679250808,6.28421497731663,1.1832519149554273,-2.189325422347988,4.260647124966056,-14.123081274140937,33.24242693983613,0.2453346188591677,0.0106448369496947
2024-02-12,32.15153278109276,4.253923850420698,6.258224181733404,0.946940165750206,-1.9503730075597137,2.9049435842634423,-12.413658774608082,32.82943916915588,0.5286770587783005,0.0106448369496947
2024-02-13,31.57241338367623,4.161656421976268,6.015725901491329,0.0577204644820952,-2.111125423039596,3.368479080148745,-11.492456445058776,32.15153278109276,0.7781109405236537,0.0099583364473991
2024-02-14,31.88547354353446,4.745479327826011,5.553127909461011,-0.4999100866495922,-2.413405031188475,4.488790865796233,-11.874082985245174,31.57241338367623,0.6865053611784775,0.005300503860605
2024-02-15,31.8878766233149,5.179252136824502,5.3730998678312005,-0.7718214169758539,-2.4580184665383022,4.6644562890930885,-11.98696841023461,31.88547354353446,0.4738403151037112,0.0053276564863939
2024-02-16,31.820829938431142,5.242375989463199,5.260451110392921,-0.8466623026019988,-2.4192364815612137,4.860179332693136,-12.09710764838605,31.8878766233149,0.2065139300851104,0.0053316762909526
2024-02-21,31.83955526890124,4.977242278180768,5.457407300238458,-0.4039889173448472,-2.467096945147551,4.930197959029954,-12.493761674956794,31.820829938431142,0.1311627230640397,0.0053316762909526
2024-02-22,32.031402937444845,5.341758160506906,5.380867355849617,-0.5785058732753257,-2.820997448479334,5.190490444951003,-12.513612639552797,31.83955526890124,0.0826182831926346,0.0053314114703976
2024-02-23,32.1296119485533,5.521430359102638,4.794304974553377,-0.8108430101959243,-2.991749268989498,4.777653359325619,-11.290796413796258,32.031402937444845,0.133507930933965,0.0056489354169411
2024-02-26,31.836269210831784,5.626425778898579,4.827842579233433,-0.7848124875724523,-3.0103110131567963,4.637255953199819,-11.29640081060256,32.1296119485533,0.1405342793109548,0.0065017030217058
2024-02-27,31.389648425666724,5.925376743958537,4.70707552573537,-1.1594799981744046,-3.0180964619615267,4.482521003967236,-10.937396813525158,31.836269210831784,0.2842536286776019,0.0066364192888569
2024-02-28,31.20612099352475,5.7163870719825525,5.092711206295597,-0.7213082394447099,-3.102229195065087,4.404167279540779,-11.38972812330914,31.389648425666724,0.4035673464446908,0.0066364192888569
2024-02-29,30.891704560444538,5.001589119961402,4.381899004228224,-0.1053438119069554,-2.8517326672339856,3.8027483171411935,-10.229159962189872,31.20612099352475,0.4943730174399549,0.0066364192888569
2024-03-01,32.38438393712807,5.84738897244992,4.838657140495243,-1.4862280032119628,-2.609848974259034,3.3490469153842497,-9.939016050858406,30.891704560444538,0.5820468693203996,0.0070320483412357
2024-03-04,31.56342346788317,6.689715152071109,4.330486703666139,-3.6574315736991703,-2.7834094896723838,2.7724669527566306,-7.351827745122284,32.38438393712807,0.559885137077513,0.0070320483412357
2024-03-05,31.21278743056825,6.665229677863422,3.634741910707589,-4.53127109055383,-2.3562950238387046,2.0112355031289653,-5.423640977307398,31.56342346788317,0.5730106053033509,0.0082097658390496
2024-03-08,30.068756202576765,6.884702751301418,3.895992857206828,-5.34366733141222,-1.8140217975983857,1.3478898571195543,-4.970896336617226,31.21278743056825,0.8524718707357898,0.0086061113183027
2024-03-11,29.87815908975534,6.792036591096185,3.6524452632110567,-5.732339303721165,-1.4986931998035686,1.545519720791468,-4.758969071573983,30.068756202576765,1.0491274627950653,0.007018765885969
2024-03-12,29.59336482895084,7.059417864777728,3.56158373702948,-5.621634855335056,-1.742203991814275,1.1352409766512537,-4.392403731309125,29.87815908975534,0.8698915087390016,0.0068461526723061
2024-03-13,28.92814261244207,7.337378298323479,4.482223102670467,-6.093410940734856,-1.8115063931391724,0.403256639982132,-4.3179407071019735,29.59336482895084,0.8343157382357471,0.0045856976007261
2024-03-14,28.670398825596035,7.593221766788432,3.6924923152447775,-6.514495639290672,-1.8928722007165213,-0.3812363992204624,-2.4971098428055,28.92814261244207,0.6050565910499967,0.0069523329059033
2024-03-15,28.292806727326848,7.122655877611152,4.039403534285512,-6.603713686119335,-1.373804890520514,-0.2737790501544026,-2.9107617851023786,28.670398825596035,0.6539940214756615,0.0069523329059033
2024-03-18,28.106458895378907,7.5818426187821615,3.522943689039004,-6.515477373218392,-1.3311839572491628,-0.8878892218951222,-2.370235755458493,28.292806727326848,0.584692427741599,0.0073110261589533
2024-03-19,28.154932829626446,7.566870637731469,3.5318552715595146,-6.730339538117296,-1.3174013728496805,-0.6325445605870996,-2.418440437736902,28.106458895378907,0.3553515670924707,0.007931756238962
2024-03-22,27.968074713240508,7.647370155183786,3.3675839973408515,-6.854391549747618,-1.3634347082119405,-0.6592446114705908,-2.137883283094488,28.154932829626446,0.2678777572227559,0.0079046036131731
2024-03-25,28.086282991944955,7.012584857444182,3.445026218434087,-5.043131705198455,-1.7365676559440535,-0.8519731075414256,-2.825938607194323,27.968074713240508,0.1177596247980743,0.0102701101761997
2024-03-26,27.91222166379598,7.056842363753212,3.39918027959898,-5.0466681570776615,-1.7744410607561285,-0.9876625381093688,-2.647250887409069,28.086282991944955,0.1013811238606962,0.0115935904304572
2024-03-27,27.7524835039368,6.121638391088325,2.9712170156654523,-4.831842377908323,-2.036630826004957,-1.99313550516154,-0.2312466976789782,27.91222166379598,0.1567340070488798,0.0115935904304572
2024-03-28,26.612331643979264,6.028198630317824,2.9187310709500416,-4.961757016476696,-2.0621848650964623,-3.334171862221357,1.4111840425266475,27.7524835039368,0.6012919518451659,0.010273667425988
2024-04-05,26.047238161293837,5.606674203266124,1.9816410065404568,-4.921691797292585,-1.0934006613574017,-3.5221317298392805,1.94890897868265,26.612331643979264,0.8997913157004502,0.0094214929530203
2024-04-08,25.480531129204746,6.012036351950869,1.972434874870867,-5.066863468726105,-1.110359521033521,-3.351781184751814,1.5445329476896583,26.047238161293837,1.05824260236031,0.0092867766858692
2024-04-09,25.189428093472472,8.155275567532328,1.3337659917048263,-6.9931605502325205,0.5770938918878059,-3.770524046291048,0.6975491453986127,25.480531129204746,1.0174851862820766,0.0092867766858692
2024-04-10,25.70884424103559,9.383547616387666,1.4462229270250546,-7.350321063852302,0.3827637740557392,-4.041470699127494,0.1792574455113049,25.189428093472472,0.5486079409499437,0.0092867766858692
2024-04-11,25.835766064910832,9.947955187487338,1.5573785253476975,-7.405805443689488,0.2473321239699686,-4.739611682540691,0.3927512894251856,25.70884424103559,0.3303740786230104,0.0087082082681321
2024-04-12,25.603703620821324,6.5336797367016,2.750478004057012,-5.299366774166323,0.1357542692088635,-5.98051865549272,1.8599734196915956,25.835766064910832,0.2468215928819592,0.0088782824028627
2024-04-15,24.2068077414999,5.790604729059609,3.2995511327323577,-7.927333134512736,-0.0270522114414255,-3.776153502276035,2.640382986438228,25.603703620821324,0.6620674632050365,0.0118397006148605
2024-04-16,24.066315606204768,5.321810203891275,3.3291558039923324,-7.717371563215703,0.0538088356479384,-4.016357457945329,3.028954177629496,24.2068077414999,0.870462774332492,0.0114433551356075
2024-04-22,22.953485774034288,5.0329090663114044,3.8597776697270954,-6.935995937264494,-0.926640610442096,-4.483247312454587,3.4531971241226973,24.066315606204768,1.189817878259207,0.0114433551356075
2024-04-23,22.56464345503124,5.057373357142637,3.911094903465685,-6.934977284800247,-1.2469423362784011,-4.310097972680129,3.5235493331504664,22.953485774034288,1.193865291895411,0.0121294888123009
2024-04-24,22.457039974095743,4.878344817926603,4.213114195321467,-7.058983921175308,-1.367984300211088,-4.298457128972753,3.633966337111104,22.56464345503124,0.8319061729939827,0.0123763599957719
2024-04-25,23.399475344958617,5.483194756729802,3.501496902696232,-8.930179304989512,-0.0593823773015991,-3.324279995563796,3.329150018428928,22.457039974095743,0.6603455224192752,0.0118346343057779
2024-04-26,22.002473997638447,5.48979205429643,2.0944879529865226,-9.159890659005317,1.1717185348301484,-2.304636071057388,2.708528187949611,23.399475344958617,0.5278243831769143,0.0119707222122317
2024-04-29,23.46411186007756,4.315921698270877,3.182555348325664,-8.292185548460406,-0.3085889232608352,-2.9701634522302136,4.072460877354912,22.002473997638447,0.6338290395364748,0.0116120289591816
2024-04-30,23.090838948433003,5.833416010908962,2.6445616570299078,-8.852333107532427,0.8647490694486919,-3.027869005598447,2.5374753757433477,23.46411186007756,0.6333250674401169,0.0109912988791729
2024-05-03,24.24939598901261,5.939981524986983,1.5428747295104266,-7.427572226174586,0.993558057287693,-4.211744273238306,3.162902187627825,23.090838948433003,0.8136723037652424,0.0109912988791729
2024-05-08,23.91502762899001,5.870621542419784,1.0444055020730758,-7.169206336208845,1.1600940002335598,-3.955663356630588,3.0497486481130256,24.24939598901261,0.8694859341339202,0.0106084150569064
2024-05-09,23.091756127281663,5.539449919940196,1.540355439092588,-7.818904178025722,0.8758611934006169,-2.5592510877784367,2.4224887133707416,23.91502762899001,0.5123098723400169,0.0092849348026488
2024-05-10,22.83051123362216,6.953653137514912,0.3382090383582952,-9.97020388585453,1.7707050555215709,-3.3740929871093552,4.281729641569166,23.091756127281663,0.6114196442820179,0.0162811254814818
2024-05-13,22.25145690147965,7.627391151761991,0.2040619564445567,-8.51297886987252,0.839079153768818,-4.192988055770819,4.035434663667969,22.83051123362216,0.8120345356543113,0.0180835332830213
2024-05-14,23.896290528506142,5.043661966728202,-1.5906214768676712,-1.863847361649832,0.248565440586745,-4.951987300368156,3.1142287315707,22.25145690147965,0.7148449060240555,0.0180829401512243
2024-05-17,23.492252847661987,4.569183493341896,-0.5629298362108699,-2.538473955595389,-0.1898256256249979,-4.142069186145669,2.864115110234989,23.896290528506142,0.6284669834626138,0.0183101208061109
2024-05-20,23.931936634304844,4.133361130575388,-1.0123054527367046,-2.16287828969401,0.3634067756239858,-3.819136814790825,2.4975526510222057,23.492252847661987,0.7262620945539163,0.0183101208061109
2024-05-21,24.27275392985756,4.273675171019868,-1.33014639282478,-2.328533553054271,0.1832130670430558,-3.0554010304579933,2.2571927382740835,23.931936634304844,0.7867530754773792,0.0183101208061109
2024-05-22,27.177171946789954,5.262836804186001,-2.242203020889189,-1.2960400085986734,1.167252849106081,-4.825554323869662,1.933707700065444,24.27275392985756,1.4922283652959645,0.0182156339069215
2024-05-23,25.180398353040683,5.710382089885897,-2.152360234214143,-3.2862551418633785,2.1901898815766643,-4.204746876893761,1.7427902815087215,27.177171946789954,1.4608884336626944,0.0180455597721909
2024-05-24,26.097707797406944,7.418025338740918,-0.5607741579745316,-6.401245591022086,1.8783215259767552,-2.125920543700186,-0.2084065720208592,25.180398353040683,1.3319281764106212,0.0139065090532287
2024-05-31,23.887638081916776,7.726600775675742,-1.4273469594837565,-1.988612085408846,0.4359306139898891,-5.449273524874364,0.7027011801013172,26.097707797406944,1.343664910167608,0.0139065090532287
2024-06-03,34.22090749297956,9.93991295428068,5.565700074595739,3.217892299406465,-3.604797125595972,-11.993551776118773,-3.1251564265681093,23.887638081916776,4.0464695756610505,0.0159411532095914
2024-06-04,34.465774105554694,10.924742192469004,4.564156075807361,2.947249533048101,-3.700499443486869,-11.201240294479645,-3.5344080633579864,34.22090749297956,5.148254011814027,0.0254782467143914
2024-06-05,34.037540242695044,10.343400046428563,4.150572586110293,3.2347951706566604,-3.0811272166100494,-11.03293939477996,-3.614701191805481,34.465774105554694,5.127899931821848,0.0409904297229853
2024-06-06,35.000281052561526,11.017074102238825,0.3171773330663541,5.099631034228032,-2.458126032897205,-9.69517488131816,-4.280581555317809,34.037540242695044,4.729068218259616,0.0392504365413866
2024-06-07,33.53949624098316,11.855580021440453,1.6140689339812653,4.524397626557331,-5.42688780632923,-9.939994193119697,-2.627164582530117,35.000281052561526,0.53857266021416,0.0391143486349328
2024-06-10,33.09756225199865,11.58968637509141,0.6780170634481095,4.247913595516259,-5.810841683920511,-9.160436863860202,-1.5443384862750982,33.53949624098316,0.7485682782582118,0.0391143486349328
2024-06-11,33.08052287506979,11.748304597798622,0.7266735371112318,3.930454365454537,-5.843114577443661,-9.002822747533934,-1.5594951753868165,33.09756225199865,0.8006345502459606,0.0404384409113819
2024-06-14,31.47098262269637,10.85492437296405,0.3916518948290033,3.414417452725772,-6.678288676221456,-5.126139563403285,-2.856565480894057,33.08052287506979,1.2612896616549871,0.0404384409113819
2024-06-17,33.03200217315239,12.764849290078176,0.3918805385164674,4.8779263507739685,-6.465690088317409,-8.148993179716282,-3.4199729113348667,31.47098262269637,0.7944295718736957,0.0386211358993988
2024-06-18,33.30515674544993,13.035322143991188,-0.0470860673281166,4.776668753163499,-6.109560793304269,-8.249640613296485,-3.405703423225836,33.03200217315239,0.7487479501330393,0.0386211358993988
2024-06-21,31.212995403679766,8.65493136351747,-0.0585009617279581,6.112118305471995,-5.706049012191695,-5.47724321075933,-3.5252564843104786,33.30515674544993,0.9939609045895268,0.0316249452205658
2024-06-24,30.69510145043317,8.828034629141477,0.0313725751331475,5.890105746682579,-5.8673054572294205,-5.446076478597538,-3.436131015130239,31.212995403679766,1.1569738902321385,0.0315811716761107
2024-06-25,29.905411768427367,7.868747149932645,0.3066055115291703,5.807069009353903,-5.844650417664543,-5.423678455792279,-2.714092797358881,30.69510145043317,1.482724926110698,0.0321431021552372
2024-06-28,28.912426828981623,8.624709903723307,-0.2073626844592091,5.792074387050064,-6.819890996407818,-5.58774691454119,-1.8017836953651551,29.905411768427367,1.644719312185794,0.0400128300671893
2024-07-01,28.606172116004085,10.735072730456077,0.7672554002855954,3.350263002107191,-6.877935584372771,-6.027303304706821,-1.9473522437692516,28.912426828981623,1.1180145707397098,0.0468342858368449
2024-07-02,27.68228924540616,10.944169728484331,0.8522520430901501,2.5686515878654106,-6.296272993153085,-6.469056360101776,-1.5997440061850443,28.606172116004085,1.168740951749199,0.0469047299745921
2024-07-03,27.585823346291196,10.483932517791873,-0.7375243250767234,1.9106562928080777,-5.237702442801748,-4.949347474291788,-1.4700145684296562,27.68228924540616,0.9557115419681124,0.0469047299745921
2024-07-08,28.83896732859312,9.413026154142742,-1.2351837565264248,3.242762294110065,-5.315200987161617,-4.957770587464914,-1.1476331170998666,27.585823346291196,0.6418234960586932,0.0469047299745921
2024-07-09,28.27441326449349,9.673151267036497,-0.0014791093715267,3.0238956850542777,-5.300464397669735,-5.697671498257574,-1.697431946791939,28.83896732859312,0.553172515401272,0.0471266945786714
2024-07-12,29.00708896057321,6.395149250838138,-3.1446395635653666,-5.383453396916323,-5.721624298482141,6.761453998515645,1.09311400961003,28.27441326449349,0.6481217751827693,0.0471266945786714
2024-07-15,27.828007467337084,6.9832526181842525,-2.6921625253273547,-3.733033734992766,-5.679765076500107,5.760811214906859,-0.6391024962708478,29.00708896057321,0.6171922717112435,0.0478423699514098
2024-07-16,26.167701763416183,6.221440298986991,-2.535120192724751,-3.4414604414130068,-6.526762064959858,8.531668336465303,-2.2497659363546862,27.828007467337084,1.1377165452973734,0.039658725079606
2024-07-17,26.489573755357327,8.245652181793083,-1.3639747827834725,-7.589298590518823,-5.927397223052022,7.774282142142731,-1.1392637275814843,26.167701763416183,1.2000382134768084,0.0245485248691626
2024-07-18,26.217274352347843,7.463944656570732,-1.4853191577308351,-6.923766536471412,-5.849033817563619,7.978935437349865,-1.1847605821547305,26.489573755357327,1.2428995970115542,0.0244636084355782
2024-07-19,28.239063193639527,13.431637462887622,-2.913368014845929,-6.6971865684279095,-6.229499962287033,7.823340822947577,-5.414923740274315,26.217274352347843,0.9728960731592304,0.0415174101865692
2024-07-22,27.99169619399852,13.749827790195646,-3.083246781513907,-7.70124742319345,-6.275625552085863,7.687303541359,-4.377011574761436,28.239063193639527,1.0102519087284867,0.043220604731504
2024-07-23,27.79646267058457,12.730389896856837,-2.852507716595767,-8.653317509779626,-5.396662149796772,7.402829552969138,-3.230732073653787,27.99169619399852,0.925322409662756,0.0464088412282295
2024-07-26,28.62824203687744,14.37705682117825,-4.161207761199993,-7.755848489147667,-5.479509349620113,6.856065744621276,-3.836556965831706,27.79646267058457,0.9242973923926088,0.0477274790105282
2024-07-29,28.0314592931927,14.085755291748008,-3.987309651043814,-7.075049992677961,-5.8626604841794006,6.740430452587155,-3.901165616434023,28.62824203687744,0.3162090305329058,0.0475581414771925
2024-07-30,26.5582396901037,14.488052848710552,-3.5903056558164046,-7.016295700294229,-5.933437090171335,5.201260036284182,-3.149274438712724,28.0314592931927,0.7612948582944113,0.0475581414771925
2024-07-31,26.153975620309108,13.32947401477702,-3.0612804066222683,-4.488399240098808,-5.935597217540234,2.512472505804242,-2.356669656319955,26.5582396901037,1.0392267371583273,0.0475581414771925
2024-08-01,26.4949618664796,13.638494988968093,-3.3950218617865837,-5.284628459657391,-4.966174926066657,1.566888655562826,-1.559558397020222,26.153975620309108,1.0875152497482985,0.0458573580609762
2024-08-02,30.91350161419288,14.370027226695868,-3.60844020150809,-0.9965457480679234,-3.731672595698953,-0.7624222843286219,-5.270946397092292,26.4949618664796,1.9721930176881464,0.0452954275818497
2024-08-05,31.134158987206597,14.216624191522008,-2.829609953016675,-1.221656786966662,-4.575431702656353,-0.7932053546008238,-4.796720394281518,30.91350161419288,2.537131215959312,0.0372030232011551
2024-08-06,30.895188457689613,14.309450240814748,-3.1425595479046877,-1.7191980505834508,-4.550002037459457,-0.1377179899877845,-4.759972614879384,31.134158987206597,2.555038691358773,0.0303815674314994
2024-08-09,30.579372460904903,14.11331446006227,-2.9379565307925404,-1.88958455965448,-4.5489408196014125,-0.0846814327683862,-4.652151117245463,30.895188457689613,1.971235012264296,0.0335069010069672
2024-08-12,30.32462692395107,14.7477654508698,-2.1411777924215336,-3.441101134713868,-3.942092642185905,0.5142246784247675,-5.737618559973225,30.579372460904903,0.3176360654294233,0.0335069010069672
2024-08-13,29.02766376065634,13.182786102304831,-2.224812063458092,-3.0350930975580184,-4.272436964489401,0.2096208798190399,-3.86006485661834,30.32462692395107,0.8223532280066027,0.0335069010069672
2024-08-14,28.413292275593864,13.076765393809666,-2.1459324825390587,-2.4565295869635198,-4.79972641139414,0.3727913019555995,-4.047368214868552,29.02766376065634,1.071216640441214,0.0333745725730966
2024-08-15,27.90305025660584,12.665705013810346,-2.0979496058930795,-1.5545881630984084,-5.53715625483359,0.5489063176891573,-4.024917307674404,28.413292275593864,1.1710935275056769,0.0364337682162506
2024-08-16,28.727144970713294,11.095261726349824,-2.0489297675174605,-1.274966945571606,-3.664091014924409,0.5854240094638534,-4.6926980078002,27.90305025660584,0.9088948690566496,0.0336834486871495
2024-08-19,27.501629477183144,11.534649339964446,-1.75487744188273,-1.8562860955903844,-4.109117625601819,0.3125676683402796,-4.126935845229806,28.727144970713294,0.6161752383705749,0.0316438663774598
2024-08-20,27.70388141352177,11.182726339917082,-1.6176918868154857,-1.9224888485051963,-3.9950855027162007,0.2291782080665605,-3.8766383099467534,27.501629477183144,0.5080868335007235,0.0320967191608102
2024-08-23,28.670665023708317,12.134885716327725,-2.065925120036072,-1.2203603898515285,-5.084598086329784,-0.1896592867185464,-3.574342833391821,27.70388141352177,0.5640717338770589,0.0320967191608102
2024-08-28,28.930882632559328,9.759791240969768,-2.149128011522583,-0.0707497452910956,-5.56588872629672,0.5367066449395672,-2.510731402798914,28.670665023708317,0.6539069441810215,0.015216413890584
2024-08-29,29.1461363900162,9.719338231630095,-2.680018682712893,-0.6485119464734908,-4.804760387471141,1.584529257812271,-3.170576472784848,28.930882632559328,0.7421300386452845,0.0150822835559874
2024-08-30,28.830241411029437,10.558589770769489,-2.936079345741039,0.4104868615114156,-5.192747566373576,0.1006852226039907,-2.9409349427702765,29.1461363900162,0.5596647265322615,0.0112050000944989
2024-09-06,30.34080427144102,11.836827092820547,-3.5719521015911586,1.7879444561611706,-5.300813250992597,-0.656564879944467,-4.095441316453496,28.830241411029437,0.6693944635864019,0.0098925741560428
2024-09-09,30.077140003648378,12.55302288312616,-3.3891606451022627,1.2845758458342758,-5.426160422619056,-0.83076794196446,-4.191509719274645,30.34080427144102,0.6949140824237979,0.0098925741560428
2024-09-10,29.9851694059595,12.83494219078876,-3.935298321754321,1.3555347845693788,-6.455925167162974,-0.0198032547555229,-3.779450231685331,30.077140003648378,0.6508699424073369,0.0109893028319623
2024-09-11,30.866850252756468,14.00342356603415,-5.263772540306833,-0.2397523577810929,-6.442863114329953,-0.0830021893866597,-1.974033364229598,29.9851694059595,0.7483439003995586,0.0109893028319623
2024-09-12,29.66136112089213,12.228914739738665,-2.8273937121817365,-1.994422115166742,-6.317630494656733,0.1769301374932261,-1.2663985552266546,30.866850252756468,0.451373032468483,0.0111179976351249
2024-09-13,29.47310218498755,11.316093970807811,-2.4423312809457425,-1.6891163053530749,-5.920727823974232,0.1304281024028704,-1.3943466629376502,29.66136112089213,0.5359775902207621,0.011231048674847
2024-09-16,28.370338945106298,11.229587459516054,-2.3458795856115,-1.0859416444887202,-6.625822358847511,0.1676266060769098,-1.3395704766452354,29.47310218498755,0.9027368403472112,0.0112265444887029
2024-09-17,28.16610343824378,11.047619653103304,-2.2328815596201803,-1.367787431105988,-6.141282461623696,0.111304403971868,-1.416972604725263,28.370338945106298,1.091475140374102,0.0112265444887029
2024-09-20,28.21363912333341,11.155971021397036,-2.097639194382417,-1.4273700838838366,-6.563959640201212,0.1781403903613689,-1.2451424932909383,28.16610343824378,0.7284566052175603,0.0105405368810423
2024-09-23,28.44040196390729,11.698142652598328,-2.259868387956788,-1.1215574123884338,-7.387093818004786,-0.0457810464419168,-0.8838419878063526,28.21363912333341,0.5374544608112208,0.0106951212779148
2024-09-24,29.552982237847687,10.438921554641595,-2.572999751453942,-1.5728290626287065,-5.283326491314519,0.0016728860839911,-1.011439135328441,28.44040196390729,0.5724442906702394,0.0109658165630609
2024-09-25,29.65671524641789,12.88782846264975,-2.6624940016984446,-2.274844152450129,-6.312557736695752,-0.3461173251237959,-1.291815246681626,29.552982237847687,0.7375160728928533,0.0108760954020027
2024-09-26,28.89822268008793,14.05096292410932,-2.799434890936581,-1.2180770502834477,-7.155938472734299,-1.3643174516206231,-1.513195058534354,29.65671524641789,0.6456786728515769,0.0078168997588487
2024-09-27,28.35299046566554,14.775433967965869,-2.8941636856152133,-2.272792885709606,-6.929787682470412,-1.2970462055170824,-1.3816435086535304,28.89822268008793,0.6077101183529777,0.0135452696320737
2024-09-30,27.65265534369325,14.155945757303286,-1.298147851185826,-2.9168947071620224,-6.95680110420588,-0.9719086925289896,-2.012193402220552,28.35299046566554,0.8402720983266747,0.0169567323593096
2024-10-01,26.022420549130192,14.60345715560858,-1.6438937852901958,-3.2929582886793014,-8.054599529740543,-0.6942787273478643,-0.9177268245506482,27.65265534369325,1.381991466606208,0.0219337400293044
2024-10-04,25.25725974569662,14.957351962431318,-1.7313052322668785,-4.122232210967169,-7.356557199266412,-0.0823147604075646,-1.6649425595233094,26.022420549130192,1.5469679354153152,0.0219337400293044
2024-10-07,26.093203625308306,14.170813527151331,-2.279915337052717,-1.7279724763751858,-7.196692214276048,-0.6797665283392984,-2.286466971108114,25.25725974569662,1.2792374556830988,0.0217602435485395
2024-10-08,29.56841858566544,11.277732008271144,-1.7804088889103795,0.6786219694213216,-4.479130200584123,-1.7449672597167023,-3.9518476284812216,26.093203625308306,1.717908890565038,0.0201911793382014
2024-10-09,29.015367416952163,11.126244246681004,-1.55329012395321,0.2004056107149239,-4.798898191086963,-2.173121888371165,-2.8013396539846145,29.56841858566544,1.955154803984094,0.0195561340265153
2024-10-10,29.87950371413217,13.14797890239116,-2.996606292809667,2.7648490822387046,-8.955636359197854,-2.9429685416563203,-1.017616790966036,29.015367416952163,2.1316074332151813,0.0290692112458625
2024-10-11,29.145113321234064,12.109519120533918,-2.909022458466504,3.469578349324749,-8.749731740420202,-2.5104080947881204,-1.4099351761838186,29.87950371413217,1.5190639072931498,0.0290692112458625
2024-10-18,28.08948968461736,10.331099510955257,-0.266728526893667,1.7905528444952097,-7.569523480727192,-3.143396453227954,-1.1420038946016184,29.145113321234064,0.6799887295334216,0.027972482569943
2024-10-21,27.920011195164488,10.37322230041471,-0.4169278065653481,2.191009133185503,-7.689606779492706,-3.5554796523762047,-0.9022171951659316,28.08948968461736,0.80770199375813,0.0285000222382982
2024-10-22,28.196753539633008,10.227600343255476,-0.7514830042726901,2.645654053150785,-8.17127671903497,-2.7513535550676043,-1.1991411180310436,27.920011195164488,0.8380380698913052,0.031044199212519
2024-10-23,28.152124066060907,11.005655253368316,-0.6324499449204324,2.602797696830123,-8.586828845383685,-2.9771335784025137,-1.4120405814918016,28.196753539633008,0.4835926217597723,0.0309311481727969
2024-10-24,28.17275038504212,11.402918032023775,-0.5355667450546164,2.1819863802208914,-9.116554094729324,-3.571327838664118,-0.3614557337966122,28.152124066060907,0.1114488890653778,0.0309311481727969
2024-10-25,28.452233257152017,11.910759902594869,-0.9805920644927352,2.68275842894608,-9.269464811882033,-3.585957018842578,-0.7575044363236199,28.17275038504212,0.1889496766647274,0.0404135681557168
2024-10-28,30.266597139707255,14.801829793033953,-2.4243016497731755,6.645219953537939,-12.04273188465691,-5.686854085374261,-1.2931621267675109,28.452233257152017,0.9129019364941896,0.0379037980501625
2024-10-29,30.51625263454856,15.158801491204372,-3.6656202087845706,7.312241690098318,-11.984519853639654,-5.312950689386531,-1.5079524294919435,30.266597139707255,1.1772705529120664,0.0377492136532899
2024-11-04,29.55561941428894,14.701415575542129,-4.040935151361591,6.859747936730031,-12.241626594678904,-2.283599574824935,-2.995002191406682,30.51625263454856,1.0518274841833526,0.0404438372340693
2024-11-05,30.049668955244037,14.917732815692482,-1.708454146094473,5.406281978182115,-12.429994847369125,-3.107408664407984,-3.0781571360029787,29.55561941428894,0.8161136747358793,0.0414704871897844
2024-11-06,28.29212203678672,13.861892303260412,-2.644566157678442,5.666399305278986,-11.19321619424064,-1.9548540255061813,-3.735655231114132,30.049668955244037,0.8811975412305649,0.0414704871897844
2024-11-07,28.979637939270948,13.46028359245193,-0.6077491657983103,4.800169948112455,-11.72719455401565,-1.4100808891762249,-4.5154289315741725,28.29212203678672,0.875423870037333,0.0357421173165594
2024-11-08,29.68306912131948,11.745184236894644,-1.1532349211533237,6.915250482004559,-10.960647244041963,-2.046328911751882,-4.500223641952028,28.979637939270948,0.687716110732602,0.0323306545893234
2024-11-15,29.707523422386515,13.959732688156926,-2.817398518228432,6.974779744969275,-11.096941599788526,-1.8705958986134483,-5.149576416495783,29.68306912131948,0.7043223785081579,0.0262519401543568
2024-11-18,30.64147672517367,15.7079016964582,-3.290160395077933,7.087563368622305,-10.097543766782582,-2.641149665168097,-6.766611238051889,29.707523422386515,0.8805678059305182,0.0411741635414126
2024-11-19,30.433996512312216,15.327393271397582,-3.528001950067127,6.960335428746703,-10.191315685424108,-2.015793018855195,-6.55261804579782,30.64147672517367,0.664364913625053,0.0411741635414126
2024-11-20,30.467439763908303,15.624954982085145,-2.3508749316043858,6.524608177503794,-12.618888384778431,-0.8041125242886693,-6.375687318917432,30.433996512312216,0.455534440050015,0.0411741635414126
2024-11-21,32.84864744258125,14.634158023896587,-2.510836286303864,6.001217893502059,-10.447331949907252,-1.0590908172741749,-6.618116863913359,30.467439763908303,1.189346710005441,0.0411741635414126
2024-11-22,31.492758037819154,13.573944120861654,-2.082532350115329,5.262182267353488,-10.490483518663098,0.1570466640532934,-6.420157183489993,32.84864744258125,1.029128673572962,0.0316548744782228
2024-11-25,31.46008282933317,13.160214603398806,0.8265810041031578,5.602217358110714,-11.521895347937058,0.7146308888468447,-8.781748506522437,31.492758037819154,0.9869110882818326,0.0316548744782228
2024-11-26,31.63613842754316,13.378915364689824,1.518847878048721,5.596234953091916,-11.848785286713962,1.3059825883035463,-9.951195497420072,31.46008282933317,0.8474069697383856,0.0316688104856489
2024-12-02,31.61422136613184,12.589754950032017,1.221589515164311,5.726484362503619,-10.347989182963694,1.1092106379165791,-10.29905028265282,31.63613842754316,0.5853267112549116,0.0322762620411052
2024-12-03,30.36854096070285,13.383953762406088,-0.0639885037110978,7.478438966107191,-11.756773872034737,1.286181804697108,-10.32781215746452,31.61422136613184,0.5341097388718208,0.0295455394228538
2024-12-04,30.070089303494523,13.675427392845911,0.0962575636498144,5.987707226157959,-10.642676835719154,0.4553787716087623,-9.572094118543294,30.36854096070285,0.750440882431939,0.0295455394228538
2024-12-05,29.641983846226665,12.507525555212382,0.3453390308748822,4.90566921193458,-8.844874273872968,0.958827157092344,-9.872486681241266,30.070089303494523,0.9127558079167836,0.0295532863961894
2024-12-06,29.434212666772552,11.184118788233356,-0.8152547196699125,4.191520177750505,-5.937925895626417,1.0927283352785366,-9.715186685966094,29.641983846226665,0.8572902804574971,0.0218536551778145
2024-12-09,29.06632539256604,11.0873063242243,0.0831150163774552,4.161231177396118,-5.88240936730223,0.9172623078219432,-10.366505458517585,29.434212666772552,0.5143316688856502,0.0218536551778145
2024-12-10,28.871935362496064,11.237402561350898,0.2878194634650661,4.097652832494234,-5.962015830466662,1.0735845947072669,-10.734443621550817,29.06632539256604,0.473684426473573,0.0462959234405346
2024-12-13,28.44844852976844,11.54038747764119,-0.1163516526235461,4.246467010243002,-5.693568433291887,1.94018933989285,-11.917123741861566,28.871935362496064,0.4697968115738307,0.0470985592940915
2024-12-16,28.59714500791897,11.117934649497537,-0.1838995123466382,4.347932654779754,-5.411024768040363,2.450003311951466,-12.320946335841754,28.44844852976844,0.3899077471983822,0.0493124214001143
2024-12-17,28.599788688601965,10.97245733036832,-0.1973400909804574,4.474934705415222,-5.539837995650675,2.3243037153621326,-12.034517664514576,28.59714500791897,0.2481211553613791,0.0510470332321333
2024-12-18,28.17114333902303,9.510318548477017,-0.3298441161213006,5.418695736719748,-5.372894376661552,1.7938147246349343,-11.020090517048851,28.599788688601965,0.2556519128129505,0.0516554183505791
2024-12-19,27.55388600615656,9.370489265925457,-0.287249875322825,4.968993993020625,-5.660447188012661,1.8182017653443052,-10.209987960954937,28.17114333902303,0.4387872144499036,0.0516554183505791
2024-12-20,29.45067326531038,6.327262452190894,-1.957402302299171,2.6342905958242757,0.3474463852029643,4.658756863288271,-12.010353994207255,27.55388600615656,0.6933989982448019,0.0527204068921046
2024-12-23,26.066525504349737,7.480534048124277,-1.665519704669336,2.651774009135387,-3.146308474520996,7.151849150188937,-12.472329028258256,29.45067326531038,1.2674619342316913,0.0377981835050488
2024-12-24,25.888389420854462,8.003978389000288,-1.72914869728924,2.293915703311214,-3.073284017726383,7.718985823510517,-13.2144472008064,26.066525504349737,1.4902443070412663,0.0377981835050488
2024-12-30,25.200376492473577,8.143811804775666,-2.5761773988550285,2.390406631803458,-3.285942691297006,8.530276820602655,-13.202375167029675,25.888389420854462,1.6968438695674604,0.0377981835050488
2024-12-31,24.98658363327357,8.286984311774837,-2.613409821817136,2.6344226109347417,-3.366037059793559,8.290862030709235,-13.232822071808116,25.200376492473577,1.808535112062,0.0383206774315692
2025-01-03,23.404270226417268,7.733479700220556,-1.2106403390285472,2.058802466666222,-4.63474285159451,4.957918678446859,-8.904817654710573,24.98658363327357,1.055194499801449,0.0384206756712422
2025-01-06,24.64211515011777,7.515064897108573,0.5039394499074312,1.900185536019805,-5.421951391356684,5.69549808870098,-10.192736580380132,23.404270226417268,0.915113608758843,0.0384206756712422
2025-01-07,24.061880153386443,7.36844842860566,1.1219364888331516,1.5642536489571557,-5.1527785697460295,5.325831946142014,-10.22769194279195,24.64211515011777,0.7300126385144903,0.0384067396638162
2025-01-08,23.83079190986567,8.377517829331381,-1.5446748737985896,1.3175009476400277,-7.058421690754745,4.010943556157741,-5.102865768575848,24.061880153386443,0.6327818238752964,0.0372717484400046
2025-01-13,25.400585079936544,7.562544347638834,-2.3358666702744326,3.667321670637996,-7.703302278652814,3.644270985549758,-4.834968054899335,23.83079190986567,0.7749800820508929,0.039460530665862
2025-01-14,24.75538290114072,8.222803972648435,-2.568676029438741,3.362071125417444,-7.859113922672137,3.763778296014939,-4.920863441969937,25.400585079936544,0.6182599751210537,0.039460530665862
2025-01-15,25.51138059509861,8.915924614106217,-2.6217979664661453,2.831779542870805,-7.767477289516645,3.705733864227323,-5.064162765221514,24.75538290114072,0.7606287427574016,0.0394527836925264
2025-01-16,24.966746470773312,9.261378606309336,-2.853628858633252,3.537837633492863,-8.593142401483135,3.48035088693217,-4.832795866618044,25.51138059509861,0.6694587750205226,0.0376699949279813
2025-01-17,35.077127907216514,8.305609563783456,16.90592055840638,0.4996869219641624,-20.974111370648053,18.95629943897582,-23.69340511248173,24.966746470773312,4.446497758494949,0.0495725256017323
2025-01-22,35.06115384394805,11.129563231020056,17.732184355807455,1.1242856310660585,-21.750198071296147,16.58814142294245,-24.823976569539894,35.077127907216514,5.479411405514645,0.0419499364578125
2025-01-23,33.07066860385543,14.480426044667816,8.373929561012314,1.0057803256048103,-23.298192396239003,9.273526051533317,-9.83546958657926,35.06115384394805,5.088810002423176,0.0418475065328138
2025-01-24,32.195191820724325,14.829405074697654,8.553627948738043,0.6752196243888662,-22.11892710895197,8.117131570891047,-10.056457109763617,33.07066860385543,4.167221905796562,0.0412561030078441
2025-01-27,32.97527298319728,15.525379381266234,7.072493748120703,1.472520190672988,-23.440121865919817,7.932172290584205,-8.562443744724302,32.195191820724325,1.3164391203565915,0.0395214911758252
2025-01-28,32.83702403916511,14.730659817011372,6.809164100470348,0.657933159534366,-22.895884694645684,8.066305451425627,-7.368177833795997,32.97527298319728,1.0803508655849012,0.0389131060573794
2025-01-29,32.55227558381814,14.03762680568994,6.9362371778236565,0.5155701436264479,-20.473594396370977,7.898264412153644,-8.914104142922707,32.83702403916511,0.3553861499718265,0.0389131060573794
2025-01-30,31.981738764645986,14.00138138293852,6.54532189723621,0.5517810427514291,-19.47588572827116,7.213458097934499,-8.836056692589487,32.55227558381814,0.4193329761169886,0.0405163913724513
2025-01-31,31.69193779195585,14.090640308865382,6.452117230618935,0.6170119205847655,-19.125679261004294,6.85803360151327,-8.892123800578055,31.981738764645986,0.5525212261080746,0.0405163913724513
2025-02-03,30.63465136748356,13.328170040842105,5.917079891837918,0.0215837595540762,-16.349464247095046,6.87771407927746,-9.795083524416505,31.69193779195585,0.8583042041750215,0.0405163913724513
2025-02-04,30.33416095928832,13.299274810158344,5.229211903264197,-0.0077225128335953,-16.07181707354693,6.817810760988223,-9.266757888030254,30.63465136748356,0.9308022663527123,0.0405163913724513
2025-02-05,30.647444294596937,12.959200736786975,5.134631680190395,0.2663080279331424,-16.250936660728577,6.488946812414561,-8.598150596596465,30.33416095928832,0.7291936363606699,0.0400536314308639
2025-02-06,30.275418971620827,13.59744730917133,5.171838873093456,0.1670365121874795,-16.000844098254372,6.463021024957975,-9.398499621155864,30.647444294596937,0.5708945048759982,0.0429996288896991
2025-02-07,29.36169188513499,12.87215457665136,5.494504765495535,0.178013641665764,-16.235836408777914,6.490271980407261,-8.799108555441993,30.275418971620827,0.5250563950549552,0.0429996288896991
2025-02-10,29.52694061080652,12.07392682567383,5.377543931539321,0.3743890422168405,-16.174251876893393,7.204914462477749,-8.856522385014365,29.36169188513499,0.5553563113783943,0.0429996288896991
2025-02-11,29.93615681935556,9.197897764144358,5.208337298597911,0.5392465946149514,-13.749531028555982,5.7829567874106935,-6.978907416211879,29.52694061080652,0.5285835476844939,0.043220739877939
2025-02-12,30.300215195490978,10.023601044121191,4.633395606102251,1.834315144441632,-14.62418365299374,6.188497525095325,-8.055625666766685,29.93615681935556,0.4270201284372714,0.0410319576520816
2025-02-13,30.8749227794417,9.00026272212996,4.199491976181722,2.1194916498538987,-12.699120552251864,5.885734675296138,-8.505860471209868,30.300215195490978,0.6105156466978707,0.0410319576520816
2025-02-14,30.756819064345965,8.415270027610042,4.0174966547348205,1.5568099050484605,-12.194770032170798,5.915468788895183,-7.7102753441177025,30.8749227794417,0.5628098863343541,0.0411149187672396
2025-02-19,30.919598836962617,8.546214063108984,4.08007259501586,1.3963933452546868,-12.42593832038744,6.122853100804225,-7.71959478379628,30.756819064345965,0.4254008955575523,0.0411149187672396
2025-02-20,31.33133466189834,8.655922066261617,4.889420281011677,0.9205841082532088,-12.464760582256584,6.63824588327347,-8.63941175654335,30.919598836962617,0.3698626372887212,0.0292123880934886
2025-02-21,35.40497799106311,9.117070918381472,3.683154062422389,1.9476657403484623,-17.766089368678838,9.6583623591334,-6.640163711606885,31.33133466189834,1.9948724999039464,0.0125083766112011
2025-02-24,36.24299327911674,8.609822038035887,4.268941022894232,1.5763364520840355,-18.181747765640687,10.785040745390395,-7.058392492763865,35.40497799106311,2.665595292328911,0.0088428518167175
2025-02-25,39.42751903257234,5.5296493377607305,4.366367030161179,5.433884779932747,-9.32994478705922,11.508277202506823,-17.50823356330222,36.24299327911674,3.565829910585616,0.0062277845050454
2025-02-26,39.120331312816106,5.3085344529050005,4.133091832744306,5.400871009834141,-9.409685985049002,11.23903254342924,-16.671843853863656,39.42751903257234,3.2873791204100344,0.0065971847237123
2025-02-27,38.89041843431459,5.4023586900708125,4.200271866075774,5.311944230450152,-6.672508646970211,11.268760526524076,-19.510826666150606,39.120331312816106,1.8533765282456356,0.0077590131037315
2025-02-28,38.07567253433921,5.525574912991928,4.8578982910949335,5.1609354915850005,-6.6707768351013215,10.034278546725083,-18.907910407295603,38.89041843431459,1.2807451877475289,0.0077590131037315
2025-03-03,36.131108181461805,3.5088656966983507,2.671103224268805,2.1485734065247044,-4.122580221064897,8.979562216850766,-13.185524323277733,38.07567253433921,1.326936624364553,0.0050907392471341
2025-03-04,35.60889278602856,3.4947596881864555,3.102228689677656,1.5916921454485404,-3.9085282635666903,9.104787216917812,-13.38493947666375,36.131108181461805,1.6061582059894817,0.0051095450963196
2025-03-05,35.42589160064272,1.9244381601330147,3.1084266763686124,0.0965856474683306,-1.7182895496180883,8.996028533012876,-12.407189467364688,35.60889278602856,1.5610919469924571,0.0051095450963196
2025-03-06,33.88599725389647,2.037358985823623,2.3826317178493817,-0.1854642523596155,-0.1242653315417392,8.430995808555934,-12.541256928327591,35.42589160064272,1.5103765469425958,0.0079979018174504
2025-03-07,33.66970018179395,1.5779934179303936,2.404962487371872,-0.2643606141623635,-0.0500036179995166,7.846552140576946,-11.515143813717325,33.88599725389647,1.0984918181301586,0.0080532439374743
2025-03-10,34.981087832065946,2.4572265107669224,1.601536972784313,1.6760376940366797,-0.4175212975496052,7.628664244070599,-12.945944124108934,33.66970018179395,0.8881313000741393,0.0050072482389661
2025-03-11,34.77238958634214,2.400072822289488,1.6590295961764454,1.6388113395807054,-0.2143645210247129,7.544364878479918,-13.027914115501837,34.981087832065946,0.7446916740766066,0.0058619535316562
2025-03-12,35.13609983629312,3.859715625398465,0.8964519793097665,1.8345376526858388,-0.9315521236829448,7.184945339069017,-12.84409847278016,34.77238958634214,0.6663450268205732,0.007060726757558
2025-03-13,34.79178745932946,2.861070784671874,0.8935632474725601,1.555611135896882,0.1163527349818061,6.297433167517816,-11.72403107054092,35.13609983629312,0.5787788888674775,0.0070436191920221
2025-03-14,34.9417608821017,3.2624583778138714,0.5571290838108247,2.4458385287205786,-0.0262876580793278,5.838017991154331,-12.077156323420276,34.79178745932946,0.1491850609373354,0.007107140052885
2025-03-17,35.17268468823235,3.9684079894957023,0.3104601274259693,2.257040991286871,-0.1547307668905997,5.610478476840662,-11.991656818158628,34.9417608821017,0.1871018241514032,0.007107140052885
2025-03-18,35.10352808499305,4.223120022382133,0.21208468926255,2.0483590094639226,-0.4351669210464131,5.554814842965648,-11.603211643027809,35.17268468823235,0.1593348713512012,0.0083119693790151
2025-03-19,35.0163073392629,4.102808558644021,0.2132025377148174,2.0336408568838635,-0.4400432697663987,5.695210161527164,-11.604818845003464,35.10352808499305,0.1478278892270257,0.0083119693790151
2025-03-20,34.73268314646081,4.2981596892242,0.2977473493251743,1.9383237775877544,-0.6191920920938685,5.884838965785626,-11.799877689828897,35.0163073392629,0.1698792340822809,0.0083124635284431
2025-03-21,34.50552267265185,4.257616124838314,0.3633954749651309,1.8833576244861163,-0.5508556633410322,5.913828938905546,-11.867342499854104,34.73268314646081,0.2796097693385618,0.0084107161144359
2025-03-24,35.46851249686465,4.7363751103888845,-0.4232455871882692,3.312884668077686,-1.5820153505094223,5.7289518076215415,-11.772950648390392,34.50552267265185,0.3675722241463746,0.0084107161144359
2025-03-25,35.266153554980185,4.7215789635146805,-0.4776787754712437,3.229158959583714,-1.4345093211346374,5.7113932875677165,-11.74994311406019,35.46851249686465,0.3894067004460251,0.0083766753372346
2025-03-26,34.745535691931074,4.2920607298970666,-0.5912935755941113,2.1454487254294605,-1.5420408992562358,5.589189720575817,-9.893364701052,35.266153554980185,0.4047224437644935,0.0087525164038012
2025-03-27,34.13087852034998,4.224515494077316,-0.4516692906954311,1.9787387188930907,-1.4371542964800916,5.372947387390823,-9.687378013185707,34.745535691931074,0.5474704690701288,0.0079719117718404
2025-03-28,33.002093659162256,2.610912653324497,-0.4963918928910011,1.559372579388132,0.935544859939764,4.437892509132567,-9.04733070889394,34.13087852034998,0.9953275726715944,0.0080396750810943
2025-03-31,32.62401350888699,2.747396799790309,0.0804618348711585,1.700408483598579,0.3951955580868116,4.4014523205135845,-9.324914996860455,33.002093659162256,1.124116443203168,0.0080396750810943
2025-04-01,32.23552378892232,2.900125569491252,-0.0217651209304179,1.3835012937491271,0.4049794763503413,4.470531028226567,-9.137372246886851,32.62401350888699,1.0544447567004644,0.0080208692319088
2025-04-02,31.49172216069731,2.372887105364029,-0.1592265184641732,1.6667066388736913,1.185507909761263,3.925567800055095,-8.991442935589909,32.23552378892232,0.9772501758882476,0.0080208692319088
2025-04-03,38.86552648298174,12.79178743596716,-4.311246985611639,8.617577649997777,-7.698689651703063,-0.3036587932126444,-9.09576965543761,31.49172216069731,2.972072504524642,0.0190103507192416
2025-04-04,41.10231562634328,18.173046582488475,-12.171043366631745,13.057606665217897,-9.52382407439234,-4.017134973666856,-5.518650833015457,38.86552648298174,4.399664735244119,0.0192978006857938
2025-04-07,40.74556444333097,15.954322616452004,-8.551948997429804,11.53922224208501,-10.03220349886389,-1.7067058199973673,-7.202686542245928,41.10231562634328,4.672184177454567,0.0192978006857938
2025-04-08,40.59421271257789,14.570834124647178,-7.965387973204919,11.409588958104244,-8.440938065013892,-2.3249670605646,-7.249129983967975,40.74556444333097,4.04450182341879,0.0190293399342824
2025-04-09,45.69434931544669,19.14759080800472,-14.10754673217821,11.316604996250774,-11.168146999885408,-3.1249976811510543,-2.0635043910407944,40.59421271257789,2.551038333365727,0.0187787370837005
2025-04-10,48.19784876112428,19.482135456488106,-14.54362581635906,11.103672237153802,-9.680001679389347,-5.048435245369365,-1.3137449525241465,45.69434931544669,3.478238839251052,0.0185747336609965
2025-04-11,48.408027309856685,18.34439963705893,-10.947635701587169,10.26143709318486,-9.710873100632275,-4.5707904600204685,-3.376537468003889,48.19784876112428,3.8556540536757344,0.0192031477933335
2025-04-14,47.88916662590447,17.508117436765204,-10.29397134713302,10.590831182267884,-9.858431259108308,-4.09587998230062,-3.850666030491176,48.408027309856685,3.2936012397930394,0.0192031477933335
2025-04-15,47.202950366332686,16.735704930758402,-8.55963069915514,10.106196076833328,-10.428987283700856,-3.3123686301731574,-4.540914394562599,47.88916662590447,1.0965003418113983,0.0179153573520454
2025-04-23,47.09078553642783,16.781881972943992,-8.939894491370705,10.553249472023268,-10.11563058511907,-3.3167298729089296,-4.962876495568587,47.202950366332686,0.5887406173019133,0.0179153573520454
2025-04-24,46.46643163694487,18.365012604774165,-9.19770222348726,8.963484436099186,-9.692738816509731,-4.048654271293639,-4.389401729582751,47.09078553642783,0.7517873716435275,0.0179801163601338
2025-04-25,45.89121201728744,18.929421536002017,-8.707319103308233,7.223856553704017,-9.246204269368144,-3.898209870226879,-4.301544846802777,46.46643163694487,0.7602523561444794,0.0191222723914055
2025-04-28,45.16850569766385,20.19608483847284,-10.261986559865695,5.984564718141527,-8.571624759768234,-3.991267073898907,-3.3557711630814997,45.89121201728744,0.8507764504057922,0.0191222723914055
2025-04-29,44.75981509601271,20.562872042950417,-10.394696573446794,5.526699128118295,-8.251846001113108,-4.113152862860758,-3.329875733648094,45.16850569766385,0.9448491464377724,0.0191222719435106
2025-05-02,44.01402805921868,19.755091632554937,-9.916823824420115,4.803691572417804,-7.866484092372524,-3.516673658986413,-3.258801629193634,44.75981509601271,0.9571974885217802,0.0186769705968929
2025-05-07,43.59576764181959,19.537410980066888,-9.660267160595868,4.417333544152633,-7.6501909349841455,-3.5188977267508115,-3.1253887018886743,44.01402805921868,0.9125444122251514,0.0182957468488345
2025-05-08,45.552766875942034,20.56477146752242,-12.364534894650191,4.859695475283601,-6.810819950998699,-3.9929833254987095,-2.256128771658417,43.59576764181959,0.8072636032098576,0.0182279835395806
2025-05-09,44.23830136204745,18.10419042343649,-11.438256579300432,4.6641582296552,-5.874842621660349,-2.2906114093186645,-3.1646380428122214,45.552766875942034,0.7541692942665706,0.0182279835395806
2025-05-12,42.79966768842089,18.915739969267165,-10.54205431175592,5.470468381179394,-7.074044245369649,-2.278538439932678,-4.491571353388366,44.23830136204745,1.007996548545847,0.0182279835395806
2025-05-13,42.96518130056851,18.838898395152757,-11.485570450438107,6.173793994925809,-7.25802006046159,-2.4373302987054206,-3.831771580473429,42.79966768842089,1.1179217320686294,0.0219011598954802
2025-05-16,42.536842255105874,16.916100967987035,-7.270920088723564,5.338196606360143,-10.163332933912006,-0.8240574028563259,-3.995987148855278,42.96518130056851,1.264203031251151,0.0080233216870166
2025-05-19,41.80075171729736,17.29877304726761,-6.6940390286669,6.186974988176679,-9.387245640320163,-2.019624630699965,-5.384838735757214,42.536842255105874,0.8860761212991751,0.0095762355434959
2025-05-20,41.370381504045085,16.484344613578827,-7.206003186662244,6.953274538591955,-9.230606339864,-2.006453871012127,-4.9945557546324295,41.80075171729736,0.6821876408196581,0.00985478619633
2025-05-21,41.82149647059169,16.81421290497243,-7.523927277190701,6.996695519774761,-9.452842877616533,-2.3999384843142444,-4.434199785625694,41.370381504045085,0.6400822254561467,0.0092685416551513
2025-05-22,41.41271541734434,16.883357567162264,-7.661044527148864,7.152575891866732,-9.76418823821809,-2.390238011940827,-4.2204626817211945,41.82149647059169,0.4683193654168348,0.0083203712798314
2025-05-23,41.32715859446102,17.06249007228989,-7.864106692908734,7.176547784792994,-9.691827597957392,-2.481741022086528,-4.201362544130269,41.41271541734434,0.2435639987461007,0.0083691681209431
2025-05-30,41.34644820908884,16.875659524614292,-7.7988679374713,7.065219857814967,-9.55315335407698,-2.2881327631227077,-4.300725327758272,41.32715859446102,0.2069980717141286,0.0076772331277432
2025-06-02,39.75774571097235,16.760836725881042,-7.337962759496975,6.642599243244817,-9.184129416038743,-1.9050637089427127,-4.976280084647421,41.34644820908884,0.7948034502727447,0.0076772331277432
2025-06-03,38.35837654899505,15.926585961968144,-8.017978345030295,6.396609073129774,-9.203800123634402,-2.220291755646919,-2.8811248107863463,39.75774571097235,1.3558668741987483,0.0076772331277432
2025-06-04,37.88628914153576,16.138925996701893,-7.54528334299347,6.410780584484563,-9.587276819287323,-2.2934198913216357,-3.1237265275839547,38.35837654899505,1.6159420970884382,0.0076772331277432
2025-06-05,37.60537317423909,15.959710416352095,-7.34359246935167,6.404876061895457,-9.691035078435974,-2.217454880663228,-3.112504049796719,37.88628914153576,1.5553613201687029,0.0141221456773591
2025-06-06,38.89450845587218,17.59086830923105,-7.787588174423387,6.138752084845535,-10.435276032491512,-2.000615001393701,-3.50614118576798,37.60537317423909,0.8565359771583366,0.0130087460596102
2025-06-09,38.25096453803705,17.793144592092908,-9.023458056595535,6.564907113696727,-9.641336097214406,-1.536889563763511,-4.156367988216253,38.89450845587218,0.4904115737408197,0.0137117505169401
2025-06-10,36.158567509347385,16.31090303547795,-6.03637780285654,5.6961145428361775,-9.800963363956448,-1.9114963796662767,-4.258180031834868,38.25096453803705,1.0164394159926056,0.0137117505169401
2025-06-13,37.88105284581535,18.856899975828185,-7.994926555812132,8.378986963511132,-9.171038013787054,-3.392573619156037,-6.677348750584102,36.158567509347385,1.016278345909846,0.0134118105783243
2025-06-16,39.02214824781005,20.665206701632435,-9.632878891049668,10.610214921289923,-8.582901226272675,-5.277023794033664,-7.782617711566342,37.88105284581535,1.151558492294544,0.0134118105783243
2025-06-17,37.0295575885048,19.627837000117964,-8.984435805636881,10.888036033815894,-8.255015928754652,-5.817242171712966,-7.459179127829284,39.02214824781005,1.1073561703342556,0.0134167891839655
2025-06-18,36.8190317162485,17.75792318810413,-9.599395329971738,12.472550674796636,-5.943374748569738,-6.5705026011391485,-8.117201183220146,37.0295575885048,1.104205143214401,0.0499166444774111
2025-06-23,38.93168312962042,20.558959736809086,-11.125457291763333,14.690148818529371,-6.3446219633853005,-10.867516990101445,-6.91151231008832,36.8190317162485,1.029972776311065,0.0564329646805124
2025-06-24,39.892673789317925,21.74686718006403,-15.306015850718255,17.218164364834898,-1.859791820647139,-16.757687490201555,-5.041536383331978,38.93168312962042,1.3469233529680396,0.0527597883246129
2025-06-27,36.9636739490869,14.352856577024925,-9.801302545091229,8.933945626268859,-4.529201523232118,-2.5147106620010184,-6.441587472969391,39.892673789317925,1.3994869409965305,0.0530887374027636
2025-06-30,36.58537986665194,14.05655522245594,-10.10466323755622,8.884022243528399,-4.557756597959916,-2.273372845421605,-6.004784785046567,36.9636739490869,1.4823651355584786,0.0511332974747752
2025-07-01,36.42312250100414,14.741131654427548,-9.94300285937181,7.589315933656017,-4.165160878804002,-2.465049069190796,-5.757234780717002,36.58537986665194,1.5590257798172495,0.0508547468219411
2025-07-02,36.34918686937603,15.405782933546902,-9.83844165119012,7.83882026023764,-4.768180735519358,-2.4700696503330057,-6.167911156742056,36.42312250100414,1.5001965965042978,0.0508547468219411
2025-07-03,36.91694330798011,16.20329303553501,-10.277429035250684,8.726383598734401,-4.783802859181385,-2.765106602652269,-7.103338137185045,36.34918686937603,0.2809628218881254,0.0515035710245001
2025-07-08,36.75191317927826,15.773669234452576,-10.30634810606129,8.444648120239655,-4.815501057679512,-2.6675838983869262,-6.428884292564508,36.91694330798011,0.2333432899494011,0.0514547741833884
2025-07-11,35.94504589222989,14.859363246060582,-9.732462252222064,8.067935374951894,-4.842034259752893,-2.671356527064816,-5.681445581972732,36.75191317927826,0.377935586687436,0.0514547741833884
2025-07-14,35.92535421539092,15.22835435541208,-9.936561265057689,8.125621697148254,-4.569119248946137,-2.87934879411531,-5.968946744441195,35.94504589222989,0.4537174595900375,0.0514547741833884
2025-07-15,35.88605290309663,14.738911669184724,-9.67684806438788,7.567480305797432,-4.753123301178711,-3.033581832025656,-4.842838777389957,35.92535421539092,0.5053298215593953,0.0589191880941534
2025-07-16,36.01503821414942,14.68076429910436,-8.860278127564357,7.3069603373550365,-5.327254698848137,-2.4253912619670235,-5.374800548079883,35.88605290309663,0.3648235981308314,0.0589930202421598
2025-07-17,34.54432223887816,16.250872961388502,-10.846830713739571,7.870682444581931,-5.545164881680535,-2.12581173051427,-5.603748080036064,36.01503821414942,0.6271967239909285,0.0524828545350274
2025-07-18,34.62530248053851,16.25089192987111,-10.344132132488063,7.734732594467552,-5.56799670302204,-2.0292637999675502,-6.044231888860995,34.54432223887816,0.745461949018717,0.0522401778989991
2025-07-21,34.46245957392141,15.153884002416731,-10.013696704420228,8.311438862692185,-5.027885943527302,-2.1372520183000177,-6.2864881988613615,34.62530248053851,0.7738745509313459,0.0515371734416692
2025-07-22,33.20494668608558,15.021749087520874,-8.611585438603377,8.585697114491296,-5.392934613945421,-2.070511433958112,-7.532414715505253,34.46245957392141,0.99583982006099,0.0515371734416692
2025-07-25,32.95337678076895,14.756481017660342,-8.414129589445553,7.846151943517633,-5.636073709876442,-2.6144888368733525,-5.937940824982568,33.20494668608558,0.8093057059936312,0.0541834866032921
2025-07-28,31.912604734457474,12.804504408860945,-8.144496225362229,6.396726118309346,-4.756029411170822,0.4134599342693992,-6.714164824906598,32.95337678076895,1.126389449386349,0.0541834866032921
2025-07-29,32.26611086806286,12.276932892654544,-8.530625802908075,6.01494702734184,-4.87340277302134,0.7047048052834839,-5.592556149350436,31.912604734457474,0.9869075991133862,0.0541785079976509
2025-07-30,33.078661379615106,11.208440439791085,-7.608269850188908,5.02256471574654,-6.641758231271673,3.363593160043699,-5.3445702341206935,32.26611086806286,0.5633349779175101,0.0176786527042053
2025-07-31,33.566928470410815,11.238450064193437,-7.353621655543419,4.808191648769039,-6.956813712755654,3.2026647740370784,-4.938871118700495,33.078661379615106,0.6618116810546792,0.0116164029777619
2025-08-01,33.991660729539504,9.79433600905881,-7.085072987519634,5.10841001678422,-6.7309025471302135,4.539914130853148,-5.626684622046296,33.566928470410815,0.869660068357836,0.0116164029777619
2025-08-04,33.79562397235079,9.70857481146227,-7.328526252863799,4.967091310816826,-6.651094021866491,4.511562148299156,-5.207607995848019,33.991660729539504,0.6901606656436509,0.0118565625015571
2025-08-05,33.586117141627454,9.536412594826912,-7.2910670140584255,4.993630860375987,-6.657919620542579,4.482981795678807,-5.064038616280687,33.79562397235079,0.3408354242388006,0.0118565625015571
2025-08-08,33.50368435645988,8.683438515707792,-7.116087858623354,5.06983852075966,-6.5711501871095095,4.997636620253376,-5.063675610987984,33.586117141627454,0.2017425482704684,0.0136851223705706
2025-08-11,33.51127763272259,9.0955622405787,-7.209594921846106,4.9658798490057166,-6.438445469846151,4.609492323258079,-5.022894021150236,33.50368435645988,0.2114489700321884,0.0136851223705706
2025-08-12,33.48760496803621,9.136424854609729,-7.258456528616277,4.989734928879237,-5.992792863082698,4.477264427548922,-5.352174819338929,33.51127763272259,0.1280288567952967,0.013730357023538
2025-08-13,33.26551734124076,8.96828251384543,-7.144402437911712,4.83687940046449,-6.282800636274757,4.5740287521328185,-4.95198759225628,33.48760496803621,0.1208731066267324,0.013730357023538
2025-08-14,34.09188298135677,9.209939535241382,-8.153912970570598,5.909227277422438,-5.523168582443489,4.146077252279291,-5.5881625119290295,33.26551734124076,0.3080936094221372,0.013730357023538
2025-08-15,35.4636957704011,11.47759957934555,-9.964442594347966,6.698234837663854,-5.1320450718923,3.552910918786821,-6.632257669555952,34.09188298135677,0.8923605288063123,0.013730357023538
2025-08-18,33.78625971767848,11.01096805769248,-9.94932729758854,5.726172250341129,-5.395903675219635,3.942961858005777,-5.334871193231194,35.4636957704011,0.8655551157692232,0.0081059529024071
2025-08-19,32.70403990303601,10.24050771352774,-9.293848046935338,4.590385134977602,-5.237845407372824,3.469737821839104,-3.768937216036272,33.78625971767848,1.03931165623683,0.0103743558066308
2025-08-22,31.710825326263148,9.26219611238914,-9.551981879500026,4.176879677059063,-5.561416289008136,1.2669403100096002,0.4073820690503327,32.70403990303601,1.4238934563007255,0.0103743558066308
2025-08-27,31.38412710383108,9.137505344879052,-9.364228775956509,4.048307581274379,-5.593440108124639,1.271837813856667,0.5000181440710683,31.710825326263148,1.661936442065755,0.01055020664703
2025-08-28,31.29627446321713,9.058173275056731,-9.160286167569744,3.8720973626845634,-5.577966902644313,1.4038176634169393,0.4041647690558037,31.38412710383108,1.0593782625157755,0.0147553317233517
2025-08-29,31.02560862628921,9.014872906252386,-9.028838660744189,3.77299150662801,-5.815168229850031,1.361270974800478,0.6948715029133412,31.29627446321713,0.6513524288087936,0.0147572154901055
2025-09-05,29.68806130086792,8.624870861940167,-8.727446177677322,4.3376553544218766,-6.756068225097842,2.018723179852122,0.5022650065610419,31.02560862628921,0.7842581075985089,0.0136906405676712
2025-09-08,29.421336864638103,8.30253487538053,-8.08055101340236,4.760435860193034,-6.44564672155856,1.4762328759440957,-0.0130058765566927,29.68806130086792,0.9347272742217212,0.013708737152433
2025-09-09,28.61546292607137,7.787253035017102,-7.143745158213456,4.036536410924612,-5.746321320308852,1.7991306213103735,-0.7328535887297427,29.421336864638103,1.1270385108698158,0.013708737152433
2025-09-10,27.500216355934032,7.617347426620618,-6.767686630802583,3.775485955177075,-6.2042174089953335,2.5898141630665403,-1.0107435050662694,28.61546292607137,1.3075186445457927,0.013708737152433
2025-09-11,28.1440211831714,9.332823080533714,-6.819072570584716,3.5839299990584124,-5.6117299438785295,1.4143778498712845,-1.900328415000141,27.500216355934032,0.901235919037398,0.0132546666757751
2025-09-12,28.25266112609938,8.536341538207104,-7.000107156766411,4.095734862524459,-5.0020541150263895,1.3050326589516337,-1.9349477878903745,28.1440211831714,0.7045421543774298,0.0132546666757751
2025-09-15,27.226372651217854,8.101403796828215,-7.57342974179861,4.666820701701724,-4.395933500612991,1.1764225397043138,-1.9752837958226683,28.25266112609938,0.569650192147622,0.0126855580738291
2025-09-16,26.404029742770785,7.570651104325798,-7.368119349266788,4.1045457972481145,-4.335429373891376,1.5078302444882723,-1.4794784229040123,27.226372651217854,0.7511883523928612,0.0128807554924406
2025-09-19,25.946748831588923,5.598471704560026,-5.73061573234701,3.9529091328446313,-3.815325113332513,1.7761784687692517,-1.7816184604944052,26.404029742770785,1.0251874416587183,0.0110521956234272
2025-09-22,25.551934861030617,4.809791416669064,-5.8331694104928005,2.447884709664791,-2.0966888924230247,2.093571718303332,-1.4213895417213411,25.946748831588923,1.0791278046755228,0.0111864580715953
2025-09-23,25.71485450816796,4.933912032506669,-5.947827498313474,2.476292246734665,-2.672701009769675,2.803619251080613,-1.5932950222388058,25.551934861030617,0.6726233668251075,0.0104923992160688
2025-09-24,25.640256596721755,4.692947353023662,-5.733176213897284,2.785418701276818,-3.029723231550186,3.062422241417296,-1.777888850270303,25.71485450816796,0.3418320032719167,0.0109375922960745
2025-09-25,25.634186882349265,4.921362913021092,-5.796302117020135,3.001696871151715,-2.9118557714853743,2.7249915280882275,-1.939893423755512,25.640256596721755,0.150748698467684,0.012416333992203
2025-09-26,24.76008123334697,4.665546177819564,-5.846316500981751,3.261516980222744,-3.060275453174299,2.9516879565672163,-1.9721591604535007,25.634186882349265,0.3956394457686082,0.012416333992203
2025-09-29,24.437305656518152,5.751104958811872,-6.171683134569017,3.75252985239495,-3.382380272312499,1.8427188709893905,-1.792290275314622,24.76008123334697,0.5949118040721726,0.0105777029371889
2025-09-30,24.15903760670264,6.138357445871648,-7.523406431107804,3.845813480749193,-3.330288577302756,2.6998175391490298,-1.8302934573592893,24.437305656518152,0.6830581063894778,0.0082354678849588
2025-10-03,24.590624928674504,6.500842551865027,-9.176367208242176,4.784343105900831,-3.643862421600506,3.2049801506426325,-1.6699361785657674,24.15903760670264,0.5587053233809649,0.0082354678849588
2025-10-06,23.88058625815625,4.457215914032041,-5.812763548975375,4.437730171960787,-3.661048817872267,2.21582939610665,-1.6369631152518442,24.590624928674504,0.3497497993964648,0.0080596170445596
2025-10-07,23.815553044805768,4.122700764758534,-4.827292887075341,4.183231935094241,-4.496889750582056,1.6835935791895906,-0.6653436413849745,23.88058625815625,0.3382571342400673,0.0038544919682379
2025-10-08,23.402604885796723,3.897041748842156,-4.082145916198843,4.201544983828718,-4.422315650971299,1.0656144661448383,-0.6597396316455626,23.815553044805768,0.4400840561601425,0.0038531662610933
2025-10-09,23.364625820714554,4.38075676522773,-4.075652130941687,2.538195628482121,-2.990511524579045,1.2990926635544024,-1.1518814017435703,23.402604885796723,0.4946499474754242,0.0034320070954255
2025-10-10,26.45072988181766,4.506355945954503,-6.741027986859471,3.268203458468101,-0.5980126158683596,1.8920204736256323,-2.3275392753204347,23.364625820714554,1.2891686102456292,0.0046621221190174
2025-10-17,27.156634915780614,4.547337888717216,-7.120231208807201,1.2411555788643156,4.600375249170874,0.6105515079222634,-3.879189015867434,26.45072988181766,1.820271540334802,0.0046899660984446
2025-10-20,25.39031819514334,3.742070483656285,-5.469111012883211,2.1281217223086344,0.2259216818185976,-0.7141951143070475,0.0871922394067414,27.156634915780614,1.733287404551422,0.0061950476643193
2025-10-21,26.31749599483261,5.962997226688252,-6.497494826483631,2.8888360787456406,1.0393599804474398,-1.8554672158889185,-1.5382312435087917,25.39031819514334,1.467147858999403,0.0069080753715163
2025-10-22,26.03579873728636,6.051873930957811,-8.954261409735121,3.93179853517556,3.43819225207578,-1.948939537923744,-2.518663770550289,26.31749599483261,0.6422092244048818,0.0069080753715163
2025-10-23,26.09069603132343,6.796444565865258,-7.792003469620878,5.5188089404670535,3.6040388406863606,-3.733286568884621,-4.394002308513167,26.03579873728636,0.6370701110479038,0.0069080753715163
2025-10-24,25.81983823352245,6.485680462664973,-7.425473904402625,6.482548074302478,3.936190827462415,-3.715950089977172,-5.7629953700500725,26.09069603132343,0.3501993570608008,0.0067128779529047
2025-10-27,25.46733807484361,5.232053559172968,-6.3960785178647335,4.428904061750536,4.910279592517707,-2.4607741164420656,-5.714384579134412,25.81983823352245,0.3209531844251435,0.0067128779529047
2025-10-28,25.410336322037782,5.677236267775285,-6.231282210373956,5.251220851373127,4.454330921594373,-2.852395088882931,-6.2991107414858805,25.46733807484361,0.3149626334522505,0.0152920848035091
2025-10-31,24.26218739338709,3.328542630550274,-6.353801158197269,4.585596592921277,9.770548223269548,-2.8816665806301707,-8.449219707913702,25.410336322037782,0.6985835635723733,0.0152920848035091
2025-11-03,24.06846178334578,3.3269667500098947,-7.237556211106777,4.363342855064786,10.0800413114988,-2.0069939083086963,-8.525800797158023,24.26218739338709,0.7859528892697367,0.0255843903736446
2025-11-04,25.001910616287745,3.814846229124221,-6.613003247892836,4.646106494698394,10.637425358986771,-2.7128411740702694,-9.772533660846316,24.06846178334578,0.6469484733020424,0.0354590253172787
2025-11-05,24.569761562612427,0.796813795901727,-7.53041031331747,0.927262226949793,16.678774805271825,-2.947962746720224,-7.924477768085627,25.001910616287745,0.5468525234589624,0.0358451063919896
2025-11-06,24.30832520271241,0.652203216308699,-8.927279757567385,1.539438435892599,18.262346012615595,-3.155761602212314,-8.370946305037174,24.569761562612427,0.3604008725445784,0.0358437276573697
2025-11-07,22.89387308821397,1.6582147153052489,-8.249366879060382,3.57032924080756,14.210558964569552,-2.629511077003121,-8.560224964618843,24.30832520271241,0.7921200331527484,0.0358437276573697
2025-11-10,23.45448919233168,-0.2191120532870343,-8.919370364242306,4.03224422532309,23.679480942080858,-3.0886448884954287,-15.48459786137918,22.89387308821397,0.8564733958329215,0.036860361965936
2025-11-17,23.341791632673424,0.8559010932931983,-8.052990439221652,4.404328986371937,20.444961119205303,-1.8157096332104492,-15.836491126438355,23.45448919233168,0.7007215493710153,0.0406326468349302
2025-11-18,21.60861254740009,1.0878126541593858,-6.035248639454837,4.589035518571443,12.396070209832065,-2.281139814060173,-9.756529929047874,23.341791632673424,0.9885098240880232,0.0410471400977652
2025-11-19,21.692982456496527,1.399455165982772,-6.134973417448986,3.728139037715863,11.873666697882902,-1.720274295471924,-9.146013188660609,21.60861254740009,0.8905453788835443,0.041046582038156
