date,system_return,system_dsv_forward_20d,rolling_threshold_80,high_dsv20_state_80,rolling_threshold_85,high_dsv20_state_85,rolling_threshold_90,high_dsv20_state_90
2021-01-05,0.07817835710049341,0.0003200834315614705,,,,,,
2021-01-06,-0.0201089845164004,0.000299864868647429,,,,,,
2021-01-07,0.027437123324298,0.0003007590402676334,,,,,,
2021-01-08,0.022519481859905502,0.0003007590402676334,,,,,,
2021-01-11,-0.028526064797677605,0.0002600722216255683,,,,,,
2021-01-12,0.01307692684744642,0.00026007222162556835,,,,,,
2021-01-13,-0.007330399062808166,0.0002573854841045674,,,,,,
2021-01-14,0.006489170646234132,0.0002573854841045674,,,,,,
2021-01-15,0.00833381332531108,0.00526130363722818,,,,,,
2021-01-20,-0.0338843973680267,0.007166346112141267,,,,,,
2021-01-21,0.002007231202611984,0.007907119828479494,,,,,,
2021-01-22,0.028035210483099666,0.008008523546307265,,,,,,
2021-01-25,0.005848321761689267,0.008008523546307265,,,,,,
2021-01-26,0.021291696280413618,0.008024212336035858,,,,,,
2021-01-27,0.0316944753617855,0.008024212336035858,,,,,,
2021-01-28,0.02854205974743762,0.008024212336035858,,,,,,
2021-01-29,-0.0560319563530197,0.00792330468830759,,,,,,
2021-02-01,0.02777585520509558,0.007925595177952254,,,,,,
2021-02-02,0.03169250871449703,0.007925595177952254,,,,,,
2021-02-03,-0.025582727770322916,0.007892871379943732,,,,,,
2021-02-04,-0.013697363679765817,0.008078601194693377,,,,,,
2021-02-05,0.09802265785964304,0.008078631963739948,,,,,,
2021-02-08,-0.004228880750752984,0.008077737792119743,,,,,,
2021-02-09,0.0003107326120428333,0.008077737792119745,,,,,,
2021-02-10,0.02650723312830978,0.008077737792119743,,,,,,
2021-02-11,0.12442465577770817,0.008087530536590495,,,,,,
2021-02-12,0.03241998606890865,0.008187735809311151,,,,,,
2021-02-17,0.17048120647822082,0.008188173782126653,,,,,,
2021-02-18,-0.3163516446337402,0.0032457198325970245,,,,,,
2021-02-19,-0.1981136085261587,0.0012832697384342214,,,,,,
2021-02-22,-0.1217188330816746,0.0005499438254166732,,,,,,
2021-02-23,-0.04503414656186353,0.0004522660582192823,,,,,,
2021-02-24,0.00940179476098175,0.0004522660582192823,,,,,,
2021-02-25,-0.017713717694822984,0.0004429279535289552,,,,,,
2021-02-26,0.002551307270713399,0.0004429279535289552,,,,,,
2021-03-01,0.057319430073456044,0.0004695655173942201,,,,,,
2021-03-02,-0.033487716825446996,0.00041463751560571837,,,,,,
2021-03-03,-0.00676829320384995,0.0004123470259610543,,,,,,
2021-03-04,0.014150703445552767,0.0004123470259610543,,,,,,
2021-03-05,0.0056786918092439674,0.0004191636224952728,,,,,,
2021-03-08,-0.06246770418999465,0.00023483292617543613,,,,,,
2021-03-09,-0.0007844621924813199,0.00023480215712886455,,,,,,
2021-03-10,0.006807213250670133,0.00023506954004172534,,,,,,
2021-03-11,0.04976261223747452,0.00023506954004172534,,,,,,
2021-03-12,0.051858943754308655,0.0002350695400417253,,,,,,
2021-03-15,-0.013994816519520384,0.00022527679557097328,,,,,,
2021-03-16,-0.04476723639463493,0.00012507152285031698,,,,,,
2021-03-17,-0.002959637868059901,0.0001333784659707341,,,,,,
2021-03-18,-0.03506114761213101,8.002521184621385e-05,,,,,,
2021-03-19,0.005049982904244935,8.002521184621385e-05,,,,,,
2021-03-22,-0.012204755893240752,7.257740852553411e-05,,,,,,
2021-03-23,-0.008632439551342913,0.0002037786090611505,,,,,,
2021-03-24,0.010562829674035384,0.00020377860906115047,,,,,,
2021-03-25,-0.011270035526356685,0.0002785365014873199,,,,,,
2021-03-26,0.03429880858148792,0.0002801268882915497,,,,,,
2021-03-29,-0.02308140544475785,0.00025348932442628485,,,,,,
2021-03-30,-0.004781960101390569,0.0002587056220094478,,,,,,
2021-03-31,0.036991244483520765,0.000282815667818061,,,,,,
2021-04-01,0.01334347264666815,0.000282815667818061,,,,,,
2021-04-07,-0.011676126527422117,0.0003351702077617983,,,,,,
2021-04-08,-0.014683328654359803,0.00032439020074320106,0.008008523546307265,0.0,0.008024212336035858,0.0,0.008077737792119743,0.0
2021-04-09,0.019711739331673483,0.00032439020074320117,0.008008523546307265,0.0,0.008024212336035858,0.0,0.008077737792119743,0.0
2021-04-12,-0.0023125004339926663,0.00032412281783034027,0.007991937872636263,0.0,0.008024212336035858,0.0,0.008077737792119743,0.0
2021-04-13,0.023539880491719165,0.00032412281783034027,0.00797535219896526,0.0,0.008024212336035858,0.0,0.008077737792119743,0.0
2021-04-14,0.03369127813070688,0.00032412281783034027,0.007958766525294259,0.0,0.008024212336035858,0.0,0.008077737792119743,0.0
2021-04-15,0.010192007251484015,0.00036620597680006963,0.007942180851623256,0.0,0.008024212336035858,0.0,0.008077737792119743,0.0
2021-04-20,0.009977911778281352,0.00036620597680006963,0.007925595177952254,0.0,0.008024212336035858,0.0,0.008077737792119743,0.0
2021-04-21,-0.013224912805701086,0.00035746106086414976,0.007925595177952254,0.0,0.008024212336035858,0.0,0.008077737792119743,0.0
2021-04-22,-0.012736521871737017,0.00036057011843848195,0.007925595177952254,0.0,0.008023427896549428,0.0,0.008077737792119743,0.0
2021-04-23,0.0011800436612002183,0.00040605635045537307,0.007925595177952254,0.0,0.00802107457809014,0.0,0.008077737792119743,0.0
2021-04-26,0.00754821431551785,0.00040605635045537307,0.007925595177952254,0.0,0.008018721259630851,0.0,0.008077737792119743,0.0
2021-04-29,-0.0519475025705752,0.0002711291992893772,0.007925595177952254,0.0,0.00801636794117156,0.0,0.008077737792119743,0.0
2021-04-30,0.010347140470109149,0.0002711291992893772,0.007925137080023322,0.0,0.008014014622712272,0.0,0.008072385246511354,0.0
2021-05-05,-0.04027619084879713,0.00019002062182494074,0.00792467898209439,0.0,0.008011661304252984,0.0,0.008067032700902966,0.0
2021-05-06,-0.005639834756852084,0.00020025322504217715,0.007924220884165455,0.0,0.008009307985793695,0.0,0.008061680155294577,0.0
2021-05-07,0.0290400403438007,0.00020025322504217715,0.007923762786236523,0.0,0.008008523546307265,0.0,0.008056327609686189,0.0
2021-05-10,-0.011277991579822634,0.00021754240290364026,0.00792330468830759,0.0,0.008008523546307265,0.0,0.0080509750640778,0.0
2021-05-11,-0.021959073663801582,0.0002081594066432507,0.007920067716341971,0.0,0.008008523546307265,0.0,0.008045622518469412,0.0
2021-05-12,0.008292331405810252,0.0002081594066432507,0.007916830744376352,0.0,0.008008523546307265,0.0,0.008040269972861024,0.0
2021-05-13,-0.03440091175476481,0.00016679806771773142,0.007913593772410733,0.0,0.008008523546307265,0.0,0.008034917427252635,0.0
2021-05-14,0.02556183629384502,0.00017130642069627467,0.007910356800445113,0.0,0.008008523546307265,0.0,0.008029564881644247,0.0
2021-05-17,0.02341051651514205,0.00017153975287018038,0.007907119828479494,0.0,0.008008523546307265,0.0,0.008024212336035858,0.0
2021-05-18,0.019249781088367796,0.00017153975287018038,0.007904270138772342,0.0,0.007996084291054013,0.0,0.008024212336035858,0.0
2021-05-19,0.004120594499463868,0.00017153975287018038,0.007901420449065189,0.0,0.007983645035800763,0.0,0.008024212336035858,0.0
2021-05-20,0.005486364610527751,0.00032750581512804304,0.007898570759358037,0.0,0.00797120578054751,0.0,0.008024212336035858,0.0
2021-05-21,-0.02901143187425582,0.00028542265615831374,0.007895721069650884,0.0,0.007958766525294259,0.0,0.008024212336035858,0.0
2021-05-24,0.0006031823719331002,0.0002854226561583137,0.007892871379943732,0.0,0.007946327270041006,0.0,0.008024212336035858,0.0
2021-05-25,0.04244882086641502,0.0002854226561583137,0.007747566326383237,0.0,0.007933888014787754,0.0,0.008024212336035858,0.0
2021-05-26,-0.014979991350994835,0.0005973108170771841,0.007602261272822752,0.0,0.007925595177952254,0.0,0.008024212336035858,0.0
2021-05-27,-0.030161641870724162,0.0006628559361314114,0.0074569562192622575,0.0,0.007925595177952254,0.0,0.008024212336035858,0.0
2021-05-28,0.0027921518045329837,0.0006628559361314114,0.007311651165701762,0.0,0.007925595177952254,0.0,0.008024212336035858,0.0
2021-06-02,0.024361678653195603,0.0010268671345779541,0.007166346112141267,0.0,0.007925595177952254,0.0,0.008024212336035858,0.0
2021-06-03,0.014713247293362833,0.0010270126760598055,0.006785337617158644,0.0,0.007925595177952254,0.0,0.008024212336035858,0.0
2021-06-04,0.05605349029572307,0.0010270126760598055,0.006404329122176049,0.0,0.007925595177952254,0.0,0.008024212336035858,0.0
2021-06-07,-0.015377249442905099,0.001015189686038339,0.006023320627193426,0.0,0.007925595177952254,0.0,0.008024212336035858,0.0
2021-06-08,0.005446064621933183,0.001015189686038339,0.005642312132210803,0.0,0.007925366128987787,0.0,0.008024212336035858,0.0
2021-06-09,-0.021748026377209784,0.0009918698880367568,0.00526130363722818,0.0,0.00792502255554109,0.0,0.008024212336035858,0.0
2021-06-10,-0.01716219656583833,0.0010341633523449456,0.004858186876301972,0.0,0.00792467898209439,0.0,0.008024212336035858,0.0
2021-06-11,0.018442627109978182,0.0010341633523449456,0.004455070115375735,0.0,0.00792433540864769,0.0,0.008024212336035858,0.0
2021-06-14,-0.01887315424216975,0.0010163535547925092,0.004051953354449498,0.0,0.00792399183520099,0.0,0.008024212336035858,0.0
2021-06-15,-0.009495633710862317,0.0010118452018139659,0.0036488365935232613,0.0,0.00792364826175429,0.0,0.008024212336035858,0.0
2021-06-16,-0.0021602415323558164,0.00101161186964006,0.0032457198325970245,0.0,0.00792330468830759,0.0,0.008024212336035858,0.0
2021-06-17,0.018915649291657535,0.00101161186964006,0.002853229813764486,0.0,0.007920876959333375,0.0,0.008022643457063,0.0
2021-06-18,0.038399801059450914,0.0010164579824767917,0.0024607397949319198,0.0,0.007918449230359162,0.0,0.00802107457809014,0.0
2021-06-21,-0.05585088401410718,0.00087646702609641,0.002068249776099354,0.0,0.007916021501384946,0.0,0.008019505699117281,0.0
2021-06-22,0.00247055355065545,0.0008849668510335428,0.0016757597572667877,0.0,0.007913593772410733,0.0,0.008017936820144421,0.0
2021-06-28,0.048155857380343926,0.0008849668510335428,0.0012832697384342214,0.0,0.007911166043436519,0.0,0.00801636794117156,0.0
2021-06-29,0.015943465471544183,0.0008849668510335428,0.0012334484612163692,0.0,0.007908738314462304,0.0,0.008014799062198702,0.0
2021-06-30,-0.08038758212095502,0.0005618586830708784,0.0011836271839985133,0.0,0.007906407406052706,0.0,0.008013230183225842,0.0
2021-07-01,-0.047123529382065266,0.00045082733199976004,0.0011338059067806574,0.0,0.007904270138772342,0.0,0.008011661304252984,0.0
2021-07-02,0.09668902597934825,0.0004864276143034126,0.0010839846295628015,0.0,0.007902132871491977,0.0,0.008010092425280125,0.0
2021-07-07,-0.08532422849889036,0.00012241641585686986,0.0010341633523449456,0.0,0.007899995604211613,0.0,0.008008523546307265,0.0
2021-07-08,-0.001706115364511834,0.00012227087437501868,0.0010341633523449456,0.0,0.00789785833693125,0.0,0.008008523546307265,0.0
2021-07-09,0.050277035164849604,0.0002618885435359553,0.0010341633523449456,0.0,0.007895721069650884,0.0,0.008008523546307265,0.0
2021-07-12,0.0025076977035673326,0.00042125225695465867,0.0010341633523449456,0.0,0.00789358380237052,0.0,0.008008523546307265,0.0
2021-07-13,0.01121152240229025,0.0004278598366496748,0.0010341633523449456,0.0,0.00782021885316348,0.0,0.008008523546307265,0.0
2021-07-14,-0.002565285807110734,0.0004275308020860666,0.0010341633523449456,0.0,0.007711240062993115,0.0,0.008008523546307265,0.0
2021-07-15,-0.03376996116563141,0.000370510288229654,0.0010327332170879176,0.0,0.007602261272822742,0.0,0.008008523546307265,0.0
2021-07-20,0.005320533763086366,0.00048634972806040663,0.0010313030818308896,0.0,0.0074932824826523785,0.0,0.008008523546307265,0.0
2021-07-21,0.007759793422474903,0.00048634972806040663,0.0010298729465738616,0.0,0.007384303692482005,0.0,0.008008523546307265,0.0
2021-07-22,0.028374969928797202,0.00048634972806040663,0.0010284428113168334,0.0,0.0072753249023116305,0.0,0.008008523546307265,0.0
2021-07-23,0.04596740628538521,0.00048634972806040663,0.0010270126760598055,0.0,0.007166346112141267,0.0,0.008008523546307265,0.0
2021-07-26,0.002606213202979367,0.00048634972806040663,0.0010270126760598055,0.0,0.006880589740904293,0.0,0.008000230709471765,0.0
2021-07-27,-0.009844910194340683,0.0005895900909206021,0.0010270126760598055,0.0,0.006594833369667347,0.0,0.007991937872636263,0.0
2021-07-28,-0.01787462216522678,0.0005736149850431211,0.0010270126760598055,0.0,0.0063090769984303725,0.0,0.007983645035800763,0.0
2021-07-29,-0.013038270542623983,0.0005718620409230967,0.0010270126760598055,0.0,0.006023320627193398,0.0,0.00797535219896526,0.0
2021-08-03,0.012102100131744785,0.0005718620409230967,0.0010270126760598055,0.0,0.005737564255956452,0.0,0.007967059362129759,0.0
2021-08-04,0.0027903523278467648,0.0005718620409230967,0.0010269835677634352,0.0,0.005451807884719478,0.0,0.007958766525294259,0.0
2021-08-05,0.040672125962629264,0.0005911203094519575,0.001026954459467065,0.0,0.005160524446996628,0.0,0.007950473688458757,0.0
2021-08-06,0.014960669622477414,0.0005911203094519575,0.0010269253511706947,0.0,0.004858186876301943,0.0,0.007942180851623256,0.0
2021-08-09,-0.026683433925809668,0.000555520027148305,0.0010268962428743244,0.0,0.004555849305607259,0.0,0.007933888014787756,0.0
2021-08-10,0.019397113017162616,0.000555520027148305,0.0010268671345779541,0.0,0.004253511734912603,0.0,0.007925595177952254,0.0
2021-08-11,0.03737768927700049,0.0005687711764294958,0.0010247853041577219,0.0,0.003951174164217917,0.0,0.007925595177952254,0.0
2021-08-12,-0.05284272308671017,0.0004291816220545307,0.0010227034737374891,0.0,0.0036488365935232613,0.0,0.007925595177952254,0.0
2021-08-13,-0.05645594980490603,0.00026981790863582716,0.0010206216433172567,0.0,0.0033464990228285764,0.0,0.007925595177952254,0.0
2021-08-16,-0.0114957206777271,0.00026688468573148863,0.0010185398128970242,0.0,0.0030494748231807275,0.0,0.007925595177952254,0.0
2021-08-17,0.004633155612601683,0.0004614632679166464,0.0010164579824767917,0.0,0.0027551073090563236,0.0,0.007925595177952254,0.0
2021-08-18,0.0125241638195696,0.0004941644738815502,0.0010164370969399353,0.0,0.002460739794931892,0.0,0.007925595177952254,0.0
2021-08-19,-0.048133032281532546,0.0003783250340507975,0.0010164162114030787,0.0,0.002166372280807488,0.0,0.007925595177952254,0.0
2021-08-20,0.024049716331952253,0.0003783250340507975,0.0010163953258662223,0.0,0.001872004766683057,0.0,0.007925595177952254,0.0
2021-08-23,0.07229027024778102,0.0003783250340507975,0.0010163744403293656,0.0,0.001577637252558625,0.0,0.007925595177952254,0.0
2021-08-24,0.04559624933576903,0.0003783250340507975,0.0010163535547925092,0.0,0.0012832697384342214,0.0,0.007925595177952254,0.0
2021-08-25,0.018516961557278416,0.0003783250340507975,0.0010161207810416753,0.0,0.0012459037805208286,0.0,0.007925366128987787,0.0
2021-08-26,-0.0464944030388448,0.0002799812591380153,0.0010158880072908413,0.0,0.0012085378226074394,0.0,0.007925137080023322,0.0
2021-08-27,0.017978490834781802,0.00027998125913801536,0.001015655233540007,0.0,0.0011711718646940465,0.0,0.007924908031058855,0.0
2021-09-01,-0.0116162651632169,0.00027323437832090696,0.001015422459789173,0.0,0.0011338059067806537,0.0,0.00792467898209439,0.0
2021-09-02,0.0097634756703791,0.00027323437832090696,0.001015189686038339,0.0,0.0010964399488672645,0.0,0.007924449933129922,0.0
2021-09-03,0.027319701596631277,0.00027323437832090696,0.001015189686038339,0.0,0.0010590739909538717,0.0,0.007924220884165455,0.0
2021-09-08,-0.01962563045043947,0.0002632483386398285,0.001015189686038339,0.0,0.0010341633523449456,0.0,0.00792399183520099,0.0
2021-09-09,0.008159551959068902,0.0002634275764763479,0.001015189686038339,0.0,0.0010341633523449456,0.0,0.007923762786236523,0.0
2021-09-10,0.10787036296389853,0.0002634275764763479,0.001015189686038339,0.0,0.0010341633523449456,0.0,0.007923533737272058,0.0
2021-09-13,0.008548669850370618,0.0004108506779636637,0.001015189686038339,0.0,0.0010341633523449456,0.0,0.00792330468830759,0.0
2021-09-14,-0.016279526578614405,0.0003975995286824731,0.0010145207891934646,0.0,0.0010341633523449456,0.0,0.007921686202324781,0.0
2021-09-15,-0.0007498638005863698,0.00039757141389650165,0.0010138518923485898,0.0,0.0010341633523449456,0.0,0.007920067716341971,0.0
2021-09-16,0.016060499647478233,0.00039757141389650165,0.0010131829955037151,0.0,0.0010341633523449456,0.0,0.007918449230359162,0.0
2021-09-17,-0.008572463812320916,0.0005669296302240641,0.0010125140986588406,0.0,0.0010334482847164316,0.0,0.007916830744376352,0.0
2021-09-20,-0.06238246262935727,0.0003757960833644554,0.0010118452018139659,0.0,0.0010323756832736606,0.0,0.007915212258393542,0.0
2021-09-21,-0.02557389527033525,0.00034320429124198084,0.0010117985353791847,0.0,0.0010313030818308894,0.0,0.007913593772410733,0.0
2021-09-22,0.0026732012544888003,0.000344643437229097,0.0010117518689444036,0.0,0.0010302304803881184,0.0,0.007911975286427923,0.0
2021-09-23,0.003519508406410316,0.00034517661405158014,0.0010117052025096222,0.0,0.0010291578789453474,0.0,0.007910356800445113,0.0
2021-09-24,0.03227023369152439,0.0003638252280692525,0.0010116585360748411,0.0,0.0010280852775025765,0.0,0.007908738314462304,0.0
2021-09-27,0.048719646758343116,0.00036382522806925247,0.00101161186964006,0.0,0.0010270126760598055,0.0,0.007907119828479494,0.0
2021-09-28,0.008494264395923564,0.00036382522806925247,0.00101161186964006,0.0,0.0010270126760598055,0.0,0.007905694983625918,0.0
2021-09-29,-0.013959011988063366,0.00035408252728510764,0.00101161186964006,0.0,0.0010270126760598055,0.0,0.007904270138772342,0.0
2021-09-30,0.003976020980484817,0.0003540825272851077,0.00101161186964006,0.0,0.0010270126760598055,0.0,0.007902845293918766,0.0
2021-10-01,0.04629273587876063,0.0003540825272851077,0.00101161186964006,0.0,0.0010270126760598055,0.0,0.007901420449065189,0.0
2021-10-04,0.0330876204627945,0.0005334630013221159,0.00101161186964006,0.0,0.0010270126760598055,0.0,0.007899995604211613,0.0
2021-10-05,0.00951927685689682,0.000566197737939647,0.0010076634733193995,0.0,0.0010270126760598055,0.0,0.007898570759358037,0.0
2021-10-06,-0.013617803675910716,0.0005569255090918647,0.0010037150769987386,0.0,0.0010270053989857128,0.0,0.007897145914504461,0.0
2021-10-07,-0.0018933453806392498,0.0006778275340916388,0.0009997666806780782,0.0,0.0010269835677634352,0.0,0.007895721069650885,0.0
2021-10-08,0.014636052859531368,0.0006778275340916388,0.0009958182843574177,0.0,0.0010269617365411576,0.0,0.007894296224797308,0.0
2021-10-11,-0.05429974244640868,0.0005304044326043231,0.0009918698880367568,0.0,0.00102693990531888,0.0,0.007892871379943732,0.0
2021-10-12,0.015292856529818351,0.0006200377002419776,0.0009704892806361152,0.0,0.001026918074096602,0.0,0.00782021885316349,0.0
2021-10-13,0.0427209483063296,0.03266087846887259,0.0009491086732354706,1.0,0.0010268962428743244,1.0,0.007747566326383248,1.0
2021-10-14,0.025048501917868952,0.03266087846887259,0.0009997666806780782,1.0,0.0010270126760598055,1.0,0.007902845293918766,1.0
2021-10-15,-0.05882730201500661,0.032487845895754354,0.00101161186964006,1.0,0.0010270126760598055,1.0,0.007916830744376352,1.0
2021-10-18,-0.008300644945483564,0.032484681732037536,0.00101161186964006,1.0,0.0010323756832736606,1.0,0.007924449933129922,1.0
2021-10-19,-0.0014792825452174506,0.032484572318195105,0.0010117985353791847,1.0,0.0010341633523449456,1.0,0.007925595177952254,1.0
2021-10-20,-0.005364971550933301,0.03254822032260592,0.0010138518923485898,1.0,0.001146261226085117,1.0,0.007950473688458758,1.0
2021-10-21,-0.0032655070738957168,0.032601763603160555,0.001015189686038339,1.0,0.0018720047666830287,1.0,0.008008523546307265,1.0
2021-10-26,-0.019312490268047967,0.032745295408489555,0.001015422459789173,1.0,0.0035480574032917093,1.0,0.008010092425280124,1.0
2021-10-29,0.020639691867032784,0.03291755142499091,0.0010163535547925092,1.0,0.00526130363722818,1.0,0.008024212336035858,1.0
2021-11-01,0.020648319335393645,0.032917551424990914,0.0010164370969399353,1.0,0.006880589740904293,1.0,0.008024212336035858,1.0
2021-11-02,0.020288954092106796,0.032938375623303894,0.0010227034737374891,1.0,0.007674913799602985,1.0,0.008024212336035858,1.0
2021-11-03,0.00014511983031118263,0.032938375623303894,0.0010269253511706947,1.0,0.007900708026638401,1.0,0.00806168015529458,1.0
2021-11-04,0.011058077052707333,0.032938375623303894,0.0010270126760598055,1.0,0.007913593772410733,1.0,0.008077737792119743,1.0
2021-11-05,-0.05989665667414303,0.03275899514926689,0.0010270126760598055,1.0,0.007923877310718756,1.0,0.008077737792119743,1.0
2021-11-08,-0.02558700319206265,0.033146552249614304,0.0010327332170879176,1.0,0.007925595177952254,1.0,0.008078083153149198,1.0
2021-11-09,0.0017509691649756829,0.033146552249614304,0.0010341633523449456,1.0,0.007925595177952254,1.0,0.008078610425407348,1.0
2021-11-10,-0.049210011752954,0.033025857618505274,0.0011338059067806574,1.0,0.007991937872636261,1.0,0.008080411678310058,1.0
2021-11-11,0.010350373961216965,0.0331726646519102,0.0016757597572668154,1.0,0.008008523546307265,1.0,0.00809755106386256,1.0
2021-11-12,0.07740101678426914,0.033172664651910204,0.0032457198325970245,1.0,0.00801636794117156,1.0,0.008187735809311151,1.0
2021-11-15,-0.042339878988408686,0.03309470213841388,0.004858186876301972,1.0,0.008024212336035858,1.0,0.008188129984845104,1.0
2021-11-16,-0.8005103468242071,0.0012843257676564545,0.006404329122176076,0.0,0.008024212336035858,0.0,0.02762529261098169,0.0
2021-11-17,0.7761407836017704,0.001284325767656454,0.006023320627193426,0.0,0.008024212336035858,0.0,0.02519565275737498,0.0
2021-11-18,0.04548394040847655,0.001284325767656454,0.00564231213221083,0.0,0.008024212336035858,0.0,0.022766012903767584,0.0
2021-11-19,-0.002370112270468667,0.001284044896047723,0.00526130363722818,0.0,0.008024212336035858,0.0,0.02033637305016088,0.0
2021-11-22,0.02415755365678475,0.0012962712886473405,0.004858186876301972,0.0,0.008024212336035858,0.0,0.01790673319655417,0.0
2021-11-23,-0.036079675829454615,0.0012311841382494138,0.004455070115375764,0.0,0.008024212336035858,0.0,0.015477093342947465,0.0
2021-11-24,-0.03288661045991873,0.001177107680872292,0.004051953354449498,0.0,0.008024212336035858,0.0,0.013047453489340758,0.0
2021-11-30,-0.05695268551116359,0.00115173814368231,0.00364883659352329,0.0,0.008024212336035858,0.0,0.01061781363573336,0.0
2021-12-01,-0.05869514741464695,0.000979482127180953,0.0032457198325970245,0.0,0.008024212336035858,0.0,0.008188173782126653,0.0
2021-12-02,0.00016262191147368293,0.0011317376038212485,0.0028558301238071097,0.0,0.00802185901757657,0.0,0.008188129984845104,0.0
2021-12-03,-0.02040793880478198,0.001110913405508262,0.0024659404150171953,0.0,0.00801950569911728,0.0,0.008188086187563552,0.0
2021-12-06,0.03238359381625603,0.001110913405508262,0.0020760507062272254,0.0,0.00801715238065799,0.0,0.008188042390282002,0.0
2021-12-07,0.0306347838711664,0.001110913405508262,0.0016861609974373106,0.0,0.008014799062198702,0.0,0.008187998593000453,0.0
2021-12-08,0.011024971222617752,0.001110913405508262,0.0012962712886473405,0.0,0.008012445743739414,0.0,0.008187954795718901,0.0
2021-12-09,-0.09168335039307306,0.0013106058513044185,0.0012938821844491635,1.0,0.008010092425280124,0.0,0.008187910998437352,0.0
2021-12-10,0.025464476754585016,0.001474440843046019,0.0013048720262415876,1.0,0.008008523546307265,0.0,0.008187867201155802,0.0
2021-12-13,-0.0027807615045607847,0.0014740542113187566,0.0013761398480010597,1.0,0.008008523546307265,0.0,0.008187823403874252,0.0
2021-12-14,-0.0541861667595945,0.0013511769878501029,0.001474131537664209,0.0,0.008008523546307265,0.0,0.0081877796065927,0.0
2021-12-17,0.05742698928849693,0.0015169216185942482,0.0014740542113187566,1.0,0.008008523546307265,0.0,0.008187735809311151,0.0
2021-12-22,-0.015277927962480016,0.0015052508644529115,0.0014743635167005667,1.0,0.008008523546307265,0.0,0.008177715282039085,0.0
2021-12-23,-0.06789173703377722,0.0012946110904708697,0.0014929268558901553,0.0,0.008008523546307265,0.0,0.008167694754767021,0.0
2021-12-30,0.017490905269808867,0.0014324089383510696,0.0014867648516087761,0.0,0.008008523546307265,0.0,0.008157674227494955,0.0
2021-12-31,0.08280394059307794,0.0014324089383510696,0.001480602847327398,0.0,0.008000230709471765,0.0,0.008147653700222888,0.0
2022-01-03,0.0263778528972633,0.0014557692190554322,0.001474440843046019,0.0,0.007987791454218513,0.0,0.008137633172950822,0.0
2022-01-04,-0.015637386354258452,0.0014435428264558147,0.0014743635167005667,0.0,0.00797535219896526,0.0,0.008127612645678758,0.0
2022-01-05,0.030503268562650534,0.0018132514689618837,0.001474286190355114,1.0,0.007962912943712009,0.0,0.008117592118406692,0.0
2022-01-06,0.08219862652332106,0.001860605791289337,0.0014867648516087761,1.0,0.007950473688458757,0.0,0.008107571591134628,0.0
2022-01-07,-0.052308867729419097,0.0017237949091326442,0.001507585015281179,1.0,0.007938034433205506,0.0,0.00809755106386256,0.0
2022-01-10,0.029593574698631497,0.0017252889054336744,0.0015169216185942482,1.0,0.007925595177952254,0.0,0.008087530536590495,0.0
2022-01-11,-0.055182511113630046,0.0017786261412058868,0.0016824202510249673,1.0,0.007925595177952254,0.0,0.00808664067930544,0.0
2022-01-12,0.0025126171514798647,0.0017845443612737322,0.0017246913069132624,1.0,0.007925595177952254,0.0,0.008085750822020385,0.0
2022-01-13,0.04618315366973136,0.0017845443612737322,0.0017466237997425596,1.0,0.007925595177952254,0.0,0.00808486096473533,0.0
2022-01-19,0.07935734419092508,0.0017852851232291224,0.001779809785219456,1.0,0.007925595177952254,0.0,0.008083971107450277,0.0
2022-01-20,0.05808770366805993,0.0017852851232291228,0.0017845443612737322,1.0,0.007925595177952254,0.0,0.00808308125016522,0.0
2022-01-21,-0.11135387579793592,0.001165300840468016,0.0017845443612737322,0.0,0.007925595177952254,0.0,0.008082191392880167,0.0
2022-01-24,-0.05724246531057175,0.0010017255891310978,0.0017845443612737322,0.0,0.007925480653470022,0.0,0.008081301535595112,0.0
2022-01-25,0.11256956159733132,0.001232177928779756,0.0017845443612737322,0.0,0.007925137080023322,0.0,0.008080411678310058,0.0
2022-01-26,-0.0218768416076341,0.0012082481188434803,0.0017845443612737322,0.0,0.007924793506576622,0.0,0.008079521821025002,0.0
2022-01-27,-0.0575751041239432,0.0010425034880993352,0.0017845443612737322,0.0,0.007924449933129922,0.0,0.008078631963739948,0.0
2022-01-28,0.10235432401056145,0.0010425034880993354,0.0017833607172601633,0.0,0.007924106359683223,0.0,0.008078628886835292,0.0
2022-01-31,-0.019912118868235015,0.0010226788642081993,0.0017821770732465941,0.0,0.007923762786236523,0.0,0.008078625809930634,0.0
2022-02-01,-0.05249720904585307,0.0008848810163279996,0.001780993429233025,0.0,0.007923419212789823,0.0,0.008078622733025977,0.0
2022-02-02,0.06609979237733142,0.0008848810163279996,0.001779809785219456,0.0,0.007921686202324781,0.0,0.00807861965612132,0.0
2022-02-03,-0.021614939604062133,0.0010364258824020762,0.0017786261412058868,0.0,0.007919258473350566,0.0,0.008078616579216663,0.0
2022-02-04,0.026254513612991384,0.0011720306149441777,0.0017679586940514448,0.0,0.007916830744376352,0.0,0.008078613502312006,0.0
2022-02-07,-0.08598937637941899,0.0008023219724381088,0.001757291246897003,0.0,0.007914403015402137,0.0,0.008078610425407348,0.0
2022-02-10,-0.030774769642502062,0.0011073525030065184,0.0017466237997425596,0.0,0.007911975286427923,0.0,0.008078607348502692,0.0
2022-02-11,0.11151352194524404,0.00111382468130274,0.0017359563525881179,0.0,0.00790954755745371,0.0,0.008078604271598034,0.0
2022-02-14,-0.005466253380570835,0.00111233068500171,0.0017252889054336744,0.0,0.007907119828479494,0.0,0.008078601194693377,0.0
2022-02-15,-0.06412374168940978,0.0009067379725892024,0.0017249901061734683,0.0,0.00790498256119913,0.0,0.008078514854436013,0.0
2022-02-16,-0.01087954049383088,0.0009008197525213572,0.0017246913069132624,0.0,0.007902845293918765,0.0,0.008078428514178651,0.0
2022-02-17,0.036610407746987726,0.0009008197525213572,0.0017243925076530562,0.0,0.007900708026638401,0.0,0.008078342173921288,0.0
2022-02-18,-0.0038490569114803335,0.0009000789905659664,0.0017240937083928503,0.0,0.007898570759358037,0.0,0.008078255833663924,0.0
2022-02-23,0.04695422788907325,0.0009609695223700171,0.0017237949091326442,0.0,0.007896433492077672,0.0,0.008078169493406562,0.0
2022-02-24,0.036038247245018765,0.0009609695223700171,0.0016824202510249673,0.0,0.007894296224797308,0.0,0.008078083153149198,0.0
2022-02-25,-0.002279212165125367,0.0009607097819653344,0.0016410455929172906,0.0,0.0078565451165536,0.0,0.008077996812891834,0.0
2022-02-28,-0.06788996091450607,0.0007336504890692781,0.0015996709348096078,0.0,0.007747566326383227,0.0,0.00807791047263447,0.0
2022-03-01,0.020835906657236364,0.0007910107895071766,0.001558296276701931,0.0,0.007638587536212873,0.0,0.008077824132377108,0.0
2022-03-02,0.08066440653745491,0.0007925209177995372,0.0015169216185942482,0.0,0.0075296087460425,0.0,0.008077737792119745,0.0
2022-03-03,0.0031664432996472993,0.0007925209177995372,0.0015145874677659809,0.0,0.007420629955872126,0.0,0.008077737792119745,0.0
2022-03-04,0.012357376858783886,0.0008165811747695411,0.0015122533169377138,0.0,0.0073116511657017515,0.0,0.008077737792119745,0.0
2022-03-07,0.040061559327478104,0.0008165811747695411,0.0015099191661094463,0.0,0.007202672375531378,0.0,0.008077737792119745,0.0
2022-03-08,0.0436287666040267,0.000818683190321777,0.001507585015281179,0.0,0.00697584186464997,0.0,0.008077737792119745,0.0
2022-03-09,-0.059144762537090216,0.0006454799707089976,0.0015052508644529115,0.0,0.0066900854934129955,0.0,0.008077737792119743,0.0
2022-03-10,-0.052077775018159404,0.0005098752381668963,0.0014990888601715334,0.0,0.006404329122176021,0.0,0.008077737792119743,0.0
2022-03-11,0.05004080029301567,0.0005098752381668963,0.0014929268558901553,0.0,0.006118572750939048,0.0,0.008077737792119743,0.0
2022-03-14,-0.08395056317808273,0.0001829454778939768,0.0014867648516087761,0.0,0.005832816379702074,0.0,0.008077737792119743,0.0
2022-03-15,-0.011377326835616203,0.00017647329959775515,0.001480602847327398,0.0,0.005547060008465154,0.0,0.008077737792119743,0.0
2022-03-16,0.0271829003459069,0.0003823002323931111,0.001474440843046019,0.0,0.00526130363722818,0.0,0.008077737792119743,0.0
2022-03-17,0.02462018430008495,0.0004213108625483946,0.0014743635167005667,0.0,0.004958966066533495,0.0,0.008077737792119743,0.0
2022-03-18,0.016716180878831467,0.0004213108625483946,0.001474286190355114,0.0,0.0046566284958388104,0.0,0.008077737792119743,0.0
2022-03-21,0.020671875583556282,0.0004213108625483946,0.0014742088640096616,0.0,0.004354290925144126,0.0,0.008077737792119743,0.0
2022-03-22,0.02478695894939532,0.0004213108625483947,0.001474131537664209,0.0,0.004051953354449498,0.0,0.008077737792119743,0.0
2022-04-11,-0.03489714366650963,0.00036042033074434394,0.0014740542113187566,0.0,0.003749615783754813,0.0,0.008077737792119743,0.0
2022-04-12,0.03674266694341795,0.000360420330744344,0.001470397212866092,0.0,0.003447278213060129,0.0,0.008077737792119743,0.0
2022-04-13,0.019637798066676534,0.000360420330744344,0.0014667402144134273,0.0,0.003176464130531624,0.0,0.008077737792119743,0.0
2022-04-14,-0.008237774884763233,0.0003570272839917422,0.001463083215960762,0.0,0.0029686970243354635,0.0,0.008077737792119743,0.0
2022-04-20,-0.03387042971026457,0.0003794526238738373,0.0014594262175080975,0.0,0.002760929918139342,0.0,0.008077737792119743,0.0
2022-04-21,-0.005495686112508116,0.0003779424955814766,0.0014557692190554322,0.0,0.0025531628119431805,0.0,0.008077737792119743,0.0
2022-04-22,0.005200166987276514,0.0003779424955814766,0.001453323940535509,0.0,0.00234539570574702,0.0,0.008072385246511354,0.0
2022-04-25,-0.021936388476685834,0.00035388223861147284,0.0014508786620155854,0.0,0.0021376285995508585,0.0,0.008067032700902966,0.0
2022-04-26,0.01808018480793245,0.0005908545737038533,0.0014484333834956617,0.0,0.0019298614933546978,0.0,0.00806168015529458,0.0
2022-04-27,-0.006483850017136032,0.0005887525581516175,0.0014459881049757384,0.0,0.0018558703590565919,0.0,0.008056327609686189,0.0
2022-04-28,-0.005834256020539834,0.0005870506309859573,0.0014435428264558147,0.0,0.0018487672107074737,0.0,0.0080509750640778,0.0
2022-04-29,0.0468161002289921,0.0006133507983427791,0.0014413160488348658,0.0,0.0018416640623583555,0.0,0.008045622518469412,0.0
2022-05-04,0.025288494059341818,0.0006133507983427791,0.001439089271213917,0.0,0.0018345609140092373,0.0,0.008040269972861024,0.0
2022-05-05,-0.022563285497880652,0.0006151142196967054,0.0014368624935929676,0.0,0.0018274577656601189,0.0,0.008034917427252637,0.0
2022-05-06,0.0024031081775001497,0.0013512122435603022,0.0014346357159720187,0.0,0.001820354617311002,0.0,0.008029564881644247,0.0
2022-05-09,-0.06416025760474407,0.0012930160635343428,0.0014324089383510696,0.0,0.0018132514689618837,0.0,0.008024212336035858,0.0
2022-05-12,-0.027932286034366566,0.0012540054333790593,0.0014324089383510696,0.0,0.0018090565171019694,0.0,0.008024212336035858,0.0
2022-05-17,0.006820725289987034,0.0012551924299505001,0.0014324089383510696,0.0,0.0018048615652420553,0.0,0.008024212336035858,0.0
2022-05-18,0.06255567446785633,0.0012674363657180067,0.0014324089383510696,0.0,0.001800666613382141,0.0,0.008024212336035858,0.0
2022-05-19,0.0427836241116552,0.0012674363657180067,0.0014324089383510696,0.0,0.0017964716615222274,0.0,0.008024212336035858,0.0
2022-05-24,0.030517563759940382,0.0012674363657180067,0.0014324089383510696,0.0,0.001792276709662313,0.0,0.008024212336035858,0.0
2022-05-25,0.042552643198983976,0.001301950410273299,0.0014161695993929171,0.0,0.0017880817578023987,0.0,0.008024212336035858,0.0
2022-05-26,0.014623913421319051,0.0013242784276388607,0.0013999302604347644,0.0,0.0017852851232291228,0.0,0.008024212336035858,0.0
2022-05-27,0.08082685855912349,0.0013905122349427838,0.0013836909214766096,1.0,0.0017852851232291228,0.0,0.008024212336035858,0.0
2022-06-01,-0.03994637413332874,0.0013107265946227901,0.0013988915756244415,0.0,0.0017852851232291226,0.0,0.008024212336035858,0.0
2022-06-06,0.023683955437646734,0.0013107265946227901,0.0013905122349427838,0.0,0.0017852851232291226,0.0,0.008024212336035858,0.0
2022-06-07,0.028896074020357047,0.0013107265946227904,0.001382652236666288,0.0,0.0017852851232291226,0.0,0.008024212336035858,0.0
2022-06-08,0.003359204090546467,0.001434654946570127,0.001374792238389792,1.0,0.0017852851232291224,0.0,0.008024212336035858,0.0
2022-06-09,-0.06884363951628072,0.0011984913010330343,0.0014072709163060982,0.0,0.0017852851232291224,0.0,0.008024212336035858,0.0
2022-06-10,0.06416456478024217,0.0012154572178358762,0.0013988915756244415,0.0,0.0017852110470335833,0.0,0.008024212336035858,0.0
2022-06-13,0.049740837851990606,0.0012154572178358764,0.0013905122349427838,0.0,0.0017850999327402748,0.0,0.008024212336035858,0.0
2022-06-14,-0.022934762853285273,0.0011891570504790545,0.001382652236666288,0.0,0.0017849888184469664,0.0,0.008024212336035858,0.0
2022-06-15,0.0144444696260317,0.0011891570504790545,0.001374792238389792,0.0,0.0017848777041536577,0.0,0.008024212336035858,0.0
2022-06-16,-0.023331744031199215,0.0011619385365021846,0.001366932240113295,0.0,0.0017847665898603493,0.0,0.008024212336035858,0.0
2022-06-17,-0.12133408621352837,0.00045556386842971147,0.001359072241836799,0.0,0.0017846554755670406,0.0,0.008024212336035858,0.0
2022-06-22,-0.05433797065945628,0.0003134436377571762,0.0013512122435603022,0.0,0.0017845443612737322,0.0,0.008024212336035858,0.0
2022-06-23,0.013093215344799,0.0003632765993599568,0.0013512051924182624,0.0,0.0017845443612737322,0.0,0.008022643457063,0.0
2022-06-24,-0.004872364049290286,0.000362089602788516,0.0013511981412762226,0.0,0.0017845443612737322,0.0,0.00802107457809014,0.0
2022-06-27,-0.015648601066872703,0.0003498456670210095,0.0013511910901341825,0.0,0.0017845443612737322,0.0,0.00801950569911728,0.0
2022-06-28,0.038875796846070294,0.0003620168055286512,0.0013511840389921427,0.0,0.0017845443612737322,0.0,0.008017936820144421,0.0
2022-06-29,0.03547069927043943,0.00036201680552865127,0.0013511769878501029,0.0,0.0017845443612737322,0.0,0.00801636794117156,0.0
2022-06-30,-0.0262731971999193,0.00033798826596092874,0.0013457972758078548,0.0,0.0017845443612737322,0.0,0.008014799062198702,0.0
2022-07-01,-0.021131974524668515,0.0003156602485953668,0.0013404175637656067,0.0,0.0017842484502703399,0.0,0.008013230183225844,0.0
2022-07-06,-0.036396100698817484,0.0002865417872834269,0.0013350378517233577,0.0,0.0017833607172601633,0.0,0.008011661304252984,0.0
2022-07-07,0.0327138787956827,0.0003033600432845202,0.0013296581396811096,0.0,0.0017824729842499862,0.0,0.008010092425280125,0.0
2022-07-08,0.01396739915002255,0.00030336004328452014,0.0013242784276388607,0.0,0.0017815852512398094,0.0,0.008008523546307265,0.0
2022-07-11,0.026974123013594403,0.00030336004328452014,0.0013215680610356468,0.0,0.0017806975182296325,0.0,0.008008523546307265,0.0
2022-07-12,-0.04978520903789332,0.0002399649830923545,0.0013188576944324329,0.0,0.0017798097852194557,0.0,0.008008523546307265,0.0
2022-07-13,-0.004021665215524117,0.00024106545217604454,0.0013161473278292186,0.0,0.001778922052209279,0.0,0.008008523546307265,0.0
2022-07-14,-0.018420595431658447,0.00023414080008042626,0.0013134369612260047,0.0,0.0017732924176286644,0.0,0.008008523546307265,0.0
2022-07-15,0.03104988628277648,0.00023414080008042626,0.0013107265946227904,0.0,0.0017652918322628337,0.0,0.008008523546307265,0.0
2022-07-18,0.09549831429363997,0.00023414080008042626,0.0013107265946227904,0.0,0.001757291246897,0.0,0.008008523546307265,0.0
2022-07-19,0.02010117495771302,0.00023414080008042626,0.0013107265946227904,0.0,0.0017492906615311694,0.0,0.008008523546307265,0.0
2022-07-20,0.003487781089047033,0.00023414080008042626,0.0013107265946227901,0.0,0.0017412900761653387,0.0,0.008008523546307265,0.0
2022-07-21,-0.024381696327829102,0.00020441744428930254,0.0013107265946227901,0.0,0.001733289490799505,0.0,0.008008523546307265,0.0
2022-07-22,-0.010498116113723798,0.00023928855547327175,0.0013107265946227901,0.0,0.0017252889054336744,0.0,0.008008523546307265,0.0
2022-07-25,-0.03156991023198532,0.00018945559387049124,0.0013107265946227901,0.0,0.0017250648059885197,0.0,0.008000230709471767,0.0
2022-07-26,0.02912878550369212,0.00018945559387049122,0.0013107265946227901,0.0,0.0017248407065433653,0.0,0.007991937872636265,0.0
2022-07-27,0.003641155444122815,0.0002105223759946278,0.0013107265946227901,0.0,0.001724616607098211,0.0,0.007983645035800761,0.0
2022-07-28,-0.015602011734158977,0.0002067192774793781,0.0013107265946227901,0.0,0.0017243925076530562,0.0,0.007975352198965262,0.0
2022-07-29,0.014309244497187347,0.0002067192774793781,0.0013107265946227901,0.0,0.0017241684082079018,0.0,0.007967059362129759,0.0
2022-08-01,-0.014481370782885063,0.0001962400562999204,0.0013107024459591157,0.0,0.0017239443087627472,0.0,0.007958766525294262,0.0
2022-08-02,0.02084630443550105,0.00019709504462795562,0.0013106782972954415,0.0,0.0017134512446057221,0.0,0.007950473688458758,0.0
2022-08-03,-0.027245310052184484,0.0001599796986359724,0.0013106541486317671,0.0,0.0016824202510249673,0.0,0.007942180851623255,0.0
2022-08-04,-0.01834025954074438,0.00019557722623509086,0.001310629999968093,0.0,0.001651389257444201,0.0,0.007933888014787758,0.0
2022-08-05,0.014183937599669467,0.00019557722623509086,0.0013106058513044185,0.0,0.0016203582638634462,0.0,0.007925595177952254,0.0
2022-08-08,0.02833121339576028,0.00019557722623509086,0.0013088747630981947,0.0,0.0015893272702826797,0.0,0.007925595177952254,0.0
2022-08-09,-0.03479462365227453,0.00013508478171154838,0.0013071436748919708,0.0,0.001558296276701925,0.0,0.007925595177952254,0.0
2022-08-10,-0.006179253416033184,0.00013721794061521806,0.001305412586685747,0.0,0.0015272652831211703,0.0,0.007925595177952254,0.0
2022-08-11,-0.01417128413886582,0.00012717667590799456,0.0013036814984795227,0.0,0.0015157545431801142,0.0,0.007925595177952254,0.0
2022-08-12,0.002637622168939917,0.0001451597651145425,0.001301950410273299,0.0,0.0015140039300589139,0.0,0.007925595177952254,0.0
2022-08-15,0.001043564115267716,0.0001451597651145425,0.0013008145859481073,0.0,0.0015122533169377131,0.0,0.007925595177952254,0.0
2022-08-16,0.0006765658978593828,0.00031572023629404647,0.0012996787616229156,0.0,0.0015105027038165128,0.0,0.007925595177952254,0.0
2022-08-17,0.01780152873957885,0.00043690376340839026,0.001298542937297724,0.0,0.0015087520906953125,0.0,0.007925595177952254,0.0
2022-08-18,0.02625617350346185,0.000647548306724154,0.0012974071129725321,0.0,0.0015070014775741118,0.0,0.007925595177952254,0.0
2022-08-19,-0.028418878683308616,0.0006143147370987205,0.0012962712886473405,0.0,0.0015052508644529115,0.0,0.007925595177952254,0.0
2022-08-22,0.015043735443058348,0.0006143147370987207,0.0012959392490120463,0.0,0.0015006293612418765,0.0,0.007925366128987787,0.0
2022-08-23,0.039083937928483754,0.00061458770748967,0.0012956072093767523,0.0,0.0014960078580308434,0.0,0.007925137080023322,0.0
2022-08-24,-0.0205264620059749,0.0005935209253655334,0.0012952751697414581,0.0,0.0014913863548198102,0.0,0.007924908031058855,0.0
2022-08-25,-0.012936800216739883,0.0005851528853731414,0.001294943130106164,0.0,0.0014867648516087753,0.0,0.00792467898209439,0.0
2022-08-26,0.04360020430560379,0.0005851528853731414,0.0012946110904708697,0.0,0.001482143348397742,0.0,0.007924449933129922,0.0
2022-08-31,-0.00035450833875081675,0.0005851466015650292,0.0012942920850835644,0.0,0.0014775218451867074,0.0,0.007924220884165455,0.0
2022-09-01,-0.004135186399753233,0.0005848020699182152,0.001293973079696259,0.0,0.001474421511459656,0.0,0.00792399183520099,0.0
2022-09-02,0.00016652314301674893,0.0005848020699182154,0.0012936540743089537,0.0,0.0014743635167005667,0.0,0.007923762786236523,0.0
2022-09-07,-0.03237770331577325,0.0007132199602233344,0.0012933350689216482,0.0,0.0014743055219414772,0.0,0.007923533737272058,0.0
2022-09-08,0.03251638133159224,0.0007132199602233344,0.0012930160635343428,0.0,0.0014742475271823877,0.0,0.00792330468830759,0.0
2022-09-09,0.026140173489109703,0.000736022056101692,0.0012912780043587652,0.0,0.0014741895324232985,0.0,0.007921686202324781,0.0
2022-09-12,-0.0009038498949344338,0.0007438510624459576,0.0012895399451831877,0.0,0.001474131537664209,0.0,0.007920067716341971,0.0
2022-09-13,-0.008991459884409851,0.0007442574823846229,0.00128780188600761,0.0,0.0014740735429051197,0.0,0.007918449230359162,0.0
2022-09-14,0.012103042272101266,0.0009366515230298563,0.0012860638268320321,0.0,0.0014722257120924236,0.0,0.007916830744376352,0.0
2022-09-15,-0.018964751095940032,0.0009562436005128682,0.0012843257676564545,0.0,0.0014694829632529256,0.0,0.007915212258393542,0.0
2022-09-16,0.04448732822686699,0.0009562436005128684,0.0012843257676564545,0.0,0.0014667402144134263,0.0,0.007913593772410733,0.0
2022-09-21,-0.058405559868817965,0.0007856831293333644,0.0012843257676564543,0.0,0.001463997465573928,0.0,0.007911975286427923,0.0
2022-09-22,-0.049230788560481915,0.0006644996022190206,0.0012843257676564543,0.0,0.0014612547167344298,0.0,0.007910356800445113,0.0
2022-09-23,-0.06490678598047568,0.0004538550589032568,0.001284325767656454,0.0,0.0014585119678949304,0.0,0.007908738314462304,0.0
2022-09-26,-0.011956641380753414,0.00045585989300931626,0.001284325767656454,0.0,0.0014557692190554322,0.0,0.007907119828479494,0.0
2022-09-27,0.044969960860913795,0.0004566307317770492,0.001284325767656454,0.0,0.0014539352601654891,0.0,0.007905694983625918,0.0
2022-09-28,-0.002336537570634284,0.0005648269741630184,0.001284325767656454,0.0,0.0014521013012755467,0.0,0.007904270138772342,0.0
2022-09-29,0.010232490507229752,0.0005648269741630184,0.001284325767656454,0.0,0.0014502673423856046,0.0,0.007902845293918765,0.0
2022-09-30,0.0009446648158681669,0.0006359690478580477,0.001284325767656454,0.0,0.0014484333834956615,0.0,0.007901420449065189,0.0
2022-10-03,0.001843012009326866,0.0006359690478580476,0.001284325767656454,0.0,0.001446599424605719,0.0,0.007899995604211613,0.0
2022-10-04,0.009692998505726483,0.0006359690478580476,0.0012842695933347077,0.0,0.001444765465715776,0.0,0.007898570759358037,0.0
2022-10-05,-0.003195173488940431,0.0006392334186517724,0.0012842134190129617,0.0,0.0014430984324615302,0.0,0.007897145914504461,0.0
2022-10-06,0.03486092947746562,0.0007908149945470997,0.0012841572446912154,0.0,0.0014417652504786773,0.0,0.007895721069650884,0.0
2022-10-07,-0.060138785139929575,0.0006099813206417688,0.0012841010703694693,0.0,0.0014404320684958238,0.0,0.007894296224797308,0.0
2022-10-14,0.012507441198582561,0.0006131480493626418,0.001284044896047723,0.0,0.0014390988865129709,0.0,0.007892871379943732,0.0
2022-10-17,-0.02135513796647433,0.0006012761677939799,0.0012838898645250226,0.0,0.0014377657045301173,0.0,0.00782021885316351,0.0
2022-10-18,-0.0125457989589298,0.0006393516076217487,0.0012837348330023224,0.0,0.0014364325225472644,0.0,0.007747566326383248,0.0
2022-10-19,-0.009432642769990868,0.0007014882081460266,0.001283579801479622,0.0,0.0014350993405644115,0.0,0.007674913799602985,0.0
2022-10-20,-0.06203128898309843,0.0005683871646666733,0.0012834247699569218,0.0,0.0014344303457482213,0.0,0.0076022612728227626,0.0
2022-10-21,-0.027413561129324235,0.0006031550227976565,0.0012832697384342214,0.0,0.0014340934445153627,0.0,0.0075296087460425,0.0
2022-10-24,0.028726887012963886,0.0006201500509569929,0.0012801030638909785,0.0,0.001433756543282504,0.0,0.007456956219262278,0.0
2022-10-25,0.03708957810189462,0.0006201500509569929,0.001276936389347736,0.0,0.0014334196420496455,0.0,0.007384303692482015,0.0
2022-10-26,0.006650265656686752,0.000620150050956993,0.001273769714804493,0.0,0.0014330827408167868,0.0,0.0073116511657017515,0.0
2022-10-27,0.008397822049587167,0.0007699375495759333,0.0012706030402612496,0.0,0.0014327458395839282,0.0,0.00723899863892153,0.0
2022-10-28,-0.013529891175805234,0.0009775830137794667,0.0012674363657180067,0.0,0.0014324089383510696,0.0,0.007166346112141267,0.0
2022-10-31,-0.003926420170417218,0.0011590412042684604,0.0012674363657180067,0.0,0.0014324089383510696,0.0,0.0069758418646500234,0.0
2022-11-01,-0.04657664925194136,0.0010685407683831121,0.0012674363657180067,0.0,0.0014324089383510696,0.0,0.006785337617158671,0.0
2022-11-02,0.007743731826302267,0.001068663699452539,0.0012674363657180067,0.0,0.0014324089383510696,0.0,0.00659483336966732,0.0
2022-11-03,-0.037720570964668396,0.0009975216257575095,0.0012674363657180067,0.0,0.0014324089383510696,0.0,0.006404329122176076,0.0
2022-11-04,0.03557523790792479,0.0009975216257575097,0.0012674363657180067,0.0,0.0014324089383510696,0.0,0.006213824874684724,0.0
2022-11-07,0.007661778225679004,0.0009975216257575095,0.0012674363657180067,0.0,0.0014324089383510696,0.0,0.00602332062719348,0.0
2022-11-08,-0.008688875042197652,0.0009937467982825635,0.0012674363657180067,0.0,0.0014303141031806548,0.0,0.005832816379702128,0.0
2022-11-09,-0.055060253521996616,0.0009758650492607705,0.0012674363657180067,0.0,0.001424029597669413,0.0,0.005642312132210776,0.0
2022-11-10,0.076244190817258,0.000975875697119328,0.0012674363657180067,0.0,0.0014177450921581687,0.0,0.005451807884719532,0.0
2022-11-15,-0.007958302232100714,0.000972708968398455,0.0012674363657180067,0.0,0.0014114605866469266,0.0,0.00526130363722818,0.0
2022-11-16,-0.014785272611416983,0.0011853218416701756,0.0012649875785645055,0.0,0.0014051760811356823,0.0,0.0050597452567651335,0.0
2022-11-17,-0.030313460179815514,0.0012060119844923725,0.0012625387914110043,0.0,0.0013988915756244405,0.0,0.004858186876301972,0.0
2022-11-18,-0.03649255759893814,0.0011394266464867814,0.0012600900042575032,0.0,0.0013926070701131986,0.0,0.0046566284958388104,0.0
2022-11-21,-0.03443631721478943,0.0010801336493209013,0.001257641217104002,0.0,0.0013865822358045347,0.0,0.004455070115375764,0.0
2022-11-22,-0.03803761948927487,0.0010986903430256867,0.0012551924299505001,0.0,0.0013806872370971633,0.0,0.004253511734912603,0.0
2022-11-23,-0.018436392358233415,0.0011066914323423229,0.001254955030636212,0.0,0.0013747922383897898,0.0,0.004051953354449555,0.0
2022-11-29,0.010124672091662667,0.0011076342184902902,0.0012547176313219238,0.0,0.0013688972396824184,0.0,0.003850394973986394,0.0
2022-11-30,0.08961739567818709,0.0011076342184902902,0.0012544802320076356,0.0,0.001363002240975047,0.0,0.0036488365935232327,0.0
2022-12-01,-0.05473344473335117,0.0009578595010931347,0.0012542428326933475,0.0,0.0013571072422676736,0.0,0.003447278213060186,0.0
2022-12-02,-0.06584806177329597,0.0007410611391281444,0.0012540054333790593,0.0,0.0013512122435603022,0.0,0.0032457198325970245,0.0
2022-12-05,-0.06037036181053193,0.0005588321098714177,0.001249639932459199,0.0,0.0013512069552037724,0.0,0.003107208428466303,0.0
2022-12-06,-0.018957202795544515,0.0005451755234366104,0.0012452744315393383,0.0,0.0013512016668472424,0.0,0.0029686970243355025,0.0
2022-12-07,-0.0015679991672622809,0.0005861997505076956,0.001240908930619478,0.0,0.0013511963784907126,0.0,0.0028301856202047025,0.0
2022-12-08,0.040452026774968335,0.0005912712718983687,0.0012365434296996176,0.0,0.0013511910901341825,0.0,0.002691674216073981,0.0
2022-12-09,0.015273848526380066,0.0005912712718983687,0.001232177928779756,0.0,0.0013511858017776527,0.0,0.0025531628119431805,0.0
2022-12-12,0.09709706893953345,0.0005912712718983687,0.0012319791706736874,0.0,0.001351180513421123,0.0,0.0024146514078124594,0.0
2022-12-13,0.06592517269234217,0.0006004597596148349,0.0012317804125676192,0.0,0.0013498320598395405,0.0,0.002276140003681659,0.0
2022-12-14,-0.0517107004155879,0.0005377561250074698,0.0012315816544615507,0.0,0.0013457972758078548,0.0,0.0021376285995508585,0.0
2022-12-15,-0.0004614728281807148,0.0005729279822110575,0.0012313828963554823,0.0,0.0013417624917761676,0.0,0.0019991171954201374,0.0
2022-12-16,0.057928590116520934,0.0005729279822110575,0.0012311841382494138,0.0,0.0013377277077444819,0.0,0.001860605791289337,0.0
2022-12-19,-0.06686450292665257,0.00034938489462964093,0.0012280387541667066,0.0,0.0013336929237127944,0.0,0.0018558703590565932,0.0
2022-12-20,-0.03650628335666615,0.00028525385964866417,0.0012248933700839992,0.0,0.0013296581396811087,0.0,0.0018511349268238468,0.0
2022-12-21,0.012838734231896453,0.0003016844383479634,0.001221747986001292,0.0,0.001325623355649423,0.0,0.0018463994945911006,0.0
2022-12-22,0.17638476601691724,0.0003016844383479634,0.0012186026019185845,0.0,0.0013229232443372533,0.0,0.0018416640623583568,0.0
2022-12-29,-0.04263794519564192,0.003276352831146466,0.0012154572178358764,1.0,0.001320890469384843,1.0,0.0018369286301256104,1.0
2022-12-30,-0.02235894339004987,0.003317509205956358,0.0012280387541667066,1.0,0.0013404175637656052,1.0,0.0024146514078124594,1.0
2023-01-04,-0.0043423176944283005,0.0033165664198083903,0.0012317804125676192,1.0,0.0013511928529196925,1.0,0.0032549097321618575,1.0
2023-01-05,0.012678424752071865,0.0033183785726625136,0.001240908930619478,1.0,0.001363002240975047,1.0,0.0032843955488788506,1.0
2023-01-06,-0.0005055931523413002,0.003318365791440729,0.0012542428326933475,1.0,0.0013967967404540256,1.0,0.0033166606984231873,1.0
2023-01-09,0.005651422708154015,0.003318365791440729,0.0012551924299505001,1.0,0.0014324089383510696,1.0,0.003317509205956358,1.0
2023-01-10,0.0004727554102282357,0.00335195464645015,0.0012649875785645055,1.0,0.0014324089383510696,1.0,0.003318280132892292,1.0
2023-01-11,-0.009286754499568386,0.003351809555966225,0.0012674363657180067,1.0,0.0014339811441044098,1.0,0.003318365791440729,1.0
2023-01-18,-0.028686985948514016,0.003310662397825713,0.0012674363657180067,1.0,0.0014395432805072554,1.0,0.0033183747382959784,0.0
2023-01-19,-0.01007126743828505,0.0033055908764350406,0.0012706030402612504,1.0,0.0014484333834956615,1.0,0.0033183734601738,0.0
2023-01-20,0.06080656209050419,0.0034139437853072203,0.0012832697384342214,1.0,0.0014603404671212632,1.0,0.003318372182051621,1.0
2023-01-23,0.010826531006906266,0.0034955476233753504,0.0012838898645250226,1.0,0.001474092874491483,1.0,0.0033317509659839995,1.0
2023-01-24,-0.013556170341557516,0.003486359135658884,0.0012842134190129617,1.0,0.001474421511459656,1.0,0.0033518530831114024,1.0
2023-01-25,-0.03768187688164406,0.0034165803250576264,0.001284325767656454,1.0,0.0014990888601715334,1.0,0.003364352474221563,1.0
2023-01-26,-0.026526403850558048,0.003381397819995481,0.001284325767656454,1.0,0.0015128368546447801,1.0,0.003414207439282261,0.0
2023-01-27,0.037496133450477385,0.003381397819995481,0.0012843257676564545,1.0,0.0016203582638634462,1.0,0.0034139437853072203,0.0
2023-01-30,0.026142348712358415,0.0033815519593959247,0.0012912780043587652,1.0,0.0017243178078380048,1.0,0.0034106891887760475,0.0
2023-01-31,-0.00707728937501248,0.003379047558151041,0.001293973079696259,1.0,0.0017359563525881163,1.0,0.0034074654201249614,0.0
2023-02-01,-0.018127646675340517,0.0033631449242549375,0.0012952751697414581,1.0,0.001778922052209279,1.0,0.0034042262375338314,0.0
2023-02-02,0.15600991100384443,0.0033638598034052766,0.0012974071129725324,1.0,0.0017839525392669474,1.0,0.0034009870549427026,0.0
2023-02-03,-0.24761131279987314,0.0003040839083921686,0.001301950410273299,0.0,0.0017845443612737322,0.0,0.0033977478723515725,0.0
2023-02-06,-0.03637375215340424,0.00029375373397604694,0.0013008145859481073,0.0,0.0017845443612737322,0.0,0.003394508689760444,0.0
2023-02-07,0.021213147087770303,0.00029444295031314465,0.0012996787616229156,0.0,0.0017845443612737322,0.0,0.0033912695071693136,0.0
2023-02-08,-0.006020220683868065,0.000292630797459021,0.001298542937297724,0.0,0.0017845443612737322,0.0,0.0033880303245781835,0.0
2023-02-09,0.015403361229931667,0.0003019740126597182,0.0012974071129725324,0.0,0.0017845443612737322,0.0,0.0033847911419870548,0.0
2023-02-10,0.0195760221196503,0.00033806096289619805,0.0012962712886473405,0.0,0.0017845443612737322,0.0,0.0033815519593959247,0.0
2023-02-13,-0.025918663163604985,0.0004684271378410453,0.0012959392490120463,0.0,0.0017836566282635551,0.0,0.00338153654545588,0.0
2023-02-14,-0.009129183942541102,0.0004806049483470896,0.0012956072093767523,0.0,0.0017827688952533785,0.0,0.003381521131515836,0.0
2023-02-15,0.04224868703619635,0.0005284362301472078,0.0012952751697414581,0.0,0.0017818811622432019,0.0,0.0033815057175757917,0.0
2023-02-16,0.029591417050463312,0.0005284362301472078,0.001294943130106164,0.0,0.0017809934292330248,0.0,0.003381490303635747,0.0
2023-02-17,-0.046551672122960325,0.0004214873712735091,0.0012946110904708697,0.0,0.0017801056962228482,0.0,0.003381474889695703,0.0
2023-02-22,-0.04039896980570926,0.00033988353320537864,0.0012942920850835644,0.0,0.0017792179632126711,0.0,0.0033814594757556587,0.0
2023-02-23,0.07839351393958444,0.00033988353320537864,0.001293973079696259,0.0,0.0017759592794172755,0.0,0.003381444061815614,0.0
2023-02-24,-0.004934332102547084,0.00037226691117825226,0.0012936540743089537,0.0,0.0017679586940514448,0.0,0.0033814286478755697,0.0
2023-02-27,0.009144245723602297,0.0003736656979422762,0.0012933350689216484,0.0,0.0017599581086856111,0.0,0.0033814132339355257,0.0
2023-02-28,0.011779728475962535,0.000374019416795458,0.0012930160635343428,0.0,0.0017519575233197805,0.0,0.003381397819995481,0.0
2023-03-01,-0.0017557870055544512,0.0003738652773950143,0.0012912780043587652,0.0,0.001743956937953947,0.0,0.003381397819995481,0.0
2023-03-02,0.047163708575365816,0.0003738652773950143,0.0012895399451831877,0.0,0.0017359563525881163,0.0,0.003381397819995481,0.0
2023-03-03,-0.003249445500994267,0.0003733373325918178,0.00128780188600761,0.0,0.0017279557672222857,0.0,0.003381397819995481,0.0
2023-03-06,-0.0037812144883315503,0.0003726224534414794,0.0012860638268320326,0.0,0.0017251395058035714,0.0,0.003381397819995481,0.0
2023-03-07,-0.010763100213899451,0.0005905403962300462,0.0012843257676564545,0.0,0.0017249154063584168,0.0,0.003381397819995481,0.0
2023-03-08,-0.03341326618866894,0.0005347180783603038,0.0012843257676564545,0.0,0.0017246913069132624,0.0,0.003381397819995481,0.0
2023-03-09,-0.0037127249752648486,0.0005495059199583673,0.0012843257676564543,0.0,0.0017244672074681077,0.0,0.003381397819995481,0.0
2023-03-10,0.01355843776320155,0.0006073917141499343,0.0012843257676564543,0.0,0.0017242431080229533,0.0,0.003381397819995481,0.0
2023-03-13,-0.013669831894136236,0.0005980484989492371,0.001284325767656454,0.0,0.0017240190085777987,0.0,0.003381397819995481,0.0
2023-03-14,-0.02686520062701185,0.000564946270310501,0.001284325767656454,0.0,0.0017237949091326442,0.0,0.003381397819995481,0.0
2023-03-15,-0.057263431604169156,0.00040099124035623314,0.001284325767656454,0.0,0.0016927639155518777,0.0,0.0033811627938110374,0.0
2023-03-16,-0.018080326589352196,0.0003846463298773513,0.001284325767656454,0.0,0.0016617329219711231,0.0,0.003380927767626593,0.0
2023-03-21,-0.030929365269956054,0.00038442165548967065,0.001284325767656454,0.0,0.0016307019283903683,0.0,0.0033806927414421492,0.0
2023-03-22,0.014620842729371116,0.00038442165548967065,0.001284325767656454,0.0,0.0015996709348096018,0.0,0.0033804577152577054,0.0
2023-03-23,-0.005299150872510217,0.00048446822121751083,0.001284325767656454,0.0,0.0015686399412288472,0.0,0.003380222689073261,0.0
2023-03-24,0.02526649736240395,0.0004929256490392962,0.0012842695933347077,0.0,0.0015376089476480807,0.0,0.0033799876628888173,0.0
2023-03-27,0.02927367851719677,0.0004940582820786569,0.0012842134190129617,0.0,0.0015163380808871812,0.0,0.003379752636704373,0.0
2023-03-28,-0.025923255828612646,0.00046045752244087187,0.0012841572446912154,0.0,0.0015145874677659809,0.0,0.003379517610519929,0.0
2023-03-29,-0.005289209324698682,0.0004941245954826165,0.0012841010703694693,0.0,0.0015128368546447801,0.0,0.0033792825843354853,0.0
2023-03-30,-0.00265977011480995,0.0005538656726435066,0.001284044896047723,0.0,0.0015110862415235798,0.0,0.003379047558151041,0.0
2023-03-31,0.059948694611015624,0.0005538656726435066,0.0012838898645250226,0.0,0.0015093356284023788,0.0,0.003377528782676465,0.0
2023-04-03,0.023612915205812334,0.0005538656726435066,0.0012837348330023224,0.0,0.0015075850152811788,0.0,0.0033760100072018884,0.0
2023-04-04,0.024607973164833135,0.0005538656726435065,0.001283579801479622,0.0,0.0015058344021599784,0.0,0.0033744912317273117,0.0
2023-04-05,0.0290136121657856,0.0007538123941351168,0.0012834247699569218,0.0,0.0015021698623122214,0.0,0.003372972456252736,0.0
2023-04-06,-0.0668894848386933,0.0005301022350358278,0.0012832697384342214,0.0,0.0014975483591011885,0.0,0.0033714536807781586,0.0
2023-04-12,0.03380113053792102,0.0005782025548635401,0.0012801030638909785,0.0,0.0014929268558901536,0.0,0.0033699349053035827,0.0
2023-04-13,-0.01759378181924579,0.0005628620651312717,0.001276936389347736,0.0,0.0014883053526791204,0.0,0.003368416129829006,0.0
2023-04-14,-0.03402522422896488,0.0005049762709397047,0.001273769714804493,0.0,0.0014836838494680872,0.0,0.0033668973543544293,0.0
2023-04-17,0.019161342362367082,0.0005049762709397048,0.0012706030402612504,0.0,0.0014790623462570523,0.0,0.0033653785788798534,0.0
2023-04-18,-0.007726217182740767,0.0005019915493419608,0.0012674363657180067,0.0,0.001474440843046019,0.0,0.0033638598034052766,0.0
2023-04-19,0.011059353884395051,0.0005299593325185727,0.0012674363657180067,0.0,0.0014743828482869296,0.0,0.003363788315490243,0.0
2023-04-20,0.009769170066291135,0.0005563501831340505,0.0012674363657180067,0.0,0.0014743248535278404,0.0,0.003363716827575209,0.0
2023-04-21,-0.030856638641445545,0.0005444828563913637,0.0012674363657180067,0.0,0.0014742668587687509,0.0,0.0033636453396601747,0.0
2023-04-24,0.025459710689383252,0.0005444828563913637,0.0012674363657180067,0.0,0.0014742088640096616,0.0,0.003363573851745141,0.0
2023-04-25,-0.04504455921114591,0.0004430322406650423,0.0012674363657180067,0.0,0.0014741508692505722,0.0,0.003363502363830107,0.0
2023-04-26,-0.01300571245398375,0.0004345748128432569,0.0012674363657180067,0.0,0.001474092874491483,0.0,0.0033634308759150733,0.0
2023-04-27,-0.004759481146849101,0.0007168358250510744,0.0012674363657180067,0.0,0.0014731399617055902,0.0,0.0033633593880000394,0.0
2023-04-28,0.0179284516059649,0.0007168358250510744,0.0012674363657180067,0.0,0.001470397212866092,0.0,0.003363287900085005,0.0
2023-05-03,-0.02648239407824325,0.0006824048137324998,0.0012674363657180067,0.0,0.0014676544640265926,0.0,0.0033632164121699714,0.0
2023-05-04,-0.034668370603208855,0.0006223100177184281,0.0012674363657180067,0.0,0.0014649117151870944,0.0,0.0033631449242549375,0.0
2023-05-05,0.05282354909361617,0.000640826402339436,0.0012649875785645055,0.0,0.001462168966347595,0.0,0.003362025896474459,0.0
2023-05-10,0.01832614663217945,0.000654750891649149,0.0012625387914110043,0.0,0.0014594262175080968,0.0,0.00336090686869398,0.0
2023-05-11,0.008413889398136592,0.0007664526303197212,0.0012600900042575032,0.0,0.0014566834686685986,0.0,0.003359787840913501,0.0
2023-05-12,-0.06323712857042298,0.0005665059088281108,0.001257641217104002,0.0,0.0014545465797954702,0.0,0.0033586688131330227,0.0
2023-05-15,0.050771057453160136,0.0005665059088281109,0.0012551924299505001,0.0,0.0014527126209055278,0.0,0.003357549785352544,0.0
2023-05-16,-0.03101622795496328,0.0005184055890003986,0.001254955030636212,0.0,0.0014508786620155848,0.0,0.003356430757572065,0.0
2023-05-17,-0.0016526838953209836,0.0005182690207975059,0.0012547176313219238,0.0,0.0014490447031256424,0.0,0.0033553117297915862,0.0
2023-05-18,0.010283849108618766,0.0005208445269231455,0.0012544802320076356,0.0,0.0014472107442357002,0.0,0.0033541927020111074,0.0
2023-05-19,0.033263740812410014,0.0005208445269231455,0.0012542428326933475,0.0,0.0014453767853457571,0.0,0.0033530736742306286,0.0
2023-05-22,0.003908807761280384,0.0005208445269231455,0.0012540054333790593,0.0,0.0014435428264558147,0.0,0.00335195464645015,0.0
2023-05-23,-0.023650701121367152,0.0004928767437465337,0.001249639932459199,0.0,0.0014422096444729612,0.0,0.0033519401374017574,0.0
2023-05-24,-0.02297426848257762,0.00046648589313105576,0.0012452744315393383,0.0,0.0014408764624901083,0.0,0.003351925628353365,0.0
2023-05-25,-0.026735474811474997,0.000430746612461305,0.001240908930619478,0.0,0.0014395432805072554,0.0,0.0033519111193049725,0.0
2023-05-26,0.029529640479133052,0.0004307466124613051,0.0012365434296996176,0.0,0.0014382100985244018,0.0,0.00335189661025658,0.0
2023-05-31,0.013319195950070117,0.0004982114876115442,0.001232177928779756,0.0,0.001436876916541549,0.0,0.0033518821012081873,0.0
2023-06-01,0.004485783772831697,0.0004982114876115442,0.0012319791706736874,0.0,0.0014355437345586954,0.0,0.003351867592159795,0.0
2023-06-02,-0.07528527681388682,0.000214817842364366,0.0012317804125676192,0.0,0.0014345426461591741,0.0,0.0033518530831114024,0.0
2023-06-05,0.020754627066995397,0.00021519180295074696,0.0012315816544615507,0.0,0.0014342057449263155,0.0,0.00335183857406301,0.0
2023-06-06,-0.003563280755691568,0.00021455695446355284,0.0012313828963554823,0.0,0.001433868843693457,0.0,0.0033518240650146176,0.0
2023-06-07,0.018214439868325098,0.0002185321702960484,0.0012311841382494138,0.0,0.0014335319424605983,0.0,0.003351809555966225,0.0
2023-06-08,-0.019243900135371635,0.00020001578567504057,0.0012280387541667066,0.0,0.0014331950412277397,0.0,0.003348466457635855,0.0
2023-06-09,-0.016688013248864018,0.00021914863906694849,0.0012248933700839992,0.0,0.001432858139994881,0.0,0.003345123359305483,0.0
2023-06-12,-0.047265577045154605,0.00010777446460445495,0.001221747986001292,0.0,0.0014325212387620225,0.0,0.0033417802609751112,0.0
2023-06-13,0.05159767003101653,0.000108929216340483,0.0012186026019185845,0.0,0.0014324089383510696,0.0,0.0033384371626447415,0.0
2023-06-14,0.015394108061081732,0.00010904989782619272,0.0012154572178358764,0.0,0.0014324089383510696,0.0,0.003335094064314369,0.0
2023-06-15,0.004369599619399434,0.00010904989782619272,0.0012154572178358764,0.0,0.0014324089383510696,0.0,0.0033317509659839995,0.0
2023-06-16,0.030664717771396784,0.00010904989782619272,0.0012154572178358764,0.0,0.0014324089383510696,0.0,0.0033284078676536276,0.0
2023-06-21,-0.007177055281436334,0.00010647439170055307,0.0012154572178358762,0.0,0.0014324089383510696,0.0,0.0033250647693232557,0.0
2023-06-22,0.0039378359262225516,0.0001064743917005531,0.0012154572178358762,0.0,0.0014324089383510696,0.0,0.0033217216709928855,0.0
2023-06-23,0.020544660366306634,0.0001064743917005531,0.0012154572178358762,0.0,0.0014324089383510696,0.0,0.0033183785726625136,0.0
2023-06-26,0.011287183619776998,0.0022476050813899718,0.001214015398037397,1.0,0.0014261244328398254,1.0,0.0033183772945403352,0.0
2023-06-27,0.005286057645472034,0.002247632157700621,0.0012154572178358764,1.0,0.0014324089383510696,1.0,0.003318376016418157,0.0
2023-06-30,0.0034399872632874516,0.002296720421487131,0.001221747986001292,1.0,0.0014336442428715512,1.0,0.0033183747382959784,0.0
2023-07-03,0.02662245413023122,0.002301093539284224,0.0012313828963554823,1.0,0.0014382100985244018,1.0,0.0033183734601738,0.0
2023-07-06,-0.03673278512452848,0.0022336286641339853,0.001232177928779756,1.0,0.001446599424605719,1.0,0.003318372182051621,0.0
2023-07-07,0.009097253895373419,0.0022336286641339853,0.001249639932459199,1.0,0.001457597718281764,1.0,0.0033183709039294428,0.0
2023-07-10,0.027254401812449036,0.0022733384184424293,0.0012547176313219238,1.0,0.0014731399617055902,1.0,0.0033183696258072643,0.0
2023-07-11,-0.0027348147519748,0.002272964457856048,0.0012600900042575032,1.0,0.0014743635167005667,1.0,0.003318368347685086,0.0
2023-07-12,0.02913371577761488,0.002272964457856048,0.0012674363657180067,1.0,0.0014944673569604985,1.0,0.0033183670695629075,0.0
2023-07-13,-0.008916519312484631,0.0022689892420235526,0.0012674363657180067,1.0,0.0015110862415235798,1.0,0.003318365791440729,0.0
2023-07-14,0.004657983999539667,0.002273476426017907,0.0012674363657180067,1.0,0.0015893272702826797,1.0,0.003318365791440729,0.0
2023-07-17,-0.025712776085681982,0.0022404190833162857,0.001276936389347736,1.0,0.0017240937083928503,1.0,0.003318365791440729,0.0
2023-07-18,-0.0025595476478423823,0.0023394764933690826,0.001283579801479622,1.0,0.0017279557672222857,1.0,0.003318365791440729,0.0
2023-07-19,-0.00480572936405715,0.002383399687356934,0.0012841010703694693,1.0,0.0017732924176286644,1.0,0.003318365791440729,0.0
2023-07-20,-0.0015535860820033848,0.0023988964834055033,0.001284325767656454,1.0,0.0017830648062567708,1.0,0.003318365791440729,0.0
2023-07-21,0.029937631997650413,0.0023988964834055033,0.001284325767656454,1.0,0.0017845443612737322,1.0,0.003318365791440729,0.0
2023-07-24,0.04327720618918569,0.0026314952840953425,0.0012843257676564543,1.0,0.0017848777041536577,1.0,0.003318365791440729,0.0
2023-07-25,0.021426674313806918,0.002631495284095343,0.00128780188600761,1.0,0.0017852851232291226,1.0,0.003318365791440729,0.0
2023-07-26,0.07669934754394529,0.002719429471955266,0.0012933350689216484,1.0,0.0017894800750890363,1.0,0.003318365791440729,0.0
2023-07-27,0.06935325172510694,0.002803935911188957,0.0012946110904708697,1.0,0.0018132514689618837,1.0,0.003318365791440729,0.0
2023-07-28,-0.2069362553874704,0.0006674823857884954,0.0012959392490120463,0.0,0.0018535026429402175,0.0,0.003318280132892292,0.0
2023-07-31,-0.000735884646522883,0.000667455309477846,0.0012956072093767523,0.0,0.0018463994945911006,0.0,0.003318194474343855,0.0
2023-08-01,-0.0313331338319391,0.0006324235297051263,0.0012952751697414581,0.0,0.0018392963462419835,0.0,0.003318108815795418,0.0
2023-08-02,-0.009352131090925352,0.0008818895139695521,0.001294943130106164,0.0,0.001832193197892864,0.0,0.003318023157246981,0.0
2023-08-03,0.009232236077935116,0.0008820258896391993,0.0012946110904708697,0.0,0.001825090049543747,0.0,0.0033179374986985434,0.0
2023-08-04,0.03156449107470696,0.0008820258896391993,0.0012942920850835644,0.0,0.0018179869011946276,0.0,0.0033178518401501063,0.0
2023-08-07,-0.0281814670691375,0.0008511748908709299,0.001293973079696259,0.0,0.0018118531516752455,0.0,0.0033177661816016692,0.0
2023-08-08,0.025497770450752452,0.0008670922322908042,0.0012936540743089537,0.0,0.0018076581998153318,0.0,0.003317680523053232,0.0
2023-08-09,0.0125780713009081,0.0008670922322908042,0.0012933350689216484,0.0,0.0018034632479554168,0.0,0.003317594864504795,0.0
2023-08-10,0.009433374012204551,0.0008670922322908042,0.0012930160635343428,0.0,0.0017992682960955033,0.0,0.003317509205956358,0.0
2023-08-11,-0.009473314092073868,0.0009190914674693674,0.0012912780043587652,0.0,0.0017950733442355883,0.0,0.0033174149273415615,0.0
2023-08-14,0.01692927754836795,0.0009190914674693674,0.0012895399451831877,0.0,0.0017908783923756748,0.0,0.0033173206487267645,0.0
2023-08-15,-0.04458362350928315,0.000819706493208492,0.00128780188600761,0.0,0.001786683440515761,0.0,0.0033172263701119675,0.0
2023-08-16,-0.030025970666701148,0.0009033944550738349,0.0012860638268320326,0.0,0.0017852851232291228,0.0,0.003317132091497171,0.0
2023-08-17,-0.01767341366815098,0.0008877769775395555,0.0012843257676564545,0.0,0.0017852851232291228,0.0,0.0033170378128823744,0.0
2023-08-18,0.12119040705377714,0.0008877769775395555,0.0012843257676564545,0.0,0.0017852851232291226,0.0,0.0033169435342675774,0.0
2023-08-21,-0.06820539578212838,0.0006660665196340503,0.0012843257676564543,0.0,0.0017852851232291226,0.0,0.003316849255652781,0.0
2023-08-24,0.006244102488470263,0.0006660665196340503,0.0012843257676564543,0.0,0.0017852851232291226,0.0,0.003316754977037984,0.0
2023-08-25,-0.04193666363933184,0.0005915449416637748,0.001284325767656454,0.0,0.0017852851232291224,0.0,0.0033166606984231873,0.0
2023-08-30,-0.041111175909645685,0.0005070385024300831,0.001284325767656454,0.0,0.0017852851232291224,0.0,0.0033165664198083903,0.0
2023-08-31,-0.009671777798271648,0.0005216702928574379,0.001284325767656454,0.0,0.0017851740089358137,0.0,0.0033159760176101226,0.0
2023-09-01,0.2637254406828628,0.0005364854916653599,0.001284325767656454,0.0,0.0017850628946425053,0.0,0.003315385615411855,0.0
2023-09-06,-0.016766922206410215,0.0006613625762794102,0.001284325767656454,0.0,0.0017849517803491968,0.0,0.003314795213213587,0.0
2023-09-07,-0.07125154062355682,0.0006129396850593421,0.001284325767656454,0.0,0.0017848406660558882,0.0,0.0033142048110153194,0.0
2023-09-08,-0.0016515185112329991,0.0006128033093896949,0.001284325767656454,0.0,0.0017847295517625797,0.0,0.0033136144088170517,0.0
2023-09-11,0.0371284662412266,0.0006725063116899567,0.0012842695933347077,0.0,0.001784618437469271,0.0,0.003313024006618784,0.0
2023-09-12,-0.013310714135743917,0.000672707564171918,0.0012842134190129617,0.0,0.0017845443612737322,0.0,0.0033124336044205163,0.0
2023-09-13,-0.017842276435407232,0.0006567902227520435,0.0012841572446912154,0.0,0.0017845443612737322,0.0,0.0033118432022222486,0.0
2023-09-14,0.005955577027311615,0.0006571808584132859,0.0012841010703694693,0.0,0.0017845443612737322,0.0,0.003311252800023981,0.0
2023-09-15,0.04448106623088013,0.0006786104359601848,0.001284044896047723,0.0,0.0017845443612737322,0.0,0.003310662397825713,0.0
2023-09-18,-0.033611432332739805,0.0006228993424615947,0.0012838898645250226,0.0,0.0017845443612737322,0.0,0.003310155245686646,0.0
2023-09-19,0.0006065113632119827,0.0006437131947822441,0.0012837348330023224,0.0,0.0017845443612737322,0.0,0.003309648093547579,0.0
2023-09-20,0.010655344778469284,0.0006437131947822442,0.001283579801479622,0.0,0.0017845443612737322,0.0,0.003309140941408512,0.0
2023-09-21,-0.05074759257131764,0.0006214702146837899,0.0012834247699569218,0.0,0.0017839525392669474,0.0,0.003308633789269444,0.0
2023-09-22,0.018201526788776016,0.0006341392238355347,0.0012832697384342214,0.0,0.0017830648062567708,0.0,0.003308126637130377,0.0
2023-09-25,0.027507381951661667,0.0006341392238355347,0.0012801030638909785,0.0,0.0017821770732465937,0.0,0.0033076194849913096,0.0
2023-09-26,-0.014756925685476317,0.0006232508810512013,0.001276936389347736,0.0,0.001781289340236417,0.0,0.003307112332852243,0.0
2023-09-27,0.040701534310722466,0.0006232508810512012,0.001273769714804493,0.0,0.0017804016072262405,0.0,0.0033066051807131755,0.0
2023-09-28,-0.016378406448520736,0.0006564993460252187,0.0012706030402612504,0.0,0.0017795138742160634,0.0,0.003306098028574108,0.0
2023-09-29,0.04729419781083526,0.0006564993460252187,0.0012674363657180067,0.0,0.0017786261412058868,0.0,0.0033055908764350406,0.0
2023-10-02,-0.019651440006427868,0.0006516043259470038,0.0012674363657180067,0.0,0.001770625555840053,0.0,0.0033026670719061824,0.0
2023-10-03,-0.01721348239486838,0.0006511687954126233,0.0012674363657180067,0.0,0.0017626249704742224,0.0,0.0032997432673773277,0.0
2023-10-04,-0.05271310437222244,0.0005847589733691924,0.0012674363657180067,0.0,0.0017546243851083918,0.0,0.0032968194628484695,0.0
2023-10-05,-0.06409621062768849,0.00045251886802169224,0.0012674363657180067,0.0,0.001746623799742558,0.0,0.0032938956583196113,0.0
2023-10-06,0.026308024123148217,0.0006984749365529057,0.0012674363657180067,0.0,0.0017386232143767274,0.0,0.0032909718537907535,0.0
2023-10-11,-0.03455517393973348,0.0006387719342526438,0.0012674363657180067,0.0,0.0017306226290108937,0.0,0.0032880480492618954,0.0
2023-10-12,-0.013461060895884766,0.0006297119262305079,0.0012674363657180067,0.0,0.001725214205618623,0.0,0.0032851242447330406,0.0
2023-10-13,0.05277988736820916,0.0006297119262305079,0.0012674363657180067,0.0,0.0017249901061734683,0.0,0.0032822004402041824,0.0
2023-10-16,-0.0027951231144350656,0.0006293212905692654,0.0012674363657180067,0.0,0.0017247660067283138,0.0,0.0032792766356753243,0.0
2023-10-17,-0.020702452775890553,0.0007953551253278579,0.0012674363657180067,0.0,0.0017245419072831592,0.0,0.003276352831146466,0.0
2023-10-18,-0.0039378310637387,0.0007945797996535307,0.0012649875785645055,0.0,0.0017243178078380048,0.0,0.003273289531291521,0.0
2023-10-19,-0.020402868582946616,0.0007737659473328811,0.0012625387914110043,0.0,0.0017240937083928503,0.0,0.0032702262314365797,0.0
2023-10-20,0.003878386139000116,0.0009180268070163155,0.0012600900042575032,0.0,0.0017238696089476957,0.0,0.003267162931581635,0.0
2023-10-23,-0.04615689059951252,0.0008126118498254401,0.001257641217104002,0.0,0.0017031075800787998,0.0,0.00326409963172669,0.0
2023-10-24,-0.01591792018559255,0.0007999428406736956,0.0012551924299505001,0.0,0.0016720765864980452,0.0,0.0032610363318717455,0.0
2023-10-25,0.019324305330000034,0.0007999428406736955,0.001254955030636212,0.0,0.0016410455929172787,0.0,0.0032579730320168006,0.0
2023-10-26,0.006390594687214067,0.0009325303573389859,0.0012547176313219238,0.0,0.001610014599336524,0.0,0.003254909732161859,0.0
2023-10-27,0.04966149222179456,0.0010397554507671292,0.0012544802320076356,0.0,0.0015789836057557693,0.0,0.0032518464323069143,0.0
2023-10-30,-0.030548674231025082,0.0009930976355513187,0.0012542428326933475,0.0,0.001547952612175003,0.0,0.0032487831324519694,0.0
2023-10-31,0.03153648140747115,0.0009930976355513187,0.0012540054333790593,0.0,0.0015169216185942482,0.0,0.0032457198325970245,0.0
2023-11-01,-0.016978771827253453,0.0009786837009132217,0.001249639932459199,0.0,0.0015151710054730472,0.0,0.0032015414404562076,0.0
2023-11-02,-0.01695857793185603,0.0009706335983551901,0.0012452744315393383,0.0,0.001513420392351847,0.0,0.0031573630483154413,0.0
2023-11-03,-0.038085101177339646,0.0010648105068141373,0.001240908930619478,0.0,0.0015116697792306461,0.0,0.0031131846561746244,0.0
2023-11-06,-0.03825600750050902,0.0009916344013201875,0.0012365434296996176,0.0,0.0015099191661094458,0.0,0.003069006264033808,0.0
2023-11-07,-0.0701364482321729,0.0007456783327889741,0.001232177928779756,0.0,0.0015081685529882457,0.0,0.003024827871892991,0.0
2023-11-08,0.008975236289942916,0.0010840277167045026,0.0012319791706736874,0.0,0.0015064179398670454,0.0,0.002980649479752174,0.0
2023-11-09,0.06364041476635175,0.0010878952418364154,0.0012317804125676192,0.0,0.0015037103633825648,0.0,0.0029364710876114077,0.0
2023-11-14,0.023901441205201646,0.0010878952418364154,0.0012315816544615507,0.0,0.0014990888601715316,0.0,0.0028922926954705907,0.0
2023-11-15,0.0019305034175545993,0.0010878952418364154,0.0012313828963554823,0.0,0.0014944673569604985,0.0,0.002848114303329774,0.0
2023-11-16,-0.06123126853258739,0.0009004318295309241,0.0012311841382494138,0.0,0.0014898458537494653,0.0,0.002803935911188957,0.0
2023-11-17,0.016424160225142086,0.0009258367414010704,0.0012280387541667066,0.0,0.001485224350538432,0.0,0.0027954852672655863,0.0
2023-11-20,0.0319625346839985,0.000944617389915205,0.0012248933700839992,0.0,0.0014806028473273954,0.0,0.002787034623342225,0.0
2023-11-21,-0.05371421779816483,0.000808281762551079,0.001221747986001292,0.0,0.0014759813441163623,0.0,0.0027785839794188536,0.0
2023-11-22,-0.004707377826121501,0.0008106918080141298,0.0012186026019185845,0.0,0.0014744021798732928,0.0,0.0027701333354954827,0.0
2023-11-27,0.008622740234859818,0.0008201133566894166,0.0012154572178358764,0.0,0.0014743441851142035,0.0,0.0027616826915721118,0.0
2023-11-28,0.02705874179823975,0.0008201133566894166,0.0012154572178358764,0.0,0.001474286190355114,0.0,0.0027532320476487404,0.0
2023-11-29,-0.05149514863854466,0.0006875258400241262,0.0012154572178358764,0.0,0.0014742281955960248,0.0,0.002744781403725379,0.0
2023-11-30,-0.04630876664912232,0.000580300746595983,0.0012154572178358762,0.0,0.0014741702008369353,0.0,0.002736330759802008,0.0
2023-12-01,-0.0002553291152331688,0.000753403888551107,0.0012154572178358762,0.0,0.001474112206077846,0.0,0.0027278801158786368,0.0
2023-12-04,0.0008030523585810328,0.000829979890396634,0.0012154572178358762,0.0,0.0014740542113187566,0.0,0.002719429471955266,0.0
2023-12-05,0.024092073917663947,0.000829979890396634,0.001214015398037397,0.0,0.0014713114624792583,0.0,0.0027106360531692717,0.0
2023-12-06,-0.011251280563127151,0.0008236503246811239,0.001212573578238918,0.0,0.001468568713639758,0.0,0.002701842634383287,0.0
2023-12-07,-0.05774091357839037,0.000681760769850946,0.001211131758440439,0.0,0.0014658259648002597,0.0,0.002693049215597293,0.0
2023-12-08,0.058568359747110936,0.000681760769850946,0.0012096899386419599,0.0,0.0014630832159607614,0.0,0.0026842557968112988,0.0
2023-12-11,0.023137838627582747,0.001887604714494825,0.0012082481188434803,1.0,0.0014603404671212632,1.0,0.0026754623780253046,0.0
2023-12-12,-0.08226170237911791,0.0015499100275987753,0.001214015398037397,1.0,0.001474092874491483,1.0,0.00266666895923931,0.0
2023-12-13,-0.008794913452573452,0.0015679922512566633,0.0012154572178358764,1.0,0.001474421511459656,1.0,0.002657875540453326,0.0
2023-12-14,0.020868314817309535,0.0022170766582165066,0.001221747986001292,1.0,0.0014990888601715316,1.0,0.0026490821216673317,0.0
2023-12-15,0.0181946774770653,0.0023321417162086855,0.0012313828963554823,1.0,0.0015128368546447801,1.0,0.002640288702881337,0.0
2023-12-18,0.0560755254916691,0.0023321443334446594,0.001232177928779756,1.0,0.0015334158230965117,1.0,0.002631495284095343,0.0
2023-12-19,-0.0225410345237952,0.002306739421574513,0.001249639932459199,1.0,0.0015562388058790366,1.0,0.002631495284095343,0.0
2023-12-20,-0.019380737093379383,0.002287958773060379,0.0012547176313219238,1.0,0.0015991527828318488,1.0,0.002631495284095343,0.0
2023-12-21,-0.012589862842230118,0.0022800335407410703,0.0012600900042575032,1.0,0.0017238696089476957,1.0,0.002631495284095343,0.0
2023-12-22,-0.008388105582243998,0.002282760248520601,0.0012674363657180067,1.0,0.0017251395058035714,1.0,0.002631495284095343,0.0
2023-12-28,-0.013727016190918519,0.00243993674128029,0.0012674363657180067,1.0,0.0017652918322628337,1.0,0.002631495284095343,0.0
2023-12-29,0.024362962873140336,0.0024660762462375865,0.0012674363657180067,1.0,0.0017821770732465941,1.0,0.0026314952840953425,0.0
2024-01-03,0.03453398733291712,0.002482261211141727,0.001276936389347736,1.0,0.0017845443612737322,1.0,0.0026314952840953425,0.0
2024-01-04,0.021457331103254536,0.002482261211141727,0.001283579801479622,1.0,0.0017847665898603493,1.0,0.0026314952840953425,0.0
2024-01-05,-0.058839850714116904,0.0023142262281239732,0.0012841010703694693,1.0,0.0017852851232291224,1.0,0.0026314952840953425,0.0
2024-01-08,-0.03913463985921605,0.0023053763397500255,0.001284325767656454,1.0,0.0017852851232291228,1.0,0.0026314952840953425,0.0
2024-01-09,0.0469580832849232,0.002360883346693324,0.001284325767656454,1.0,0.0018090565171019703,1.0,0.0026165718767999775,0.0
2024-01-10,0.008993074466058334,0.002360883346693324,0.0012843257676564543,1.0,0.0018463994945910978,1.0,0.0026016484695046294,0.0
2024-01-11,-0.0222760410365843,0.0023360722464801447,0.0012878018860076096,1.0,0.0018754551990523543,1.0,0.0025867250622092644,0.0
2024-01-12,0.5057283533428014,0.0023703972715949234,0.0012933350689216484,1.0,0.00201939349198349,1.0,0.0025718016549138994,0.0
2024-01-17,-0.1552961007008147,0.0013974449562907513,0.0012946110904708697,1.0,0.002221214659695876,0.0,0.0025568782476185345,0.0
2024-01-18,-0.0036185550140324166,0.0013967902592712722,0.0012959392490120465,1.0,0.002218731858808255,0.0,0.00254195484032317,0.0
2024-01-19,-0.02095220694332738,0.0013748405104814713,0.0012996787616229156,1.0,0.0022006030610304,0.0,0.002527031433027822,0.0
2024-01-22,-0.11393721138941777,0.0007257561035216278,0.0013054125866857466,0.0,0.0021511822694721553,0.0,0.002512108025732457,0.0
2024-01-23,-0.04797187884421009,0.0006107042865572006,0.0013036814984795232,0.0,0.0021017614779139104,0.0,0.002497184618437092,0.0
2024-01-24,-0.0002287896839554028,0.000660821622217512,0.001301950410273299,0.0,0.0020523406863556656,0.0,0.002482261211141727,0.0
2024-01-25,0.05140562084126205,0.0006608216222175121,0.0013008145859481077,0.0,0.002002919894797421,0.0,0.002482261211141727,0.0
2024-01-26,0.038017465955980545,0.0006608216222175121,0.0012996787616229156,0.0,0.001953499103239139,0.0,0.002482261211141727,0.0
2024-01-29,0.009553207861504284,0.000660821622217512,0.0012985429372977238,0.0,0.0019040783116808942,0.0,0.002482261211141727,0.0
2024-01-30,-0.011175619483924615,0.0006545768986750383,0.0012974071129725324,0.0,0.0018849048221742757,0.0,0.002482261211141727,0.0
2024-01-31,-0.057723139456369865,0.0005018501704674475,0.0012962712886473405,0.0,0.001880854983693453,0.0,0.002482261211141727,0.0
2024-02-01,-0.022864603629757906,0.0004757106655101506,0.0012959392490120465,0.0,0.0018768051452126304,0.0,0.002482261211141727,0.0
2024-02-02,-0.017991645230017266,0.0004595257006060104,0.0012956072093767523,0.0,0.0018727553067318047,0.0,0.002482261211141727,0.0
2024-02-05,0.02710590879601783,0.0004595257006060105,0.001295275169741458,0.0,0.0018687054682509823,0.0,0.002482261211141727,0.0
2024-02-06,-0.010071165359803002,0.0005338215536374674,0.001294943130106164,0.0,0.0018646556297701596,0.0,0.002482261211141727,0.0
2024-02-07,-0.03680383498266975,0.000474726100849036,0.0012946110904708697,0.0,0.001860605791289337,0.0,0.002482261211141727,0.0
2024-02-08,-0.03331876556635867,0.0005322418474847357,0.0012942920850835644,0.0,0.00185350264294022,0.0,0.0024806427146513124,0.0
2024-02-09,0.06537024938266496,0.0005322418474847357,0.001293973079696259,0.0,0.0018463994945910978,0.0,0.0024790242181608997,0.0
2024-02-12,0.040218759132095765,0.0005322418474847357,0.0012936540743089535,0.0,0.0018392963462419809,0.0,0.0024774057216704853,0.0
2024-02-13,-0.02620115459852058,0.0004979168223699568,0.0012933350689216484,0.0,0.001832193197892864,0.0,0.002475787225180071,0.0
2024-02-14,-0.06824831563338495,0.00026502519303025015,0.0012930160635343428,0.0,0.001825090049543747,0.0,0.002474168728689657,0.0
2024-02-15,0.018542252233198834,0.00026638282431969623,0.0012912780043587658,0.0,0.0018179869011946302,0.0,0.0024725502321992425,0.0
2024-02-16,0.047335933211766386,0.00026658381454763445,0.0012895399451831877,0.0,0.0018118531516752438,0.0,0.00247093173570883,0.0
2024-02-21,0.008218714035844383,0.0002665838145476344,0.0012878018860076096,0.0,0.0018076581998153303,0.0,0.0024693132392184154,0.0
2024-02-22,-0.0005146071851660668,0.0002665705735198832,0.0012860638268320326,0.0,0.0018034632479554168,0.0,0.002467694742728001,0.0
2024-02-23,-0.031660686314824465,0.00028244677084705925,0.0012843257676564545,0.0,0.0017992682960955033,0.0,0.0024660762462375865,0.0
2024-02-26,0.007302660623387283,0.00032508515108529116,0.0012843257676564545,0.0,0.0017950733442355898,0.0,0.0024634622957418564,0.0
2024-02-27,0.008487302288641117,0.0003318209644428472,0.0012843257676564543,0.0,0.001790878392375673,0.0,0.002460848345246129,0.0
2024-02-28,0.04902271097540505,0.0003318209644428471,0.0012843257676564543,0.0,0.0017866834405157596,0.0,0.0024582343947503987,0.0
2024-02-29,0.0040977505858078335,0.0003318209644428472,0.001284325767656454,0.0,0.0017852851232291228,0.0,0.0024556204442546686,0.0
2024-03-01,-0.016656117931490178,0.0003516024170617853,0.001284325767656454,0.0,0.0017852851232291228,0.0,0.002453006493758938,0.0
2024-03-04,0.0008941015764952834,0.0003516024170617853,0.001284325767656454,0.0,0.0017852851232291226,0.0,0.002450392543263208,0.0
2024-03-05,0.0018511792914952668,0.00041048829195248126,0.001284325767656454,0.0,0.0017852851232291226,0.0,0.0024477785927674808,0.0
2024-03-08,0.049235240903143164,0.00043030556591513595,0.001284325767656454,0.0,0.0017852851232291226,0.0,0.0024451646422717506,0.0
2024-03-11,-0.0398415038914652,0.0003509382942984541,0.001284325767656454,0.0,0.0017852851232291224,0.0,0.00244255069177602,0.0
2024-03-12,-0.013138234800115167,0.00034230763361530625,0.001284325767656454,0.0,0.0017852851232291224,0.0,0.00243993674128029,0.0
2024-03-13,-0.04754424330641894,0.00022928488003630816,0.0012842695933347077,0.0,0.001785174008935814,0.0,0.00243583271549281,0.0
2024-03-14,0.021848969704397633,0.00034761664529516553,0.0012842134190129617,0.0,0.0017850628946425053,0.0,0.0024317286897053356,0.0
2024-03-15,0.07034286514911711,0.00034761664529516553,0.0012841572446912154,0.0,0.0017849517803491968,0.0,0.0024276246639178558,0.0
2024-03-18,0.008912952583957667,0.0003655513079476677,0.0012841010703694693,0.0,0.0017848406660558882,0.0,0.0024235206381303764,0.0
2024-03-19,0.006237249344992883,0.00039658781194810326,0.001284044896047723,0.0,0.0017847295517625797,0.0,0.0024194166123428966,0.0
2024-03-22,-0.005210818149669251,0.0003952301806586571,0.0012838898645250228,0.0,0.0017846184374692713,0.0,0.002415312586555417,0.0
2024-03-25,-0.0020049450263693665,0.000513505508809987,0.0012837348330023224,0.0,0.0017845443612737322,0.0,0.0024112085607679423,0.0
2024-03-26,0.02061119243047955,0.0005796795215228629,0.001283579801479622,0.0,0.0017845443612737322,0.0,0.0024071045349804625,0.0
2024-03-27,0.0017777355549050827,0.0005796795215228629,0.0012834247699569218,0.0,0.0017845443612737322,0.0,0.002403000509192983,0.0
2024-03-28,-0.0363307446175995,0.0005136833712994012,0.0012832697384342214,0.0,0.0017845443612737322,0.0,0.0023988964834055033,0.0
2024-04-05,-0.02920218493134782,0.0004710746476510186,0.0012801030638909796,0.0,0.0017845443612737322,0.0,0.0023988964834055033,0.0
2024-04-08,-0.011606733698638948,0.0004643388342934626,0.001276936389347736,0.0,0.0017845443612737322,0.0,0.0023988964834055033,0.0
2024-04-09,0.024454614678924486,0.0004643388342934626,0.0012737697148044922,0.0,0.0017845443612737322,0.0,0.0023988964834055033,0.0
2024-04-10,0.006233421908625216,0.0004643388342934626,0.0012706030402612504,0.0,0.0017839525392669474,0.0,0.0023988964834055033,0.0
2024-04-11,-0.025943309675646065,0.00043541041340660865,0.0012674363657180067,0.0,0.0017830648062567708,0.0,0.0023988964834055033,0.0
2024-04-12,0.0013787905855387264,0.00044391412014313904,0.0012674363657180067,0.0,0.0017821770732465941,0.0,0.0023988964834055033,0.0
2024-04-15,-0.034317888889235586,0.0005919850307430299,0.0012674363657180067,0.0,0.0017812893402364169,0.0,0.0023988964834055033,0.0
2024-04-16,-0.019908427342537467,0.0005721677567803753,0.0012674363657180067,0.0,0.00178040160722624,0.0,0.0023988964834055033,0.0
2024-04-22,0.0010204263361381146,0.0005721677567803753,0.0012674363657180067,0.0,0.0017795138742160634,0.0,0.0023988964834055033,0.0
2024-04-23,0.01667353940789472,0.0006064744406150464,0.0012674363657180067,0.0,0.0017786261412058868,0.0,0.0023988964834055033,0.0
2024-04-24,0.0072854970176358174,0.0006188179997885988,0.0012674363657180067,0.0,0.0017706255558400561,0.0,0.002397346803800646,0.0
2024-04-25,-0.0486480760686088,0.0005917317152888956,0.0012674363657180067,0.0,0.0017626249704742194,0.0,0.0023957971241957907,0.0
2024-04-26,0.1327828692769337,0.0005985361106115863,0.0012674363657180067,0.0,0.0017546243851083887,0.0,0.002394247444590933,0.0
2024-04-29,-0.018939198849213346,0.0005806014479590841,0.0012674363657180067,0.0,0.001746623799742558,0.0,0.002392697764986076,0.0
2024-04-30,-0.024914455242061984,0.0005495649439586484,0.0012674363657180067,0.0,0.0017386232143767274,0.0,0.0023911480853812186,0.0
2024-05-03,0.01463764486485715,0.0005495649439586486,0.0012649875785645062,0.0,0.0017306226290108968,0.0,0.0023895984057763615,0.0
2024-05-08,-0.048677781046236684,0.0005304207528453207,0.0012625387914110043,0.0,0.0017252142056186227,0.0,0.002388048726171506,0.0
2024-05-09,-0.0363796681438619,0.00046424674013244467,0.0012600900042575025,0.0,0.0017249901061734683,0.0,0.0023864990465666484,0.0
2024-05-10,0.020217506658702332,0.0008140562740740938,0.001257641217104002,0.0,0.0017247660067283138,0.0,0.002384949366961791,0.0
2024-05-13,0.0318288751145693,0.000904176664151066,0.0012551924299505001,0.0,0.0017245419072831592,0.0,0.002383399687356934,0.0
2024-05-14,-0.000770150502814883,0.0009041470075612168,0.001254955030636212,0.0,0.0017243178078380048,0.0,0.0023820994457807326,0.0
2024-05-17,0.02495747100332145,0.0009155060403055486,0.0012547176313219238,0.0,0.0017240937083928501,0.0,0.002380799204204533,0.0
2024-05-20,0.04696110009281675,0.0009155060403055486,0.0012544802320076356,0.0,0.0017238696089476957,0.0,0.0023794989626283315,0.0
2024-05-21,0.018712209655005935,0.0009155060403055486,0.0012542428326933475,0.0,0.0017082146433450426,0.0,0.00237819872105213,0.0
2024-05-22,-0.009720437191268317,0.0009107816953460789,0.0012540054333790593,0.0,0.001684844244663649,0.0,0.0023768984794759287,0.0
2024-05-23,-0.013041247437672815,0.0009022779886095485,0.0012496399324592,0.0,0.0016614738459822555,0.0,0.0023755982378997273,0.0
2024-05-24,-0.06433611512837667,0.0006953254526614364,0.0012452744315393383,0.0,0.001638103447300844,0.0,0.0023742979963235276,0.0
2024-05-31,0.05560662764396059,0.0006953254526614364,0.0012409089306194769,0.0,0.0016147330486194504,0.0,0.0023729977547473262,0.0
2024-06-03,0.06412147795614055,0.0007970576604795729,0.0012365434296996176,0.0,0.001591362649938057,0.0,0.002371697513171125,0.0
2024-06-04,-0.026194153483046986,0.001273912335719573,0.001232177928779756,1.0,0.0015679922512566633,0.0,0.0023703972715949234,0.0
2024-06-05,-0.01571213491130505,0.002049521486149266,0.0012496399324592,1.0,0.0015652799177079805,1.0,0.0023694458791047633,0.0
2024-06-06,-0.04271896083922314,0.001962521827069333,0.0012547176313219238,1.0,0.0016770541117698393,1.0,0.002368494486614604,0.0
2024-06-07,-0.011665672138964517,0.0019557174317466424,0.0012600900042575025,1.0,0.0017246166070982107,1.0,0.002367543094124444,0.0
2024-06-10,0.0135758316511116,0.0019557174317466424,0.0012674363657180067,1.0,0.001746623799742558,1.0,0.002366591701634284,0.0
2024-06-11,0.03208443564907367,0.002021922045569095,0.0012674363657180067,1.0,0.0017801056962228482,1.0,0.002365640309144124,0.0
2024-06-14,0.09918911797066138,0.002021922045569095,0.0012674363657180067,1.0,0.0017845443612737322,1.0,0.0023646889166539634,0.0
2024-06-17,-0.04457176847869964,0.0019310567949699417,0.0012713219477189465,1.0,0.0017845443612737322,1.0,0.0023637375241638047,0.0
2024-06-18,0.010198935687795901,0.0019310567949699417,0.0012776552968054322,1.0,0.0017851369708380444,1.0,0.002362786131673644,0.0
2024-06-21,-0.08364323450723904,0.0015812472610282925,0.0012834247699569218,1.0,0.0017852851232291226,0.0,0.002361834739183484,0.0
2024-06-24,-0.042454773601321265,0.0015790585838055377,0.001284044896047723,1.0,0.0017852851232291226,0.0,0.002360883346693324,0.0
2024-06-25,0.0081715434201524,0.0016071551077618644,0.0012842695933347077,1.0,0.0017852851232291226,0.0,0.002360883346693324,0.0
2024-06-28,-0.015072513223966117,0.0020006415033594666,0.001284325767656454,1.0,0.0017852851232291224,1.0,0.002360883346693324,0.0
2024-07-01,0.01442577580015997,0.0023417142918422487,0.0012843257676564543,1.0,0.0017866834405157596,1.0,0.002360883346693324,0.0
2024-07-02,0.028174191851237634,0.0023452364987296094,0.0012860638268320326,1.0,0.001810454834388607,1.0,0.002360883346693324,0.0
2024-07-03,0.040396736922722866,0.0023452364987296094,0.0012930160635343428,1.0,0.0018487672107074737,1.0,0.002360883346693324,0.0
2024-07-08,0.08673968201590328,0.0023452364987296094,0.0012942920850835644,1.0,0.0018768051452126304,1.0,0.002360883346693324,0.0
2024-07-09,-0.00029153190133951646,0.0023563347289335713,0.0012956072093767523,1.0,0.0019071581507086246,1.0,0.002360883346693324,0.0
2024-07-12,0.23926634064854255,0.0023563347289335713,0.0012985429372977238,1.0,0.0019310567949699417,1.0,0.002360883346693324,0.0
2024-07-15,-0.04510703001043994,0.002392118497570491,0.0013036814984795232,1.0,0.001934755890486446,1.0,0.002360883346693324,1.0
2024-07-16,-0.10110997567744451,0.001982936253980304,0.0013106058513044185,1.0,0.0019557174317466424,1.0,0.002360883346693324,0.0
2024-07-17,-0.125535071561954,0.001227426243458132,0.0013107024459591157,0.0,0.0019557174317466424,0.0,0.002360883346693324,0.0
2024-07-18,-0.009215011317650233,0.0012231804217789108,0.0013106782972954415,0.0,0.0019557174317466424,0.0,0.002360883346693324,0.0
2024-07-19,0.018265466540322267,0.002075870509328464,0.0013106541486317671,1.0,0.0019557174317466424,1.0,0.002360883346693324,0.0
2024-07-22,0.03770271519808865,0.0021610302365752047,0.0013107265946227901,1.0,0.0019584391898757186,1.0,0.002360883346693324,0.0
2024-07-23,-0.03638807876831449,0.002320442061411479,0.0013107265946227901,1.0,0.001967625433797076,1.0,0.002360883346693324,0.0
2024-07-26,0.051455013130591386,0.0023863739505264134,0.0013107265946227904,1.0,0.001984706778918221,1.0,0.002360883346693324,1.0
2024-07-29,-0.013012975575775382,0.0023779070738596266,0.0013188576944324329,1.0,0.0019997562408905073,1.0,0.0023637375241638047,1.0
2024-07-30,0.06962165865471305,0.002377907073859627,0.0013350378517233568,1.0,0.0020176659371271685,1.0,0.0023718992320478642,1.0
2024-07-31,0.0670877868000559,0.002377907073859627,0.0013511840389921427,1.0,0.002021922045569095,1.0,0.0023779070738596266,1.0
2024-08-01,-0.04193607345811417,0.0022928679030488138,0.0013512122435603022,1.0,0.0020357217658591806,1.0,0.002377907073859627,0.0
2024-08-02,-0.023705072856385265,0.002264771379092486,0.001370114857097239,1.0,0.002058743644261986,1.0,0.002377907073859627,0.0
2024-08-05,-0.08998282373230278,0.001860151160057756,0.001384243545158259,1.0,0.0020929024547778063,0.0,0.002377907073859627,0.0
2024-08-06,-0.08259210476586519,0.0015190783715749736,0.001393023444674179,1.0,0.002080128495690797,0.0,0.002377907073859627,0.0
2024-08-09,-0.008393100603901417,0.0016753450503483604,0.001396921198675168,1.0,0.0020732356070105435,0.0,0.002377907073859627,0.0
2024-08-12,0.03062850573050688,0.0016753450503483602,0.0013974449562907513,1.0,0.0020692832535336644,0.0,0.002377907073859627,0.0
2024-08-13,0.0303746269878592,0.0016753450503483602,0.0014254161419390084,1.0,0.0020653309000567854,0.0,0.0023779070738596266,0.0
2024-08-14,-0.014901328629647131,0.001668728628654833,0.0014324089383510696,1.0,0.0020613785465799033,0.0,0.0023779070738596266,0.0
2024-08-15,0.02258069498767737,0.0018216884108125334,0.0014333073416386926,1.0,0.0020574261931030242,0.0,0.0023779070738596266,0.0
2024-08-16,-0.05244348891045595,0.0016841724343574778,0.0014364325225472649,1.0,0.002053473839626145,0.0,0.0023779070738596266,0.0
2024-08-19,-0.04516173501637962,0.0015821933188729935,0.0014435428264558147,1.0,0.002049521486149266,0.0,0.0023779070738596266,0.0
2024-08-20,-0.025472612383135515,0.0016048359580405145,0.0014533239405355096,1.0,0.002045381570062241,0.0,0.002377156093633156,0.0
2024-08-23,0.09925112656976083,0.0016048359580405145,0.0014667402144134273,1.0,0.002041241653975213,0.0,0.0023764051134066867,0.0
2024-08-28,-0.13059020541752378,0.0007608206945292026,0.0014742088640096616,0.0,0.002037101737888188,0.0,0.002375654133180216,0.0
2024-08-29,-0.041269777621581884,0.0007541141777993705,0.001474131537664209,0.0,0.002032961821801163,0.0,0.0023749031529537454,0.0
2024-08-30,-0.06717386972011179,0.0005602500047249471,0.0014740542113187566,0.0,0.002028821905714138,0.0,0.0023741521727272752,0.0
2024-09-06,-0.03631305250593347,0.0004946287078021405,0.001470397212866093,0.0,0.002024681989627113,0.0,0.0023734011925008046,0.0
2024-09-09,0.05216326038089969,0.0004946287078021405,0.0014667402144134273,0.0,0.002021922045569095,0.0,0.002372650212274335,0.0
2024-09-10,0.03368397594881612,0.0005494651415981155,0.0014630832159607636,0.0,0.002021922045569095,0.0,0.0023718992320478642,0.0
2024-09-11,0.016193285111642267,0.0005494651415981154,0.001459426217508098,0.0,0.002021922045569095,0.0,0.002371148251821394,0.0
2024-09-12,-0.007605974024940701,0.0005558998817562454,0.0014557692190554322,0.0,0.002021922045569095,0.0,0.0023703972715949234,0.0
2024-09-13,0.01396219483012315,0.0005615524337423516,0.0014533239405355096,0.0,0.002021922045569095,0.0,0.0023694458791047633,0.0
2024-09-16,-0.0021223067978177,0.0005613272244351484,0.0014508786620155854,0.0,0.002021922045569095,0.0,0.002368494486614604,0.0
2024-09-17,0.007152416206685615,0.0005613272244351484,0.0014484333834956628,0.0,0.002021922045569095,0.0,0.002367543094124444,0.0
2024-09-20,-0.05653121008093622,0.0005270268440521165,0.0014459881049757389,0.0,0.002019793991348132,0.0,0.002366591701634284,0.0
2024-09-23,0.03263239849492863,0.0005347560638957448,0.0014435428264558147,0.0,0.002016601910016688,0.0,0.002365640309144124,0.0
2024-09-24,0.051286738166799684,0.0005482908281530498,0.0014417652504786777,0.0,0.0020134098286852444,0.0,0.0023646889166539634,0.0
2024-09-25,-0.00947212547732545,0.0005438047701001399,0.00143998767450154,0.0,0.002010217747353798,0.0,0.0023637375241638047,0.0
2024-09-26,-0.055309995870131946,0.0003908449879424394,0.001438210098524403,0.0,0.002007025666022354,0.0,0.002362786131673644,0.0
2024-09-27,0.027547192486374567,0.0006772634816036862,0.0014364325225472649,0.0,0.0020038335846909103,0.0,0.002361834739183484,0.0
2024-09-30,0.04426492553632408,0.0008478366179654848,0.001434654946570127,0.0,0.0020006415033594666,0.0,0.002360883346693324,0.0
2024-10-01,-0.03319196838049665,0.0010966870014652204,0.0014342057449263158,0.0,0.0019979857159525926,0.0,0.002360883346693324,0.0
2024-10-04,0.0024901759834367633,0.0010966870014652204,0.001433756543282504,0.0,0.0019953299285457166,0.0,0.002360883346693324,0.0
2024-10-07,-0.013171806283301462,0.001088012177426979,0.0014333073416386928,0.0,0.0019926741411388426,0.0,0.002360883346693324,0.0
2024-10-08,-0.0396114151519253,0.0010095589669100703,0.001432858139994881,0.0,0.0019900183537319687,0.0,0.002360883346693324,0.0
2024-10-09,-0.025200105390376534,0.000977806701325766,0.0014324089383510696,0.0,0.001987362566325095,0.0,0.002360883346693324,0.0
2024-10-10,-0.002492357085681334,0.0014534605622931291,0.0014324089383510696,1.0,0.001984706778918221,0.0,0.002360883346693324,0.0
2024-10-11,0.028058185373520884,0.0014534605622931291,0.001433756543282504,1.0,0.001981915532634754,0.0,0.002360883346693324,0.0
2024-10-18,-0.03311689411644004,0.001398624128497154,0.001438210098524403,0.0,0.001978853368598109,0.0,0.002360883346693324,0.0
2024-10-21,0.018336722714112286,0.001425001111914914,0.0014364325225472649,0.0,0.001975791204561464,0.0,0.002360883346693324,0.0
2024-10-22,-0.013658171328207501,0.0015522099606259544,0.001434654946570127,1.0,0.0019727290405248186,0.0,0.002360883346693324,0.0
2024-10-23,-0.010632546248294615,0.0015465574086398477,0.0014417652504786777,1.0,0.0019696668764881734,0.0,0.002360428484917349,0.0
2024-10-24,0.013569207883727901,0.0015465574086398477,0.0014494934679582035,1.0,0.001966604712451526,0.0,0.002359973623141374,0.0
2024-10-25,0.015739607972293502,0.0020206784077858413,0.0014534605622931291,1.0,0.0019635425484148808,1.0,0.0023595187613653984,0.0
2024-10-28,-0.050097605786647216,0.0018951899025081258,0.00145392229364559,1.0,0.0019808948112892064,0.0,0.002359063899589423,0.0
2024-10-29,-0.012433197371254284,0.0018874606826644977,0.0014557692190554322,1.0,0.001977832647252561,0.0,0.002358609037813448,0.0
2024-11-04,-0.0164528199754967,0.0020221918617034655,0.001470397212866093,1.0,0.0019747704832159163,1.0,0.0023581541760374723,0.0
2024-11-05,0.0791044623416821,0.00207352435948922,0.001474286190355114,1.0,0.001990903616200926,1.0,0.0023576993142614975,0.0
2024-11-06,0.03073715076750792,0.00207352435948922,0.001486764851608779,1.0,0.0020066525746873782,1.0,0.0023572444524855222,0.0
2024-11-07,-0.07568599522517318,0.001787105865827973,0.0015075850152811794,1.0,0.002020864953453329,0.0,0.0023567895907095466,0.0
2024-11-08,-0.0584077283177147,0.0016165327294661743,0.0015169216185942482,1.0,0.0020206784077858413,0.0,0.0023563347289335713,0.0
2024-11-15,-0.07796611081082983,0.0013125970077178448,0.0015186470209788286,0.0,0.0020176728721218854,0.0,0.0023563347289335713,0.0
2024-11-18,0.04472502593953506,0.0020587081770706336,0.0015182156703826835,1.0,0.0020146673364579274,1.0,0.0023563347289335713,0.0
2024-11-19,0.009023761739995417,0.0020587081770706336,0.0015300699864009258,1.0,0.0020213624085666307,1.0,0.0023563347289335713,0.0
2024-11-20,0.05151352415814365,0.0020587081770706336,0.0015465574086398477,1.0,0.002021922045569095,1.0,0.0023563347289335713,0.0
2024-11-21,0.08063546793009552,0.0020587081770706336,0.0015465574086398477,1.0,0.002021989499602688,1.0,0.0023563347289335713,0.0
2024-11-22,-0.09756684407722638,0.0015827437239111432,0.00154923950380699,1.0,0.0020249248241480462,0.0,0.0023563347289335713,0.0
2024-11-25,0.038760969438863084,0.0015827437239111432,0.0015512899874150828,1.0,0.002022178370896747,0.0,0.0023563347289335713,0.0
2024-11-26,0.04980871530358639,0.0015834405242824458,0.0015585228768782394,1.0,0.0020221378984765915,0.0,0.0023563347289335713,0.0
2024-12-02,-0.022968231720252183,0.001613813102055264,0.0015702055177664387,1.0,0.002022097426056436,0.0,0.0023563347289335713,0.0
2024-12-03,-0.052256316539261334,0.0014772769711426902,0.0015790585838055377,0.0,0.0020220569536362806,0.0,0.0023563347289335713,0.0
2024-12-04,0.01167706154762465,0.0014772769711426902,0.0015768453172957636,0.0,0.002022016481216125,0.0,0.0023552249059131747,0.0
2024-12-05,0.025447092325998785,0.0014776643198094702,0.0015746320507859881,0.0,0.002021976008795969,0.0,0.00235411508289278,0.0
2024-12-06,-0.09737771810285896,0.0010926827588907289,0.001572418784276214,0.0,0.002021935536375814,0.0,0.002353005259872383,0.0
2024-12-09,0.0124045136687699,0.0010926827588907289,0.0015702055177664387,0.0,0.002021922045569095,0.0,0.002351895436851987,0.0
2024-12-10,0.01586093846857795,0.00231479617202673,0.0015679922512566633,1.0,0.002021922045569095,1.0,0.0023507856138315904,0.0
2024-12-13,-0.05445474144576815,0.002354927964704575,0.0015768453172957636,1.0,0.0020220839352497176,1.0,0.0023496757908111937,1.0
2024-12-16,-0.03204137880483751,0.002465621070005719,0.0015803717901391907,1.0,0.002034490192704074,1.0,0.002355349993973274,1.0
2024-12-17,0.00423823244355245,0.0025523516616066688,0.001581625684166173,1.0,0.002052277493425676,1.0,0.0023563347289335713,1.0
2024-12-18,0.007186591565456385,0.0025827709175289576,0.0015823033998806236,1.0,0.0020587081770706336,1.0,0.0023567895907095466,1.0
2024-12-19,0.016766715084215584,0.002582770917528958,0.0015827437239111432,1.0,0.0020587081770706336,1.0,0.002360883346693324,1.0
2024-12-20,0.12140491245424039,0.0026360203446052326,0.0015827437239111432,1.0,0.0020587081770706336,1.0,0.002360883346693324,1.0
2024-12-23,-0.12215655277984794,0.0018899091752524438,0.0015831618041339248,1.0,0.0020587081770706336,0.0,0.002368494486614604,0.0
2024-12-24,0.001131696722914751,0.0018899091752524438,0.0015919986977856752,1.0,0.0020587081770706336,0.0,0.002367543094124444,0.0
2024-12-30,0.007466599838072653,0.0018899091752524438,0.0016048359580405145,1.0,0.0020587081770706336,0.0,0.002366591701634284,0.0
2024-12-31,0.05760848173478708,0.0019160338715784602,0.0016048359580405145,1.0,0.0020587081770706336,0.0,0.002365640309144124,0.0
2025-01-03,0.059955145483875504,0.0019210337835621125,0.0016066912778175946,1.0,0.0020587081770706336,0.0,0.0023646889166539634,0.0
2025-01-06,0.0750427288408552,0.0019210337835621125,0.0016111499043379043,1.0,0.0020587081770706336,0.0,0.0023637375241638047,0.0
2025-01-07,-0.0037330962251252643,0.0019203369831908104,0.0016149009530196283,1.0,0.0020587081770706336,0.0,0.002362786131673644,0.0
2025-01-08,-0.03368963080551,0.001863587422000232,0.0016269719093039085,1.0,0.0020587081770706336,0.0,0.002361834739183484,0.0
2025-01-13,0.05840928838543417,0.0019730265332931003,0.001668728628654833,1.0,0.0020587081770706336,0.0,0.002360883346693324,0.0
2025-01-14,0.008430208134139767,0.0019730265332931003,0.0016740217660096552,1.0,0.0020587081770706336,0.0,0.002360883346693324,0.0
2025-01-15,-0.002783338523355782,0.0019726391846263203,0.0016753450503483602,1.0,0.0020587081770706336,0.0,0.002360883346693324,0.0
2025-01-16,-0.04222308331404807,0.0018834997463990683,0.0016753450503483602,1.0,0.0020587081770706336,0.0,0.002360883346693324,0.0
2025-01-17,0.34737882698340083,0.0024786262800866195,0.0016771105271501843,1.0,0.0020587081770706336,1.0,0.002360883346693324,1.0
2025-01-22,-0.15634023238667655,0.0020974968228906292,0.0016841724343574778,1.0,0.0020587081770706336,1.0,0.002365640309144124,0.0
2025-01-23,-0.061383668182036465,0.0020923753266406924,0.0017158704141776136,1.0,0.0020587081770706336,1.0,0.0023646889166539634,0.0
2025-01-24,-0.0569254957091985,0.0020628051503922096,0.0017246913069132624,1.0,0.0020653754591589964,0.0,0.0023637375241638047,0.0
2025-01-27,-0.04164867143161942,0.00197607455879126,0.0017466237997425642,1.0,0.002066020913121312,0.0,0.002362786131673644,0.0
2025-01-28,-0.024665464083324595,0.0019456553028689716,0.0017798097852194561,1.0,0.002064413031756761,0.0,0.002361834739183484,0.0
2025-01-29,0.014516496516754698,0.0019456553028689711,0.0017845443612737322,1.0,0.0020628051503922096,0.0,0.002360883346693324,0.0
2025-01-30,-0.032634162185131925,0.002025819568622568,0.0017845443612737322,1.0,0.0020621906043939734,0.0,0.002360883346693324,0.0
2025-01-31,0.0019207538910655658,0.002025819568622568,0.0017849888184469664,1.0,0.0020615760583957365,0.0,0.002360883346693324,0.0
2025-02-03,0.03699883421757838,0.0020258195686225686,0.0017852851232291226,1.0,0.0020609615123975003,0.0,0.002360883346693324,0.0
2025-02-04,0.02942851744244428,0.002025819568622568,0.001785649271748893,1.0,0.002060346966399264,0.0,0.002360883346693324,0.0
2025-02-05,-0.022858126050057635,0.002002681571543199,0.001787105865827973,1.0,0.0020597324204010277,0.0,0.002360883346693324,0.0
2025-02-06,-0.00999991198326495,0.002149981444484957,0.0018080223483351034,1.0,0.002059117874402791,1.0,0.002360883346693324,0.0
2025-02-07,0.04661578536989583,0.002149981444484957,0.0018183136340722736,1.0,0.0020626003017261306,1.0,0.002360883346693324,0.0
2025-02-10,0.03673947440155358,0.002149981444484957,0.001837073510510626,1.0,0.0020713805176698174,1.0,0.002360883346693324,0.0
2025-02-11,0.025134453870438302,0.002161036993896953,0.0018602420863040722,1.0,0.00207352435948922,1.0,0.002360883346693324,0.0
2025-02-12,-0.046784422897556154,0.002051597882604084,0.001860605791289337,1.0,0.0020746974344088417,0.0,0.002360883346693324,0.0
2025-02-13,0.0326917189316017,0.002051597882604084,0.001862991095858053,1.0,0.0020743455119329552,0.0,0.002360428484917349,0.0
2025-02-14,0.04948918106962028,0.0020557459383619826,0.001875534816639534,1.0,0.0020739935894570683,0.0,0.002359973623141374,0.0
2025-02-19,0.04191549250501051,0.002055745938361983,0.0018850841209052404,1.0,0.002073641666981182,0.0,0.0023595187613653984,0.0
2025-02-20,-0.10909871985386001,0.0014606194046744316,0.0018874894890305632,0.0,0.00207352435948922,0.0,0.002359063899589423,0.0
2025-02-21,-0.12969070559913,0.0006254188305600599,0.0018874606826644977,0.0,0.00207352435948922,0.0,0.002358609037813448,0.0
2025-02-24,-0.06054357764853038,0.00044214259083587856,0.0018866684954114122,0.0,0.00207352435948922,0.0,0.0023581541760374723,0.0
2025-02-25,-0.05146949132027947,0.00031138922525227383,0.001885876308158326,0.0,0.00207352435948922,0.0,0.0023576993142614975,0.0
2025-02-26,0.0038845907220405166,0.0003298592361856169,0.0018850841209052404,0.0,0.00207352435948922,0.0,0.0023572444524855222,0.0
2025-02-27,0.007260648652042119,0.0003879506551865774,0.0018842919336521542,0.0,0.00207352435948922,0.0,0.0023567895907095466,0.0
2025-02-28,0.0563425275927299,0.0003879506551865774,0.0018834997463990683,0.0,0.00207352435948922,0.0,0.0023563347289335713,0.0
2025-03-03,-0.051655337155006836,0.0002545369623567059,0.0018795172815193023,0.0,0.0020719164781246684,0.0,0.0023563347289335713,0.0
2025-03-04,0.0384544249620944,0.0002554772548159803,0.001875534816639534,0.0,0.002070308596760116,0.0,0.0023563347289335713,0.0
2025-03-05,0.014794501464888685,0.0002554772548159803,0.0018715523517597683,0.0,0.0020687007153955645,0.0,0.0023563347289335713,0.0
2025-03-06,0.003067300348967283,0.0003998950908725202,0.0018675698868800001,0.0,0.0020670928340310135,0.0,0.0023563347289335713,0.0
2025-03-07,-0.007728776418873716,0.00040266219687371734,0.001863587422000232,0.0,0.002065484952666462,0.0,0.0023563347289335713,0.0
2025-03-10,-0.05519053993673386,0.00025036241194830664,0.001862991095858053,0.0,0.002063877071301911,0.0,0.0023563347289335713,0.0
2025-03-11,0.02395288804098097,0.0002930976765828139,0.001862394769715874,0.0,0.0020626003017261306,0.0,0.0023563347289335713,0.0
2025-03-12,0.01519732005947558,0.00035303633787790343,0.0018617984435736951,0.0,0.002061985755727894,0.0,0.0023563347289335713,0.0
2025-03-13,-0.014869801217229235,0.0003521809596011053,0.001861202117431516,0.0,0.002061371209729658,0.0,0.0023563347289335713,0.0
2025-03-14,0.006855045817455367,0.00035535700264425113,0.001860605791289337,0.0,0.0020607566637314218,0.0,0.0023563347289335713,0.0
2025-03-17,0.02526280819566722,0.0003553570026442512,0.001860514865043021,0.0,0.0020601421177331852,0.0,0.002356194052510672,0.0
2025-03-18,-0.009108299246180533,0.0004155984689507587,0.0018604239387967046,0.0,0.0020595275717349487,0.0,0.0023560533760877723,0.0
2025-03-19,0.01724473802774308,0.0004155984689507587,0.0018603330125503885,0.0,0.002058913025736712,0.0,0.0023559126996648724,0.0
2025-03-20,0.0036691863193957165,0.0004156231764221573,0.0018602420863040722,0.0,0.0020587081770706336,0.0,0.002355772023241973,0.0
2025-03-21,-0.010754888958644765,0.0004205358057217983,0.001860151160057756,0.0,0.0020587081770706336,0.0,0.002355631346819073,0.0
2025-03-24,0.03846139043732665,0.0004205358057217983,0.0018524586102087143,0.0,0.0020587081770706336,0.0,0.0023554906703961735,0.0
2025-03-25,-0.00583448584677605,0.00041883376686173293,0.0018447660603596679,0.0,0.0020587081770706336,0.0,0.002355349993973274,0.0
2025-03-26,-0.01921978716497302,0.00043762582019006455,0.001837073510510626,0.0,0.0020587081770706336,0.0,0.0023552093175503745,0.0
2025-03-27,-0.03408560370624538,0.00039859558859202133,0.0018293809606615796,0.0,0.0020587081770706336,0.0,0.0023550686411274746,0.0
2025-03-28,0.04520443122190993,0.00040198375405471924,0.0018216884108125334,0.0,0.0020587081770706336,0.0,0.002354927964704575,0.0
2025-03-31,0.0086024029397972,0.00040198375405471924,0.001820001022442404,0.0,0.0020587081770706336,0.0,0.0023539588181070784,0.0
2025-04-01,-0.004336571132299,0.0004010434615954447,0.0018183136340722736,0.0,0.0020587081770706336,0.0,0.0023529896715095825,0.0
2025-04-02,0.02319072876374545,0.0004010434615954447,0.0018166262457021444,0.0,0.0020587081770706336,0.0,0.002352020524912086,0.0
2025-04-03,-0.053743434214151196,0.0009505175359620817,0.001814938857332014,0.0,0.0020587081770706336,0.0,0.002351051378314589,0.0
2025-04-04,-0.01072735311979997,0.0009648900342896912,0.0018132514689618837,0.0,0.0020587081770706336,0.0,0.0023500822317170924,0.0
2025-04-07,0.02795250226878884,0.0009648900342896912,0.0018080223483351034,0.0,0.0020587081770706336,0.0,0.0023491130851195953,0.0
2025-04-08,-0.029235343211430665,0.000951466996714121,0.00180279322770832,0.0,0.0020587081770706336,0.0,0.0023481439385221,0.0
2025-04-09,-0.0346233046646589,0.0009389368541850256,0.0017975641070815398,0.0,0.0020587081770706336,0.0,0.0023471747919246028,0.0
2025-04-10,-0.014282976675187483,0.0009287366830498282,0.0017923349864547564,0.0,0.0020587081770706336,0.0,0.002346205645327106,0.0
2025-04-11,-0.007969997544724617,0.0009601573896666782,0.001787105865827973,0.0,0.0020587081770706336,0.0,0.0023452364987296094,0.0
2025-04-14,0.018923126195831797,0.0009601573896666783,0.0017867417173082032,0.0,0.0020587081770706336,0.0,0.0023452364987296094,0.0
2025-04-15,-0.03588579720847963,0.0008957678676022719,0.001786377568788433,0.0,0.0020587081770706336,0.0,0.0023452364987296094,0.0
2025-04-23,0.011321058297285636,0.0008957678676022719,0.0017860134202686631,0.0,0.0020587081770706336,0.0,0.0023452364987296094,0.0
2025-04-24,-0.0007029576288590661,0.0008990058180066932,0.001785649271748893,0.0,0.0020584119531997683,0.0,0.0023452364987296094,0.0
2025-04-25,-0.014626011845530482,0.0009561136195702768,0.0017852851232291228,0.0,0.002057967617393471,0.0,0.0023452364987296094,0.0
2025-04-28,0.021948661109788232,0.0009561136195702766,0.0017852851232291228,0.0,0.0020575232815871736,0.0,0.0023452364987296094,0.0
2025-04-29,-2.116352817363414e-05,0.0009561135971755305,0.0017852851232291226,0.0,0.0020570789457808754,0.0,0.0023452364987296094,0.0
2025-05-02,-0.027299107773579218,0.0009338485298446466,0.0017852851232291226,0.0,0.002056634609974578,0.0,0.0023452364987296094,0.0
2025-05-07,-0.019524951934853634,0.0009147873424417295,0.0017852851232291224,0.0,0.0020561902741682804,0.0,0.0023452364987296094,0.0
2025-05-08,-0.008231847256476398,0.0009113991769790315,0.0017852851232291224,0.0,0.002055745938361983,0.0,0.0023452364987296094,0.0
2025-05-09,0.06548263652443885,0.0009113991769790315,0.0017851369708380444,0.0,0.002055745938361983,0.0,0.0023452364987296094,0.0
2025-05-12,0.021024601017653965,0.0009113991769790317,0.0017849888184469664,0.0,0.002055745938361983,0.0,0.0023452364987296094,0.0
2025-05-13,0.02390733579556988,0.00109505799477401,0.0017848406660558884,0.0,0.002055745938361983,0.0,0.0023452364987296094,0.0
2025-05-16,-0.11780423680183806,0.0004011660843508332,0.0017846925136648102,0.0,0.0020557459383619826,0.0,0.0023452364987296094,0.0
2025-05-19,-0.020063052397605766,0.0004788117771747995,0.0017845443612737322,0.0,0.0020557459383619826,0.0,0.0023452364987296094,0.0
2025-05-20,0.03623188515903763,0.0004927393098165044,0.0017845443612737322,0.0,0.0020557459383619826,0.0,0.0023452364987296094,0.0
2025-05-21,-0.02421248729847343,0.0004634270827575676,0.0017845443612737322,0.0,0.0020555385355740872,0.0,0.0023452364987296094,0.0
2025-05-22,-0.030792375278953118,0.00041601856399157343,0.0017845443612737322,0.0,0.002054916327210403,0.0,0.0023452364987296094,0.0
2025-05-23,0.010252509666563383,0.0004184584060471586,0.0017845443612737322,0.0,0.002054294118846718,0.0,0.0023452364987296094,0.0
2025-05-30,-0.026304657253040136,0.0003838616563871627,0.0017845443612737322,0.0,0.0020536719104830336,0.0,0.0023452364987296094,0.0
2025-06-02,0.005022658426202733,0.0003838616563871627,0.0017833607172601635,0.0,0.0020530497021193487,0.0,0.002344884278040873,0.0
2025-06-03,0.07154026696438412,0.0003838616563871627,0.0017821770732465941,0.0,0.0020524274937556634,0.0,0.0023445320573521377,0.0
2025-06-04,0.0020947998751516513,0.0003838616563871627,0.0017809934292330255,0.0,0.002051805285391979,0.0,0.0023441798366634014,0.0
2025-06-05,-0.008077942653695833,0.0007061072838679593,0.0017798097852194561,0.0,0.002051597882604084,0.0,0.002343827615974665,0.0
2025-06-06,-0.036824940648659134,0.0006504373029805115,0.0017786261412058868,0.0,0.002051597882604084,0.0,0.0023434753952859292,0.0
2025-06-09,0.0465683269192515,0.0006855875258470088,0.0017679586940514479,0.0,0.002051597882604084,0.0,0.002343123174597193,0.0
2025-06-10,0.008647342861932599,0.0006855875258470088,0.001757291246897003,0.0,0.002051597882604084,0.0,0.002342770953908457,0.0
2025-06-13,-0.01731877416608395,0.000670590528916218,0.0017466237997425642,0.0,0.002051597882604084,0.0,0.002342418733219721,0.0
2025-06-16,0.056897041208930355,0.000670590528916218,0.0017359563525881194,0.0,0.002051597882604084,0.0,0.002342066512530985,0.0
2025-06-17,0.030540503948409136,0.0006708394591982754,0.0017252889054336744,0.0,0.002051597882604084,0.0,0.0023417142918422487,0.0
2025-06-18,0.024953845009294467,0.0024958322238705557,0.0017249901061734685,1.0,0.0020512864231358612,1.0,0.002341490511994932,1.0
2025-06-23,0.0009153444063470011,0.0028216482340256244,0.001757291246897003,1.0,0.002051597882604084,1.0,0.0023445320573521377,1.0
2025-06-24,-0.06060673523544696,0.002637989416230646,0.0017809934292330255,1.0,0.002053879313270928,1.0,0.0023452364987296094,1.0
2025-06-27,0.054826706335373086,0.0026544368701381838,0.0017845443612737322,1.0,0.0020557459383619826,1.0,0.0023452364987296094,1.0
2025-06-30,-0.04422035648870779,0.002556664873738764,0.0017845443612737322,1.0,0.0020564864980391457,1.0,0.0023500822317170924,1.0
2025-07-01,-0.016689836812686282,0.002542737341097059,0.0017851369708380444,1.0,0.0020587081770706336,1.0,0.0023554906703961735,1.0
2025-07-02,0.037129661059271235,0.002542737341097059,0.0017852851232291226,1.0,0.0020587081770706336,1.0,0.0023563347289335713,1.0
2025-07-03,0.07184669203361709,0.002575178551225009,0.0017860134202686631,1.0,0.0020587081770706336,1.0,0.0023572444524855222,1.0
2025-07-08,-0.006985473578198067,0.002572738709169424,0.0017923349864547564,1.0,0.0020587081770706336,1.0,0.002360883346693324,1.0
2025-07-11,0.014485056790075187,0.002572738709169424,0.0018132514689618837,1.0,0.0020607566637314218,1.0,0.002360883346693324,1.0
2025-07-14,0.01793460241968475,0.002572738709169424,0.001820001022442404,1.0,0.0020665568735761634,1.0,0.0023694458791047633,1.0
2025-07-15,0.020333425529843432,0.002945959404707673,0.0018447660603596679,1.0,0.00207352435948922,1.0,0.0023764051134066867,1.0
2025-07-16,0.04499542381213031,0.00294965101210799,0.0018603330125503885,1.0,0.002073641666981182,1.0,0.002377907073859627,1.0
2025-07-17,-0.08068559789164563,0.0026241427267513734,0.001861202117431516,1.0,0.0020756358943445396,1.0,0.002377907073859627,1.0
2025-07-18,-0.015578081911079816,0.0026120088949499578,0.001863587422000232,1.0,0.002088249122312635,1.0,0.0023806533806082805,1.0
2025-07-21,-0.026514231222683902,0.0025768586720834605,0.0018795172815193023,1.0,0.0020954482243906547,1.0,0.0023845893926247256,1.0
2025-07-22,0.0031474140994563996,0.0025768586720834605,0.001885876308158326,1.0,0.0021211149026080733,1.0,0.002388097314639637,1.0
2025-07-25,0.0056050209626294185,0.002709174330164606,0.0018875182953966287,1.0,0.002149981444484957,1.0,0.0023934740947374935,1.0
2025-07-28,0.08077256675627069,0.002709174330164606,0.0018880656066463488,1.0,0.002149981444484957,1.0,0.0023988964834055033,1.0
2025-07-29,-0.0022312789249999154,0.0027089253998825486,0.0018899091752524438,1.0,0.002149981444484957,1.0,0.0023988964834055033,1.0
2025-07-30,-0.191049353030691,0.0008839326352102682,0.0018899091752524438,0.0,0.002159372917761668,0.0,0.00243583271549281,0.0
2025-07-31,-0.08072372763383374,0.0005808201488880955,0.0018899091752524438,0.0,0.0021577155989481295,0.0,0.0024317286897053356,0.0
2025-08-01,0.0016308649917351305,0.0005808201488880955,0.0018899091752524438,0.0,0.002156058280134593,0.0,0.0024276246639178558,0.0
2025-08-04,-0.018136953386684095,0.0005928281250778583,0.0018899091752524438,0.0,0.002154400961321056,0.0,0.0024235206381303764,0.0
2025-08-05,0.0044640051192384,0.0005928281250778583,0.0018899091752524438,0.0,0.002152743642507519,0.0,0.0024194166123428966,0.0
2025-08-08,0.07062247268693339,0.0006842561185285313,0.0018894482831009203,0.0,0.002151086323693982,0.0,0.002415312586555417,0.0
2025-08-11,0.016960292524248417,0.0006842561185285313,0.0018889873909493963,0.0,0.002149981444484957,0.0,0.0024112085607679423,0.0
2025-08-12,-0.025472027845442734,0.0006865178511769034,0.0018885264987978728,0.0,0.002149981444484957,0.0,0.0024071045349804625,0.0
2025-08-13,0.004016581979144716,0.0006865178511769034,0.0018880656066463488,0.0,0.002149981444484957,0.0,0.002403000509192983,0.0
2025-08-14,0.0015841798613281997,0.0006865178511769034,0.001887604714494825,0.0,0.002149981444484957,0.0,0.0023988964834055033,0.0
2025-08-15,0.028161539556848816,0.0006865178511769034,0.0018875759081287595,0.0,0.002149981444484957,0.0,0.0023988964834055033,0.0
2025-08-18,-0.08639683970357352,0.0004052976451203551,0.001887547101762694,0.0,0.002149981444484957,0.0,0.0023988964834055033,0.0
2025-08-19,-0.008592563529374452,0.000518717790331541,0.0018875182953966287,0.0,0.002149981444484957,0.0,0.0023988964834055033,0.0
2025-08-22,0.008114133292544167,0.000518717790331541,0.0018874894890305632,0.0,0.002149981444484957,0.0,0.0023988964834055033,0.0
2025-08-27,0.009358339000292799,0.0005275103323515008,0.0018874606826644977,0.0,0.002149981444484957,0.0,0.0023988964834055033,0.0
2025-08-28,0.014296938924375452,0.0007377665861675884,0.0018866684954114122,0.0,0.002149981444484957,0.0,0.0023988964834055033,0.0
2025-08-29,0.016308272467497918,0.0007378607745052777,0.001885876308158326,0.0,0.002149981444484957,0.0,0.0023988964834055033,0.0
2025-09-05,-0.051442328501176075,0.0006845320283835642,0.0018850841209052404,0.0,0.002149981444484957,0.0,0.0023988964834055033,0.0
2025-09-08,0.023563856314523235,0.0006854368576216517,0.0018842919336521542,0.0,0.002149981444484957,0.0,0.0023988964834055033,0.0
2025-09-09,0.02386173280490253,0.0006854368576216517,0.0018834997463990683,0.0,0.002149981444484957,0.0,0.0023988964834055033,0.0
2025-09-10,0.02445382520094226,0.0006854368576216516,0.0018795172815193023,0.0,0.0021421087512458093,0.0,0.0023982186848220018,0.0
2025-09-11,-0.021308929505207966,0.0006627333337887555,0.001875534816639534,0.0,0.0021342360580066553,0.0,0.002397540886238501,0.0
2025-09-12,0.06250262301842975,0.0006627333337887555,0.0018715523517597683,0.0,0.002126363364767507,0.0,0.002396863087655,0.0
2025-09-15,-0.023855997190350416,0.0006342779036914553,0.0018675698868800001,0.0,0.002118490671528359,0.0,0.0023961852890714984,0.0
2025-09-16,0.010046957410600384,0.0006440377746220348,0.001863587422000232,0.0,0.0021106179782892113,0.0,0.0023955074904879973,0.0
2025-09-19,-0.04276166354356973,0.0005526097811713619,0.001862991095858053,0.0,0.002102745285050063,0.0,0.0023948296919044957,0.0
2025-09-22,0.07009403223382214,0.0005593229035797675,0.001862394769715874,0.0,0.002097240748078132,0.0,0.002394151893320995,0.0
2025-09-23,-0.026344996783572616,0.0005246199608034449,0.0018617984435736951,0.0,0.0020964725236406415,0.0,0.0023934740947374935,0.0
2025-09-24,0.02327389903323365,0.0005468796148037265,0.001861202117431516,0.0,0.0020957042992031513,0.0,0.0023927962961539924,0.0
2025-09-25,0.01387265012171813,0.0006208166996101505,0.001860605791289337,0.0,0.002094936074765661,0.0,0.002392118497570491,0.0
2025-09-26,0.025369547647848902,0.0006208166996101505,0.001860514865043021,0.0,0.0020941678503281704,0.0,0.002391544042866083,0.0
2025-09-29,-0.042895335289912497,0.0005288851468594453,0.0018604239387967046,0.0,0.0020933996258906793,0.0,0.0023909695881616758,0.0
2025-09-30,-0.04839664298512917,0.0004117733942479426,0.0018603330125503885,0.0,0.002092631401453189,0.0,0.002390395133457268,0.0
2025-10-03,0.09171822501643458,0.0004117733942479426,0.0018602420863040722,0.0,0.002090724844909469,0.0,0.00238982067875286,0.0
2025-10-06,-0.013260876305855434,0.00040298085222798273,0.001860151160057756,0.0,0.002088249122312635,0.0,0.002389246224048452,0.0
2025-10-07,-0.06484693575121149,0.0001927245984118952,0.0018524586102087143,0.0,0.0020857733997158012,0.0,0.0023886717693440444,0.0
2025-10-08,-0.0013725038265105661,0.00019265831305466827,0.0018447660603596679,0.0,0.0020832976771189655,0.0,0.002388097314639637,0.0
2025-10-09,-0.0397459210383738,0.0001716003547712766,0.001837073510510626,0.0,0.002080821954522132,0.0,0.0023875228599352294,0.0
2025-10-10,-0.00425400808200295,0.0002331061059508722,0.0018293809606615796,0.0,0.002078346231925298,0.0,0.0023869484052308214,0.0
2025-10-17,0.0012197276427438509,0.00023449830492223468,0.0018216884108125334,0.0,0.002075870509328464,0.0,0.0023863739505264134,0.0
2025-10-20,0.0188583403333504,0.00030975238321596737,0.001820001022442404,0.0,0.0020755185868525775,0.0,0.0023860765242094653,0.0
2025-10-21,0.02200468188179296,0.00034540376857581935,0.0018183136340722736,0.0,0.0020751666643766906,0.0,0.0023857790978925176,0.0
2025-10-22,0.028914576597866466,0.0003454037685758194,0.0018166262457021444,0.0,0.002074814741900804,0.0,0.00238548167157557,0.0
2025-10-23,0.03777608605380773,0.0003454037685758194,0.001814938857332014,0.0,0.0020744628194249173,0.0,0.002385184245258622,0.0
2025-10-24,-0.013971306975784135,0.0003356438976452396,0.0018132514689618837,0.0,0.0020741108969490308,0.0,0.0023848868189416737,0.0
2025-10-27,0.01581849897871988,0.0003356438976452396,0.0018080223483351034,0.0,0.0020737589744731443,0.0,0.0023845893926247256,0.0
2025-10-28,-0.011587167391908767,0.0007646042401754594,0.00180279322770832,0.0,0.00207352435948922,0.0,0.002384291966307778,0.0
2025-10-31,0.008024871545391034,0.0007646042401754594,0.0017975641070815398,0.0,0.00207352435948922,0.0,0.0023839945399908302,0.0
2025-11-03,-0.021099599048456597,0.0012792195186822342,0.0017923349864547564,0.0,0.00207352435948922,0.0,0.002383697113673882,0.0
2025-11-04,-0.038454410619959835,0.0017729512658639381,0.001787105865827973,0.0,0.00207352435948922,0.0,0.002383399687356934,0.0
2025-11-05,0.045423361526078586,0.0017922553195994831,0.0017867417173082032,1.0,0.00207352435948922,0.0,0.002382850426007203,0.0
2025-11-06,-0.0011741953073947664,0.001792186382868488,0.0017901955380908792,1.0,0.00207352435948922,0.0,0.002382301164657473,0.0
2025-11-07,0.07468156084772214,0.001792186382868488,0.001792213957560886,0.0,0.00207352435948922,0.0,0.002381751903307742,0.0
2025-11-10,0.01236612666291925,0.0018430180982968042,0.001792200170214687,1.0,0.0020724524385795184,0.0,0.0023812026419580113,0.0
2025-11-17,0.029308926931515933,0.002031632341746514,0.0017922553195994831,1.0,0.0020708445572149674,0.0,0.0023806533806082805,0.0
2025-11-18,0.014658321736983818,0.002052357004888264,0.001809052239089405,1.0,0.002069236675850416,0.0,0.0023801041192585497,0.0
2025-11-19,-0.00074703387423075,0.0020523291019078015,0.0018183136340722736,1.0,0.0020676287944858636,0.0,0.0023795548579088194,0.0
2025-11-20,-0.0340379064209421,,0.0018302202858062437,,0.002066020913121312,,0.0023790055965590886,
2025-11-21,-0.0353300383293545,,0.0018302202858062437,,0.002066020913121312,,0.0023790055965590886,
2025-11-24,-0.005276739469336103,,0.0018302202858062437,,0.002066020913121312,,0.0023790055965590886,
2025-11-25,-0.03879538072856938,,0.0018302202858062437,,0.002066020913121312,,0.0023790055965590886,
2025-12-02,-0.02670257866193901,,0.0018302202858062437,,0.002066020913121312,,0.0023790055965590886,
2025-12-03,0.0010344278767563996,,0.0018302202858062437,,0.002066020913121312,,0.0023790055965590886,
2025-12-04,0.04205665013402813,,0.0018302202858062437,,0.002066020913121312,,0.0023790055965590886,
2025-12-05,0.03361177622905512,,0.0018302202858062437,,0.002066020913121312,,0.0023790055965590886,
2025-12-08,0.018391556667285185,,0.0018302202858062437,,0.002066020913121312,,0.0023790055965590886,
2025-12-09,-0.0933459656266542,,0.0018302202858062437,,0.002066020913121312,,0.0023790055965590886,
2025-12-12,0.09691120961496313,,0.0018302202858062437,,0.002066020913121312,,0.0023790055965590886,
2025-12-15,-0.10362190236692785,,0.0018302202858062437,,0.002066020913121312,,0.0023790055965590886,
2025-12-16,-0.10655222494046084,,0.0018302202858062437,,0.002066020913121312,,0.0023790055965590886,
2025-12-17,-0.019648945893123698,,0.0018302202858062437,,0.002066020913121312,,0.0023790055965590886,
2025-12-18,0.008640812132943584,,0.0018302202858062437,,0.002066020913121312,,0.0023790055965590886,
2025-12-19,0.03549623333326623,,0.0018302202858062437,,0.002066020913121312,,0.0023790055965590886,
2025-12-22,-0.03188470336331081,,0.0018302202858062437,,0.002066020913121312,,0.0023790055965590886,
2025-12-23,-0.06141892924004946,,0.0018302202858062437,,0.002066020913121312,,0.0023790055965590886,
2025-12-30,-0.020359107613915534,,0.0018302202858062437,,0.002066020913121312,,0.0023790055965590886,
2025-12-31,0.014495515535073784,,0.0018302202858062437,,0.002066020913121312,,0.0023790055965590886,
