date,wti,henry_hub,brent,rbob,pjm_west,cels
2021-01-05,0.0475153643762191,0.0633358751718108,0.0539104740874853,0.0471124678117101,0.2349266969544952,0.02226926420124
2021-01-06,0.0133694498601721,-0.0036166404701887,0.0119672333226938,0.0080520719967643,-0.2120525085669777,0.0616264867591338
2021-01-07,0.0035615391821997,0.017953803616596,-0.0018604656529195,0.0024645730281617,0.0773404539791835,0.0651628357925666
2021-01-08,0.0293881225235379,-0.0143371631464073,0.0331501831872511,0.0207071954266066,0.0502191426935478,0.0159894104748969
2021-01-11,0.0001917729414255,-0.0218986853076376,-0.012143330007956,-0.0170216875694306,-0.1129492603606223,-0.0073351984818446
2021-01-12,0.0176760280172252,0.0643078672327311,0.0205746293931934,0.0115819642736123,-0.0684413705664686,0.0327624427343851
2021-01-13,-0.0050996427451646,-0.0245196171743184,-0.0082511678887584,-0.0042514488573581,-0.001137054703582,-0.0007234630076675
2021-01-14,0.0124201822417981,0.0,0.0043134502537194,-0.0073305154162542,0.0302558935834889,-0.0007239867853474
2021-01-15,-0.0230808581157195,0.0140847398817389,-0.0173665724982985,-0.0216928246112597,0.1560565961440163,-0.057998200848611
2021-01-20,0.0054701635976859,-0.0306537410910023,0.0050432383549283,-0.0074580830472039,-0.1632141031421676,-0.0124938588804006
2021-01-21,-0.0030143202929227,-0.031623188430512,0.0003592599284196,0.0123994149050382,0.0091778713507659,0.0247443497548829
2021-01-22,-0.0136780247961008,-0.0161946859199806,-0.0082958095241556,0.0510468068339239,0.144377049267077,0.0109559270378341
2021-01-25,0.0095184423191567,0.0708958216330374,0.003976148379639,0.0145309153670909,-0.0478588044536683,-0.0159725926751201
2021-01-26,-0.0032261153324619,0.0373177630071952,-0.0032520353863771,0.0063273147533188,0.0856022655201784,0.0049809851206283
2021-01-27,0.003794350976126,0.0145457110023787,-0.0034442162208803,-0.0097955263222463,0.2324781249856684,-0.0474115922503335
2021-01-28,-0.0104693066263754,-0.0036166404701887,-0.0036383522035059,0.0063492276786587,0.1722431401255271,0.0103842899805099
2021-01-29,-0.0019153424740689,-0.029413885206293,0.0069015893269783,-0.0057703564613363,-0.2719961080853981,-0.0339976352180002
2021-02-01,0.0262998792753603,0.0719734996250891,0.0209553651759879,0.0069204428445737,0.0078514428704306,0.0326545014391319
2021-02-02,0.0225268019018725,0.1177830356563836,0.0210460240825316,0.0170944333593001,0.0012024639619676,0.0105022933249268
2021-02-03,0.0162988033997857,-0.0736332510434538,0.0170356008319556,-0.0016963532481785,-0.1202044575870138,0.0087032910249673
2021-02-04,0.0092974029286905,-0.0066666913581892,0.0062930728987922,-0.0016992357529597,-0.0896087544347534,0.0002000236398247
2021-02-05,0.0107975206029991,0.1546283488117408,0.0084417182048239,0.0045248945982896,0.4046563336330115,0.0050871313069933
2021-02-08,0.0200442440586554,-0.0261263045922202,0.011533767640306,0.0151221027855068,-0.0746733274555504,0.0287262330587845
2021-02-09,0.006707394653814,-0.0148150857851405,0.0094285703853431,-0.0033407603454003,-0.0088310523115513,0.012715329075192
2021-02-10,0.0059813901306675,0.1154586115648279,0.0070544136368706,-0.0208516994100708,0.0735645395556368,-0.0221638567080733
2021-02-11,-0.0080404162527658,0.5473832194997883,-0.0013086865927984,0.0034110323010628,0.1986645587405613,0.0064382269704008
2021-02-12,0.0217473742341072,-0.0602400803773566,0.0223382548438033,-0.0229631215084488,0.2306535553472608,0.002983933874086
2021-02-17,0.0168376377996049,0.7456323438947332,0.0164370269100055,0.0200229158751077,0.2496455564508197,-0.0256882420609461
2021-02-18,-0.0113590817209061,-1.0251032265161193,-0.0144065693596235,-0.0194612758715769,-0.7739820913255047,-0.0537976230087107
2021-02-19,-0.0214198283008224,-0.5456944494168146,-0.019696532128715,0.0444761745473508,-0.6808522795650216,0.0345052637070706
2021-02-22,0.0422283123634548,-0.4508337131380153,0.0296329591699988,0.0317151316932252,-0.3125644996075483,-0.0704911889711628
2021-02-23,-0.0001621665453974,-0.0721624462482304,0.0066210111764251,0.0129234158419619,-0.1982307700574108,-0.0191939235385296
2021-02-24,0.0248270940262029,-0.0487901641694321,0.0256055198141078,0.0086934835422114,0.0054448227671701,0.0406300125856304
2021-02-25,0.0034744191615985,-0.0289875368732521,-0.0023962869037372,-0.0010188487891027,-0.0008357395240063,-0.0765183132404381
2021-02-26,-0.030087083015343,-0.0223057575142981,-0.0125237396959967,-0.0076746347531087,0.0635706008581755,0.0243284577448514
2021-03-01,-0.0165455490368895,0.0149256502166756,-0.0199362529865245,0.0313473594427345,0.2830888053016105,0.0510365675031296
2021-03-02,-0.0139722831950166,0.0610602567612463,-0.0217655190510841,-0.0120181716936434,-0.1669136534281614,-0.0473169303460228
2021-03-03,0.026937099239336,-0.0034904049397685,0.0239316965962457,0.0,-0.0323035159093576,-0.0556846342095553
2021-03-04,0.0396407982423632,-0.0247800289984869,0.0396961678157499,0.0341701973672126,0.0537299800899679,-0.0575528938434901
2021-03-05,0.0349562113324672,-0.0254097155253683,0.0383233317888853,0.0339826908700138,-0.0347892587564055,-0.0129911088541287
2021-03-08,-0.0160174273316622,-0.0185534078957477,-0.0282729959353833,-0.0223659096993446,-0.2491402149115846,-0.0404562693662455
2021-03-09,-0.0156531673393436,-0.0189041546391526,-0.0143674248062408,-0.0038572853997579,-0.0431456968597214,0.0912209558893284
2021-03-10,0.0066941948434795,0.0,0.0074316632168844,0.0224513848754503,-0.0009485988999777,0.0052146354681843
2021-03-11,0.0240679970398502,0.0300774552372778,0.0264499966701272,0.0265687965462896,0.1243401386719913,0.067071289259311
2021-03-12,-0.0065344811194023,-0.0186921330121526,-0.0068012707002704,0.0100687349482665,0.3399637057417219,-0.0068508933323112
2021-03-15,-0.003512794753897,-0.0267702410646046,-0.0013076645524874,-0.0137553750684853,-0.0461005734178758,0.0074777497402278
2021-03-16,-0.0082962528383463,-0.0314986670593709,-0.0121408644069669,0.0041465159618484,-0.1900542450848665,-0.0307599049401074
2021-03-17,-0.0041740804207499,0.0392207131532812,-0.0032429273703407,-0.0232568621642671,-0.024476222631323,-0.0018284477749599
2021-03-18,-0.0739292358191274,-0.0594234204708006,-0.0866222066556003,-0.0616251221500184,0.1342176709411968,-0.0629845715184362
2021-03-19,0.0243874337023122,0.032131278182793,0.0299760767884595,0.0109508311867516,-0.0891751357410322,0.0220294133061855
2021-03-22,0.0008136034945591,0.0078740564309059,-0.0017202287454196,0.0064150232330961,-0.1036368177644462,0.0170258279918602
2021-03-23,-0.0625885692684917,0.0039138993211363,-0.0634851813798551,-0.0416831620705541,0.1495710331237334,-0.0375226570340263
2021-03-24,0.0567157954563617,0.0,0.0605068893437206,0.0504981065145881,-0.0597230957700567,-0.0446207175004014
2021-03-25,-0.0443253426706862,-0.0157483569681392,-0.039873987715139,-0.0322049134672628,0.049418405114979,0.0151139825481081
2021-03-26,0.0412118620728243,0.0,0.0409722854642025,0.0282967502125043,0.0769684426264047,0.0183435111129917
2021-03-29,0.0091488957049747,0.0235304974101941,0.0045372838538311,0.0217873541849071,-0.150695842108671,-0.0467966217137831
2021-03-30,-0.0154050899662765,-0.0116960397631913,-0.0122508207216132,-0.0120454359312774,-0.0233387740870645,0.0460443998610795
2021-03-31,-0.0227168612964678,-0.0118344576470028,0.0037854934794818,-0.015632951490867,0.2271681976309429,0.0411780462250375
2021-04-01,0.0368200796386739,0.0,0.0051817655396675,0.0295922636044287,-0.0003136695258971,0.0087803966231359
2021-04-07,0.0072202479734864,-0.0041067819526533,0.0063245163380054,-0.0192646115829255,-0.0180838448465792,-0.0421462850938665
2021-04-08,-0.0026805176043271,0.0163268932874287,0.0037111781198779,0.0059671982135421,-0.1256446381968867,0.0142199142542063
2021-04-09,-0.0053826875125588,0.0040404095370049,-0.0032263296255319,0.011828624855633,0.1191832654358853,-0.0081728467003916
2021-04-12,0.0068913626792799,0.0080321716972643,0.007886095428387,-0.0004900759715826,-0.023317682881482,-0.0128768735558226
2021-04-13,0.0083403319162194,0.0276151670329732,0.0071879552351985,0.0048899852941917,0.081720780037434,0.0114850634342982
2021-04-14,0.047840496481724,0.0306537410910023,0.050887354930631,0.0231447168237886,0.0603118495940782,-0.0106904901369828
2021-04-15,0.0042664203137015,-0.0113853222251252,0.0003024803410847,0.0221550424058749,0.0662053375818532,-0.020391914908485
2021-04-20,-0.0114341407711204,0.0036297680505785,-0.0181988644174069,-0.0150520245375819,0.1147470018041429,-0.0138242694589241
2021-04-21,-0.020492851071113,-0.0145987994211524,-0.0204088716312069,-0.0210735767905283,-0.0428710706959893,0.0400956927757834
2021-04-22,0.0017916773259383,0.0182154398913412,0.0162680789651759,0.0057915219795888,-0.1283503823380938,0.0098645329456275
2021-04-23,0.0118095686185633,0.007194275634027,0.0103960575509809,0.0209531475147557,-0.0755661604219568,0.0322933730708312
2021-04-26,-0.0025764909583045,-0.0217399866364058,-0.0038095284166672,-0.0085187453163279,0.0559015067160233,0.0260325305047892
2021-04-29,0.0184773520153811,-0.0237702193339117,0.0174380065235526,0.0145127263715645,-0.3138111181757153,-0.0245317628243224
2021-04-30,-0.023347363996991,-0.01733145635164,-0.0077947302517484,-0.014056001083881,0.1421032430554993,-0.017490848550584
2021-05-05,-0.0013703846834367,-0.0033389012655147,0.0115424741291905,-0.005730674708985,-0.2370846177922758,-0.0056750407717611
2021-05-06,-0.0138081359282118,-0.0305626504101668,-0.0157597420680035,-0.0088810530439604,0.0539720659936766,-0.0187994930844466
2021-05-07,0.0035469232960032,0.0,0.0016017477032104,0.0106478379558463,0.1420750813288886,0.0163686517788557
2021-05-10,-0.0006159532070322,0.0102916860365478,-0.0017474884307144,-0.0048661896511729,-0.0164597267400861,-0.054270277486478
2021-05-11,0.0059894212681754,-0.0068493418455748,0.0032013997074731,-0.0013312626771977,-0.1442485949864487,0.0114839365507632
2021-05-12,0.0099033337768323,0.0,0.01141218597302,0.0044306674164847,0.0708539451394818,-0.0468461438709573
2021-05-13,-0.0329818768413003,0.0136520891683271,-0.033000512449222,-0.0517122010473103,-0.0939037731386647,-0.0084591962204187
2021-05-14,0.0232316472521665,0.0,0.0275273603739378,0.0175362131077284,0.0498152974182084,0.035260499611029
2021-05-17,0.0139862419747398,0.0134682170508666,0.0054731520752842,0.0199281957176805,0.0876072922722812,0.0
2021-05-18,-0.0113870508470421,-0.010084119066626,-0.0088004607507823,0.0035810244177061,0.1284971421979834,0.0136921505789677
2021-05-19,-0.0343281357705631,-0.0273989741881144,-0.0313514528560645,-0.02396678134218,0.1276857952460339,0.0140831159076713
2021-05-20,-0.0212417153842467,-0.0069686693160933,-0.0257472953670303,-0.0156829782619606,0.0743362038142345,0.0282226421782629
2021-05-21,0.026443082615561,-0.0070175726586465,0.0233520846410755,0.0342734025677602,-0.2559401421302238,0.0048205537189387
2021-05-24,0.0388518109958582,-0.0213531244705691,0.0276419934607385,0.0186921330121524,-0.0655861509686701,0.0053724322020887
2021-05-25,0.0021148044135639,0.0318611020689842,0.0030569934280677,-0.0115300612155373,0.2351304186551122,-0.0059403321517006
2021-05-26,0.0021103414524867,0.0138410514118714,0.0018877519582627,0.0176839267899157,-0.1564546387870358,0.0310516190685303
2021-05-27,0.0069027885132655,-0.020834086902842,0.0072275538676214,0.00218866360076,-0.1894616930137145,0.0130069227105646
2021-05-28,-0.008409720685111,0.020834086902842,-0.001008718292895,0.0074058277930006,0.0007140853460665,-0.0027826502367052
2021-06-02,0.014496190591573,0.0229142595228757,0.0081064228317693,0.0055401803756155,0.0999677655054664,-0.0048547469081263
2021-06-03,0.0002906976764665,-0.0262310121488698,0.0015568611169536,0.0055096558109695,0.127944425082358,-0.0207911437777008
2021-06-04,0.0109843567211607,0.0,0.0083093218041003,-0.0072110598794192,0.3068531968648802,0.0173851262636164
2021-06-07,-0.0051880790817779,-0.0100167782434712,-0.0057669475533241,-0.0254378881106275,-0.057566682123995,0.0117128784557651
2021-06-08,0.0129200763651047,0.0426994256738297,0.0070284236474433,0.006962604280719,-0.0503571223575853,0.0134229801220877
2021-06-09,-0.0029997879791121,0.006410278360919,-0.0011212334741568,-0.0126556347652646,-0.1079425678185268,-0.0121792125871174
2021-06-10,0.006274977806072,0.0,0.0047565842339682,0.0065660117708904,-0.1259037806777261,0.0053330274717655
2021-06-11,0.0093392499954791,0.0314491326825032,0.0055671681713507,-0.0136176055566602,0.062919704221894,0.0149981131453023
2021-06-14,-0.0008454276958396,0.0394588367405477,0.0030487828493583,0.016231986130731,-0.1728984801633171,0.0017653766855012
2021-06-15,0.0156646559744713,-0.0149927845861412,0.0152423136322461,-0.0157898017326352,-0.0298453377864671,-0.0272528477666478
2021-06-16,-0.000416406418676,-0.0182931930473253,0.0067907364039028,-0.0129034048359077,0.0028141689630896,0.0090466497407817
2021-06-17,-0.0135581083083904,-0.003081666537408,-0.0130792055205768,-0.021272583103674,0.1440306735885306,0.0204547856314638
2021-06-18,0.0081289865996305,-0.003091192569673,0.0024654169452711,0.0306330258632377,0.206742778430887,-0.0144802089126478
2021-06-21,0.0275347791723659,-0.0250796843970233,0.0188365214324521,0.0123458358222993,-0.3684932738547513,-0.0002494822599858
2021-06-22,-0.006676228898744,0.0188684843043827,0.0057559893877021,0.025098677929726,-0.0345574402891659,0.0063338388700318
2021-06-28,-0.0167134809737401,0.062698594215564,-0.0220864628261043,-0.0170798344994708,0.2358716017614313,0.0462447266043835
2021-06-29,0.0021899817129327,0.0352818141446398,0.007991518290022,0.0166563748276762,0.0366708749785145,-0.0031297711245201
2021-06-30,0.0051820653261964,0.0106101791120154,0.0204839094851596,-0.000847457677838,-0.5148847873851512,-0.0028694015861123
2021-07-01,0.0243209837901723,-0.0079470616925318,-0.0032545755473813,0.0046521547215018,-0.2912047426018587,-0.0093079349622939
2021-07-02,0.0005308560177752,-0.0242272953353241,0.0106356385166526,0.0117451014582827,0.584013483726852,-0.0025636285081489
2021-07-07,-0.019199712101563,-0.0054496047675647,-0.0199846778988339,-0.0142890502207052,-0.4221967430116917,-0.0308255829929837
2021-07-08,0.0104684151589902,-0.0277026025493358,0.0101754794155324,0.0168652646124783,-0.0071050845715419,-0.0129381642531942
2021-07-09,0.0214187393690332,0.0412713317554047,0.0272009411951712,0.0115115319372921,0.1870524522178671,0.0132072145143293
2021-07-12,-0.0047052583952931,-0.0026990569691649,-0.0048080139402744,-0.0123695328479287,0.0233817064283057,0.0162463419457594
2021-07-13,0.0137840924507877,0.0213911899813172,0.0094639975194938,0.0157550629542376,0.0250172276954838,-0.0181424361875786
2021-07-14,-0.0294019830656937,0.0052770571008438,-0.0229715138856523,-0.0038095284166677,0.0731160113918543,-0.0376017579673488
2021-07-15,-0.019208771361308,-0.0320883145515003,-0.0161046935800461,-0.0158156748228791,-0.1102055019252175,-0.0091968107528375
2021-07-20,0.0130075841633505,0.0184945826361642,0.0100460087130276,0.0144930073025668,-0.0561637684905633,0.0320457882539724
2021-07-21,0.0427452775150758,0.0309303006913588,0.0352144121873294,0.0357733000602759,-0.1370426399699784,0.0389381100507879
2021-07-22,0.026544638382199,0.020101179321087,0.0232996438280528,0.0252744230952397,0.0880690485054467,-0.013039113559242
2021-07-23,0.0012466238888499,0.0221411258772137,0.0081819247934742,0.0201011793210872,0.242062106117241,-0.0179285222855547
2021-07-26,-0.0012466238888499,-0.0048780584534329,-0.0009355162727073,0.0111318403688442,0.0144325951721775,-0.0028669577081554
2021-07-27,-0.006535516553205,0.0145633641878966,0.0010690900390182,0.0028659180311975,-0.0398094130791069,-0.0312229037918445
2021-07-28,0.0095800802113616,-0.0121213605323449,0.0029341178691986,-0.0004089143381454,-0.1465913357977681,0.0393596795963375
2021-07-29,0.0171248790728384,-0.0172205977516703,0.0159855441786183,0.0190404779983714,-0.1295732282409956,0.0164133014870939
2021-08-03,-0.0094400137445074,0.0099010709827116,-0.0091064169904857,-0.0058236437467867,0.0727502316182526,0.0143313726712843
2021-08-04,-0.0352986297631439,0.0339015516756815,-0.031202697755015,-0.0270629624129542,0.0819114092366772,-0.005506557014165
2021-08-05,0.0132568042410632,0.0165293019512102,0.0160696534240987,0.0228823543174,0.1750366685939557,0.0002579732480478
2021-08-06,-0.0122307872950635,-0.014151179546243,-0.0156471479604514,-0.019886417987083,0.1613751163010288,-0.0096955657773234
2021-08-09,-0.0252201469656077,0.0071006215495763,-0.0194788272891273,-0.0129034048359077,-0.1301622737928829,0.0205634277790913
2021-08-10,0.0262451122797342,-0.0287101058824312,0.0211670662944944,0.010336009330662,0.0827108250841677,0.0046337709963486
2021-08-11,0.01409599740317,-0.0122101639069314,0.0118774539609027,0.016992762323112,0.2055228720028408,-0.0120127861210912
2021-08-12,-0.0026007817000568,0.0073439742557583,-0.0027820298928196,-0.0042211966436246,-0.309056696494749,-0.0057396080447693
2021-08-13,-0.0110562662484099,-0.0372713947972314,-0.0124747570503105,-0.011059236493975,-0.2446892845115513,-0.022184759727958
2021-08-16,-0.0135495445537907,-0.0050761530318608,-0.0117756911556394,-0.0246819197476256,0.0138121456134099,-0.027703161190856
2021-08-17,-0.0140363660317914,-0.0025477720787987,-0.0096078748696832,-0.0136837270859222,0.0870091645442387,-0.0193344908024331
2021-08-18,-0.0172914971100608,-0.0154244703256316,-0.0114485708099589,-0.0256597467805775,0.1431294114213752,0.0018398565222712
2021-08-19,-0.025882886168473,-0.0078023802841846,-0.0267352161601994,-0.0235304974101941,-0.1840216686024236,-0.0208255450637206
2021-08-20,-0.0228690290384578,0.0283159201172877,-0.0195002777988149,-0.0351580153793742,0.1749297317615887,0.018579968329484
2021-08-23,0.0531790654039889,-0.0025412974286727,0.0529176803570958,0.0668629452291263,0.2317243904242545,0.0315988375008933
2021-08-24,0.0277899971296786,0.0050761530318608,0.0305127748931521,0.0134772929434808,0.1865343299211055,0.0101869480953364
2021-08-25,0.0152899185679782,0.020050797045561,0.012698140341083,0.113758885356658,-0.0567930711570987,0.006097099189489
2021-08-26,-0.0164758066405479,0.009876623495912,-0.0238540846082102,-0.0120193754657841,-0.2258830272734435,-0.0106107477409951
2021-08-27,0.0208432615374238,0.0665328456460889,0.0257934119925877,0.0016109548389281,-0.0235505581062964,0.0166410290999587
2021-09-01,0.0029184319561368,0.0273365541637502,-0.020077682138675,-0.0740139002513617,-0.0106760593176087,0.004815064608457
2021-09-02,0.0207649854618985,0.0439631234211161,0.0215741792549089,0.0126501141666262,-0.0512107821092344,0.0108392338269593
2021-09-03,-0.0104728021255642,0.0254790853009847,-0.0066835139329946,-0.0078329382211868,0.1745757946030126,-0.011147416044464
2021-09-08,0.0126225832624733,-0.0106724598907717,0.0116765296618357,-0.03014412634871,-0.0775839789899652,-0.0236523303974989
2021-09-09,-0.0159863889937259,0.0644043919709826,-0.0144768675321556,-0.0104049796448142,0.0204270598678721,0.0049940960862544
2021-09-10,0.0225965581983293,0.0316858190741409,0.0155818400202738,-0.021605069273086,0.6104416263904655,-0.0114785966267323
2021-09-13,0.010259423131016,0.0154741965825973,0.0072897647623157,0.0087902485966167,0.0039857448987747,0.0054926411309033
2021-09-14,-0.0001417735878179,0.0339655291556302,0.0010957404191795,0.0263651635075771,-0.1536810551979632,-0.0052807637682921
2021-09-15,0.0287890200766609,0.0488785072941857,0.0242083632091807,-0.0346908360215058,-0.074612617810466,0.0029283804484263
2021-09-16,0.0013766521997951,-0.0250460319260876,0.004000538739934,-0.0112098324708835,0.1323450126970655,-0.0051033413549541
2021-09-17,-0.0082884850800573,-0.0369045569354506,-0.0066764836067347,0.0167679755431107,-0.0270429413794275,0.0107097085846339
2021-09-20,-0.0235800398854451,-0.0132452267500207,-0.0141674096005806,-0.0078831848078347,-0.2706863866681059,-0.0447325280641566
2021-09-21,0.0014192451999077,-0.0568223358666963,0.0008149959701313,0.0124914878940289,-0.1165405203829079,0.0051937555635248
2021-09-22,0.0260373051470867,-0.0080972102326193,0.0248085133463398,0.0009191177117631,-0.0485721672509162,0.0209436488052787
2021-09-23,0.0145407225854823,0.0040568006956145,0.0123734631170933,0.0760419234243653,-0.0940473686865592,0.0081515093024657
2021-09-24,0.0101620005979263,0.0318752085304487,0.0127390257774298,0.0025510217916052,0.1508669525692125,-0.0145728071174762
2021-09-27,0.0181677452228656,0.0809472758039633,0.0183021682595452,0.0059271977082674,0.152801736336027,0.0161717572193902
2021-09-28,-0.0013246789591088,0.0715213178403102,-0.0069997104122894,-0.0170289342744445,0.0380414370177337,-0.0332438448366598
2021-09-29,-0.0050498446183269,-0.0359936026479053,-0.005635260814448,0.0140697268729665,-0.0369845184855242,-0.0141605722351423
2021-09-30,0.0021293593353153,-0.0265267543334286,-0.0006423845534708,0.0155432660823869,0.0269236471903342,0.0064289921617719
2021-10-01,0.0104477575357586,0.0053619431413853,0.0202284106242514,-0.0033402953813699,0.2397741257777621,0.0052844735747763
2021-10-04,0.0217329134051205,0.0333071980177686,0.025368184549122,0.0108154132451582,0.1406592316188177,-0.03335721805922
2021-10-05,0.0189996152002729,0.0937415520316984,0.0155948579579066,0.0160069085635501,-0.0980246671774409,0.0107973945653938
2021-10-06,-0.0192571148798217,-0.0598400003560171,-0.0162089954211683,-0.0197374828383214,0.0310432370228115,0.0022935344170527
2021-10-07,0.0102486164778854,-0.049540445560136,0.0116046010028085,-0.0095974031062701,-0.0010026789035277,0.0269272378054044
2021-10-08,0.0137968140023891,-0.0447702339111053,-0.0020667443986628,0.00835077921742,0.1210298758149726,-0.0085241735678254
2021-10-11,0.0136090495392631,0.0,0.0190458987620791,0.0,-0.3721574269178189,0.0137040239380246
2021-10-12,0.001363157779707,-0.0222231367847101,-0.0026303219373602,0.0234241242045374,0.0665636600516741,0.0252596558650619
2021-10-13,-0.000991203153883,0.0403724552903874,0.0,0.0129138194955829,0.1804171814259101,0.0236134367799802
2021-10-14,0.0093769965301575,0.0627383406334234,0.0039428929748011,0.0135406290267662,0.0589224404130961,0.0017697119289694
2021-10-15,0.0117203148484588,-0.084557388028063,0.0096126059115695,0.0296202480617118,-0.3226453444282642,0.0032857515445474
2021-10-18,0.0027877116411199,-0.0823431457710779,-0.0063981260914633,0.0042153731705635,0.0122184895145567,0.0197158278633997
2021-10-19,0.0068753663271774,-0.0407388309791036,0.0105233013679217,-0.0019138761822843,-0.0035686451624403,0.0199469893574244
2021-10-20,0.0144402533061152,0.0123968529768287,0.0086661743918474,0.0118074119803931,-0.0708652037080961,-0.0086353182526881
2021-10-21,-0.0210735767905285,0.0142713941053327,-0.0138548652781489,-0.0148772532246816,0.0064332726390849,0.0095079861055671
2021-10-26,0.0117454956114926,-0.0229895182246986,0.0030595458086342,-0.0206502551045079,-0.0727298727796927,-0.0143103369195154
2021-10-29,0.0086601455362238,-0.0340229772116205,-0.0036036075032983,0.0301262058592163,0.1090471343029886,0.0136312502186868
2021-11-01,0.0069220947118857,-0.050430853626892,0.0168251686949885,-0.0247207872923084,0.1348682292263117,0.0404260642983764
2021-11-02,-0.0020239306867173,0.0208538362832058,-0.0010655302020383,0.0015390537859031,0.1108505956348748,-0.0084203002625873
2021-11-03,-0.0375203362316511,0.0476280489892546,-0.0401213792329855,-0.0392053345710325,0.0631977100395708,0.0068920099887108
2021-11-04,-0.0242967493559476,0.0247362435596405,-0.0117830820658051,-0.0206026273388462,0.0865181141005857,0.0117765634166167
2021-11-05,0.0296031109154668,-0.0391509075618252,0.0280495692695739,0.0061037829380176,-0.3722944262263175,-0.0116910693797738
2021-11-08,0.0087005021608526,0.0036231923694203,0.0095382552296587,0.0128982038029827,-0.2039554259370684,0.0156732532217782
2021-11-09,0.0260130274637999,-0.0848765539438527,0.0155004891930614,0.0499908847459509,0.0346636531153041,-0.0307856855844095
2021-11-10,-0.0349597137716362,-0.1079886380640959,-0.0192325106197293,-0.0289875368732522,-0.0863648850655804,-0.01772678612343
2021-11-11,0.0029502172596878,0.053374460591375,0.005892627236574,0.0062549070231098,-0.0448545846386192,0.0384846162951744
2021-11-12,-0.0073919272148197,0.0327227559908676,-0.0060132472234517,0.0284306509647802,0.4097863474945589,0.0068715206936795
2021-11-15,-0.0002473410846155,-0.0410735352082876,-0.0116477900225238,0.0109249532641622,-0.1963771862028185,-0.0156183746763689
2021-11-16,-0.0011137925784785,0.0688530993153633,0.0110444717538467,0.0052317010210999,-4.896551450290104,0.0094738898330311
2021-11-17,-0.0306787952223821,-0.058425476153104,-0.0266649849236895,-0.0207124708211228,4.801790813897354,-0.0084643851664338
2021-11-18,0.0076316829321596,0.0266136485180898,0.021825290056725,-0.0281708769666962,0.2608442744059633,-0.0158403764953822
2021-11-19,-0.0362550188751145,-0.0101523714640179,-0.0271699053519274,-0.0197634891188397,0.0565913811293414,0.0225287300577461
2021-11-22,0.0082434225395067,-0.0143887374520996,0.0090565720443427,0.0170200031730888,0.1315025398816933,-0.0064884782458234
2021-11-23,0.0203799134034481,0.0245411089161176,0.0299292412159601,0.0120929891892908,-0.2878354804943814,-0.0155858272071629
2021-11-24,0.0,-0.0040485885260002,-0.012786663960826,-0.0073944684077366,-0.1795071380176418,0.0064171961526922
2021-11-30,-0.0550057777122097,-0.0807232112724412,-0.0344000632058545,-0.0364505045098211,-0.1121826554542284,-0.0229539009124266
2021-12-01,-0.0106400152591543,-0.0475740897284835,-0.0189477853263992,-0.0140189211793307,-0.2240776408337748,-0.0369124321607392
2021-12-02,0.0175708852518514,-0.0548409156995859,0.0147050975876092,0.03468555798789,-0.0060212230152476,-0.005123670643675
2021-12-03,-0.0031581348152753,-0.0737309693217354,0.0021235939176138,-0.0095913044017875,0.0127760949577062,-0.0508669131652137
2021-12-06,0.0475054396522249,-0.0349028716810599,0.0370644133109863,0.0466243115851757,0.0979485585554966,6.171147471256688e-05
2021-12-07,0.0327805558841847,-0.0165293019512107,0.0290108983571748,0.0246605618219515,0.0737735471732063,0.0401124419416918
2021-12-08,0.0067881399397569,0.0514321736322707,0.0052812375193456,-0.0098776839193708,0.0029117711447943,0.0096141890189098
2021-12-09,-0.0217733653850702,-0.032174357027856,-0.0245280225016149,-0.0204934139569278,-0.4138172092952086,-0.0373137341917608
2021-12-10,0.0117829950723189,-0.0054644944720787,0.011805879005724,0.0144327893452367,0.120029452890698,0.0002002386856112
2021-12-13,-0.0072778487787017,0.1039897135240477,-0.0115360098906061,-0.0065345473209966,-0.0746560609970439,-0.0206698155640641
2021-12-14,-0.0087472341030432,-0.0876850044991039,-0.0101702686912563,-0.0163035115929562,-0.1725971533411039,-0.0296138283301035
2021-12-17,-0.0196837513099561,0.0108402145528649,-0.0226281587615595,-0.0196212965873273,0.3881243643432004,0.0075305634937592
2021-12-22,0.0239033059380924,-0.0025284463533585,0.0249436817277617,0.00218866360076,-0.1488244442280448,0.0086496715399091
2021-12-23,0.0145868580532688,-0.1039550340490915,0.0208023400604426,0.0364925660948349,-0.3870094399280344,0.0117322875659162
2021-12-30,0.0032592428303956,0.116474990996368,-0.0002543881977592,-0.002008436103939,-0.0344903545961559,0.0219643766899437
2021-12-31,-0.0197167270419402,0.0,-0.0175814602453519,-0.0194890455874844,0.5571102370412548,-0.0034993606080107
2022-01-03,0.0087232908440899,-0.021164811192043,0.0129913718599494,0.0053158988401816,0.1213197905547689,0.031081576476633
2022-01-04,0.0132036691719905,-0.0026773777707165,0.0144635863167588,0.0157802182060784,-0.1198034750296148,-0.0147909390200471
2022-01-05,0.0107215391176129,0.013315775975772,0.0151262337755611,-0.0036195494976277,0.2057248752035017,-0.0582492631989168
2022-01-06,0.0208526309807908,0.0414567136783463,0.0170986390955034,0.0096231696914609,0.4161169747988724,-0.0119563691050474
2022-01-07,-0.0059317394850664,-0.0283159201172877,0.00353077617667,-0.0060036201938331,-0.2644742098995616,-0.0126584928574358
2022-01-10,-0.0113297628448156,0.0826502710806171,-0.0087891190785018,-0.0092761302369019,0.1333886036379343,-0.0090824143665431
2022-01-11,0.0384276311508786,0.0,0.0410769889804107,0.027179930531838,-0.4616384835910274,0.0238588662461198
2022-01-12,0.0163737773431673,0.1048796308204755,0.0099526610434628,0.0140957698003935,-0.1416587985890984,0.0114326624904785
2022-01-13,-0.0065661714513129,0.0340458414097171,-0.0003495892362117,-0.0011670882476264,0.2831183415053226,-0.0319824119615006
2022-01-19,0.0164870795967706,0.0720650705239214,0.0090772181511171,-0.001194981221667,0.4093398288620058,-0.0296301507665974
2022-01-20,-0.0063536284898741,-0.0942882073086317,0.0012263784356623,-0.020536256240442,0.4802914948504275,-0.0118135592387824
2022-01-21,-0.0131818764949374,-0.0794810676700055,0.0,-0.0496245235418011,-0.482939107755735,-0.0428966793251364
2022-01-24,-0.0080170200673279,0.0216614967811794,-0.0226501316303204,0.0922349910206908,-0.427860267641341,0.0011761396736886
2022-01-25,0.0249004623850019,0.0094787439545436,0.0197489914566988,0.0185405079157425,0.636338089393572,-0.0335894255215709
2022-01-26,0.0196645184140873,0.0438363148131779,0.0191472840887874,0.0227024506183065,-0.2349916115549319,-0.0016200060252318
2022-01-27,-0.008184654078768,0.0,-0.0057168141624632,0.0111608301375285,-0.2954175021657974,-0.0472924844741591
2022-01-28,0.0006846189222216,0.2503106640811954,0.0084536925471816,0.0055340484346414,0.3372588893790276,0.0118840306991012
2022-01-31,0.016852742917174,-0.0231121398757487,0.0095746569769756,0.0058694225728057,-0.2159434698786659,0.0872860740780492
2022-02-01,-0.0105988138408745,-0.0199824995873381,-0.0231129188954994,0.0080146148496542,-0.2802522422074895,0.0109486054064289
2022-02-02,-0.0006803492721889,0.2064919177217676,0.0131008644265859,0.0075908551732504,0.1890152983360753,-0.0189198321215018
2022-02-03,0.0225434321072111,-0.1373767295567849,0.0169183083137705,-0.0003601656801044,0.0140981947429636,-0.0455126775514287
2022-02-04,0.0230222840786487,-0.0895051438680321,0.0407746764849772,0.0143063956512379,0.141116423049648,0.0278124462814686
2022-02-07,-0.0111160691278637,-0.1845712765279699,0.0043267812427743,-0.0021329549501414,-0.3285075577236362,0.0060648188103229
2022-02-10,0.0028985527540115,-0.0245110310143497,0.0148445126049008,-0.0206878453114727,-0.1303315949785402,-0.0268612119095621
2022-02-11,0.0357551890419056,0.002478316014467,0.0116574281406052,0.0573035652642426,0.5986874044971833,-0.0368007712869395
2022-02-14,0.0256614653612707,0.0024721891453891,0.0417815340149552,0.0059743632279303,-0.1069025227887898,-0.0017845492441805
2022-02-15,-0.0367864923445377,0.0622210229972084,-0.0322882763776366,-0.0230384104092926,-0.4163311096956938,0.0614808156934936
2022-02-16,0.0189354770022038,0.0183913229714236,-0.010108831679533,-0.0268911552594532,-0.0684053541861677,0.0028012981885412
2022-02-17,-0.0220902253352708,0.0401839778190333,-0.0224168789145426,0.0211378132477424,0.2556911264481245,-0.0528433667831604
2022-02-18,-0.0056818334674311,0.0087146521024439,0.0094015108024727,0.0018014776985109,-0.0129200902722299,-0.0244100583326485
2022-02-23,0.0003256445076269,0.0242569776455598,0.0056560094221449,-0.0437056098858192,0.3232537793720196,-0.0280614337270925
2022-02-24,0.0068141521574096,0.0405605224309109,0.0199428286532024,0.0740313839048747,0.0037425311602907,0.0711380651634243
2022-02-25,-0.0118190586987507,-0.0318836784052218,-0.0273221899134954,-0.0103420438056174,0.0505322050357488,0.0171594927965843
2022-02-28,0.0473971891112947,-0.03740810206617,0.0448398859989538,0.0139862419747396,-0.5234336967306765,0.047278716224822
2022-03-01,0.0754148706838364,-0.0226767086710295,0.0733939859664047,0.0603133377672289,-0.0462551146960477,-0.0151749311069746
2022-03-02,0.0660687986332604,0.0643951622383218,0.0697197925278789,0.0659579677917971,0.2143593936270802,0.003485324406391
2022-03-03,-0.0279283820540321,-0.0043103515011222,-0.0305614907418085,-0.0017502921621239,0.1123028065297866,-0.0287536302728161
2022-03-04,0.0723487348768481,0.0234802676088423,0.0710942219732757,0.0761496820652491,-0.1464440667029949,-0.022484578668517
2022-03-07,0.0297005194773225,0.0393018523476136,0.0408155355941808,0.0171678036223652,0.1235421031816184,-0.0101584582582319
2022-03-08,0.0360681335689561,-0.0671111310460415,0.0317341655783804,0.0877867855025886,0.1207835059474691,0.0525111400728075
2022-03-09,-0.1277708753009951,-0.0131006240456981,-0.1331238640650722,-0.095529448665371,-0.015517921434851,0.0301741582894461
2022-03-10,-0.0268247433545161,0.0217399866364058,-0.0176536256516923,-0.0360202651421268,-0.2347227963947524,-0.0189852062022746
2022-03-11,0.0314093836973397,0.0296631918235588,0.0306922866580441,0.048803395270458,0.1933930408760238,-0.0337164965673304
2022-03-14,-0.0573252495851628,-0.04265038735037,-0.0675968435934954,-0.0566137557550403,-0.2183102796520515,-0.0612068631323765
2022-03-15,-0.0681489837431055,-0.028731258040481,-0.0487267546389578,0.1104441834872804,-0.0709390167567249,0.0378378686782916
2022-03-16,-0.0164169525964528,0.0481493438975826,-0.0050536460356331,0.0035043840619495,0.0704883761714123,0.0624258965765829
2022-03-17,0.0821409872876364,0.0253178079842899,0.0815636875657883,0.0138960052420813,-0.0726671788954274,0.0174697966161412
2022-03-18,0.0165659186626037,0.0144780191806532,0.0071986967001542,0.008587956106643,0.0286676142474,0.0247988803755347
2022-03-21,0.0687444883642633,-0.0207476321942488,0.0673937395796668,0.0063322179436777,0.0082089310174087,-0.00590049120943
2022-03-22,-0.009947655629352,0.0470916075338505,-0.0062341273185699,-0.0149201740503208,0.1041659464937065,0.0285661566670576
2022-04-11,-0.0429000715631735,-0.0047132844520982,-0.0335406477777473,-0.0336795162442584,-0.0782896799327206,-0.0162596620290598
2022-04-12,0.0647242394034961,0.0370985356098156,0.0642704092183903,0.0382687854278991,0.0215350862682672,-0.0054410542673606
2022-04-13,0.036531066664569,0.0135646390341384,0.0382367748519527,0.0235304974101941,-0.0224534616573466,0.0284172720965516
2022-04-14,0.0244446089018,0.0381837869701588,0.0213394929532029,0.0209478083131715,-0.1294389358336625,-0.0249034106132501
2022-04-20,0.0001950268168053,-0.0439631234211161,-0.0041797344027081,0.0229074422496584,-0.1408306029745247,-0.0373515865297022
2022-04-21,0.0128846539100804,-0.0342890734786323,0.0202598213456921,0.0145987994211527,0.0082523610800748,-0.0546806789534164
2022-04-22,-0.0099638067356702,-0.0430653034308363,-0.0193083464879926,0.0100938131692187,0.1131968647138181,-0.0197522193048786
2022-04-25,-0.0322066757562176,-0.0261352308125459,-0.0575444915470786,-0.0100938131692187,-0.014166085297858,0.0085279657228038
2022-04-26,0.0298706809232669,0.0706529673236973,0.0358170457860884,0.023206885902981,-0.0012413694295778,-0.0498251016588611
2022-04-27,-0.0064522660059047,0.0028985527540115,0.003976919737874,0.0240638360237115,-0.0739680511042273,0.0105779084917188
2022-04-28,0.0338459727806084,0.0086455869928538,0.0237240895122408,0.0369105671829228,-0.1553835969177921,0.0172518443259273
2022-04-29,-0.0083786075223457,-0.0188274931379734,0.0240975515790609,-0.0034699087264431,0.3096370494111164,-0.0221619902294625
2022-05-04,0.0504932084819964,0.0570166804402361,0.0518982190642978,0.0368490055834795,-0.1048069340142952,0.0602807848003363
2022-05-05,0.003055416478201,0.0143543134516828,0.0141935548426381,0.0002547446198977,-0.1121018037468593,-0.0551359386328442
2022-05-06,0.014227602427205,-0.008348289391471,0.0154890913574341,0.0384758925618009,-0.0163353071548302,-0.0290903407351379
2022-05-09,-0.0624262802852388,-0.035347982344227,-0.0652296668855445,-0.0533594108250223,-0.0847828548920697,-0.0838153503963621
2022-05-12,0.0061422352331437,-0.0378935729452187,0.0033370442535769,0.0328714854746223,-0.1847893961053461,0.0127384878830225
2022-05-17,-0.0155493900648613,0.0232711052510294,-0.0173001021626948,-0.0522594780375917,0.0430182442545099,0.0597439724995307
2022-05-18,-0.0237870482028279,0.0321647739707007,-0.0255699572170815,-0.045484854574926,0.4648345063098364,-0.0268233734785638
2022-05-19,0.0228962589046579,-0.0382364380392505,0.02848889255214,0.0269477384097676,0.1891499939801368,0.0274552988624794
2022-05-24,0.0200123338676947,0.0834306273454723,0.0055435395320646,0.0017832128021679,0.106796830148097,-0.0344611611358542
2022-05-25,0.0029277401918177,0.0622811838359211,0.0055129780425122,0.0479535418919445,0.1175458536511149,0.0190945615805935
2022-05-26,0.0289014746502118,-0.0268400437898135,0.0287887123916581,0.0050816806269975,-0.000215993451933,0.0520276501007934
2022-05-27,-0.0106425404240013,-0.1018604215650431,0.0114524073285879,0.0404453848716999,0.4963809562834536,0.0491853648600439
2022-06-01,0.0076642075213504,0.0011813350458309,-0.0268857270926217,0.0194314034756453,-0.2166236317754064,-0.0244458319747709
2022-06-06,-0.0047181821455692,0.0850109762425463,-0.0055052598452354,-0.0149369591716719,0.0510477302579399,0.0312054272878707
2022-06-07,0.0095815155614689,0.0217873541849074,0.0150868353066933,-0.0204920688322314,0.1387890448173054,0.0086237630839987
2022-06-08,0.019794426575336,0.0160345498472569,0.0180410219396778,0.0278801945722715,-0.0495406756373197,-0.0120542927539437
2022-06-09,-0.0034502621921523,-0.1446519276693507,-0.0056661773049828,-0.0086975977735097,-0.2197823930156817,-0.0308134791420071
2022-06-10,-0.0065222109432214,0.0732322386710095,-0.0080497484417252,-0.0218575872480646,0.3769478449056915,-0.0287631482622368
2022-06-13,0.0015725225669616,0.0247481696891944,0.0078162036195195,-0.031057692874209,0.374377465707937,-0.0790116415974599
2022-06-14,-0.0166781717813604,-0.1586050301766386,-0.0111173148464835,-0.0118125287842327,0.0475657695515199,0.0130386989174837
2022-06-15,-0.0307401253596957,0.0051948168771036,-0.0163508682834532,-0.0348500361811938,0.1320652456558351,0.0313477850475942
2022-06-16,0.0192379687805148,0.0205135398331033,0.0065406630239817,0.0002412254263297,-0.1153433975407809,-0.0711804637103439
2022-06-17,-0.0704764971558393,-0.0669101976685426,-0.0535638233235769,-0.0189925358272744,-0.5662777026979349,0.0482162393919978
2022-06-22,-0.0394126041308311,0.0239532410224929,-0.0253805548472376,-0.0007377351865394,-0.2778195121674978,-0.0066306586471247
2022-06-23,-0.0044345970678651,-0.0330857245857654,-0.0090419673588248,-0.0108831150846371,0.1147413205014968,0.0212633756643896
2022-06-24,0.0309120600142636,-0.1200792479167336,0.0246713108404312,0.03157770632747,-0.0218990535131782,0.0255830399520053
2022-06-27,0.0214964515308988,0.0487901641694319,0.0196589330505529,-0.0133416169375741,-0.1772511406012995,0.0067556023867538
2022-06-28,0.0197252063974255,0.0894714028304921,0.0208358095646303,0.0089948339523593,0.1364774250899669,-0.0422498967584523
2022-06-29,-0.0178425575828091,0.0044943895878393,-0.0116045909491946,-0.0389884071277668,0.308624542342006,-0.0318591806474382
2022-06-30,-0.0354624461840575,-0.0226767086710297,-0.0084795586643986,-0.0492557984787331,-0.0483460412385614,0.0065813700372645
2022-07-01,0.0232973941573479,-0.1287373106598481,-0.0047700831064059,0.027120306219194,-0.0362018228619911,-0.0075003308963079
2022-07-06,-0.012285897131,-0.0123132602333566,-0.0178062504898255,-0.0433150416872323,-0.1201996977870081,-0.0124564568644824
2022-07-07,0.0420693470470716,0.0313614552040513,0.0438026226583936,0.0269917826819874,-0.0055399361381374,0.0575980013207297
2022-07-08,0.0204359051295748,0.0932809900032252,0.0048383643980409,0.014260491219157,-0.0632557484477782,0.0142443925979156
2022-07-11,-0.0064828526008602,0.0635614814897445,0.0078671734434143,0.0155132629640277,0.1337762334594359,-0.0523905606741958
2022-07-12,-0.0824885908063288,-0.0014673516939498,-0.0709850280320036,-0.0706954943521187,-0.0562171220174354,-0.0168576673255236
2022-07-13,0.0076480258580042,-0.0192741326128667,0.0017744576218019,0.0126995666826952,-0.0352356250058303,0.008257716163051
2022-07-14,-0.0066249031986718,0.0324034240546595,0.0053045585274817,-0.0139472274808505,-0.1320968515774288,0.0044374270848592
2022-07-15,0.0182394356193649,-0.044451762570834,0.0410966922616662,0.0292193630403316,0.1467005598008333,-0.0045049704547031
2022-07-18,0.0479339075845723,0.1476359988060647,0.0436613589589196,0.0159377903733921,0.3037692042984838,0.0140516257404073
2022-07-19,0.0155748637414179,-0.0400053346136992,-0.019894726702204,-0.0041853573801933,0.1435312953327345,0.0255863093682222
2022-07-20,-0.0158620412669643,0.0308128864295351,0.0077983238977088,-0.023337928432461,0.0001211584966167,0.0213942874098469
2022-07-21,-0.059261262479719,0.0526775601239029,-0.0266775780516494,-0.0333624082663355,-0.0937284853079587,0.0140619960147851
2022-07-22,-0.0074433175666035,0.0320224405684061,-0.0550279994266178,0.0194668627758733,-0.0236281765112114,-0.0283785065221895
2022-07-25,0.0214648313920822,0.032203140494635,0.0135816041168439,0.0470710849352036,-0.3152045825721767,0.0114644602415001
2022-07-26,-0.0211578475063252,0.1046560422225626,-0.0084435667496318,-0.0062490904149485,0.124652954003757,-0.0186857785332614
2022-07-27,0.0231592491550802,-0.0895130621199991,0.021387245877162,-0.0032889848754575,0.0152132639798807,0.0548892206480706
2022-07-28,-0.0092397965784716,0.0114943794257351,0.0003647638194737,-0.0184378806398795,-0.1348375560071932,0.0570440195753816
2022-07-29,0.0219547786469682,-0.0491902441907718,0.0165472377232118,-0.0048929761228158,0.0740983654974734,0.0273383054290583
2022-08-01,-0.0477099068743811,-0.0157293019085438,-0.0498264825060905,-0.0333520082056457,0.0715576096660921,-0.0118281348687414
2022-08-02,0.0056780207263944,-0.0234433931899396,0.0039510869838945,0.0169708661345433,0.1013263169990601,0.0205949289590536
2022-08-03,-0.0408691783936738,-0.025285797228673,-0.0450323289808842,-0.0387596166076975,-0.0118246402874948,-0.0017002988146836
2022-08-04,-0.0212428059469358,0.0728267419976731,-0.038341115826463,-0.0559586536480445,-0.0814241528942023,0.0140984290735062
2022-08-05,0.0052441942539322,-0.0119761910467155,0.0233999582476664,0.023028447361995,0.0416551720139661,0.0037520447671726
2022-08-08,0.0188898703328916,-0.0672731806074251,0.0309196736799757,0.0096619109117368,0.174544666510469,0.0032443395469137
2022-08-09,-0.0036422107751628,0.0140757282341845,0.0033772406297849,0.0491690238064699,-0.2522064364162695,-0.0195410873926542
2022-08-10,0.0159696782571323,-0.0012714559881965,0.0119693103206612,0.0237066623009869,-0.1416036489031009,0.0541539335163179
2022-08-11,0.0244143581712874,0.0818027550624722,0.0200713451776124,-0.0046346444770282,-0.1985582568782788,-0.0081232618892599
2022-08-12,-0.0225150223676342,0.0231760083479235,-0.0331008454679464,0.0055590013445705,0.0061306750059504,0.0365759161507757
2022-08-15,-0.0280082444886327,-0.0126802851759095,-0.0539868644861112,-0.026210548797197,0.123818519761623,0.0033288078778337
2022-08-16,-0.0331765700487434,0.0737764621225078,-0.0298560474323306,-0.0127268660225701,0.0247559731719304,-0.0187135564036378
2022-08-17,0.0179924889301199,0.0244823297591896,0.0193172483002692,0.014622002407842,0.0498286500929223,-0.0194335470528699
2022-08-18,0.025537926849366,-0.0095087879690272,-0.0089890567569339,0.0319853380317169,0.0969040829127365,0.0216075379529128
2022-08-19,0.0037483310285528,-0.030174703122213,0.0010373444913627,-0.0150888159071997,-0.092657580394956,-0.0373778481953985
2022-08-22,-0.0013905976461368,0.0748110697179389,-0.0145164681658744,-0.0372988874478588,0.0878393016603285,-0.0191820054600473
2022-08-23,0.0320229595668637,-0.0102041701742416,0.0455488654154052,0.0121640424299884,0.1475940377960718,0.007377892536815
2022-08-24,-0.0097927649965336,-0.0504839054319923,0.0038122036537746,-0.0320053178159911,-0.0607437665443457,0.0260547790992387
2022-08-25,-0.0231940500666363,0.0213455276202232,-0.0106705260481714,-0.004939907954339,-0.090479276543542,0.0303174316920262
2022-08-26,0.0032092453731422,0.0010554090689436,0.0232080037072073,0.0234921080732115,0.2431562020177136,-0.0325197424065955
2022-08-31,-0.0218485937502785,-0.0188580186343965,-0.0284873008046808,0.033452365817483,0.0303826804429432,0.0032318168964247
2022-09-01,-0.0338671039587001,0.0491633681297254,-0.0456671329137199,0.0135880447170395,0.0174502627908301,-0.0254785571636944
2022-09-02,0.0022938420426097,-0.0215525583857343,0.0091728911675952,0.097003067164638,-0.069200183036755,-0.0167179200942531
2022-09-07,-0.0571247432394308,-0.0480861866676378,-0.0516214681037814,-0.0321278520840291,-0.0521883614307769,0.0468823916310165
2022-09-08,0.0184945826361646,0.0183043548620132,0.0132709875849155,0.0324076114927638,0.0966166351906974,0.0160041162229989
2022-09-09,0.0377138851984204,0.0048250998317569,0.0410810813089606,0.0089112257754311,0.0496495761519906,0.0146601726680986
2022-09-12,0.0103734187545718,-0.0133254545971492,0.0191222809351421,-0.0111514955446474,-0.0235060359879772,0.0130641870704533
2022-09-13,-0.0038632021685716,0.0347548460530484,-0.0152032687344068,-0.0324814879688992,-0.0135912329025043,-0.0235644135851256
2022-09-14,0.0117701675701544,0.0244340253372818,0.0085465982446759,0.0143763258074944,-0.0101984723752543,0.0236896090482554
2022-09-15,-0.0362009747259985,-0.0115608224010759,-0.0389923647788403,-0.0274941352482804,0.0237897052777587,-0.0233299146992038
2022-09-16,-0.0017514161754128,-0.0586643351321405,0.0016786977250893,-0.0020561029420109,0.3351754093206089,-0.0074582834349321
2022-09-21,-0.0155890584808568,-0.0025000013020846,0.0026743942840168,0.0056309337420603,-0.3353366268986981,-0.0053130005573454
2022-09-22,0.007646393288585,-0.029208425583056,0.0059913637561175,0.0121767105752552,-0.2414568485008361,-0.0505339248989571
2022-09-23,-0.0607213296584001,-0.1394398293106886,-0.06998103338874,-0.0296848817979114,-0.0631101375744718,-0.0265035041526422
2022-09-26,-0.0243227556133236,0.0,-0.0208590636432539,0.2186660096012922,-0.2303900142532784,-0.0148340243759568
2022-09-27,0.0222971820634318,0.0117821686982602,0.0405942278202156,0.0175860537180401,0.1602176070283834,0.0173425258371517
2022-09-28,0.0458227760414704,-0.0357713250682829,0.0407987303203682,-0.0630629900886501,-0.0248497680740964,0.0230433514453851
2022-09-29,-0.0100980236379175,-0.0030395160178966,-0.0015645957594943,0.0601876543635566,0.0729193430084524,-0.0570099189133221
2022-09-30,-0.023131713550125,-0.0262158421308928,-0.0057203902273679,-0.0074319086910918,0.0711586780561646,-0.0029908345614781
2022-10-03,0.0505108584682529,-0.1264139248556588,0.0198246831194692,0.0289993774283379,0.0215514150608386,0.0165856628347214
2022-10-04,0.0330008884172041,-0.0434851119397385,0.0331881668552318,-0.0135780787037673,-0.0013589396762014,0.0503910660816302
2022-10-05,0.0154209464049648,0.0783318432699067,0.0064862793199989,-0.0749715910845369,-0.0124519542781857,-0.0319865645657904
2022-10-06,0.0076784478430651,0.168238840939443,0.0136844240717035,0.0078861306841135,0.0246164431141329,-0.0129387097876643
2022-10-07,0.0458397556777603,-0.1003881740312684,0.0332112978231178,-0.3339008128590879,0.0426063100608953,-0.0482010875109946
2022-10-14,-0.0397342951758021,-0.0242926925690447,-0.0313826586561969,-0.0202582035229808,0.2491747061664782,-0.0584622090509583
2022-10-17,-0.0011621151801772,-0.0032840752011897,-0.012878056400539,-0.1235226809463481,-0.0248607771538154,0.0375768770832234
2022-10-18,-0.0320188023062577,0.0130720815673528,-0.017507372373319,-0.0150259845662245,-0.0450513168903334,0.021256600815203
2022-10-19,0.0320188023062577,-0.0899673353938295,0.0207972097521516,0.042891564629313,-0.0456042464510142,-0.0167318514628238
2022-10-20,0.0002325311020827,-0.0988689024213189,0.0019687198746343,0.0022874581075988,-0.2592132902631707,-0.0185942502984168
2022-10-21,-0.0064143901776638,-0.1363364435521312,0.0032726111895886,0.0698556624151914,-0.1303177682138541,0.0354589615629237
2022-10-24,0.0075762353182362,0.0777929879395209,-0.0027264317014354,-0.0157483569681391,0.1130958219003703,-0.0076289344107696
2022-10-25,0.0093615245948104,0.072175604402668,0.0020727657014747,0.0273989741881144,0.0616480574555202,0.04988054226878
2022-10-26,0.0279056220087881,0.0210534091978324,0.0126700487481326,0.0204975041555017,-0.0579893007364082,0.0157643105662739
2022-10-27,-0.0036985192062042,0.0037807228399058,0.0132551379527239,0.045378311243561,-0.0027030072855982,-0.0056257132468653
2022-10-28,-0.0136794852604502,-0.0542768868544383,0.0049785601481593,-0.0222637539439887,-0.0030296784726076,0.0070918973284941
2022-10-31,-0.0150240798363681,0.0,-0.0142601118168332,-0.0077585142090597,0.0161580195986141,-0.0026738347588564
2022-11-01,0.0208126437551783,-0.0939167287975244,0.019319144529228,0.025741016759492,-0.2442282961948993,-0.0071876755631228
2022-11-02,0.0190567363215086,0.0021857932199802,0.0099378400391207,0.049889669502849,0.0060000178692956,-0.0406076659949405
2022-11-03,-0.0215496554595846,0.0151682214731714,-0.0081522190615501,0.0018820582719798,-0.2306426755248818,0.0169708445128549
2022-11-04,0.0491466761892835,-0.1505728584793744,0.0435342328978753,0.0566533941073241,0.2076485604152447,0.0070414223171955
2022-11-07,-0.0084608379766795,0.1441003439737569,0.0034102339970711,-0.021853885744699,-0.060560197018491,-0.0106649878768845
2022-11-08,-0.0332256476283205,-0.1441003439737569,-0.0307059504020381,0.0678622891166653,0.060560197018491,0.0274762056157733
2022-11-09,-0.0344842004132504,-0.1450257720502576,-0.0400264067647455,0.0226488081945639,-0.0992338763729634,-0.0342400737253267
2022-11-10,0.0084731514999845,0.3273473288442123,0.0128138432398605,0.0049641580155217,0.0100883667885804,0.0937782965153886
2022-11-15,0.0118111609283442,-0.0560278314696625,0.0075576494702467,-0.0417446456698233,0.0183417823806166,0.012312070967674
2022-11-16,-0.0144938475550286,-0.0033955890011383,-0.018084062457234,-0.0061083617030792,-0.0201604672443913,-0.0264693077076305
2022-11-17,-0.0469873053630225,0.0529925301405105,-0.0175376206653279,-0.1582977168733477,-0.0057048015750131,-0.0063458467426924
2022-11-18,-0.0200303432692354,-0.0162605208717805,-0.0230099631053013,-0.1118035927131172,-0.043616909836265,-0.0042340157979294
2022-11-21,-0.0041299101313327,0.0210875616200962,-0.005525187422303,0.0084140168248461,-0.2064999724620095,-0.0199644117180337
2022-11-22,0.0135768417925437,0.0064000218454676,0.0023716765309718,-0.0096822478128413,-0.2582508531730898,0.0173588438812988
2022-11-23,-0.0365371958902835,0.0467374778516898,-0.0315122035300072,-0.0326770260263002,-0.0701214527423621,0.0134920461878627
2022-11-29,0.0110925940700763,0.0049875415110391,-0.0033589283020152,0.0203943516262699,0.0337536705399772,-0.0061211968953713
2022-11-30,0.0318128317120693,0.149163138316219,0.0283143951995992,0.0565844358962509,0.2194942642215229,0.0523353087234612
2022-12-01,0.0071809148487336,-0.1006099128992283,0.0077957227665619,-0.0242490552533143,-0.2005895565577971,-0.0179287813050628
2022-12-02,-0.014914519565087,-0.2519917056518681,0.0030089132757824,-0.0469963195257742,-0.1006517321455398,0.0164569929727109
2022-12-05,-0.0386799127555317,-0.1702001962616097,-0.0374381567916817,-0.0518199996078383,-0.03649493112409,-0.0275889743224402
2022-12-06,-0.0346962768975016,0.0985906638834865,-0.0421424436647583,-0.0300506441995551,-0.0610337089814141,-0.0444108069135245
2022-12-07,-0.0312054881027776,-0.0198462963719305,-0.0357931604954293,-0.0320489735691511,0.108454000050183,0.0010319234855318
2022-12-08,-0.0087970964590144,0.0646777096686608,-0.0142365102837667,0.1019376863453841,0.0908656370509728,0.0082647343275734
2022-12-09,-0.0035124728771407,0.0388994796137378,0.0045934853391909,-0.0082304991365154,0.0710967220802603,-0.0112036238612525
2022-12-12,0.0265274912229669,0.3011452526200748,0.0211188777892985,0.0163938097756765,0.2157020322112481,0.0016949500179359
2022-12-13,0.0334262925591257,0.0675058823653731,0.027066278518407,0.0357013021077252,0.218699980251336,0.013151300352086
2022-12-14,0.0222843144548798,-0.0961438605529023,0.0390335231861165,-0.0290282554198771,-0.2398011493952463,-0.006608774766498
2022-12-15,-0.0163370293642604,0.0389854467129537,-0.0119516120523561,0.0391293514063811,-0.0179944045668714,-0.0346005891049312
2022-12-16,-0.0226555532143866,-0.0253178079842899,-0.0263335014692902,-0.0184422008803525,0.4617711281065144,-0.0214505238590696
2022-12-19,0.0115251878780364,-0.0866001082196954,0.0180407710189607,0.0613634066857947,-0.3801240694025436,-0.0253922055204682
2022-12-20,0.0115255962222011,-0.1410785982599054,-0.0274363929087044,0.0152011613320504,-0.067651347484718,-0.0095981190409206
2022-12-21,0.0292057879305662,0.1492686522299497,0.0100188690273999,0.017941532096952,-0.1445625219614461,0.015160086067957
2022-12-22,-0.0062881182491691,0.1469000340991497,-0.0083839570113424,0.0025369992465886,0.9668879075553862,-0.0433442695391095
2022-12-29,-0.0058479698824234,-0.071458963982145,-0.0090987963268016,0.0366655735638131,-0.2364611672933225,0.0303736527470279
2022-12-30,0.0218181301119795,-0.0712630200214905,0.0227143725782656,0.0616379186076705,-0.1709174973420015,0.0018564357252772
2023-01-04,-0.0541250406137532,0.02977215833367,-0.0649036118334738,-0.0691838752121046,0.1076502344389158,0.024736228720176
2023-01-05,0.0107902433233277,0.0079681696491766,0.0186798380763137,-0.0486469079554487,0.1181611178356174,-0.0308819124165555
2023-01-06,0.0021712588255962,-0.0971637484536476,-0.0041791885300987,0.0,0.0737012080302816,0.0224369112138207
2023-01-09,0.012394069472764,0.0621669064165515,0.0141643586998263,0.0132339177950245,-0.0924506415535013,0.0243999254182591
2023-01-10,0.005607491328945,-0.094762384666003,0.0115459909970612,0.0059196790202997,0.0562787169439316,0.0182470388371349
2023-01-11,0.0308079683886859,0.0267475083670283,0.033982330725891,0.0392693564117406,-0.2254516585899546,0.0389239676991985
2023-01-18,-0.0090124530410813,-0.0694094513721677,-0.0071360911773039,-0.0223670301468961,-0.0606830087524752,-0.0035138812011599
2023-01-19,0.0097598372313267,-0.0949977286222796,0.0153976748131476,0.03547438819366,0.0246642789971165,-0.0507260552426815
2023-01-20,0.0118827985647431,0.0792493716541404,0.0218562524809176,0.0155807826066242,0.2076629149817996,0.0286072522548002
2023-01-23,0.0042973852125456,0.0851578083403068,0.0066475889497956,-0.0163470661690247,-0.0659855321590665,0.0511890018668808
2023-01-24,-0.0217992283425836,-0.0235999153408734,-0.0265077155991235,0.0114330513665955,-0.0107438368512022,-0.0101193772821579
2023-01-25,-0.0010022551578146,-0.080789254927321,-0.0019961258315897,-0.024938948347252,-0.11430676008393,-0.0030579169419571
2023-01-26,0.0107219578457975,-0.1275392106017481,0.01412172618818,0.0298529631496812,-0.0947859511349449,0.008470091449686
2023-01-27,-0.0113488778086541,0.0396448313472403,-0.0108361095267186,0.0600033659721798,0.1055489893523615,0.0419646013664554
2023-01-30,-0.0223217891928957,-0.003539826705124,-0.005403513676196,0.0207352359535177,0.2023766818423533,-0.0349926959475048
2023-01-31,0.0124906033801428,-0.0621772449518914,-0.0175860045485025,0.0220167131874666,-0.0338795899185182,0.0366717866012278
2023-02-01,-0.0336176933845679,0.0,-0.0219362852876479,-0.0342653352636657,-0.0451558710651731,0.0262093049490115
2023-02-02,-0.0061756979670999,0.0075188324140273,-0.0128254316920468,-0.0021149109046258,0.9327681441644876,0.0168885300083241
2023-02-03,-0.0330974137295134,-0.1066097350582583,-0.0215790583800572,-0.052147947654741,-1.2520103227087225,-0.0202233992679463
2023-02-06,0.009626540342797,-0.1007415698015317,0.0204613929423818,0.0246019384279119,-0.1651288143130704,-0.0070620005189141
2023-02-07,0.0404603045062446,0.0796881606036994,0.0298675812161501,0.0415616556151736,-0.0716107378846913,0.0073119184700454
2023-02-08,0.0167056056698697,0.0210534091978322,0.0149622756559057,-0.0003480076596806,-0.0741671827018275,-0.0143274242653079
2023-02-09,-0.0054948703844708,0.0,-0.0084710880600784,-0.0143736041656792,0.1384379953181129,-0.0176782653282945
2023-02-10,0.0215498261982984,-0.01257878220686,0.0236809550524723,0.0251059211310762,0.0710834480606479,-0.011385235517733
2023-02-13,0.0050037632547894,0.0208775850215552,0.0060662808522566,0.0044665939230346,-0.202356302643762,0.0104301006104963
2023-02-14,-0.0133151069055825,0.0,-0.011934153574507,0.0149713582338699,-0.0597020379297106,0.0152048365206836
2023-02-15,-0.006470051114686,0.0123204843880406,-0.0100550915192823,0.0371272340288935,0.1858047220690415,0.0347648243651708
2023-02-16,-0.0015284680086882,0.012170535620255,-0.0032152454016145,-0.0263780542777858,0.2269380817199033,-0.0304383473492899
2023-02-17,-0.0276574878774997,-0.0840831172105414,-0.0225568939077929,-0.0030115465290474,-0.1242753143623174,-0.0177256728505632
2023-02-22,-0.0310215915754099,-0.0238674814066435,-0.0320393537446168,-0.0320473262871798,-0.1273330529240719,0.0039149871036663
2023-02-23,0.0175595960084828,0.0471785602750904,0.0313086266386637,0.0385397461538647,0.3358274798716842,-5.29253102792282e-05
2023-02-24,0.0122814353196272,0.0839344514851505,0.0027982255620937,-0.002045687723293,-0.1011716676929133,-0.0254027495659476
2023-02-27,-0.0081708414522898,0.077431740132816,-0.0130848702723689,0.0222756426259969,-0.0517283433780715,0.0281421466855311
2023-02-28,0.0171863856294081,-0.0198026272961796,0.0239597962001543,0.0325098404815864,0.0114750099219129,0.0053499659188931
2023-03-01,0.0089349898407435,0.0353671438372912,0.0056324674042746,0.011564536207709,-0.0677668381332194,-0.0042670211901256
2023-03-02,0.0061688924586604,0.0304205967007118,0.0056009203202016,0.003825315471162,0.2523952767417272,-0.0154287502402681
2023-03-03,0.0199156706107306,-0.0037523496185504,0.0187185405330163,0.0120178549515765,-0.0999714303853398,0.0335750409026012
2023-03-06,0.0096244727676975,-0.0781647728493363,0.0013986016265832,-0.0022029906627898,0.0508070103572313,-0.0041496081693752
2023-03-07,-0.0372572234769918,0.0240975515790604,-0.0335160745224749,-0.0454403933977731,0.0478082509241222,-0.0202707123893395
2023-03-08,-0.0115578197181784,-0.0079681696491767,-0.0112639718155564,-0.0393394145600323,-0.1370870935594981,0.0067368721704283
2023-03-09,-0.0126184639592112,0.0,-0.0134888617859436,-0.0728952436298833,0.1081744108753159,-0.0314481913518669
2023-03-10,0.0124878389182052,-0.0408219945202552,0.0159219530105847,0.0135558038435745,0.1134487457201842,-0.0332417203930841
2023-03-13,-0.0247318034301704,0.0,-0.0324780042907493,-0.0348054384500873,0.0116547387199874,-0.0016584839137978
2023-03-14,-0.0480004385914751,0.0990909026442309,-0.037079164552467,-0.0144215023150634,-0.1737619047050129,0.0129809037577164
2023-03-15,-0.0548636421036405,-0.078471615441495,-0.0327029871160942,-0.044156421145315,-0.0995265528237423,-0.0338593709947279
2023-03-16,0.0113629201641352,0.0,-0.0160090245778183,0.0063719849208359,-0.1163375506424388,0.0061297105991728
2023-03-21,0.0268707755731592,-0.1444815825552332,0.0320679652114721,0.0012327924306325,-0.1432385165983309,0.041972374318564
2023-03-22,0.0187001381033908,0.0505157901369017,0.0172349486881673,0.0527911453544502,-0.0247782093875161,-0.0267387565191672
2023-03-23,-0.0133828876650046,0.0243321006595307,-0.0235398860677564,0.0081474747496507,-0.0377556525096665,0.0104039455981848
2023-03-24,-0.0079142797439466,-0.0194180858571015,-0.0091929807887529,0.0141955194049329,0.1843346207265659,-0.0104058095672741
2023-03-27,0.0513871934749925,0.0,0.0421520887730011,0.0468835858988503,0.0366576692219746,-0.0014384662656379
2023-03-28,0.0034248954637039,-0.0098522964430116,0.0164012199785732,0.0101266688179293,-0.1675360174572686,-0.0081040053316021
2023-03-29,-0.0023276521771,-0.0404095383378766,-0.0071988998387793,-0.0104902390818868,-0.0053335379111909,0.0340246113986415
2023-03-30,0.0186058195367877,0.0051413995004186,0.0120545188856215,0.0155153752845598,-0.0753432314688007,0.0080674975725534
2023-03-31,0.0181338302380407,0.0741079721537218,0.0093885490432787,0.017743545705823,0.2142185319672829,0.0260997385579466
2023-04-03,0.0605002514412973,-0.0047732787526577,0.0802855215967088,0.0457202843019826,-0.0160878826702717,-0.0239674046821853
2023-04-04,0.0037243990909825,0.018957913744614,-0.0012827242152955,-0.0401082036306705,0.1871223715741692,-0.0207659175748009
2023-04-05,-0.0001239234154883,0.0186051878310344,0.0022145821743997,0.0048848666569778,0.1807656515803426,-0.0322646918325526
2023-04-06,0.0001239234154883,0.0045977092486295,0.0077704073200379,0.0138266979801449,-0.4206096411812225,-0.0070460058152379
2023-04-12,0.0208745443757223,0.0136056520557787,0.0112738197989674,-0.0006761325477326,0.1729658285724857,-0.0152369290276954
2023-04-13,-0.0132996761465262,-0.0845573880280631,-0.0205933372884281,-0.0160221596869387,0.0077378405500772,0.0211720296844042
2023-04-14,0.0050989548376412,-0.0870113769896296,0.0092049896304331,0.0088950295688678,-0.1273833458661837,-0.0129555965549181
2023-04-17,-0.0201829369503334,0.167054084663166,-0.0194293147846149,-0.0262264859205079,-0.0094025081700381,0.0231552153365308
2023-04-18,-0.0009889974844954,0.0090090699423659,-0.0017532585871542,-0.0326965870763382,-0.0144261229657427,-0.00550140692508
2023-04-19,-0.0208718443451303,-0.0135442251077571,-0.0016391526910926,-0.0572434225533927,0.1743324867246736,-0.0146777187209306
2023-04-20,-0.0244179597324922,-0.0045558165358609,-0.0243147838126045,-0.0216559120453793,0.1539946042551303,-0.0204351117310466
2023-04-21,0.0076065602368169,0.0045558165358609,0.0008400840578071,0.0178230211896719,-0.205146664473081,-0.0108186493957491
2023-04-24,0.009968133656601,-0.0045558165358609,0.0103825743222154,0.0505441659346181,0.0813389425324127,0.0050802642263132
2023-04-25,-0.0204259140727858,0.009090971701252,-0.0252477945751712,-0.0195397921798952,-0.1828061741539874,-0.0313386519862879
2023-04-26,-0.0359399230289225,-0.009090971701252,-0.0364533295297802,0.0022313136814355,0.0464034163264015,-0.0451847804717848
2023-04-27,0.0059020962746219,-0.0091743762760412,0.011550662004705,-0.0048408212200097,-0.0457985494000237,0.0138041017356531
2023-04-28,0.0265274545608269,0.0450526639409432,0.0149912985331202,-0.0007468260242562,0.0241947720703592,-0.0024486534452039
2023-05-03,-0.0440461704641794,-0.0532813666129369,-0.0508062741528654,-0.0462208048012283,0.0331121344163412,0.0023481171454093
2023-05-04,-0.0014583639743843,-0.0251902488285584,0.0012336373300518,0.0032854238997969,-0.1787188632631426,-0.0071618087830165
2023-05-05,0.0400511195390196,-0.0577588341521922,0.0382982646461504,0.0358403570508277,0.2214896095892902,0.0390207778886013
2023-05-10,-0.0157311225717302,-0.0460911072002669,-0.0137254517789733,0.0072895009143408,0.1707629031759854,0.0074521572537209
2023-05-11,-0.0240000357116381,-0.0238674814066435,-0.0181560045842585,-0.0298761308724108,0.1464453363703937,-6.234740662325322e-05
2023-05-12,-0.0112193181371633,-0.0444517625708338,-0.0104098097378386,-0.0150796508270595,-0.3189311718148442,0.0206689416652015
2023-05-15,0.0148843913122842,0.1278333715098849,0.0122668204850517,0.0361248546610454,0.1013180582437147,0.0121988485069799
2023-05-16,-0.0031003407021144,0.0132452267500206,-0.0041165983371813,0.006151499598064,-0.1792913538319469,-0.0189858012066217
2023-05-17,0.0268762260473245,-0.0132452267500206,0.0240595316566167,0.025729758383624,-0.0951041698167882,0.0217677771073177
2023-05-18,-0.0132782033860774,0.0219789067187751,-0.0161072034661211,0.0232611558617634,0.0457482752015732,0.0001001637217994
2023-05-19,-0.00348699704743,0.0299808322119359,-0.0043659525592678,0.0234456185746807,0.1656717135225269,-0.0116627698279856
2023-05-22,0.00334775037172,-0.0299808322119359,0.0046299441130708,0.0301989240595492,-0.0097280005694333,0.0249850608047115
2023-05-23,0.0146532895599644,-0.0354019270509157,0.0116776240091267,-0.0266402014425553,-0.1010108174606587,-0.0051821743431643
2023-05-24,0.0203756030330177,0.0134230203321406,0.0172005533899977,0.0077848942350606,-0.1795634622854787,-0.0170662196002036
2023-05-25,-0.0368408660485339,-0.0089286307443013,-0.0303309941375236,-0.0024704441715679,-0.0852340037424976,0.0033920899755743
2023-05-26,0.0093036844108178,-0.1707298086301696,0.0088164266054961,0.0295931081473093,0.2795192471460068,0.0206751851953379
2023-05-31,-0.0194830239471262,-0.0047506027585977,-0.0192631162762513,-0.0247014527991771,0.1614847976404929,-0.0133714261589199
2023-06-01,0.0286560852590067,-0.1709577981436395,0.0301062694105604,-0.0372943349440955,0.1615465034715262,0.0148579775836319
2023-06-02,0.023547087238307,-0.0170944333593001,0.0242387682248859,0.0248944678241538,-0.5206889700283339,0.0133914192169664
2023-06-05,0.0052814577248527,0.0984400728132525,0.0079942762423987,0.0065837838402587,0.0124281014875071,-0.0061999297062973
2023-06-06,-0.0059784675809098,0.0155041865359653,-0.0051037210830156,0.0483907996745727,-0.0921158128975498,0.0179233308167878
2023-06-07,0.0112321779921673,0.0882926071456782,0.0082315745388905,0.0707280792796152,-0.0759388651449954,0.0067410653985948
2023-06-08,-0.0172466027240965,-0.0141846349919563,-0.0127023249177913,-0.0460269949488516,-0.0281515402546261,0.002848697025092
2023-06-09,-0.0158374350986267,-0.1267517056391438,-0.0151377210094754,-0.0285291732234285,0.0952489178971305,-0.0091209624196402
2023-06-12,-0.0448924111089192,0.0266682470821612,-0.0401309480031599,-0.0380219897893565,-0.2063866317113984,0.0191702712597452
2023-06-13,0.0338568279564492,0.0512932943875505,0.0334186124237669,0.0232693513143182,0.1429351360916473,0.0248127980123671
2023-06-14,-0.0170049879209575,0.0246926125903714,-0.011515401920974,-0.0178512416177776,0.1285736229114782,-0.0145299556756501
2023-06-15,0.0344340005377556,0.0614850836506809,0.0316507578325078,0.0294608706956167,-0.1358787191328319,0.0050656041326675
2023-06-16,0.0168519645939708,-0.023202897079664,0.01324522675002,-0.0327082125353859,0.2202318819282189,-0.0104296570287791
2023-06-21,0.0224415299847207,-0.0606246218164348,0.0147995628966413,0.0025524170648383,-0.0048481048308124,-0.0173831149875711
2023-06-22,-0.0469861411229981,0.0133039656263628,-0.0396472211515703,-0.0496463208073039,0.1562011839013317,-0.0095984508884869
2023-06-23,-0.0044885328380814,-0.0222726356091231,-0.0050172998328879,0.0297854252440059,0.1484760111350729,-0.0232150059011466
2023-06-26,0.0026086971315866,0.1656671218888173,0.0040700096882968,0.0289238540983598,-0.1322752342769559,-0.0012713468114426
2023-06-27,-0.0206192872027353,0.0226424767497598,-0.0271733475090591,-0.0108854485601923,0.0417748818565009,0.0259770705385582
2023-06-30,0.0115295562280284,0.0327898228229909,0.0087619351412184,0.0086222296536413,-0.0639001904637961,0.0228365701976418
2023-07-03,-0.0135358624326915,0.0,0.0001342011677518,-0.0257405515965885,0.175310569053936,0.0235663685889795
2023-07-06,-0.0002786679689208,-0.0582689081239756,-0.0002606542436236,0.0024250834680756,-0.1423367192859244,-0.0216768445928021
2023-07-07,0.0295209190462548,-0.0040080213975387,0.0263697831400495,0.012037978559479,-0.0377940738351769,0.0284569378591728
2023-07-10,-0.0117039986000868,0.0238106486937184,-0.0120052527439353,0.0105425224021356,0.1296790434569468,0.0232034476659155
2023-07-11,0.0246091380458857,0.0078125397367936,0.0217330788082472,-0.067519957144676,-0.0057661218586195,0.0027224339005202
2023-07-12,0.0119491597006877,-0.0078125397367936,0.0101320524039767,0.0802932400561573,0.0631324448200665,0.0171079374215947
2023-07-13,0.0142831491934156,-0.0198026272961796,0.0118769180362248,0.0023352804607932,-0.0765671277361841,0.0143752914670223
2023-07-14,-0.0186479468114955,0.0,-0.0174931574475172,-0.0523285729085005,0.1381123922394564,-0.0216948110747052
2023-07-17,-0.016977882576735,-0.0161293819298836,-0.0266344215878824,0.0003510619660418,-0.1271272644499737,0.032241232064341
2023-07-18,0.0212106931293556,0.0240975515790604,0.022118608595198,0.0035038578244035,-0.0873120941890341,0.0010240971739623
2023-07-19,-0.0047631738639122,-0.0039761483796394,-0.0020135924246247,0.0107845887841659,-0.0261276678463744,-0.0027383824539581
2023-07-20,0.003310165220455,0.0390674681909095,0.003018870217252,-0.0086881519576378,-0.0133242882519013,-0.0327055799110977
2023-07-21,0.0184668989636458,0.0,0.017924303627991,0.0210679524312296,0.1292136054139447,-0.0070469684509086
2023-07-24,0.0224555531675472,0.0264665731881633,0.0179722424044301,0.0401929518750374,0.1538954099312075,-0.0013194934312714
2023-07-25,0.0119822332880241,-0.0074906717291576,0.0112056115588137,0.0136943776895597,0.1004301407928665,-0.0012616457172649
2023-07-26,-0.0081828366202776,-0.0228146777661714,-0.0057678602586843,0.0157432970460114,0.4788452118196842,0.0023729510431094
2023-07-27,0.0133100910215553,-0.0512932943875504,0.0155449740312665,0.0170674180875654,0.4402424279175809,-0.0187521063197761
2023-07-28,0.0047287295681233,0.0240011520995429,0.0024885952287645,0.019857928364426,-1.3077013146997754,0.0150073771140961
2023-07-31,0.015399133985718,0.0195700961940973,0.0086029639070126,-0.0189182258677118,-0.0442055083997425,0.0151362323014891
2023-08-01,-0.005270588900136,-0.0355066884569097,0.0014071296880882,-0.0250448975534041,-0.1041382405954696,-0.0194455171738034
2023-08-02,-0.0232496330482794,-0.0243914531241592,-0.0157074383830986,-0.011949116822729,0.065654815548001,-0.0464699607152869
2023-08-03,0.0255819240459684,0.0041067819526533,0.0256183222825523,0.0051847167341867,-0.003320989683023,-0.001777338864727
2023-08-04,0.014605907171088,0.0362212634343183,0.013712261863982,0.0176201899680132,0.118050693083199,-0.0108233690723587
2023-08-07,-0.0099575807586171,0.046340337258702,-0.0104688905509506,-0.0073307101196027,-0.1765564504716117,-0.0111155077727449
2023-08-08,0.0121301826995097,0.0442876802011164,0.0175392815058677,0.0015982103449836,0.0801690077781964,-0.0027377398251591
2023-08-09,0.0168573541737417,0.0527362960809432,0.0147766492175875,0.0277183099724025,-0.0283384880552421,-0.0082816935839842
2023-08-10,-0.0184259819463683,-0.031306904625044,-0.0211606198275111,-0.0018656721829495,0.1437591569647933,-0.0143997343096931
2023-08-11,0.0043378788349874,-0.0809264903205443,0.0055881995226272,0.0230743970602118,0.003137290161467,-0.0120511598111923
2023-08-14,-0.0080884125399611,0.0486076990653768,-0.006045760729421,-0.015941477997688,0.0765118624530396,0.0065317550388614
2023-08-15,-0.0176086721404722,-0.0333982804018481,-0.0128974611405334,-0.0184006439088662,-0.155706496207828,-0.029490187256151
2023-08-16,-0.0206912529470724,-0.038466280827796,-0.0209646373562026,0.005023558445266,-0.0843036407454205,-0.0207535705689814
2023-08-17,0.012888872662887,0.0039138993211363,0.0088376230656628,0.0341729419260865,-0.1450875984278044,-0.0207662205568741
2023-08-18,0.0101435802938691,-0.0480092191863606,0.0079458235301386,-0.0091213767097884,0.7679928782132359,-0.0018092438184318
2023-08-21,-0.0066683378735659,0.0635134057223258,-0.0056022555486698,-0.0119835509960792,-0.4620609945029796,0.0135693585061984
2023-08-24,0.0077005998153749,-0.0717439048588413,0.0015475272417599,0.0954506785751916,0.0340732889383037,-0.0295635747809672
2023-08-25,0.0118758818097228,0.0163938097756763,0.0159304802661148,0.0274369434406183,-0.3375337570443184,0.0142766599161952
2023-08-30,0.0061432801633429,-0.0080321716972643,0.0028903424942861,-0.0057454912432497,-0.2416157437731012,-0.0003072714018879
2023-08-31,0.023125917099759,0.0317486983145803,0.0077051729607777,-0.01538715218625,-0.1047387654104907,-0.0004845375680062
2023-09-01,0.0233050116753865,0.0532445145188122,0.0303515146657682,-0.0102926948948278,1.4840429478610346,0.001701350271003
2023-09-06,0.0092949203246401,-0.0432287345508199,0.0059003667683992,0.0067957123695876,-0.0576789141075915,-0.0216848840426768
2023-09-07,-0.0077973104600319,-0.0161946859199806,-0.0068871548535165,0.0085032032650878,-0.3918792715807067,-0.013254024192193
2023-09-08,0.0073403242759111,0.032131278182793,0.0075406072836514,0.02194717025834,-0.0705403025148267,-0.0083281885532668
2023-09-11,-0.0024026097021829,-0.0119285708652736,0.0013056252534715,0.0172735428949413,0.2073314540256534,0.0111913558407499
2023-09-12,0.0178241649048267,0.0843411484337508,0.0173542485234641,0.0002807017562291,-0.2025762342436543,0.0029116858109201
2023-09-13,-0.0031556433264423,0.0145987994211524,-0.0057871772276616,0.0279525601881847,-0.131334689762772,-0.0093275079049046
2023-09-14,0.0172340881443773,0.017953803616596,0.022950433586911,0.0261294326763155,-0.0680797928120018,0.0195454969516717
2023-09-15,0.0077365549458034,-0.0252265629456756,0.0036697288889619,0.1369488381775065,0.1579811491835663,-0.0142233108648817
2023-09-18,0.0070214221541506,-0.0757938393695336,0.0041775517674267,-0.0030186949661892,-0.11331364913993,-0.0207413844423633
2023-09-19,-0.0033948452907894,-0.0320027310861738,0.0016661463814839,-0.0311787182484508,0.0712364647643477,-0.0026872483411457
2023-09-20,-0.0217351647915196,0.122289577758274,-0.0162588151774043,-0.0638989304537913,0.0565312040341865,-0.0129958026989296
2023-09-21,0.0040277521445899,-0.029199154692262,-0.0091363644134121,-0.1333121985272727,-0.1073651553526975,-0.0295004345868514
2023-09-22,0.0049008785997113,-0.0262679268206103,0.003090204387834,0.0843046194205781,0.0525514607031629,-0.0093700755580199
2023-09-25,-0.0035618915663606,0.0,0.0002127659582491,0.0306821211280807,0.1316583230518428,0.006052973138158
2023-09-26,0.0193258734124306,-0.0308904870193383,0.004775304877512,0.0095917780098591,-0.0773862882305094,-0.0139577351628119
2023-09-27,0.0242043150447042,0.0645385211375711,0.0275649108293078,0.1419133483414618,-0.0100739741124353,-0.0039379153762748
2023-09-28,-0.0218009929353248,0.0073260400920729,-0.0047486411107744,-0.106928791995835,0.0205837989057737,0.0072981483529632
2023-09-29,-0.0096481397471785,-0.0221411258772135,-0.0081039404550198,-0.0196232711841395,0.3399018737467321,0.0033797903818308
2023-10-02,-0.0218295782681225,0.007434978487518,-0.0497242535394182,-0.1437459860342409,0.1203264922927536,-0.0303702929770572
2023-10-03,0.0050542029307107,0.0036968618813261,0.0350119242759046,-0.1446138228040376,0.0365499452967696,-0.0389800059498837
2023-10-04,-0.0569343744080717,0.0746349813885808,-0.0502574692268558,-0.1148213241620552,-0.1920292961281884,0.0231288563032556
2023-10-05,-0.0242479771100283,0.0,-0.0174054138525798,-0.0510931943368577,-0.2459284649092135,-0.0459022135574516
2023-10-06,0.0064192069271484,0.1223388521922441,-0.0047689428409025,0.0107463720754839,0.0012630208939778,0.0218496354909376
2023-10-11,-0.0258284302827043,-0.0459498901918558,-0.0350046957478387,-0.012611443114323,-0.0927082201003264,0.0047716357986473
2023-10-12,-0.0099658626344787,-0.0094488891979325,0.0093193082703457,-0.0564340862805419,0.0030790704678622,-0.0173159060005634
2023-10-13,0.0563066507395433,-0.0159493014076779,0.0649273030181634,0.0318721109201004,0.1982844257522167,-0.0187618648130909
2023-10-16,-0.0117027494388786,-0.0426994256738297,-0.0360496622931618,0.0091394390930926,0.044990386362425,0.0195512732637421
2023-10-17,0.0001154001501477,-0.0135137191667227,0.0166752269946384,0.0003790032260641,-0.1394582664476864,0.0115876385882156
2023-10-18,0.0193137824539419,-0.0068259650703998,-0.0057449618741722,0.0247018547772579,-0.0067197410335939,-0.0483519556354661
2023-10-19,0.0112550428397319,-0.0277795641070757,0.012209108494062,-0.0480880077814492,-0.0314099051875418,-0.0386038857554069
2023-10-20,-0.0025774654264631,-0.0882926071456783,0.0064226296564671,0.017304796367741,0.1296514286511705,-0.0392384652692365
2023-10-23,-0.0415843661408317,0.0190481949706944,-0.0198282358186974,-0.0188575917108018,-0.2095292203232173,-0.0061901245742213
2023-10-24,-0.0107015779937995,0.0727593542824284,-0.0431465633426908,-0.0497813312039042,-0.0817254726787686,0.0170880698231794
2023-10-25,0.0174630866170399,0.003502630551202,0.0240272027842953,0.0048879934388881,0.0948910607835618,-0.0288261421949869
2023-10-26,-0.0267279111733458,0.0034904049397685,-0.0189265966567075,0.02765153133051,0.0556149342511709,-0.0027587945681117
2023-10-27,0.0263792969114922,0.1212613000327083,0.025450642575743,0.0207322113742747,0.1297294420881423,-0.0255839396515931
2023-10-30,-0.0356103161255898,-0.0218417419150489,0.0,-0.0306627795768753,-0.054066095268201,-0.0411111125004355
2023-10-31,-0.0168826503322954,0.0522392190994198,-0.0440510533100901,0.0011968882338461,0.1850906168104122,0.0116258679435343
2023-11-01,-0.0072530897599589,-0.0459498901918558,0.0011511455167818,-0.0307716586667536,-0.0141180375013636,-0.0049311003603706
2023-11-02,0.0242561712358932,-0.0221879149753621,0.023872908199479,0.020753542422109,-0.1978709945084791,0.0494248200352238
2023-11-03,-0.0225303325432228,-0.0392207131532813,-0.0166510048558476,0.0040192980153912,-0.1769634768835137,0.0228356223564363
2023-11-06,0.0043016105167517,-0.1016636537765002,-0.0027450549091447,0.0323627295742786,-0.1321741880955294,-0.0296174883129101
2023-11-07,-0.0448978227517473,-0.3038014543316643,-0.0454570469087327,0.0058083415957468,-0.0375151715606794,0.0050444645640395
2023-11-08,-0.0274381688448182,0.0861776962410524,-0.0238958546937171,-0.0139971181010988,0.0571477277189416,-0.0241428645807024
2023-11-09,0.0064393415225421,0.2176237580906118,0.0034313759158655,0.0205393773410172,0.1716997660525061,-0.0378911303244322
2023-11-14,0.0005070994023474,0.0301909722791456,0.001307267403475,0.004093028969975,0.0294969971625107,0.0778132820137562
2023-11-15,-0.0224296490426585,0.0682491005341068,-0.0216094843328553,0.001484230328131,-0.0334498814113386,0.0193387044299422
2023-11-16,-0.0484661725903796,0.0103627870355467,-0.058344153673298,-0.0435757517331422,-0.2036885666731498,-0.0236757535611014
2023-11-17,0.039613100837343,-0.1049787634103956,0.0439202390160238,-0.0362815819478343,0.1468891408181187,0.0093828260375969
2023-11-20,0.0210915497895065,-0.0508916072963891,0.0246866066024011,-0.0289284788487261,0.2086814688436309,0.0171356690135677
2023-11-21,0.0031959119563893,0.0547011357130567,-0.010020002949882,0.0065925249066629,-0.3535734203861764,-0.0231814560290395
2023-11-22,-0.0199813286484031,0.0336480341182328,-0.0080399994552768,-0.0041152321451066,-0.0315607063667329,0.0018049655405576
2023-11-27,-0.004956805647696,0.0073260400920729,-0.0041428720355662,0.0126264303728116,0.0526398762353119,-0.0117562276077753
2023-11-28,0.0216547817438605,0.0144930073025666,0.0269330583064082,0.0413739124490191,0.0365069370176778,0.0213907539699063
2023-11-29,0.0191349801860196,-0.029199154692262,0.0160353290132926,0.0277026025493356,-0.3545392117035568,0.011894562815903
2023-11-30,-0.0248022111695682,0.0183491386681964,-0.0153008449553011,-0.0590889163700063,-0.1915989178622608,-0.0054108482057939
2023-12-01,-0.0262468200095913,-0.0446170654888067,-0.0374015172054233,-0.0289875368732522,0.0966585017511887,0.0390624631344858
2023-12-04,-0.0132488450288423,-0.0308904870193383,-0.00713924500947,-0.008991711191964,0.070176517922837,-0.0050879155217362
2023-12-05,-0.0107825208330725,0.0645385211375711,-0.0114522257890348,-0.0279128457434868,0.1510905661160837,-0.020929051382077
2023-12-06,-0.0421548258246815,0.0145987994211524,-0.0387911432082903,0.0309190751924129,-0.0343058068170414,0.002226217857685
2023-12-07,0.0002898970885647,-0.0909717782057265,-0.0016157267551601,0.027074411764957,-0.2975007810209193,0.016278495657942
2023-12-08,0.0267407082249047,0.0196469973837964,0.0230446428216142,0.0344578799236878,0.2469876599717686,0.0005322701568939
2023-12-11,0.0011281907838869,-0.072612532963709,-0.0025051104141775,-0.0125787822068601,0.2214671454528582,0.003928121113498
2023-12-12,-0.0385049721758621,-0.0084034107963795,-0.0218879684262116,-0.1773522988797869,-0.2258912469018676,-0.0215303170945997
2023-12-13,0.0119395710705143,-0.0170216875694305,0.0004047217593186,0.020270964373619,-0.1264475773683058,0.0580845270188437
2023-12-14,0.0302232554933299,0.02542509836581,0.0384993640435391,0.0566539600332361,-0.099306260230386,0.0737144711983281
2023-12-15,-0.0022494034509241,0.0207046733616911,-0.002729223865769,-0.0145523259292921,0.1069563589852817,0.0010379857614042
2023-12-18,0.015502021211259,0.0596598364063358,0.0263291392066422,0.0041142915179623,0.2391416517523898,-0.0082937871445745
2023-12-19,0.0147192973186101,-0.0596598364063358,0.0117196225135893,0.0131431758265212,-0.1399032999744935,0.0247348335793375
2023-12-20,0.0087016184676675,0.0162605208717803,0.0159088615007796,-0.0063234176376911,-0.1060943425066369,-0.0447376632561757
2023-12-21,-0.0037976446021383,0.0,-0.004572707714443,-0.0091033855799685,-0.0873148976128543,0.0292494584560234
2023-12-22,-0.004084973000749,0.0239055208535544,-0.0062127436413597,0.0828876598057677,-0.1505212656240573,0.0036971681133799
2023-12-28,-0.0313016739486489,-0.0308904870193383,-0.0241246622584103,-0.0024009615375381,0.012092136673619,-0.0057364490551945
2023-12-29,-0.0018066852249489,0.0116960397631913,-0.0172275044772831,-0.0028084271217262,0.1741199275447478,-0.0177955732451389
2024-01-03,0.0327350072772887,0.0038986404156572,0.0122540967635265,0.0233975982140385,0.1724002283868886,-0.0374816470598968
2024-01-04,-0.0081183796419326,0.0963708127480179,-0.0181739982855351,-0.0242142581205946,0.1064948399224965,-0.0236150300029249
2024-01-05,0.022135075068574,-0.0286757999766664,0.0327089509389084,-0.1127406229554489,-0.2590946211655991,-0.0073720861944694
2024-01-08,-0.0405405026112895,-0.0109690313705739,-0.036940082466069,-0.0372656068725786,-0.1220212751763156,0.0129286593415303
2024-01-09,0.0190959876143539,0.1780231160337402,0.0325889110247317,-0.0318252509943443,0.0954381009849809,-0.0115723649539232
2024-01-10,-0.0119445864567282,0.0,0.0062648034598975,0.0141087234495699,0.0573099796378171,-0.0117804732942063
2024-01-11,0.0080712934693734,-0.0312525435041044,0.0220592545974271,0.0290427458392023,-0.1397308975598337,-0.0218460990615705
2024-01-12,0.0108899001606541,1.4328143767547834,-0.0039975068848825,-0.0232623829237028,1.637098140797005,-0.0191724078470487
2024-01-17,0.0022005235120898,-0.1278333715098849,-0.0159721687611824,0.0314161962333788,-0.7949718366762291,-0.0266159470030604
2024-01-18,0.0208015113754163,0.0069686693160933,0.027015149646048,0.0199496293728488,-0.091497034151267,-0.0049492556433339
2024-01-19,-0.0085129897266744,-0.064538521137571,-0.004080376604147,-0.0120149319668175,-0.0388985739468346,0.0023321517220802
2024-01-22,0.0210816803863833,-0.1388364448542158,0.0121915185296765,-0.0306844937070122,-0.5721593517317878,0.0247838230404493
2024-01-23,-0.0072009912447041,-0.0889474860164961,0.0041529313382229,-0.0130279285329282,-0.1970994750010515,0.0142916763916964
2024-01-24,0.0101199265797626,0.1306201824170643,0.0013399112790972,0.0038778526539788,-0.1262992516618499,-0.0210313593717854
2024-01-25,0.0316865938424166,0.0439192339348354,0.0021887168270575,0.2001427820276917,0.0442470504361072,-0.0137506520205361
2024-01-26,0.0069071648362752,-0.0813456394539524,0.0121930646839727,0.0153274763311005,0.2802159786494878,-0.0051932493110005
2024-01-29,-0.0154145634011868,0.0209651284650449,0.0077691181432282,0.0173984670961677,-0.006135260232555,0.0327363570983267
2024-01-30,0.0135006872189027,-0.0642619342183692,0.0017843340248386,0.0080168400350817,-0.011030971188723,-0.0150626727752785
2024-01-31,-0.0261368222645392,-0.031463269455785,-0.0138824632576524,0.0135953755668437,-0.2669280942259489,-0.0215235631011374
2024-02-01,-0.0254926178789753,-0.0184337016888379,-0.0094443128425876,-0.0456630257591968,-0.0559369466184453,0.0177829830094955
2024-02-02,-0.0223017129840199,-0.0673331200685871,-0.0328952622825902,-0.0433280767635367,0.0727514120303518,-0.0148431113117215
2024-02-05,0.0067155737893278,0.0532813666129369,-0.0030219111387417,0.0515392665939314,0.0762229381932311,-0.0221017812745785
2024-02-06,0.0084331294125234,-0.0094787439545438,0.0145220378808392,0.0073715173761774,-0.101551793722395,0.0202768608485808
2024-02-07,0.0058072956778598,-0.0792493716541405,0.0089087448891094,0.0126754145691133,-0.1849639831322678,0.0159988897543073
2024-02-08,0.0319380488218685,-0.1088028598487991,0.0222921710561925,-0.0119026170036049,-0.148004201195198,0.014566864771389
2024-02-09,0.0076658596673322,0.0,0.0068431745528254,0.0096099144326295,0.3457127541786975,0.0223897934645052
2024-02-12,0.0010349289410154,0.0114286958236228,0.0035829490139498,0.0159396164121572,0.1909263509424343,0.0184000136593951
2024-02-13,0.0120808563487244,-0.0890796300536887,0.0099644952594317,0.0067542470655639,-0.043969834355904,-0.0529570618552508
2024-02-14,-0.0153185720567039,-0.0641245281695387,-0.0036658232975224,-0.0265267543334285,-0.336129444332681,0.0362752283895648
2024-02-15,0.0177428156682104,0.0131580845775111,-0.0009482044090782,0.0186423508092797,0.0432485302506857,0.0194099365025843
2024-02-16,0.0149256502166759,0.0129871955268112,0.006500820719177,-0.0018864370808407,0.2629777167514815,-0.0114893468627066
2024-02-21,0.0021572243630005,0.0519597389307111,-0.0001179593041769,-0.0542799374438884,0.0605200333499595,-0.0109268156805395
2024-02-22,0.0094620020889975,0.0250013022054172,0.0125433917021284,0.0104544579038589,-0.0210181669426385,-0.0395306300687599
2024-02-23,-0.0259490520068226,-0.0637158143861077,-0.0195277349800182,-0.0181639706276711,-0.038202977026625,-0.0244045688617022
2024-02-26,0.0119132901976097,0.0820649530543041,-0.0020215239656691,-0.005718969835661,-0.0597263962506082,0.0173046105403482
2024-02-27,0.0160427870689803,-0.0820649530543041,-0.0025028318887185,0.0146403590963994,0.0908240746798592,0.0139843778296304
2024-02-28,-0.0045214847188459,0.0575238441381866,0.0033357190806588,-0.0166908006595718,0.2542128274288351,0.0002761605831675
2024-02-29,-0.0027732275431464,0.036589447432292,0.0058108672254348,0.0279313846891775,-0.0593103490987827,0.0163383808098718
2024-03-01,0.0209850318706754,-0.1275612256380188,0.0029517702523138,0.1131148044378315,-0.1279819233559402,0.0185548348441972
2024-03-04,-0.0153207206721717,0.0067796869853787,0.0205374779673901,-0.0067966636170455,0.0247984539696468,-0.0246336251742267
2024-03-05,-0.0070538143589695,0.0200675630508093,-0.008816762450456,-0.0206716336314125,0.0590731819944445,-0.0314914588554442
2024-03-08,-0.0107074147626908,-0.0129034048359079,-0.0069752602963362,-0.014733231512984,0.3491465759660075,-0.0084158191392296
2024-03-11,-0.0011404677153263,0.0,-0.010135423316874,0.0245568506261399,-0.2533631606013773,0.0010331776586465
2024-03-12,-0.0045749221997359,0.0192932029346789,0.0026331553215355,0.0136643621940577,-0.0949097420139835,-0.0149354650372437
2024-03-13,0.0271407537387187,-0.2279320680460069,0.0034604175094976,0.0239955055562157,-0.0908974215997675,-0.0210326469971713
2024-03-14,0.0183018066714204,0.0079681696491768,0.0259846493245827,0.013506698839365,0.103911828986293,-0.0385793352444521
2024-03-15,-0.0026812935015776,0.0909717782057265,-0.008977034928618,0.0163770292813225,0.3287630516472699,-0.0023963398094206
2024-03-18,0.0210127281978875,0.1096989172564246,0.0125685350528241,0.0067453881395316,-0.1045803177305106,0.0080324645875888
2024-03-19,0.0084489108532626,0.0064725145056174,0.0102399790242557,0.0053637406502178,0.0164010414723598,-0.009502690435756
2024-03-22,-0.0109143274867191,-0.0327898228229909,-0.0005889628534694,0.0042996593443536,0.0218513264120012,-0.0131227814911909
2024-03-25,0.0160238276539246,-0.0270286723879193,0.0153174582061064,0.007234493900933,-0.0187003403219012,-0.0048764372093597
2024-03-26,0.0,0.0136056520557786,-0.0031378955377272,0.0220358883991804,0.0968766849236368,-0.0057131752579913
2024-03-27,-0.0031599442920144,-0.0343676435042077,-0.01135511176484,0.0003204614672511,0.0110443333050671,0.0481843181181744
2024-03-28,0.0217936504691547,0.0741079721537219,0.0143769643665505,0.0054321910221986,-0.3344809011649343,0.0007856554477116
2024-04-05,0.0036558934812616,-0.1191885172651183,0.0271954727658956,-0.0304865212239762,-0.0479682154168585,-0.0084212219292911
2024-04-08,-0.0051449264578362,0.0906965614708121,-0.0117049130857376,-0.0079220402123969,-0.1557922875397146,0.0202272036330395
2024-04-09,-0.013850636933899,0.0561945583436419,0.0043511435992762,-0.0498614015509308,0.12533706284675,0.0245569617687086
2024-04-10,0.0108659027699635,0.0375379193190651,-0.0060969160011996,0.0583902378984513,-0.0384258392440548,-0.0248707732904742
2024-04-11,-0.0137757575846189,-0.1594277369281019,-0.0008740304281964,-0.0100595269877337,0.0253827529672499,0.0030944409075246
2024-04-12,0.0077794296546116,-0.174941449496332,0.0176593072916837,0.003974932614817,0.1911661586505078,-0.0373656352020557
2024-04-15,-0.0028956990176522,0.0361050046421161,-0.0247892667457705,-0.002750192718921,-0.1781230723737028,-0.0334541071214831
2024-04-16,-0.0006962172478948,-0.0215062052209636,0.0049415353396318,0.0085314350494687,-0.0921773335558775,-0.0185437784195894
2024-04-22,0.00035797387173,0.1370217975642911,-0.0075317028410033,-0.0223546455558041,-0.1054433798838361,0.0040725148614511
2024-04-23,0.0041669207265595,-0.0309622256039667,0.0112763880679338,0.011897033911846,0.0816341472359494,0.0220289721090463
2024-04-24,-0.0009509093786785,0.0062696130135954,0.0082342126742176,0.0029522737533014,0.018493008162669,0.00871478388071
2024-04-25,0.0098219829902488,-0.0915671935254905,-0.0103885306455744,0.0523245345041485,-0.2495644652753674,-0.0025147844596178
2024-04-26,0.0054022444947605,-0.0419641990990321,0.0207814274544082,-0.0015554521723739,0.7957657243026541,0.0182674706811853
2024-04-29,-0.013204624778945,0.1017826943099424,-0.0169296044072968,-0.0293813584588491,-0.1917027422446242,0.0358004424844926
2024-04-30,-0.0091803923449615,0.0805388624840122,-0.0023773147552317,-0.0109607802683151,-0.1797871183818324,-0.0277199881860434
2024-05-03,-0.0117325359803626,0.0060060240602118,-0.0143699402829531,-0.0251937747786699,0.0993648605073351,0.0337512356635816
2024-05-08,0.0074748074453063,0.0303053494953288,-0.0030279197118172,0.0010640185433707,-0.3224487409883263,-0.0054342010612824
2024-05-09,0.0035928924235202,0.0099010709827116,0.0100175842254701,-0.0114083233745072,-0.2374122733244332,0.0070310402040671
2024-05-10,-0.0130704543247075,0.0527700359800642,0.0014400578511661,-0.0276280749685572,0.127532405951336,-0.0197389305370876
2024-05-13,0.0112136734483634,-0.014117881545785,-0.002521463784129,0.0047802995975462,0.1756740547567314,0.0159445682146888
2024-05-14,-0.0135971657641089,0.014117881545785,-0.0265577796423261,-0.0305424112849009,0.0244023256792411,0.0275562464494205
2024-05-17,0.0099686998683141,0.0504308536268919,0.0071999822903814,0.0128277368292508,0.0708872344736617,-0.0015696810685712
2024-05-20,-0.003311870552479,0.0322608622182214,-0.004020718179345,-0.0321951950848966,0.2896169814926708,-0.0005834593372711
2024-05-21,-0.0090096258937286,0.0,-0.0084595612693583,-0.0090669302675571,0.1282187763242355,0.0105905990364441
2024-05-22,-0.0188980031182008,-0.0039761483796394,-0.0163856694859232,-0.0450211846228524,-0.0213560898588074,0.0473144723178133
2024-05-23,-0.0214540216832102,0.0504961640145323,-0.0081684400148382,0.0289535091860542,-0.0991982878064297,-0.0288764083221453
2024-05-24,0.0129530506132971,-0.1732717212740366,-0.004172731602976,0.0273885510612804,-0.2920310403155204,0.0431172007476954
2024-05-31,-0.0126172578037175,-0.0493250665625015,-0.0249966381677131,0.01907138346611,0.406926960278565,-0.0054196153469794
2024-06-03,-0.0353753521562172,0.3594799948663409,-0.037987372532048,-0.0587674246456492,0.1602785588368114,-0.0028995366323947
2024-06-04,-0.013241683484086,0.0116960397631913,-0.0147584705374681,0.0046778737227103,-0.1297265122712465,-0.0158121680913829
2024-06-05,0.010847110037103,-0.1280095674402147,0.0010614303769518,-0.007238694584384,0.0052086805228324,0.0238582316198812
2024-06-06,0.0189979328537432,0.0131292914417925,0.0288852337262044,0.0169495583137733,-0.3264813426655628,-0.0077944387052895
2024-06-07,0.0001306762497783,0.0672522270091675,0.0064209800677179,-0.0446809714192989,-0.0765693714783544,-0.0225475732627975
2024-06-10,0.0285954568839121,0.0591888713903305,0.0186423508092801,0.0161258669852177,-0.061043175501628,0.0199456193395572
2024-06-11,0.0016494325886373,0.0375984135570075,0.0070114222378041,-0.0008650519570585,0.1437649201942181,0.0033474772738335
2024-06-14,-0.0025154081933669,-0.0180836754332953,0.0006137605299159,0.02932761509452,0.6206825164245355,-0.034890100598341
2024-06-17,0.023890647271564,-0.0916671885258237,0.0117117356734794,0.0180037596112521,-0.2198176344932054,-0.0095519304094642
2024-06-18,0.0163418270858999,-0.0283994745216979,0.0279855623103042,0.0136933271320024,0.034786903252157,-0.0032145311318902
2024-06-21,-0.0197522325976917,0.0207046733616911,0.0058024997432326,0.0043298630920681,-0.5068903983136464,-0.006053812329088
2024-06-24,0.0111964173164773,0.0557913596284156,0.0038112883231811,0.0003926958621053,-0.3287393894106749,0.002818986672568
2024-06-25,-0.0080194840481544,0.0115608224010759,0.0006914035767477,0.0259654192047101,0.0291282811529978,-0.0102971817664627
2024-06-28,-0.0025321048074058,-0.0523258190017397,0.0029840490408803,-0.0266894949706533,0.0164612665892551,-0.0283329761941333
2024-07-01,0.0223252870478365,-0.0907750246389336,-0.007938832467782,0.0223562205123156,0.1455471833867152,-0.0049601790391919
2024-07-02,-0.0072279478132024,-0.0702865327281716,0.0195602461608537,0.0015779095976067,0.2043847723208767,0.0210367035694627
2024-07-03,0.0129964022099429,-0.0196084713883764,-0.0003398855751299,0.0272178543342199,0.1906881859524531,0.0314263360032276
2024-07-08,-0.0096389155866853,0.0388398333162639,-0.0171780573508772,-0.0147383667626213,0.5025233146657406,0.0206302838135989
2024-07-09,-0.0102158210728484,0.1418301954392177,-0.0077175986350779,-0.0060374504179843,-0.1134754199178562,-0.006133096803488
2024-07-12,-0.0051370998821322,-0.0272744179196592,0.0098942362616449,-0.0070937080273688,1.4292133611562612,0.0359956723025094
2024-07-15,-0.0032391606511144,-0.0233110788684469,-0.0107039060762783,-0.0105241973255848,-0.1940173679194181,-0.0288464692217971
2024-07-16,-0.0157445422635973,-0.0094787439545438,0.0020806850646017,-0.0209543694332858,-0.597365882954823,0.0348029994769811
2024-07-17,0.0269765876982024,-0.0588405000229335,-0.0097471182458974,-0.0051993184717938,-0.6682696995179,-0.0381303808114017
2024-07-18,0.0001188142340851,0.0100503358535014,0.005813293897205,0.0004343105388571,-0.0554713723591513,-0.0162354500703987
2024-07-19,-0.0330948077444448,-0.0618754037180875,-0.0124819351649474,-0.0965702003920514,0.3357720276665121,-0.0221568814050474
2024-07-22,-0.0022129342691936,0.1526297669865516,-0.0207562453622323,0.0357013021077252,0.0362791727966662,0.0245752289290148
2024-07-23,-0.0377497954832843,-0.0277795641070757,-0.0149725086303824,-0.0195719201778417,-0.1128345486090491,-0.0054201356022538
2024-07-26,-0.0107589165147272,-0.0100503358535014,-0.0150066867928977,-0.0172890665304528,0.346081087244058,0.0157539972310694
2024-07-29,-0.0168114321848209,-0.0412429585340491,-0.0050526942173272,0.0268585175466036,-0.0446089163226526,0.0027796302575939
2024-07-30,-0.0143380975607962,-0.0485270408946603,-0.0209745516854304,-0.0074813316522888,0.5336843705740808,-0.0246333968526268
2024-07-31,0.0410267785919211,0.0693611277975023,0.0265188275766616,0.0247231380867948,0.2103962319749719,0.0305006167724837
2024-08-01,-0.0206245375525409,0.0051413995004186,-0.0002457606303849,-0.0322608622182214,-0.162431614265869,-0.0411950655820874
2024-08-02,-0.0360151541107791,-0.0312525435041044,-0.0378206859065359,-0.0588659757827494,0.0756000725317278,-0.0538761503658706
2024-08-05,-0.0070927028687268,-0.0322608622182214,-0.0107790085086092,0.0185517688080969,-0.4786999522928203,-0.0296161853135359
2024-08-06,0.0018784387651447,0.0,-0.0115488210209173,-0.0127726907103558,-0.4751347203429565,0.0020251647138938
2024-08-09,0.0082093842270651,0.0475023339850032,0.0038311855549784,0.0042535155580564,-0.1024376073817467,-0.0117174155667649
2024-08-12,0.0396971925201787,0.0792493716541405,0.0242502592029918,0.017252689662907,0.0376603463926059,-0.0143388250497826
2024-08-13,-0.0203405251601367,0.0281708769666964,-0.0066437400863552,0.0033319481054772,0.1422676573335319,0.0354615447679416
2024-08-14,-0.0169324237485355,0.0092166551049239,-0.0043726536329744,0.0091060231867399,-0.0675668456811351,-0.0188587270069016
2024-08-15,0.0150511916141162,0.0045766670274116,0.0113775131936124,0.0032908297900887,0.0590296250191197,0.0421583432817156
2024-08-16,-0.0204179307920568,-0.0857668217574251,-0.0185854119706352,-0.0295916569907014,-0.1583921252776248,-0.0019069866742924
2024-08-19,-0.0289875368732523,0.0532813666129369,-0.0057792967497887,-0.0200818540936125,-0.2914505764700732,0.0220474874755121
2024-08-20,-0.0072804610417476,0.0279087881170765,-0.0280123355474186,-0.0051925690016272,-0.1232680518514617,-0.0169910449736345
2024-08-23,0.0280879772865665,-0.0586835018280901,0.0193546320673023,0.019901154317295,0.5370428230400819,0.0498036745354095
2024-08-28,-0.0132905436809567,-0.0105264129869874,-0.0181992023908339,-0.0179132515774869,-0.7043205399214028,-0.019291281947475
2024-08-29,0.0185056793600653,-0.0213911899813175,0.0186898193514908,0.0140462707339906,-0.2859556657908815,0.008486420597161
2024-08-30,-0.0314383307782106,0.0423343638265606,-0.0166928141945543,-0.0179832836933302,-0.3873299307947899,0.0080667773136537
2024-09-06,-0.0217791834774594,0.0340665545636061,-0.0224057169752667,-0.0126637403650182,-0.1568604410229284,-0.0382357877585342
2024-09-09,0.0154817531910405,-0.0291282729230236,-0.0061987938692507,0.0114045586666405,0.3227958352038564,-0.001375517983865
2024-09-10,-0.0428280733102992,0.0480861866676377,-0.0284512218322001,-0.0114045586666405,0.2241908691964411,0.0125106536379577
2024-09-11,0.0225228071495537,0.0,-0.000426590834766,0.0063519163385634,0.0170561588612674,0.0516554191552351
2024-09-12,0.0237451434239686,0.0,0.0485801875708906,0.0389121939617523,-0.1507089292593226,-0.0061644398469331
2024-09-13,-0.004301698632279,0.0548082364949951,-0.0017628318349096,0.0012172856037517,0.0214721765051288,0.0123400008440519
2024-09-16,0.0214664579524361,-0.0089286307443013,0.0037930145718725,-0.0167658803527062,-0.0092901170649035,-0.0030086851493038
2024-09-17,0.0147985389451736,0.0438666821055818,0.0079456346918238,0.0102565001671892,-0.0485846899894752,0.0146318313198205
2024-09-20,-0.0019233417111941,-0.0180185055026782,0.0003950227189424,-0.0393235462039143,-0.2591211071735575,-0.0211957826132156
2024-09-23,-0.0192994535792765,0.0870113769896295,-0.0133856613954783,0.0053333459753623,0.123482712429177,0.0126520705501578
2024-09-24,0.0140602302340049,0.0838814839807021,0.0045260993134244,0.025816353902385,0.1706731340837217,0.00876312748656
2024-09-25,-0.0268999127970452,0.0038240964384035,0.0014599511518795,0.0034497662500747,-0.019379293432018,-0.0192873604752472
2024-09-26,-0.0308604158006664,0.0076045993852192,-0.0315262536467741,-0.0108202743617081,-0.2919152119056241,0.0256575811087618
2024-09-27,0.0064233797497603,-0.042559614418796,-0.0197670407407759,0.0129703504426273,0.1900690315398492,0.0181470483455825
2024-09-30,0.0004364588706806,0.046340337258702,0.0100014724511323,-0.0055998423309939,0.2263101256914126,-0.0118989987229891
2024-10-01,0.0238585619843609,0.0075188324140273,0.0399646817283549,-0.025816353902385,-0.2225202281986869,-0.0221573043086511
2024-10-04,0.0080397056390166,-0.0993182012018635,0.0223095491488143,-0.0020437366606818,0.0705234756745971,0.0154302633007379
2024-10-07,0.0370728157759643,0.0080000426670761,0.0300531744845367,0.0246526932274793,-0.1793145687469488,0.0005050048920836
2024-10-08,-0.046054711403249,0.0,-0.0444017159997089,-0.060899110582834,-0.0742287197256663,-0.0120842332000936
2024-10-09,-0.0055364397715456,-0.0323914957912353,-0.0145574229384113,-0.0162535656805995,-0.0956506207651868,0.0131889126047193
2024-10-10,0.0347317192908782,-0.0725264440682627,0.0305435537847138,0.0401490644019453,-0.0201670885696225,-0.0276849473537401
2024-10-11,-0.0045880659889672,0.0218827112495078,0.0102680591607606,0.0362048897742973,0.091921757796733,0.0126597602487938
2024-10-18,-0.0209877244190623,-0.1850650427397053,-0.0220237286636066,-0.0191001713734194,0.049775831526027,-0.0013005290288736
2024-10-21,0.0195834270390067,-0.0335226920386435,0.0073952678861566,0.0045808600489661,0.1245014580865548,-0.012517984737367
2024-10-22,0.0233343920617725,0.0,0.030899825366327,0.0221477979482577,-0.1593784797631432,0.001047436417541
2024-10-23,-0.0203876418764314,0.0765400771223342,-0.0121116806305634,-0.023519853960439,-0.0583585844277454,-0.0259575937169227
2024-10-24,-0.0111307947358518,0.0710959216837303,-0.0055052169923168,-0.0041274995538572,0.0013055494213922,0.0297772874792707
2024-10-25,0.0201970399736053,-0.0554298049393309,0.0180136967815816,0.0200188668904919,0.08019816467944,0.0114396844479731
2024-10-28,-0.0625965036039319,0.0505157901369017,-0.0508618669824354,-0.0195594136317777,-0.2335918585444654,0.0155082179058254
2024-10-29,-0.00251609693903,-0.1091992919649919,-0.0109122515389596,-0.0157410657609705,0.0738587892376152,-0.0100892672611889
2024-11-04,0.0285249501043995,-0.0505522791628311,0.0169678188806505,0.0214082418787677,-0.132601594373817,0.0175359428198502
2024-11-05,0.0059685096327841,0.1823215567939546,0.0275252775943242,-0.0076906056499685,0.2458054479711275,0.0206965877078708
2024-11-06,-0.0038824230686094,0.1053605156578262,-0.0059935032835483,0.0431082074805562,0.075245044183001,-0.0294149363641782
2024-11-07,0.0098155208456596,-0.1890105449447512,-0.0103777614463203,0.0039071028648085,-0.2721442915721788,0.0036940029017431
2024-11-08,-0.0278997033136816,-0.208155760348718,-0.0225688954204343,-0.0139618323817686,-0.0817545354969198,0.0038943570552341
2024-11-15,-0.0243556640008275,-0.2459126595754859,0.0008172160629156,-0.0066794141461341,-0.1810155167268474,-0.0106506264785997
2024-11-18,0.0311451447587378,0.2315926058007374,0.012178770286277,0.0394232186998639,-0.0644392322205176,0.0184496483121119
2024-11-19,0.004166373385547,0.0095694510161506,-0.0004035784005811,0.00275735468819,0.038174169184483,-0.000121199433817
2024-11-20,-0.0071942756340268,0.0996298409488412,0.0001345442316198,-0.0378815459883773,0.2496364431375966,0.0047561382532084
2024-11-21,0.0163280625525921,0.2022368664948961,0.0101727553745902,0.0433735506392239,0.2056776596273462,0.0060239128919246
2024-11-22,0.0181605610466348,-0.164177304670551,0.0133608707558474,-0.0105529770359295,-0.4675450402776837,0.0253528257183237
2024-11-25,-0.0321808193151822,0.1428241801999819,-0.0243411631864347,-0.0023089366064782,0.11960812167022,0.0289644338710717
2024-11-26,-0.0052000694961913,0.1375699890942077,0.0038970686961299,-0.0060283048313501,0.1875537757363394,-0.0189401673776172
2024-12-02,0.0013176196913979,-0.1056883307730387,-0.0183716128509798,-0.0052973877793298,-0.0266909911635462,0.0169213125539835
2024-12-03,0.0259942433785109,-0.0367320092687299,0.0269645765738122,-0.0328863991908289,-0.2796457476501688,-0.0172325630781635
2024-12-04,-0.0192867233340807,-0.0668086696721104,-0.0016055663069094,-0.0324572101473815,0.2027964848927581,-0.0125759461465282
2024-12-05,-0.003348136179615,0.0702042586732485,-0.0121246265049927,0.0399143662554637,0.0635702849442196,-0.0055335932323314
2024-12-06,0.0,-0.041528458696582,0.0,-0.0487158727240577,-0.5116574542402281,0.0176354770437141
2024-12-09,0.0010201851792066,0.0748648789641739,-0.0006779201669706,0.0367575837351841,-0.0637964362326037,0.0262587905336291
2024-12-10,0.0029090929606834,-0.050430853626892,-0.0012214156366816,0.0015026298845348,0.1613273738590699,-0.0189211966292468
2024-12-13,0.0181964256170159,0.0095694510161505,0.0184628922138445,-0.0095839321219282,-0.3688521200713541,0.0054788346716625
2024-12-16,-0.0071544108211529,-0.0930904230660119,-0.0079094185375625,-0.0122388065150544,-0.0836684023335081,0.0118131884442647
2024-12-17,-0.0101882867986482,-0.0069930354909706,-0.0154621282010483,-0.0144705367390042,0.0753204827795679,-0.0027771008885819
2024-12-18,0.0069449644886034,0.054621084480225,0.0190894580330382,-0.0078390785544092,0.026528065737768,-0.0562249447924871
2024-12-19,-0.0099362066591295,0.0454623740767574,-0.0110572863357738,0.0248717483885806,0.0627358969710547,-0.0114762359361959
2024-12-20,-0.0055790145422367,-0.0160003413464411,-0.0076221956067934,0.0730107188341683,0.6647192659834156,0.0199010414033296
2024-12-23,-0.0030170269275613,-0.0701456093667598,-0.0147274012780194,0.0469307953654466,-0.7060112062462771,0.0140311317740833
2024-12-24,0.0195204602514182,0.0205486682273876,0.018954007883674,-0.0197118461241322,-0.0502872085532226,0.0177660986523635
2024-12-30,0.0062932869757892,0.1526768402089577,0.0063509435817339,0.0130598871146092,-0.1152078718118123,-0.0183734870408418
2024-12-31,0.0098495628768695,0.0029455102297566,0.00456928627273,-0.0130598871146092,0.3562429940915881,-0.0148965759476125
2025-01-03,0.0114533354688131,-0.0709517359722844,0.0075886796208317,-0.0073597388320801,0.3691824976329458,0.0498178349850269
2025-01-06,-0.0044310243697101,0.1749414494963321,0.0071433513703098,-0.0037002817428559,0.2632924143441686,0.0130104639468866
2025-01-07,0.0091092391439193,-0.0637158143861078,0.0073496559322565,-0.0421164680725369,0.0740458370811891,-0.0070710270494718
2025-01-08,-0.0134248223758381,-0.0132452267500204,-0.0060563293163857,-0.0077632607266094,-0.1259973691414044,-0.035650776522802
2025-01-13,0.0293313554439507,0.0633271339512742,0.0360765500804927,0.011244313044452,0.2138257451927012,-0.0033493674002658
2025-01-14,-0.0173674898381781,-0.0183491386681966,-0.0036346054065763,0.0414246325377354,0.0498769790767248,-0.0013691288966706
2025-01-15,0.0318406058556588,0.0296486939221298,0.0131430118815014,0.0266927950919326,-0.1403315378685743,0.022306399977217
2025-01-16,-0.0172418064345061,-0.034289073478632,-0.0131430118815014,0.0334927487811144,-0.2263129123412772,0.0041555554705139
2025-01-17,-0.0100057829262079,0.8298711459150272,0.0076174722973938,-0.0426168996707235,1.2944400157982665,0.0049670104866486
2025-01-22,-0.0087633809145035,-0.118067166926941,-0.0070997371152232,0.034580333596779,-0.8108785466438002,-0.0278128963163704
2025-01-23,-0.0144230088703114,0.0,-0.0174005146801672,-0.0004473272273206,-0.3488934838484168,0.0128623255339972
2025-01-24,-0.0008000000426671,-0.0180650073976389,0.0011440921606444,-0.0022396425935047,-0.3219884018950187,0.000395985512994
2025-01-27,-0.0196665821289743,-0.0344404899802917,-0.0180762565609819,0.0339463937195891,-0.1828482499294477,-0.02880684370961
2025-01-28,0.0086686171979453,-0.0872564449972281,0.0091430680068453,0.02820699826201,-0.0872212674103014,-0.0195337555592187
2025-01-29,-0.0164528832034074,-0.0058997221271883,-0.0127718952134587,-0.0054933584161078,0.1189420823631692,0.0087747556975212
2025-01-30,0.0021911813751991,-0.0800427076735361,0.0051800167627389,-0.0162327357618189,-0.1245254555354407,0.0176247277220662
2025-01-31,-0.0035631118963257,-0.062830578792415,-0.004012171304633,0.0234103051023569,0.0594897594719645,-0.0009696792345543
2025-02-03,0.0092922231880239,0.1189200454434584,-0.008072960511094,0.0359468572932165,0.0922427852063814,-0.0263359453145159
2025-02-04,-0.0065502417607179,-0.0152674721307883,0.0011759327153733,-0.0081500043619244,0.1861480083285309,0.0192148818641921
2025-02-05,-0.022849432772344,-0.0092736367853292,-0.024721994061438,0.0230546105861331,-0.0968226494111537,-0.006535653856214
2025-02-06,-0.0059005509774774,0.0275668298326545,-0.0022780579365972,0.0127137191240561,-0.1025797866950313,0.0104783747528056
2025-02-07,0.0049195404580473,0.0030165935394255,0.0018764246224094,0.0168334372225691,0.2709844067963045,-0.0179356904193808
2025-02-10,0.0195771611715098,0.0470675108579858,0.0205427673266598,0.0192239676384972,0.1233790506363163,-0.0093536112216474
2025-02-11,0.0128417065282731,0.0476948738080171,0.0184564635945143,0.0439549339830344,0.0527293994036695,-0.0248706540948786
2025-02-12,-0.0268260119577901,0.084038927104699,-0.029669561755707,-0.022853925004152,-0.2891075535830101,0.0037115878106233
2025-02-13,-0.0008369368601242,0.1096334893579451,0.003046561731189,-0.0461649776420985,0.0980145545546955,0.0324576224480033
2025-02-14,-0.0085488573336984,0.0376567194380048,-0.0055703061802425,-0.0058743070821735,0.2682814458218221,0.0109903917540092
2025-02-19,0.0051108613218344,0.11081436634029,-0.0015706809511835,-0.000784313765696,0.1329143879515726,0.0050083341332456
2025-02-20,0.0041248511667779,-0.2407806928003166,0.0079588129678045,-0.0023566389539956,-0.4204715626016657,-0.0030670889017647
2025-02-21,-0.0300858346223149,-0.2379320798485553,-0.0272690281155512,-0.022267321618715,-0.4308665197996735,-0.0297234495899703
2025-02-24,0.004796172263493,-0.1377324005803049,0.0001335380919389,-0.0008045052726756,-0.2058611852557224,-0.0237930851379113
2025-02-25,-0.0272465324821133,0.0051679701584426,-0.0240552139560517,-0.1626372937045769,-0.0741611488268736,-0.0258847291105039
2025-02-26,-0.0040573885541599,0.0051413995004185,0.0051841862355557,-0.0109498832695864,0.0261606198797581,0.0018286105402571
2025-02-27,0.0250927209436326,0.0025608208616738,0.0204720954407653,0.0071548123010347,0.0209311638169689,-0.0326477214518226
2025-02-28,-0.0092468117424351,0.0,-0.003338455394183,-0.0211343120739736,0.3762446536762498,-0.0044699089092787
2025-03-03,-0.0193368218372613,-0.0285363072649345,-0.0258804499461486,0.1036600415446783,-0.2958976633165866,-0.0439408221097883
2025-03-04,-0.0023340637875719,0.1443281603547399,-0.0074401004543531,-0.0061457612227467,0.100528271116465,0.0017900437660332
2025-03-05,-0.0279914609860929,0.0022753138371356,-0.0194099509808527,-0.0030871027824849,0.1110232279643055,0.0259569817373215
2025-03-06,0.0006006006186547,-0.0022753138371356,0.0022535220804433,-0.0535275161324296,0.0884007805433384,-0.0170482711790675
2025-03-07,0.0100068044346937,0.0,0.0196426180263351,-0.0088931079904066,-0.0902107337386466,0.0230817607547821
2025-03-10,-0.0146709218194507,-0.0371272340288932,-0.0196426180263351,-0.0471694753744224,-0.1791822204442041,-0.0333507699270976
2025-03-11,0.0031619389439505,0.0773112118479266,0.0060312967738536,0.00589682298403,0.0516162027509654,-0.0003001450548403
2025-03-12,0.0168447002920704,-0.0892019583694483,0.0118163604667902,0.0473659452060524,0.1008434768686585,0.0035153958927303
2025-03-13,-0.0123449176881873,-0.07190208890631,-0.0215122138433372,0.0483450272824912,-0.0154168376573009,-0.0163877764907312
2025-03-14,0.0090875858178804,0.0,0.0156909915837202,0.0189641846541783,-0.0229355088834948,0.0203230217324481
2025-03-17,0.006061968737157,0.064699176612252,-0.0001390143882131,0.0134521447077887,0.0484315662014758,0.0190710073035429
2025-03-18,-0.0051725527283323,0.0048077015681031,0.0,0.0004309416140815,-0.0437166706325351,-0.0109992152984004
2025-03-19,-0.001334420837054,0.0095466118835798,0.0001390143882131,0.0012917116973646,0.079894211180707,0.013931299853648
2025-03-20,0.0169183880900618,0.0047393453638966,0.0092702151246779,0.0292579699365714,-0.0261988777949433,-0.0119719228038901
2025-03-21,-0.0004377325524034,-0.0735625671770168,0.0004130809008824,0.0091514781782998,-0.0069133833595209,0.0068197902578903
2025-03-24,0.013625373860008,0.0251269500774218,0.0180086722258856,0.0074257766968494,0.1446924214000882,0.0218891483637069
2025-03-25,0.000287894056977,-0.0225856526487491,-0.0024367143503942,0.0016427108416836,-0.0165561089017796,0.004640955921606
2025-03-26,0.0081703314101115,-0.0231075750101497,0.0110528150411859,0.0315050289086334,-0.1163715051287939,-0.0265678182108253
2025-03-27,0.0035625260336029,0.0077620053354892,0.0016072867108718,0.0224110028236703,-0.2366365410215039,-0.0032199021196026
2025-03-28,-0.0079977575691136,0.0025740039951729,-0.0004015795516121,0.077047437956779,0.2291474039144994,-0.029142921414266
2025-03-31,0.0300848902328461,0.0550138708777883,0.0334417682121976,0.0381402160195272,-0.0983405588653258,-0.0067257688382502
2025-04-01,-0.0036242024615029,-0.037179003241754,0.0070963461464286,0.0062176366108703,-0.0162710669231573,0.0177408630753213
2025-04-02,0.0070966693162679,0.0200006667066694,-0.0065785467821086,-0.0364696797813914,0.1532695830661667,0.0018256800568687
2025-04-03,-0.067241375588626,0.0412179557212313,-0.0631676480907366,-0.0721867419758278,-0.1011121404173538,-0.0599706549335943
2025-04-04,-0.077204285903857,-0.0412179557212313,-0.0593502756073656,-0.0347623363671362,0.2081536778764334,-0.0599829429956431
2025-04-07,-0.0221925362859201,-0.0174785972739595,-0.0331653565608194,0.0047581374464169,0.2362025623169437,-0.0004091960299286
2025-04-08,-0.0166821937914525,-0.0306929463994063,-0.0193914008073994,-0.0244256387373913,-0.0272730002855983,-0.0569468792473362
2025-04-09,0.0422333897720603,-0.1184325972251789,0.0369291357715102,0.0291612434832255,-0.3112908810522912,0.1136598812627207
2025-04-10,-0.033444675544465,0.078692268575665,-0.0290967990260435,-0.1137067095050533,0.0716878522152448,-0.0598297967664729
2025-04-11,0.0218819965382843,-0.0728613482648719,0.02208864389834,0.0170570503214754,-0.0539471954175443,0.0179608676559688
2025-04-14,0.0012913641826877,0.0370941244062406,0.0052235026611686,0.0073450319414047,0.0373300974114894,0.0252546365719998
2025-04-15,-0.004041062639815,-0.0877756108823855,-0.0089713520372685,-0.0301530381706874,-0.0687830709352441,-0.0155906485854773
2025-04-23,-0.0308103591060078,0.0,-0.0097675534189995,-0.0204785313435407,0.1228792913312304,0.0061035023210314
2025-04-24,0.0144229459529148,-0.0835209720498613,-0.0111963456000765,0.0115707311906678,0.0223758498193999,0.0421300449138009
2025-04-25,0.0047095848430851,-0.0573633948799202,-0.0075842433583082,0.00764010507501,-0.0578746082750774,0.0227164855220278
2025-04-28,-0.0086512533284173,0.0882406334443594,-0.0129208528336048,0.0046403795565019,0.0507441173805585,0.0096389424393317
2025-04-29,-0.023334924870964,0.0685423195532202,-0.0321146135580567,-0.0135595297856322,0.0036734581399127,-0.0033336906475218
2025-05-02,-0.0153004814229067,0.0064725145056174,-0.0129096516149127,0.0004373496680251,-0.1628075631043328,0.0203131853270344
2025-05-07,-0.0166893059240642,0.0319515998066024,-0.0335864630751361,-0.0165962117234076,-0.0825859193613984,0.0003565886682821
2025-05-08,0.0303329793903746,0.0156009404424795,0.0311785640065958,0.0493730846172991,-0.2091791870350112,0.0333025350394038
2025-05-09,0.0181205411131948,-0.0031007776782481,0.0322608622182212,0.0366173632382232,0.2810015908569019,0.0279962393983401
2025-05-12,0.0151168444747797,-0.0093604427595637,0.0157483569681389,-0.0094074071018954,0.0629093848238735,0.0511408697005908
2025-05-13,0.0268012302267441,0.0247690681124088,0.0249615864566994,0.0116520769557193,0.0165113230337023,0.0387487299881454
2025-05-16,0.0127691496165347,-0.0612107310448966,0.0129671468084247,-0.071892070663089,-0.6047586690273068,0.0052997534993046
2025-05-19,0.0021905813798186,-0.0167508104248153,0.015975995933724,0.0190797990349799,-0.1201487110593797,-0.0207251692499621
2025-05-20,-0.0001563110593263,0.0622131845015727,0.0102118322462194,0.0077757707110166,0.127311187318404,0.0100356472363394
2025-05-21,-0.0163912259232033,0.0157483569681391,-0.0161160201643326,-0.0061337342172722,-0.0892537709704903,-0.0331285294836813
2025-05-22,-0.0060567606259223,-0.064538521137571,-0.0151460097232538,0.025512620836402,-0.0970822919470624,-0.0274432890763112
2025-05-23,0.005420931642492,-0.0236098656391336,0.0082898847481569,0.0043885967104703,0.0691057790264535,-0.0020802684890588
2025-05-30,-0.0032488657556655,-0.0377403279828469,-0.004343785917845,-0.0071684894786124,-0.0966346394105039,-0.0086918349727671
2025-06-02,0.0290247264564547,0.0477906638363485,0.0340829199704098,0.0191499951370558,-0.0851693374216022,-0.0147430174214502
2025-06-03,0.0130330807678307,-0.0548082364949951,0.0138777128366465,0.006594879914492,0.4098832991329368,0.0406608656293938
2025-06-04,-0.0083027029783062,-0.0141846349919565,-0.0117762410335524,-0.0352321836196779,0.0778197830426741,0.0042447788317288
2025-06-05,0.0076784832326941,0.0212022076506031,0.0067249749076738,0.0081374770920844,-0.0773859515279129,-0.0148248472773175
2025-06-06,0.0191718921013732,-0.0650048303089958,0.013021788027161,0.0174072683719039,-0.224433580390964,0.0188878183075669
2025-06-09,0.010511179112945,0.1552162100292964,0.0103840055544646,0.0074939737974082,0.0712284974709653,0.0245760955504295
2025-06-10,-0.0050133033218839,-0.1149914087187875,-0.0046667723606077,-0.0044014155562107,0.1603362692938708,0.0206206878352146
2025-06-13,0.0717148050610827,-0.0901510969942974,0.0703095273716982,0.051624365405307,-0.2037150042902196,-0.0036952415500746
2025-06-16,-0.017900320819276,0.0901510969942974,-0.0125787822068597,-0.0105375053027857,0.268252771238707,0.0239949873494991
2025-06-17,0.041720529087466,0.0,0.0474885973438858,0.0296410762964676,0.1154208068627102,-0.0510279859000748
2025-06-18,0.0035641249530344,0.1678495241854203,-0.0040743626518722,-0.0157548864077501,-0.0135584957070502,0.0116971656839846
2025-06-23,-0.087731993868835,0.124591877585714,-0.0573751123272696,-0.0423632226701888,0.0603090449414915,0.0080614727771699
2025-06-24,-0.0580238401163777,-0.0588405000229335,-0.0726603749119325,-0.0577634660441582,-0.1354931264227827,0.0191408961055028
2025-06-27,0.0033057881344999,0.0,0.0115993761009365,-0.0067189502487449,0.3343018163036033,-0.0135277922780563
2025-06-30,-0.0054151756877773,0.009245058144051,-0.0177433392546682,-0.0045045121211046,-0.2500348981511173,0.0031307281383696
2025-07-01,0.0051151006667709,-0.0375043954584541,-0.0076594865556929,0.0223223554378985,-0.0844699838179385,0.0020573888512984
2025-07-02,0.0298617901709583,-0.0128206884290613,0.0458073291128249,-0.0039814252991851,0.138773830579356,0.0251371302207346
2025-07-03,-0.0077491432439691,0.0441712183131375,-0.0053816869727674,-0.0004433606811706,0.3713762644107392,0.0291068603757329
2025-07-08,0.0056232575543617,-0.0124225199985572,0.0076151285272523,0.0111589140754193,-0.0589275746040671,0.0050399529764026
2025-07-11,0.02692834277555,0.0347586333651741,0.0235899734265077,-0.013483350337287,0.0297107246637349,-0.0145939831532286
2025-07-14,-0.0208975824218944,-0.0031104224143925,-0.0153827673186235,-0.0113766869821079,0.1571520236009336,0.0012230500541932
2025-07-15,-0.0063258761887619,0.030677252247047,-0.0097713727972177,-0.0059674264758644,0.1024679910936621,0.0109199853001955
2025-07-16,-0.009341012393139,0.0326923616855423,-0.0085751561620783,0.0027586224390796,0.2589765373762969,-0.0065388100729197
2025-07-17,0.0239911425639887,0.0288204385354917,0.0234069839529116,0.0018348629001103,-0.5879193258152098,0.0257523105128338
2025-07-18,-0.0033505749169169,-0.0056980211146375,-0.0036522024020584,-0.0059756555661417,-0.0939668637580846,0.0191748262913602
2025-07-21,-0.0020449904877271,0.0,0.0120297995704845,0.0091785866959885,-0.1761801178038631,-0.0020686653109862
2025-07-22,-0.0122105231704052,-0.1021909408965473,-0.0314975547129376,-0.0277924326293834,0.1681407502132721,0.0244351857927398
2025-07-25,-0.0116820259175112,-0.0096308930609612,-0.0170430190369721,-0.0097471182458975,0.0713921763842906,0.0103410056528279
2025-07-28,0.0213138704039224,0.0064308903302905,0.0234129181322302,0.0566659625891491,0.3774999913499863,-0.0006882322679544
2025-07-29,0.035635288508355,-0.012903404835908,0.0324848108363866,0.040592792407066,-0.0859056141400449,-0.0232915463258542
2025-07-30,0.0116017147372859,-0.0330062964681701,0.0104627627457567,0.0109428701389017,-1.1390011996000355,-0.0072959697378847
2025-07-31,-0.0103217600720348,0.003350086885282,-0.007462214940789,-0.0211513807416304,-0.4328197072636905,-0.0159373896701398
2025-08-01,-0.0283983047593521,0.0033389012655147,-0.0400108931646956,-0.0589959787032325,0.1439350081175945,-0.0100835428054182
2025-08-04,-0.0156207125528151,-0.037355786543769,-0.0141319888127409,0.0018124155391707,-0.0389577542625136,-0.0045678936874367
2025-08-05,-0.0169254396142273,0.0306667983929722,-0.0060562549926039,-0.0009057971633809,0.0197798190668736,0.0002249050257967
2025-08-08,0.0006161429646551,-0.0065789710980426,0.0026833647585968,0.0411835927885234,0.3747947194175118,0.0110359872903558
2025-08-11,0.001384935206361,0.0065789710980426,0.002824650655298,0.001300672197241,0.0874695012268986,0.0022030247616493
2025-08-12,-0.0125340132196924,-0.0401391675903441,-0.0083482893914705,-0.0139618323817686,-0.1024367226874813,0.0245878581981005
2025-08-13,-0.0084441471252407,0.0068027473227523,-0.0082676156762691,0.0013172339994628,0.0128427119457912,0.0198485614083718
2025-08-14,0.0203628703701301,-0.0593542426491828,0.0278353909281561,0.0306785778925203,0.0036392579793185,-0.013656775352973
2025-08-15,-0.0187937503243462,0.0694723728147674,-0.0121106191438054,-0.0167349968638239,0.1289096775223699,0.0182265533359311
2025-08-18,0.0113805889622389,-0.006734032181344,0.0129910300590747,0.0034557269811509,-0.5607558069784462,0.0212814549358846
2025-08-19,-0.0176718962813753,-0.0308772385644391,-0.0231464339442233,-0.0030231074632636,0.0422182550518108,-0.0190549599747562
2025-08-22,-0.0074627212015894,-0.042559614418796,-0.0017556697999081,0.0199527768533231,0.0322936100307575,0.0482164182914779
2025-08-27,0.0138967026762095,0.0210534091978322,0.0127749806294934,-0.0068001773190645,0.01399735757396,0.0012277612433262
2025-08-28,0.0072615228311363,0.0069204428445737,0.0126138369429895,0.0041611559948098,0.0447095407639759,0.0101151341687675
2025-08-29,-0.0092793737292398,-0.0069204428445737,-0.0114337217448117,-0.0079591096675685,0.1516174634176552,-0.018175180626474
2025-09-05,-0.0252334264107645,-0.0194811355718225,-0.0226919049062317,0.0225280876877025,-0.2849389695407387,0.0211633777347985
2025-09-08,0.0060887866365613,0.0162605208717803,0.0079779496481018,0.033064155119501,0.0901858937748478,-0.0121941681636528
2025-09-09,0.0058931443945988,0.0064308903302905,0.0379327390640549,0.0116869269419073,0.0953257107742757,-0.014099014675712
2025-09-10,0.0163808986532609,-0.0765764996970503,-0.0051626340788066,-0.001550387907455,0.201500078919449,0.0121314953162556
2025-09-11,-0.020518396598983,-0.0280720187786862,-0.0054867787977919,-0.0423909775105225,-0.0506709969533307,0.0192855916080665
2025-09-12,0.004931211774199,0.0176371414861067,0.0091770922337186,0.0310781983875052,0.3123681110173288,-0.0001760167882798
2025-09-15,0.0101042855248181,0.0477906638363485,0.0001473296503586,0.0247978611444971,-0.2423008664600097,0.0163247431618849
2025-09-16,0.019137106779131,0.0230652729309959,0.0263153950844019,-0.0042186064481619,-0.018506392166083,0.0144889682833184
2025-09-19,-0.0140237073330622,-0.0701456093667598,-0.0115659652303001,0.0058260672493607,-0.1731967351463907,0.0065359685657337
2025-09-22,-0.0004761526952909,0.0034542348680874,-0.0026881736618005,0.0366639843715914,0.3587759809381623,0.0248343195821831
2025-09-23,0.0121500508481222,-0.013889112160667,0.016168860737844,0.0099503308531679,-0.1657569892781341,-0.0166931217017687
2025-09-24,0.0253962239811933,0.0069686693160933,0.0244198180962564,0.0039525743158234,0.0770458997372536,0.0018602087527819
2025-09-25,0.0016805442806324,0.0341330063694584,0.0119898667279363,0.0043298630920681,0.0327249569499841,-0.0016223366897705
2025-09-26,0.0149991449180229,-0.0272125635248847,0.0094613429079375,-0.0138424199597666,0.1668215707387874,0.0019902108069969
2025-09-29,-0.0341089882786134,0.0102916860365478,-0.0306838199386021,-0.0023923456386198,-0.2021878649938093,0.0017093210736218
2025-09-30,-0.0172634544725855,0.062830578792415,-0.0069808311413401,0.0051762010853272,-0.3316422716637559,-0.0025000805108357
2025-10-03,0.0060197041780174,-0.0399438661316438,0.0104888093920791,0.0025031302181184,0.5651753868165308,0.0060661856255057
2025-10-06,0.0135333143306377,0.0399438661316438,0.014412499888226,0.0420212750957373,-0.2066733800235862,0.0171971667422088
2025-10-07,0.0004799616122852,0.0,0.0001490424028389,0.0003994407882148,-0.3672581314933207,-0.0228519278172871
2025-10-08,0.0135040577821499,0.008995562908578,0.0047576658282784,0.0007984032360244,-0.0501566333303635,0.0138659206162694
2025-10-09,-0.0160665191458502,-0.0303053494953289,-0.0028221333249689,-0.0612982325198824,-0.1320180779319884,0.004034786187776
2025-10-10,-0.0427548533779553,-0.1139442593492179,-0.0428506759221463,-0.0244805010188902,0.2370719480548748,-0.0385657068786828
2025-10-17,0.0001715412989877,-0.0621772449518914,0.0024527851394315,-0.0459039106311148,0.1304259445696809,-0.0176507495686308
2025-10-20,0.000685871083129,0.1207137474044642,-0.0085288363475202,-0.0576367683097255,0.0385309838955789,0.019385044274176
2025-10-21,0.00547009910973,0.0925700349934572,0.0047654350309684,0.0250426505147203,0.0239408178497555,-0.0197609462078736
2025-10-22,0.0108512424543745,0.050530808647216,0.020766482792486,0.0148219480492074,0.1067052377000967,-0.0301882600561818
2025-10-23,0.0515967896435514,-0.0324034240546593,0.0628511638612421,0.0086976973123911,0.1158381190015918,0.0200761705587293
2025-10-24,-0.0027263267628709,-0.0396998698466846,-0.0078716724957681,-0.0027384772933035,-0.0556020626849864,0.0248105672289087
2025-10-27,-0.0022508048087575,0.0276515313305101,-0.0042643987864572,0.0359105013057706,0.0377178697053457,0.0001462951259076
2025-10-28,-0.0188470241558782,0.0415490029128724,-0.0230037160141032,0.0,-0.064993120519686,-0.0042281465746576
2025-10-31,0.0063358184490862,0.0312970067219147,0.005055545045721,-0.0853598489511567,0.065397843665945,0.025422864340836
2025-11-03,0.0006475635648017,-0.0576528514272771,0.0053341588034143,0.0180538655564294,-0.0932431910295932,0.0002628602414853
2025-11-04,-0.0066574898812978,-0.0059523985272953,-0.0114653858583508,0.0007776050158545,-0.1620661261167697,-0.0453626683518999
2025-11-05,-0.0160949442508213,0.0466556916407991,-0.0233328363981852,0.0744965480280497,0.1313456399563977,0.0594700701802315
2025-11-06,-0.0026525214491313,0.0554158391415695,-0.0020480511294298,0.013971210596738,-0.0407119830237867,-0.0310196659803283
2025-11-07,0.0049677201019351,0.0133870807824592,0.0048769073299075,-0.0060660310896247,0.4316521556781501,-0.0007284677164944
2025-11-10,0.0065854699639897,0.0105821093305369,-0.0112050410878836,-0.1151915503581536,0.1527136161685618,0.0307121559604643
2025-11-17,-0.0034559402453977,0.0611301404050079,-0.0045810047729561,-0.0113192327399385,0.152512984058875,-0.018433385116495
2025-11-18,0.013915260959842,-0.0026990569691649,0.0265599114917307,0.0052401866635561,0.0448256886907518,0.0001079395851872
2025-11-19,-0.0203652957253241,0.0628479036596636,-0.0167914392972603,-0.0269272503917877,-0.0089178108538305,0.0056716893631545
2025-11-20,-0.0033239186328826,0.0075853713892566,-0.0021974581123256,-0.0504694256891519,-0.1145037947846407,-0.0413182126959084
2025-11-21,-0.0203488060567433,0.0395113122738421,-0.0136056520557783,-0.0180441742813164,-0.2119508172288835,0.0124579073727524
2025-11-24,0.0042383720309508,0.0048309272696656,0.0321319077730972,-0.0028790806835663,-0.095814305026022,0.0258317418198581
2025-11-25,-0.0146560223904677,-0.0072551708811718,-0.0130416380355358,-0.0228442497851293,-0.19037323990361,0.0153980366244983
2025-12-02,-0.0111600752466376,-0.0504647939259093,-0.0133241253259424,-0.0214611743748264,-0.0726007626564664,0.008795459558148
2025-12-03,0.0047497968857186,0.0061919702479211,0.00597862070311,-0.0328074596628223,0.0074620586284792,0.0146315804581318
2025-12-04,0.0122783478442185,0.006153865574378,0.0062549070231092,0.0016388968432099,0.2033920470467984,0.0226218364724548
2025-12-05,0.0068305138538278,0.0595413936910167,0.0042000528414076,0.0021810259463601,0.1283249273204489,0.0005927437212696
2025-12-08,-0.0199553867634127,0.0,-0.017538814752922,-0.0214706843968767,0.1787352061956797,-0.0094209802787572
2025-12-09,-0.0108992904580356,-0.0864860289344686,-0.0108006132518712,-0.0117549632314436,-0.4378781475981084,-0.0022567502859978
2025-12-12,-0.0026003308402788,-0.0665328456460889,0.003871597028314,0.018423088709695,0.6552789263301335,-0.0269731778919961
2025-12-15,-0.0111713502519874,-0.042666446318903,-0.0090571539407493,-0.0155220132778611,-0.5329840838393869,-0.0103303665726794
2025-12-16,-0.0272234586106563,-0.0856137527229916,-0.0266726381603685,-0.0258230311104799,-0.4685429761905171,-0.0054374928477516
2025-12-17,0.0112995552539336,0.0221003470006659,0.0112826814930997,-0.0059630468882464,-0.127880190368244,-0.028733021849951
2025-12-18,0.0026716553428043,0.0557913596284154,0.0013190438845702,0.0160193280272851,-0.0590010452934937,0.0350445312080802
2025-12-19,0.0102637602487201,-0.0778917066290814,0.0108162313091568,0.0364096848241928,0.2035475110950848,0.0298319191515243
2025-12-22,0.0240053273399496,0.0248288616538698,0.0140813203125702,0.0285334042587261,-0.3015815425166988,0.0188244087717182
2025-12-23,0.0063394369766704,-0.0823159525715515,0.0235080711086261,0.0087864376360146,-0.3109864883249003,-0.0138450802651561
2025-12-30,-0.001728907761227,0.0114286958236229,-0.0127593437537605,0.0088938885315167,-0.1122765787942503,-0.015712399729395
2025-12-31,-0.0092134506597174,-0.0953101798043249,-0.0153662546364863,0.1014791689498538,0.1125945036448623,-0.0072106942837448
