date,wti,henry_hub,brent,rbob,pjm_west,cels
2021-01-04,,,,,,
2021-01-05,0.04751536437621917,0.06333587517181083,0.053910474087485394,0.04711246781171019,0.2349266969544952,0.02226926420124009
2021-01-06,0.013369449860172189,-0.0036166404701887256,0.011967233322693893,0.008052071996764387,-0.21205250856697777,0.06162648675913385
2021-01-07,0.0035615391821997022,0.017953803616596042,-0.0018604656529195296,0.002464573028161776,0.07734045397918354,0.06516283579256665
2021-01-08,0.029388122523537952,-0.014337163146407317,0.03315018318725116,0.02070719542660665,0.05021914269354788,0.015989410474896992
2021-01-11,0.0001917729414255831,-0.02189868530763761,-0.012143330007956088,-0.017021687569430677,-0.11294926036062236,-0.007335198481844607
2021-01-12,0.01767602801722523,0.06430786723273119,0.020574629393193433,0.011581964273612355,-0.0684413705664686,0.03276244273438511
2021-01-13,-0.005099642745164612,-0.024519617174318498,-0.00825116788875846,-0.00425144885735812,-0.0011370547035820522,-0.0007234630076675685
2021-01-14,0.012420182241798194,0.0,0.004313450253719431,-0.007330515416254235,0.030255893583488902,-0.0007239867853474635
2021-01-15,-0.023080858115719582,0.014084739881738972,-0.017366572498298538,-0.02169282461125971,0.15605659614401635,-0.05799820084861107
2021-01-18,,,-0.01082480068172309,,-0.16048163601048948,
2021-01-19,,,0.021353124470569362,,0.03735953097529343,
2021-01-20,0.005470163597685929,-0.030653741091002384,0.00504323835492837,-0.007458083047203967,-0.16321410314216767,-0.012493858880400666
2021-01-21,-0.003014320292922701,-0.03162318843051204,0.00035925992841967513,0.012399414905038264,0.009177871350765976,0.024744349754882933
2021-01-22,-0.013678024796100807,-0.016194685919980634,-0.00829580952415565,0.051046806833923986,0.14437704926707706,0.010955927037834101
2021-01-25,0.009518442319156772,0.07089582163303743,0.003976148379639,0.014530915367090946,-0.0478588044536683,-0.01597259267512019
2021-01-26,-0.0032261153324619762,0.03731776300719525,-0.0032520353863771945,0.0063273147533188245,0.08560226552017847,0.0049809851206283895
2021-01-27,0.0037943509761260152,0.01454571100237878,-0.003444216220880314,-0.00979552632224634,0.23247812498566844,-0.047411592250333534
2021-01-28,-0.010469306626375463,-0.0036166404701887256,-0.0036383522035059457,0.006349227678658753,0.1722431401255271,0.010384289980509998
2021-01-29,-0.0019153424740689928,-0.029413885206293067,0.006901589326978375,-0.00577035646133639,-0.2719961080853981,-0.033997635218000255
2021-02-01,0.02629987927536037,0.07197349962508914,0.02095536517598795,0.006920442844573715,0.007851442870430603,0.032654501439131955
2021-02-02,0.022526801901872506,0.1177830356563836,0.021046024082531645,0.017094433359300165,0.0012024639619676591,0.010502293324926804
2021-02-03,0.016298803399785733,-0.07363325104345386,0.017035600831955655,-0.001696353248178517,-0.12020445758701381,0.008703291024967363
2021-02-04,0.009297402928690524,-0.006666691358189203,0.006293072898792218,-0.0016992357529597157,-0.08960875443475347,0.00020002363982474236
2021-02-05,0.0107975206029991,0.1546283488117408,0.008441718204823978,0.004524894598289642,0.40465633363301157,0.005087131306993342
2021-02-08,0.020044244058655458,-0.026126304592220206,0.011533767640306003,0.015122102785506852,-0.07467332745555044,0.028726233058784523
2021-02-09,0.006707394653814092,-0.01481508578514057,0.009428570385343171,-0.0033407603454003176,-0.008831052311551346,0.012715329075192017
2021-02-10,0.005981390130667563,0.11545861156482795,0.007054413636870649,-0.020851699410070812,0.0735645395556368,-0.022163856708073304
2021-02-11,-0.008040416252765858,0.5473832194997883,-0.0013086865927984803,0.0034110323010628774,0.19866455874056133,0.006438226970400862
2021-02-12,0.02174737423410722,-0.06024008037735662,0.022338254843803362,-0.022963121508448814,0.23065355534726084,0.00298393387408602
2021-02-15,,,0.01761251397717789,,0.3516535341998246,
2021-02-16,,,0.005958932483096646,,0.4149340394749901,
2021-02-17,0.0168376377996049,0.7456323438947332,0.016437026910005592,0.02002291587510774,0.24964555645081976,-0.02568824206094611
2021-02-18,-0.011359081720906161,-1.0251032265161193,-0.014406569359623589,-0.019461275871576977,-0.7739820913255047,-0.053797623008710715
2021-02-19,-0.021419828300822452,-0.5456944494168146,-0.019696532128715027,0.044476174547350866,-0.6808522795650216,0.03450526370707063
2021-02-22,0.04222831236345481,-0.45083371313801535,0.029632959169998863,0.03171513169322526,-0.3125644996075483,-0.0704911889711628
2021-02-23,-0.00016216654539746855,-0.07216244624823043,0.006621011176425107,0.012923415841961994,-0.19823077005741085,-0.019193923538529667
2021-02-24,0.024827094026202978,-0.04879016416943216,0.025605519814107858,0.008693483542211444,0.0054448227671701765,0.04063001258563048
2021-02-25,0.0034744191615985187,-0.028987536873252173,-0.002396286903737277,-0.0010188487891027442,-0.0008357395240063958,-0.07651831324043812
2021-02-26,-0.03008708301534302,-0.022305757514298197,-0.012523739695996738,-0.0076746347531087,0.06357060085817556,0.024328457744851484
2021-03-01,-0.01654554903688954,0.01492565021667569,-0.019936252986524572,0.03134735944273459,0.2830888053016105,0.05103656750312968
2021-03-02,-0.013972283195016644,0.06106025676124638,-0.021765519051084148,-0.012018171693643498,-0.16691365342816145,-0.0473169303460228
2021-03-03,0.02693709923933607,-0.0034904049397685988,0.023931696596245722,0.0,-0.03230351590935765,-0.055684634209555384
2021-03-04,0.03964079824236322,-0.02478002899848697,0.039696167815749916,0.03417019736721261,0.05372998008996799,-0.05755289384349016
2021-03-05,0.03495621133246729,-0.025409715525368304,0.03832333178888536,0.03398269087001382,-0.034789258756405594,-0.012991108854128797
2021-03-08,-0.016017427331662226,-0.018553407895747775,-0.02827299593538335,-0.0223659096993446,-0.24914021491158467,-0.04045626936624558
2021-03-09,-0.015653167339343632,-0.018904154639152626,-0.01436742480624087,-0.003857285399757937,-0.04314569685972147,0.09122095588932844
2021-03-10,0.006694194843479551,0.0,0.007431663216884488,0.022451384875450398,-0.0009485988999777817,0.005214635468184348
2021-03-11,0.024067997039850297,0.030077455237277895,0.026449996670127263,0.02656879654628963,0.12434013867199134,0.06707128925931105
2021-03-12,-0.006534481119402358,-0.018692133012152667,-0.006801270700270479,0.010068734948266544,0.33996370574172197,-0.006850893332311259
2021-03-15,-0.003512794753897097,-0.026770241064604683,-0.0013076645524874309,-0.013755375068485343,-0.04610057341787588,0.007477749740227857
2021-03-16,-0.00829625283834634,-0.03149866705937099,-0.012140864406966934,0.0041465159618484515,-0.19005424508486657,-0.030759904940107496
2021-03-17,-0.004174080420749959,0.03922071315328124,-0.003242927370340709,-0.023256862164267145,-0.024476222631323097,-0.0018284477749599404
2021-03-18,-0.07392923581912747,-0.059423420470800625,-0.08662220665560039,-0.061625122150018474,0.13421767094119685,-0.06298457151843628
2021-03-19,0.024387433702312222,0.032131278182793044,0.029976076788459594,0.010950831186751664,-0.0891751357410322,0.022029413306185575
2021-03-22,0.0008136034945591675,0.007874056430905996,-0.0017202287454196608,0.006415023233096173,-0.10363681776444622,0.017025827991860254
2021-03-23,-0.06258856926849177,0.003913899321136394,-0.06348518137985515,-0.041683162070554114,0.14957103312373343,-0.03752265703402635
2021-03-24,0.05671579545636174,0.0,0.060506889343720616,0.05049810651458819,-0.059723095770056744,-0.04462071750040142
2021-03-25,-0.04432534267068622,-0.015748356968139254,-0.03987398771513906,-0.03220491346726284,0.04941840511497908,0.01511398254810814
2021-03-26,0.041211862072824346,0.0,0.04097228546420251,0.02829675021250433,0.07696844262640479,0.018343511112991706
2021-03-29,0.009148895704974791,0.023530497410194195,0.00453728385383112,0.02178735418490718,-0.15069584210867104,-0.04679662171378318
2021-03-30,-0.015405089966276542,-0.011696039763191335,-0.01225082072161321,-0.012045435931277493,-0.02333877408706453,0.046044399861079555
2021-03-31,-0.022716861296467883,-0.01183445764700286,0.0037854934794818718,-0.015632951490867075,0.22716819763094298,0.04117804622503751
2021-04-01,0.03682007963867395,0.0,0.005181765539667538,0.029592263604428792,-0.00031366952589717556,0.0087803966231359
2021-04-02,,,,,,
2021-04-05,,,,,,
2021-04-06,0.010332945328247689,0.004106781952653349,,-0.0004891171533070171,0.05526252944781662,0.013202203854231875
2021-04-07,0.0072202479734864156,-0.004106781952653349,0.006324516338005459,-0.019264611582925584,-0.01808384484657921,-0.04214628509386653
2021-04-08,-0.0026805176043271928,0.016326893287428756,0.003711178119877978,0.005967198213542191,-0.12564463819688676,0.014219914254206323
2021-04-09,-0.005382687512558881,0.004040409537004908,-0.003226329625531932,0.011828624855633074,0.11918326543588531,-0.008172846700391645
2021-04-12,0.006891362679279922,0.008032171697264334,0.00788609542838703,-0.0004900759715826819,-0.02331768288148206,-0.012876873555822677
2021-04-13,0.008340331916219412,0.027615167032973287,0.007187955235198551,0.004889985294191712,0.081720780037434,0.011485063434298226
2021-04-14,0.04784049648172406,0.030653741091002384,0.05088735493063101,0.023144716823788603,0.060311849594078204,-0.010690490136982866
2021-04-15,0.004266420313701502,-0.011385322225125227,0.0003024803410847099,0.02215504240587496,0.06620533758185321,-0.02039191490848502
2021-04-16,-0.004108079722760394,0.003809528416667596,-0.002270835886135636,-0.005141399500418697,,0.016638561232883653
2021-04-19,0.0026879611408983095,0.04461706548880673,0.008451604789895484,0.003741819145995362,,-0.028014549478545092
2021-04-20,-0.011434140771120482,0.0036297680505785745,-0.018198864417406924,-0.01505202453758192,0.11474700180414299,-0.013824269458924121
2021-04-21,-0.020492851071113094,-0.014598799421152497,-0.02040887163120697,-0.021073576790528348,-0.04287107069598939,0.0400956927757834
2021-04-22,0.0017916773259383234,0.018215439891341223,0.016268078965175903,0.005791521979588876,-0.12835038233809382,0.009864532945627502
2021-04-23,0.011809568618563304,0.007194275634027081,0.010396057550980942,0.020953147514755743,-0.07556616042195685,0.032293373070831244
2021-04-26,-0.002576490958304589,-0.02173998663640586,-0.0038095284166672627,-0.008518745316327903,0.05590150671602334,0.026032530504789264
2021-04-27,0.01615388985271604,0.06385147198653285,0.011385322225124561,0.020231224021180494,,-0.014737049963286175
2021-04-28,0.012299114355236895,0.02377021933391177,0.01245047208867689,0.019373299644081965,,-0.02056001378443817
2021-04-29,0.018477352015381143,-0.02377021933391177,0.01743800652355265,0.014512726371564533,-0.3138111181757153,-0.024531762824322456
2021-04-30,-0.023347363996991,-0.017331456351640018,-0.007794730251748483,-0.014056001083881053,0.14210324305549937,-0.017490848550584026
2021-05-03,0.01500497048864613,0.034367643504207734,,0.013605652055778794,0.3571210554762603,-0.023089542117304518
2021-05-04,0.019358416781775745,0.013423020332140823,,0.02447285651872555,-0.2755384125906266,-0.04364871876707355
2021-05-05,-0.001370384683436754,-0.0033389012655147265,0.011542474129190516,-0.0057306747089850285,-0.23708461779227585,-0.005675040771761175
2021-05-06,-0.01380813592821184,-0.030562650410166814,-0.015759742068003568,-0.008881053043960474,0.053972065993676654,-0.018799493084446617
2021-05-07,0.003546923296003257,0.0,0.001601747703210421,0.01064783795584634,0.14207508132888869,0.016368651778855714
2021-05-10,-0.0006159532070322271,0.010291686036547842,-0.0017474884307144833,-0.004866189651172914,-0.01645972674008611,-0.05427027748647806
2021-05-11,0.005989421268175477,-0.006849341845574841,0.0032013997074731293,-0.001331262677197742,-0.1442485949864487,0.011483936550763296
2021-05-12,0.00990333377683239,0.0,0.011412185973020073,0.00443066741648479,0.07085394513948184,-0.04684614387095731
2021-05-13,-0.032981876841300384,0.013652089168327164,-0.033000512449222086,-0.051712201047310336,-0.09390377313866471,-0.008459196220418796
2021-05-14,0.023231647252166532,0.0,0.02752736037393788,0.01753621310772846,0.04981529741820845,0.03526049961102906
2021-05-17,0.013986241974739855,0.013468217050866649,0.0054731520752842044,0.019928195717680564,0.08760729227228126,0.0
2021-05-18,-0.011387050847042168,-0.010084119066626096,-0.008800460750782335,0.0035810244177061357,0.12849714219798347,0.013692150578967777
2021-05-19,-0.03432813577056315,-0.027398974188114433,-0.031351452856064554,-0.02396678134218,0.12768579524603396,0.014083115907671306
2021-05-20,-0.021241715384246795,-0.006968669316093301,-0.025747295367030354,-0.015682978261960634,0.07433620381423456,0.02822264217826298
2021-05-21,0.026443082615561053,-0.007017572658646554,0.02335208464107552,0.034273402567760236,-0.25594014213022387,0.004820553718938747
2021-05-24,0.038851810995858216,-0.02135312447056914,0.02764199346073859,0.018692133012152445,-0.06558615096867015,0.005372432202088717
2021-05-25,0.002114804413563931,0.03186110206898429,0.0030569934280677558,-0.011530061215537346,0.2351304186551122,-0.005940332151700645
2021-05-26,0.002110341452486786,0.013841051411871419,0.00188775195826274,0.017683926789915705,-0.1564546387870358,0.03105161906853038
2021-05-27,0.006902788513265534,-0.020834086902842053,0.007227553867621417,0.002188663600760088,-0.18946169301371452,0.013006922710564695
2021-05-28,-0.008409720685111033,0.020834086902842053,-0.001008718292895061,0.007405827793000697,0.0007140853460665397,-0.0027826502367052086
2021-05-31,,,,,,
2021-06-01,,,,,,
2021-06-02,0.014496190591573033,0.022914259522875735,0.008106422831769322,0.005540180375615544,0.09996776550546649,-0.004854746908126373
2021-06-03,0.00029069767646650035,-0.026231012148869803,0.001556861116953634,0.005509655810969516,0.12794442508235804,-0.02079114377770086
2021-06-04,0.010984356721160715,0.0,0.008309321804100378,-0.007211059879419279,0.3068531968648802,0.017385126263616435
2021-06-07,-0.005188079081777985,-0.010016778243471247,-0.0057669475533241865,-0.025437888110627527,-0.05756668212399507,0.011712878455765185
2021-06-08,0.012920076365104727,0.04269942567382978,0.0070284236474433825,0.0069626042807190425,-0.05035712235758538,0.013422980122087758
2021-06-09,-0.0029997879791121562,0.006410278360919008,-0.0011212334741568242,-0.012655634765264656,-0.10794256781852685,-0.012179212587117405
2021-06-10,0.006274977806072002,0.0,0.004756584233968297,0.006566011770890445,-0.12590378067772612,0.005333027471765561
2021-06-11,0.009339249995479193,0.03144913268250327,0.005567168171350723,-0.01361760555666025,0.06291970422189408,0.014998113145302305
2021-06-14,-0.0008454276958396179,0.03945883674054773,0.003048782849358389,0.01623198613073107,-0.1728984801633171,0.001765376685501252
2021-06-15,0.01566465597447131,-0.014992784586141283,0.015242313632246152,-0.015789801732635222,-0.02984533778646714,-0.027252847766647825
2021-06-16,-0.0004164064186760186,-0.01829319304732535,0.0067907364039028195,-0.012903404835907795,0.002814168963089614,0.009046649740781731
2021-06-17,-0.013558108308390437,-0.0030816665374080454,-0.013079205520576842,-0.02127258310367408,0.1440306735885306,0.020454785631463857
2021-06-18,0.008128986599630572,-0.0030911925696730513,0.002465416945271137,0.030633025863237795,0.20674277843088706,-0.014480208912647896
2021-06-21,0.02753477917236591,-0.02507968439702335,0.01883652143245218,0.012345835822299311,-0.3684932738547513,-0.00024948225998588924
2021-06-22,-0.006676228898744085,0.018868484304382704,0.005755989387702165,0.025098677929726088,-0.034557440289165964,0.006333838870031805
2021-06-23,-0.00054697116090896,0.04567003683318838,0.00399627546630299,0.01104983618658506,,0.021065315921546812
2021-06-24,0.0027318689302715526,-0.01801850550267825,0.009658075999591453,0.005059032712395051,,0.004520077524075461
2021-06-25,0.012201886746546542,0.02985296314968111,0.00656170333328987,-0.006751080493419548,,0.004738803811020986
2021-06-28,-0.016713480973740147,0.06269859421556401,-0.02208646282610438,-0.017079834499470814,0.2358716017614313,0.0462447266043835
2021-06-29,0.0021899817129327204,0.03528181414463982,0.007991518290022093,0.016656374827676235,0.03667087497851451,-0.0031297711245201754
2021-06-30,0.005182065326196472,0.01061017911201545,0.020483909485159657,-0.0008474576778380039,-0.5148847873851512,-0.0028694015861123745
2021-07-01,0.024320983790172335,-0.007947061692531898,-0.0032545755473813998,0.004652154721501822,-0.2912047426018587,-0.009307934962293984
2021-07-02,0.0005308560177752497,-0.024227295335324195,0.010635638516652612,0.01174510145828278,0.584013483726852,-0.002563628508148952
2021-07-05,,,0.010651367944264578,,,
2021-07-06,,,-0.03282811816947273,,,
2021-07-07,-0.019199712101563016,-0.005449604767564731,-0.019984677898833958,-0.014289050220705257,-0.42219674301169174,-0.03082558299298377
2021-07-08,0.010468415158990219,-0.027702602549335875,0.010175479415532429,0.016865264612478392,-0.007105084571541909,-0.012938164253194273
2021-07-09,0.02141873936903327,0.04127133175540476,0.027200941195171247,0.011511531937292152,0.18705245221786715,0.01320721451432938
2021-07-12,-0.0047052583952931215,-0.002699056969164948,-0.004808013940274414,-0.012369532847928744,0.023381706428305726,0.016246341945759468
2021-07-13,0.01378409245078771,0.021391189981317282,0.009463997519493894,0.015755062954237675,0.025017227695483868,-0.018142436187578603
2021-07-14,-0.02940198306569375,0.005277057100843807,-0.022971513885652328,-0.003809528416667707,0.07311601139185431,-0.03760175796734888
2021-07-15,-0.019208771361308052,-0.0320883145515003,-0.01610469358004618,-0.015815674822879155,-0.1102055019252175,-0.009196810752837514
2021-07-16,0.001254967744712232,0.005420067469339207,-0.0009396604490321536,-0.00043094161408152587,,-0.018294964695705573
2021-07-19,-0.07687743259128599,0.0134230203321406,-0.07138435549017164,-0.05675281659244935,,-0.002738544325190162
2021-07-20,0.013007584163350572,0.018494582636164214,0.010046008713027632,0.014493007302566863,-0.05616376849056337,0.03204578825397242
2021-07-21,0.04274527751507584,0.030930300691358825,0.03521441218732946,0.0357733000602759,-0.13704263996997845,0.038938110050787955
2021-07-22,0.026544638382199004,0.020101179321087015,0.02329964382805283,0.02527442309523975,0.08806904850544672,-0.013039113559242033
2021-07-23,0.0012466238888499959,0.02214112587721373,0.008181924793474238,0.020101179321087237,0.242062106117241,-0.01792852228555475
2021-07-26,-0.0012466238888499959,-0.004878058453432921,-0.0009355162727073818,0.011131840368844292,0.014432595172177543,-0.002866957708155482
2021-07-27,-0.006535516553205056,0.01456336418789661,0.0010690900390182279,0.002865918031197512,-0.0398094130791069,-0.03122290379184456
2021-07-28,0.009580080211361697,-0.012121360532344916,0.002934117869198616,-0.00040891433814549405,-0.14659133579776817,0.03935967959633757
2021-07-29,0.01712487907283844,-0.017220597751670397,0.015985544178618305,0.019040477998371497,-0.1295732282409956,0.016413301487093968
2021-07-30,0.004201971618133626,-0.02258565264874912,0.0184396862188283,-0.0024106078366873396,,0.017360771146109677
2021-08-02,-0.03608212952879608,0.020101179321087015,-0.05026448771244407,-0.030633393889485383,,0.004557306129704841
2021-08-03,-0.009440013744507425,0.009901070982711646,-0.009106416990485755,-0.0058236437467867885,0.07275023161825267,0.01433137267128437
2021-08-04,-0.03529862976314391,0.03390155167568154,-0.031202697755015052,-0.02706296241295425,0.08191140923667728,-0.0055065570141650255
2021-08-05,0.013256804241063236,0.016529301951210273,0.016069653424098718,0.022882354317400044,0.17503666859395572,0.00025797324804788246
2021-08-06,-0.01223078729506355,-0.014151179546243009,-0.015647147960451413,-0.019886417987083016,0.16137511630102885,-0.009695565777323445
2021-08-09,-0.025220146965607704,0.007100621549576358,-0.01947882728912731,-0.012903404835907795,-0.13016227379288292,0.02056342777909137
2021-08-10,0.02624511227973425,-0.02871010588243128,0.021167066294494497,0.010336009330662033,0.08271082508416772,0.004633770996348652
2021-08-11,0.014095997403170024,-0.012210163906931415,0.011877453960902784,0.016992762323112087,0.2055228720028408,-0.012012786121091246
2021-08-12,-0.0026007817000568423,0.00734397425575839,-0.002782029892819615,-0.004221196643624636,-0.309056696494749,-0.005739608044769362
2021-08-13,-0.01105626624840994,-0.037271394797231405,-0.012474757050310536,-0.011059236493975,-0.24468928451155136,-0.02218475972795808
2021-08-16,-0.01354954455379076,-0.0050761530318608195,-0.011775691155639478,-0.02468191974762568,0.013812145613409932,-0.02770316119085603
2021-08-17,-0.01403636603179148,-0.002547772078798749,-0.009607874869683286,-0.013683727085922248,0.08700916454423879,-0.019334490802433102
2021-08-18,-0.01729149711006084,-0.015424470325631656,-0.01144857080995898,-0.025659746780577586,0.14312941142137525,0.0018398565222712548
2021-08-19,-0.025882886168473007,-0.0078023802841846734,-0.02673521616019947,-0.023530497410194195,-0.18402166860242364,-0.020825545063720696
2021-08-20,-0.02286902903845789,0.028315920117287785,-0.019500277798814913,-0.03515801537937424,0.17492973176158877,0.018579968329484053
2021-08-23,0.05317906540398898,-0.0025412974286727064,0.052917680357095875,0.06686294522912639,0.23172439042425452,0.03159883750089332
2021-08-24,0.027789997129678667,0.0050761530318608195,0.030512774893152184,0.013477292943480879,0.18653432992110552,0.01018694809533649
2021-08-25,0.015289918567978233,0.02005079704556101,0.012698140341083075,0.11375888535665801,-0.05679307115709875,0.006097099189489086
2021-08-26,-0.01647580664054793,0.009876623495912007,-0.023854084608210258,-0.012019375465784132,-0.22588302727344356,-0.01061074774099513
2021-08-27,0.020843261537423885,0.06653284564608897,0.025793411992587778,0.001610954838928147,-0.02355055810629647,0.016641029099958793
2021-08-30,0.006371292910841042,-0.023256862164267256,,0.0020100509280243095,-0.1838919696960719,0.005525831683397264
2021-08-31,-0.01234493928977276,0.018648559078073168,,-0.014970945200264207,-0.2095614732255564,-4.0330022983425806e-05
2021-09-01,0.0029184319561368355,0.02733655416375025,-0.020077682138675,-0.07401390025136179,-0.010676059317608733,0.0048150646084570425
2021-09-02,0.020764985461898533,0.04396312342111619,0.0215741792549089,0.012650114166626203,-0.051210782109234465,0.010839233826959394
2021-09-03,-0.010472802125564229,0.02547908530098475,-0.0066835139329946,-0.007832938221186803,0.17457579460301265,-0.01114741604446401
2021-09-06,,,-0.008797307595891368,,,
2021-09-07,,,-0.012643447341975644,,,
2021-09-08,0.012622583262473341,-0.010672459890771702,0.011676529661835744,-0.03014412634871,-0.07758397898996527,-0.023652330397498922
2021-09-09,-0.015986388993725953,0.06440439197098269,-0.014476867532155602,-0.010404979644814238,0.020427059867872188,0.0049940960862544514
2021-09-10,0.022596558198329397,0.03168581907414092,0.015581840020273852,-0.02160506927308603,0.6104416263904655,-0.01147859662673234
2021-09-13,0.010259423131016021,0.0154741965825973,0.007289764762315798,0.008790248596616701,0.00398574489877479,0.0054926411309033085
2021-09-14,-0.00014177358781797267,0.033965529155630225,0.0010957404191795916,0.026365163507577116,-0.15368105519796327,-0.005280763768292118
2021-09-15,0.028789020076660954,0.04887850729418575,0.02420836320918074,-0.0346908360215058,-0.07461261781046602,0.00292838044842636
2021-09-16,0.0013766521997951031,-0.025046031926087675,0.004000538739934001,-0.011209832470883585,0.13234501269706556,-0.005103341354954161
2021-09-17,-0.008288485080057306,-0.036904556935450694,-0.006676483606734784,0.016767975543110714,-0.027042941379427532,0.010709708584633937
2021-09-20,-0.023580039885445103,-0.013245226750020711,-0.014167409600580605,-0.007883184807834787,-0.27068638666810596,-0.04473252806415662
2021-09-21,0.0014192451999077704,-0.05682233586669638,0.0008149959701313492,0.012491487894028985,-0.11654052038290796,0.00519375556352486
2021-09-22,0.026037305147086798,-0.008097210232619334,0.024808513346339822,0.0009191177117631177,-0.04857216725091629,0.02094364880527877
2021-09-23,0.014540722585482335,0.0040568006956145375,0.012373463117093308,0.07604192342436533,-0.09404736868655927,0.008151509302465776
2021-09-24,0.01016200059792638,0.031875208530448784,0.012739025777429802,0.002551021791605268,0.15086695256921256,-0.014572807117476216
2021-09-27,0.018167745222865683,0.08094727580396333,0.018302168259545226,0.00592719770826744,0.152801736336027,0.016171757219390237
2021-09-28,-0.001324678959108816,0.07152131784031024,-0.006999710412289417,-0.017028934274444518,0.03804143701773377,-0.033243844836659875
2021-09-29,-0.005049844618326915,-0.0359936026479053,-0.005635260814448095,0.014069726872966593,-0.0369845184855242,-0.014160572235142332
2021-09-30,0.0021293593353153284,-0.02652675433342866,-0.0006423845534708761,0.015543266082386986,0.026923647190334243,0.006428992161771951
2021-10-01,0.010447757535758662,0.0053619431413853835,0.020228410624251403,-0.0033402953813699288,0.23977412577776214,0.005284473574776349
2021-10-04,0.021732913405120513,0.0333071980177686,0.02536818454912204,0.010815413245158223,0.14065923161881777,-0.033357218059220095
2021-10-05,0.018999615200272935,0.09374155203169843,0.015594857957906605,0.016006908563550137,-0.09802466717744096,0.010797394565393859
2021-10-06,-0.019257114879821735,-0.05984000035601711,-0.016208995421168382,-0.01973748283832144,0.031043237022811532,0.0022935344170527117
2021-10-07,0.010248616477885442,-0.04954044556013604,0.011604601002808579,-0.009597403106270108,-0.0010026789035277872,0.026927237805404403
2021-10-08,0.01379681400238919,-0.04477023391110535,-0.002066744398662834,0.008350779217420001,0.1210298758149726,-0.008524173567825422
2021-10-11,0.013609049539263118,0.0,0.019045898762079183,0.0,-0.37215742691781895,0.013704023938024612
2021-10-12,0.0013631577797070804,-0.022223136784710107,-0.002630321937360236,0.023424124204537433,0.06656366005167413,0.02525965586506196
2021-10-13,-0.0009912031538830135,0.040372455290387466,0.0,0.012913819495582901,0.18041718142591012,0.02361343677998029
2021-10-14,0.009376996530157555,0.06273834063342343,0.003942892974801104,0.013540629026766227,0.05892244041309613,0.001769711928969464
2021-10-15,0.011720314848458813,-0.08455738802806301,0.009612605911569538,0.029620248061711818,-0.3226453444282642,0.003285751544547466
2021-10-18,0.0027877116411199054,-0.08234314577107793,-0.006398126091463396,0.00421537317056353,0.01221848951455673,0.01971582786339976
2021-10-19,0.006875366327177446,-0.04073883097910369,0.010523301367921789,-0.0019138761822843353,-0.003568645162440376,0.01994698935742445
2021-10-20,0.014440253306115203,0.012396852976828798,0.00866617439184747,0.011807411980393145,-0.07086520370809613,-0.008635318252688151
2021-10-21,-0.02107357679052857,0.014271394105332735,-0.013854865278148942,-0.014877253224681697,0.006433272639084997,0.009507986105567134
2021-10-22,0.02261267612945339,0.031875208530448784,0.00999949511918441,0.026172554037510287,,-0.012687107070087578
2021-10-25,0.0013004671691527747,0.11472826566142635,-0.006812335483291854,0.007459937616944967,,0.04510958398447418
2021-10-26,0.011745495611492629,-0.022989518224698635,0.003059545808634212,-0.02065025510450791,-0.07272987277969278,-0.014310336919515443
2021-10-27,-0.03541665463789556,0.05566654425099915,-0.011700186654370448,-0.026914350446816226,,0.018634671292192095
2021-10-28,0.0014506772369999865,-0.03969459868494707,-0.008596041469798088,0.006603247920258903,,0.05080398078024295
2021-10-29,0.008660145536223851,-0.03402297721162051,-0.003603607503298356,0.030126205859216326,0.10904713430298862,0.01363125021868683
2021-11-01,0.006922094711885762,-0.050430853626892036,0.016825168694988513,-0.02472078729230842,0.1348682292263117,0.040426064298376474
2021-11-02,-0.0020239306867173568,0.020853836283205807,-0.0010655302020383672,0.0015390537859031328,0.11085059563487487,-0.008420300262587332
2021-11-03,-0.037520336231651186,0.04762804898925466,-0.04012137923298553,-0.03920533457103259,0.06319771003957086,0.006892009988710868
2021-11-04,-0.02429674935594761,0.024736243559640547,-0.01178308206580514,-0.020602627338846213,0.08651811410058574,0.011776563416616703
2021-11-05,0.029603110915466857,-0.039150907561825266,0.028049569269573915,0.00610378293801761,-0.3722944262263175,-0.011691069379773822
2021-11-08,0.008700502160852608,0.003623192369420325,0.009538255229658787,0.012898203802982788,-0.2039554259370684,0.01567325322177826
2021-11-09,0.026013027463799965,-0.08487655394385274,0.015500489193061462,0.049990884745950925,0.03466365311530417,-0.030785685584409528
2021-11-10,-0.0349597137716362,-0.10798863806409598,-0.019232510619729304,-0.028987536873252284,-0.08636488506558049,-0.01772678612343004
2021-11-11,0.002950217259687804,0.05337446059137507,0.005892627236574022,0.006254907023109824,-0.044854584638619244,0.03848461629517441
2021-11-12,-0.007391927214819738,0.0327227559908676,-0.0060132472234517564,0.028430650964780257,0.4097863474945589,0.006871520693679578
2021-11-15,-0.0002473410846155488,-0.041073535208287604,-0.011647790022523807,0.010924953264162207,-0.19637718620281852,-0.015618374676368951
2021-11-16,-0.0011137925784785452,0.06885309931536332,0.011044471753846707,0.005231701021099933,-4.8965514502901035,0.009473889833031102
2021-11-17,-0.03067879522238215,-0.058425476153104006,-0.026664984923689516,-0.02071247082112282,4.801790813897354,-0.008464385166433885
2021-11-18,0.007631682932159656,0.026613648518089894,0.021825290056725066,-0.02817087696669629,0.26084427440596336,-0.01584037649538228
2021-11-19,-0.03625501887511451,-0.010152371464017929,-0.027169905351927426,-0.01976348911883974,0.05659138112934148,0.022528730057746138
2021-11-22,0.008243422539506717,-0.014388737452099676,0.009056572044342737,0.017020003173088827,0.13150253988169336,-0.006488478245823437
2021-11-23,0.020379913403448136,0.024541108916117604,0.02992924121596019,0.012092989189290804,-0.28783548049438146,-0.01558582720716295
2021-11-24,0.0,-0.0040485885260002075,-0.012786663960826061,-0.00739446840773661,-0.17950713801764184,0.006417196152692206
2021-11-25,,,-0.003892475417057284,,,
2021-11-26,,,-0.1255369686580634,,,
2021-11-29,,,0.013314313765143915,,,0.02444279404674443
2021-11-30,-0.055005777712209714,-0.0807232112724412,-0.034400063205854536,-0.036450504509821124,-0.11218265545422845,-0.02295390091242666
2021-12-01,-0.010640015259154367,-0.04757408972848354,-0.01894778532639929,-0.01401892117933079,-0.2240776408337748,-0.03691243216073925
2021-12-02,0.017570885251851465,-0.054840915699585935,0.014705097587609295,0.03468555798789008,-0.0060212230152476565,-0.005123670643675027
2021-12-03,-0.003158134815275382,-0.0737309693217354,0.002123593917613853,-0.00959130440178757,0.012776094957706263,-0.050866913165213745
2021-12-06,0.04750543965222498,-0.03490287168105999,0.03706441331098631,0.04662431158517577,0.09794855855549667,6.171147471256688e-05
2021-12-07,0.032780555884184714,-0.016529301951210718,0.029010898357174852,0.024660561821951532,0.07377354717320639,0.040112441941691834
2021-12-08,0.00678813993975691,0.051432173632270706,0.005281237519345616,-0.009877683919370828,0.0029117711447943506,0.009614189018909869
2021-12-09,-0.021773365385070242,-0.03217435702785609,-0.0245280225016149,-0.02049341395692783,-0.4138172092952086,-0.03731373419176087
2021-12-10,0.011782995072318947,-0.005464494472078751,0.011805879005724051,0.01443278934523673,0.120029452890698,0.00020023868561125369
2021-12-13,-0.007277848778701745,0.10398971352404773,-0.011536009890606103,-0.006534547320996675,-0.07465606099704392,-0.02066981556406411
2021-12-14,-0.008747234103043233,-0.08768500449910399,-0.010170268691256368,-0.016303511592956288,-0.17259715334110393,-0.02961382833010351
2021-12-15,0.004524254854187504,0.021334142474991102,0.004623342475293946,0.018050236927897978,,0.009029558081016908
2021-12-16,0.020247846657025725,-0.03217435702785609,0.01253808133789125,0.010416760858255603,,-0.041313265921044895
2021-12-17,-0.019683751309956143,0.01084021455286499,-0.022628158761559547,-0.019621296587327364,0.3881243643432004,0.007530563493759246
2021-12-20,-0.03208984698820494,0.05250549737793064,-0.03429385404657914,-0.016426562476412387,,-0.0489341938475798
2021-12-21,0.034483708583404216,0.012706651269114744,0.03264798891026377,0.021258550792874975,,0.04924970760597169
2021-12-22,0.023903305938092423,-0.002528446353358582,0.024943681727761735,0.002188663600760088,-0.14882444422804486,0.008649671539909143
2021-12-23,0.01458685805326887,-0.10395503404909157,0.02080234006044268,0.03649256609483498,-0.3870094399280344,0.011732287565916266
2021-12-24,,,-0.013465549996587889,,,
2021-12-27,,,,,,
2021-12-28,0.006864713426415925,-0.03840944811487135,,0.01634023284588959,-0.026507606906395864,-0.012941874732139702
2021-12-29,0.0074710354711990945,0.023810648693718628,,0.009677494882065374,-0.023704676131937497,-0.008171768802093027
2021-12-30,0.003259242830395692,0.11647499099636804,-0.0002543881977592477,-0.002008436103939082,-0.0344903545961559,0.021964376689943776
2021-12-31,-0.019716727041940274,0.0,-0.0175814602453519,-0.019489045587484433,0.5571102370412548,-0.0034993606080107043
2022-01-03,0.00872329084408996,-0.021164811192043054,0.012991371859949474,0.005315898840181688,0.12131979055476894,0.03108157647663301
2022-01-04,0.013203669171990562,-0.002677377770716527,0.014463586316758814,0.015780218206078445,-0.11980347502961486,-0.014790939020047134
2022-01-05,0.010721539117612977,0.013315775975772048,0.015126233775561104,-0.003619549497627772,0.2057248752035017,-0.05824926319891688
2022-01-06,0.02085263098079082,0.04145671367834636,0.017098639095503465,0.009623169691460931,0.41611697479887244,-0.011956369105047493
2022-01-07,-0.005931739485066423,-0.028315920117287785,0.0035307761766700807,-0.006003620193833159,-0.2644742098995616,-0.01265849285743581
2022-01-10,-0.011329762844815683,0.08265027108061718,-0.008789119078501884,-0.009276130236901992,0.13338860363793437,-0.009082414366543112
2022-01-11,0.03842763115087866,0.0,0.04107698898041079,0.027179930531838092,-0.46163848359102744,0.02385886624611988
2022-01-12,0.01637377734316736,0.10487963082047558,0.009952661043462818,0.01409576980039351,-0.14165879858909847,0.011432662490478585
2022-01-13,-0.0065661714513129965,0.034045841409717115,-0.00034958923621175586,-0.0011670882476264577,0.28311834150532267,-0.031982411961500645
2022-01-14,0.022318315831986624,-0.08967753739586581,0.015841228529568596,-0.0035094596362753583,,0.0052964661853414086
2022-01-17,,,0.00742903011008611,,,
2022-01-18,,,0.011435165648038037,,-0.41449975563417674,
2022-01-19,0.01648707959677065,0.07206507052392142,0.009077218151117172,-0.0011949812216670574,0.4093398288620058,-0.029630150766597474
2022-01-20,-0.006353628489874197,-0.09428820730863174,0.001226378435662312,-0.020536256240442086,0.48029149485042755,-0.011813559238782467
2022-01-21,-0.013181876494937406,-0.07948106767000551,0.0,-0.049624523541801135,-0.482939107755735,-0.04289667932513641
2022-01-24,-0.008017020067327962,0.021661496781179457,-0.02265013163032048,0.09223499102069088,-0.427860267641341,0.0011761396736886809
2022-01-25,0.024900462385001987,0.009478743954543623,0.01974899145669884,0.018540507915742577,0.636338089393572,-0.03358942552157096
2022-01-26,0.01966451841408734,0.04383631481317796,0.01914728408878741,0.022702450618306558,-0.23499161155493198,-0.0016200060252318238
2022-01-27,-0.008184654078768006,0.0,-0.0057168141624632796,0.011160830137528555,-0.29541750216579743,-0.047292484474159124
2022-01-28,0.0006846189222216026,0.2503106640811954,0.008453692547181646,0.005534048434641448,0.3372588893790276,0.011884030699101267
2022-01-31,0.01685274291717409,-0.023112139875748783,0.009574656976975682,0.00586942257280576,-0.21594346987866597,0.08728607407804923
2022-02-01,-0.010598813840874577,-0.01998249958733811,-0.02311291889549949,0.008014614849654267,-0.28025224220748957,0.010948605406428946
2022-02-02,-0.0006803492721889626,0.20649191772176767,0.013100864426585979,0.0075908551732504215,0.18901529833607533,-0.018919832121501834
2022-02-03,0.022543432107211103,-0.13737672955678493,0.016918308313770503,-0.0003601656801044406,0.014098194742963699,-0.04551267755142874
2022-02-04,0.023022284078648703,-0.0895051438680321,0.040774676484977235,0.014306395651237924,0.141116423049648,0.027812446281468617
2022-02-07,-0.011116069127863781,-0.1845712765279699,0.004326781242774302,-0.0021329549501414302,-0.32850755772363627,0.006064818810322947
2022-02-08,-0.021377565490643846,-0.03203935374461686,-0.012516325796210204,-0.038452325164936796,,0.024411817796439195
2022-02-09,0.00279501551514727,-0.04033761572657535,-0.011726655163351474,0.011399277693226684,,0.044499885830768804
2022-02-10,0.0028985527540115186,-0.024511031014349705,0.014844512604900828,-0.02068784531147272,-0.1303315949785402,-0.026861211909562144
2022-02-11,0.035755189041905666,0.002478316014467019,0.01165742814060522,0.05730356526424263,0.5986874044971833,-0.03680077128693959
2022-02-14,0.025661465361270785,0.0024721891453891587,0.04178153401495521,0.005974363227930324,-0.10690252278878987,-0.0017845492441805888
2022-02-15,-0.03678649234453779,0.06222102299720844,-0.03228827637763665,-0.023038410409292664,-0.41633110969569387,0.06148081569349362
2022-02-16,0.018935477002203882,0.01839132297142365,-0.010108831679533026,-0.026891155259453292,-0.06840535418616778,0.002801298188541246
2022-02-17,-0.02209022533527083,0.04018397781903338,-0.022416878914542693,0.021137813247742443,0.25569112644812453,-0.052843366783160484
2022-02-18,-0.005681833467431119,0.008714652102443932,0.009401510802472757,0.0018014776985109116,-0.012920090272229956,-0.024410058332648532
2022-02-21,,,0.02839323619905798,,-0.1408253196822402,
2022-02-22,,,-0.0022258204252167957,,0.16176351102381492,
2022-02-23,0.0003256445076269543,0.024256977645559896,0.0056560094221449475,-0.043705609885819285,0.3232537793720196,-0.028061433727092577
2022-02-24,0.006814152157409659,0.040560522430910906,0.019942828653202405,0.07403138390487474,0.003742531160290774,0.07113806516342436
2022-02-25,-0.011819058698750773,-0.03188367840522188,-0.027322189913495443,-0.010342043805617429,0.050532205035748845,0.017159492796584352
2022-02-28,0.04739718911129476,-0.03740810206617007,0.04483988599895383,0.013986241974739633,-0.5234336967306765,0.04727871622482205
2022-03-01,0.07541487068383645,-0.022676708671029555,0.07339398596640478,0.060313337767228914,-0.046255114696047706,-0.015174931106974654
2022-03-02,0.06606879863326043,0.06439516223832187,0.06971979252787897,0.06595796779179719,0.21435939362708023,0.003485324406391044
2022-03-03,-0.02792838205403214,-0.004310351501122245,-0.030561490741808583,-0.0017502921621239675,0.11230280652978664,-0.02875363027281619
2022-03-04,0.07234873487684812,0.023480267608842365,0.07109422197327575,0.07614968206524919,-0.14644406670299492,-0.022484578668517052
2022-03-07,0.02970051947732255,0.03930185234761363,0.04081553559418083,0.017167803622365252,0.1235421031816184,-0.010158458258231917
2022-03-08,0.03606813356895611,-0.0671111310460415,0.03173416557838049,0.08778678550258867,0.12078350594746912,0.05251114007280755
2022-03-09,-0.12777087530099518,-0.013100624045698117,-0.13312386406507226,-0.09552944866537105,-0.01551792143485109,0.03017415828944614
2022-03-10,-0.026824743354516123,0.02173998663640586,-0.017653625651692373,-0.03602026514212686,-0.23472279639475246,-0.018985206202274618
2022-03-11,0.0314093836973397,0.02966319182355881,0.030692286658044132,0.04880339527045807,0.19339304087602383,-0.033716496567330445
2022-03-14,-0.05732524958516283,-0.04265038735037008,-0.06759684359349549,-0.05661375575504035,-0.21831027965205152,-0.061206863132376554
2022-03-15,-0.06814898374310552,-0.028731258040481045,-0.048726754638957814,0.11044418348728047,-0.07093901675672498,0.03783786867829164
2022-03-16,-0.016416952596452816,0.04814934389758263,-0.005053646035633186,0.003504384061949528,0.07048837617141235,0.06242589657658293
2022-03-17,0.08214098728763641,0.025317807984289953,0.08156368756578836,0.013896005242081344,-0.0726671788954274,0.01746979661614123
2022-03-18,0.016565918662603707,0.014478019180653279,0.007198696700154272,0.008587956106643091,0.028667614247400053,0.024798880375534793
2022-03-21,0.06874448836426339,-0.0207476321942488,0.06739373957966688,0.006332217943677776,0.008208931017408716,-0.005900491209430037
2022-03-22,-0.00994765562935207,0.047091607533850555,-0.006234127318569982,-0.014920174050320867,0.10416594649370658,0.02856615666705764
2022-03-23,0.03417471379909909,0.05069311431551826,0.0481120691591963,0.028424116899195884,,-0.005326678759792536
2022-03-24,-0.00602385164336372,-0.01339732957182127,-0.028152952768131456,-0.01642152332839708,,0.026907650078635825
2022-03-25,0.017361547195901217,0.059830925987025774,-0.010622439229113212,-0.03948371340318646,,-0.016738943796459793
2022-03-28,-0.07735698870407237,0.0018132371241807999,-0.06892300005036578,-0.07002466717435119,,0.014156691231051788
2022-03-29,-0.03116399503482814,-0.036904556935450694,-0.015047140342469234,-0.007635706583738466,,0.02603780319101201
2022-03-30,0.033578557872115944,0.0,0.02452176465435052,-0.04250010584061692,,-0.01864685807397848
2022-03-31,-0.06991422813369752,0.025975486403260417,-0.07451399865752073,-0.04737728101101113,,-0.00885107241944283
2022-04-01,-0.012109229777363062,-0.005509655810969516,-0.010870690874924094,0.009538075290406178,,0.004883593541267217
2022-04-04,0.03919360537857575,0.05202967144586235,0.018854394625337,0.02229485128280473,,0.036298386070424904
2022-04-05,-0.012763850391531939,0.03942241416583192,-0.014435640667324279,-0.031533480546119375,,-0.0457360344981641
2022-04-06,-0.056374253831132926,0.055569851154810834,-0.055845954665893593,-0.04313254602122818,,-0.03361321295178499
2022-04-07,-0.0035335725813112617,-0.038902798669599115,-0.009768817717516143,-0.005328331051785762,,-0.007743551777869229
2022-04-08,0.023663655620502766,0.05310982531394837,0.014222727193429208,0.02452396689158709,,-0.02592999512051719
2022-04-11,-0.04290007156317355,-0.0047132844520982875,-0.033540647777747346,-0.03367951624425847,-0.07828967993272062,-0.016259662029059818
2022-04-12,0.06472423940349614,0.037098535609815686,0.06427040921839033,0.03826878542789913,0.02153508626826728,-0.005441054267360634
2022-04-13,0.03653106666456907,0.013564639034138404,0.03823677485195276,0.023530497410194195,-0.02245346165734663,0.02841727209655165
2022-04-14,0.024444608901800002,0.038183786970158895,0.02133949295320292,0.020947808313171556,-0.1294389358336625,-0.024903410613250188
2022-04-15,,,,,,
2022-04-18,,,,,,
2022-04-19,-0.05409801750697785,-0.0053619431413851615,,-0.021435771638202317,-0.20044064899272218,0.027635957383368215
2022-04-20,0.00019502681680538814,-0.04396312342111619,-0.004179734402708135,0.02290744224965846,-0.14083060297452477,-0.037351586529702274
2022-04-21,0.012884653910080424,-0.034289073478632304,0.020259821345692153,0.01459879942115272,0.008252361080074877,-0.05468067895341644
2022-04-22,-0.009963806735670211,-0.043065303430836366,-0.019308346487992623,0.010093813169218757,0.11319686471381818,-0.019752219304878693
2022-04-25,-0.032206675756217606,-0.026135230812545984,-0.057544491547078636,-0.010093813169218757,-0.014166085297858011,0.008527965722803899
2022-04-26,0.029870680923266946,0.0706529673236973,0.035817045786088464,0.023206885902981034,-0.0012413694295778654,-0.049825101658861115
2022-04-27,-0.006452266005904761,0.0028985527540115186,0.003976919737874063,0.024063836023711538,-0.07396805110422733,0.010577908491718802
2022-04-28,0.03384597278060841,0.008645586992853893,0.02372408951224081,0.03691056718292285,-0.15538359691779213,0.0172518443259273
2022-04-29,-0.00837860752234576,-0.018827493137973494,0.024097551579060905,-0.0034699087264431494,0.30963704941111647,-0.022161990229462525
2022-05-02,0.005625223395020917,0.06508661651988645,,0.007193317283463285,0.07856416888618778,0.025126538403937637
2022-05-03,-0.025517729479197726,0.07136448620797076,,0.004238416940988143,0.12878457046055924,0.01837223498324736
2022-05-04,0.050493208481996454,0.05701668044023611,0.05189821906429781,0.03684900558347959,-0.1048069340142952,0.060280784800336384
2022-05-05,0.0030554164782010673,0.01435431345168281,0.014193554842638179,0.0002547446198977177,-0.1121018037468593,-0.05513593863284427
2022-05-06,0.014227602427205,-0.008348289391471031,0.015489091357434148,0.03847589256180095,-0.016335307154830225,-0.029090340735137943
2022-05-09,-0.06242628028523889,-0.03534798234422709,-0.06522966688554455,-0.05335941082502238,-0.08478285489206971,-0.08381535039636212
2022-05-10,-0.03293858566618724,-0.17293645456623286,-0.03880456276327404,-0.023542808511730184,,-0.00017583817935662438
2022-05-11,0.05614415279814455,0.10491793985949793,0.048414190288225356,0.04452080983371287,,-0.060951882604700636
2022-05-12,0.0061422352331437224,-0.03789357294521878,0.0033370442535769484,0.032871485474622375,-0.18478939610534617,0.012738487883022565
2022-05-13,0.04034331190595086,0.06669137449867213,0.03688309788066757,0.05272538946880956,,0.0702640988624621
2022-05-16,0.03161579498459055,0.04046063891660179,0.024144269139562802,0.013159603504480533,,-0.020821421592846612
2022-05-17,-0.015549390064861335,0.02327110525102949,-0.01730010216269484,-0.05225947803759179,0.04301824425450995,0.059743972499530784
2022-05-18,-0.023787048202827954,0.03216477397070072,-0.02556995721708155,-0.045484854574926015,0.46483450630983647,-0.026823373478563894
2022-05-19,0.022896258904657962,-0.038236438039250586,0.028488892552140044,0.026947738409767608,0.18914999398013688,0.027455298862479438
2022-05-20,0.003735994382830121,-0.02966843066221303,0.0036147273214037767,-0.01964015895868565,,-0.008692548850317117
2022-05-23,-0.020722876574558846,0.023559676173891653,0.013114368755655192,-0.015433576425352591,,0.0069350367921483524
2022-05-24,0.020012333867694743,0.08343062734547235,0.005543539532064656,0.0017832128021679772,0.10679683014809704,-0.03446116113585429
2022-05-25,0.0029277401918177404,0.06228118383592118,0.005512978042512273,0.04795354189194456,0.11754585365111492,0.019094561580593528
2022-05-26,0.028901474650211867,-0.026840043789813528,0.028788712391658144,0.005081680626997542,-0.00021599345193301644,0.052027650100793466
2022-05-27,-0.010642540424001368,-0.10186042156504316,0.011452407328587988,0.04044538487169991,0.4963809562834536,0.04918536486004399
2022-05-30,,,0.01490609090029782,,,
2022-05-31,,,0.0202791209494233,,,
2022-06-01,0.007664207521350441,0.0011813350458309557,-0.026885727092621714,0.019431403475645315,-0.21662363177540644,-0.024445831974770904
2022-06-02,0.013957321433923475,0.049520768074131194,,0.03339580158847255,-0.12855195576817025,0.05533185224541004
2022-06-03,0.01772359304599025,-0.06498806036743865,,0.018870530677238095,0.0478778308865353,-0.02132101187370683
2022-06-06,-0.004718182145569294,0.08501097624254639,-0.005505259845235422,-0.014936959171671926,0.05104773025793996,0.03120542728787079
2022-06-07,0.009581515561468912,0.021787354184907404,0.015086835306693303,-0.020492068832231425,0.13878904481730547,0.008623763083998703
2022-06-08,0.019794426575336033,0.01603454984725694,0.018041021939677826,0.027880194572271533,-0.049540675637319787,-0.012054292753943763
2022-06-09,-0.003450262192152387,-0.14465192766935075,-0.005666177304982867,-0.008697597773509758,-0.2197823930156817,-0.03081347914200716
2022-06-10,-0.006522210943221474,0.07323223867100959,-0.008049748441725235,-0.021857587248064636,0.37694784490569155,-0.028763148262236804
2022-06-13,0.0015725225669616094,0.024748169689194466,0.007816203619519513,-0.03105769287420901,0.37437746570793706,-0.07901164159745999
2022-06-14,-0.01667817178136044,-0.15860503017663863,-0.011117314846483595,-0.011812528784232779,0.04756576955151992,0.01303869891748377
2022-06-15,-0.030740125359695725,0.0051948168771036585,-0.016350868283453224,-0.034850036181193866,0.1320652456558351,0.03134778504759428
2022-06-16,0.01923796878051487,0.020513539833103334,0.006540663023981708,0.00024122542632976085,-0.11534339754078093,-0.07118046371034392
2022-06-17,-0.07047649715583937,-0.06691019766854267,-0.0535638233235769,-0.018992535827274448,-0.5662777026979349,0.04821623939199782
2022-06-20,,,-0.00816949841973802,,0.026351237960375862,
2022-06-21,,,0.0021963178283144202,,0.0800745231286033,
2022-06-22,-0.03941260413083114,0.023953241022492966,-0.02538055484723767,-0.0007377351865394122,-0.2778195121674978,-0.006630658647124754
2022-06-23,-0.004434597067865198,-0.03308572458576542,-0.009041967358824898,-0.01088311508463713,0.11474132050149688,0.021263375664389628
2022-06-24,0.03091206001426361,-0.12007924791673363,0.024671310840431282,0.031577706327470034,-0.021899053513178224,0.025583039952005393
2022-06-27,0.021496451530898852,0.04879016416943194,0.019658933050552996,-0.013341616937574186,-0.17725114060129954,0.006755602386753878
2022-06-28,0.019725206397425588,0.08947140283049215,0.02083580956463038,0.008994833952359338,0.13647742508996696,-0.042249896758452365
2022-06-29,-0.01784255758280917,0.00449438958783932,-0.011604590949194638,-0.038988407127766855,0.308624542342006,-0.0318591806474382
2022-06-30,-0.03546244618405758,-0.022676708671029777,-0.008479558664398645,-0.04925579847873318,-0.048346041238561455,0.006581370037264556
2022-07-01,0.023297394157347995,-0.12873731065984817,-0.00477008310640592,0.027120306219194035,-0.03620182286199114,-0.007500330896307972
2022-07-04,,,0.02149371154588664,,,
2022-07-05,,,-0.09745533615071267,,,
2022-07-06,-0.012285897131000034,-0.01231326023335666,-0.017806250489825537,-0.043315041687232325,-0.12019969778700812,-0.01245645686448249
2022-07-07,0.04206934704707166,0.031361455204051314,0.04380262265839363,0.02699178268198743,-0.0055399361381374135,0.057598001320729786
2022-07-08,0.020435905129574827,0.0932809900032252,0.004838364398040973,0.014260491219157068,-0.06325574844777826,0.014244392597915656
2022-07-11,-0.006482852600860234,0.0635614814897445,0.007867173443414366,0.015513262964027774,0.1337762334594359,-0.052390560674195896
2022-07-12,-0.08248859080632887,-0.0014673516939498477,-0.07098502803200368,-0.07069549435211875,-0.05621712201743545,-0.01685766732552363
2022-07-13,0.0076480258580042815,-0.0192741326128667,0.0017744576218019503,0.01269956668269523,-0.03523562500583033,0.008257716163051043
2022-07-14,-0.0066249031986718165,0.03240342405465957,0.005304558527481795,-0.013947227480850533,-0.1320968515774288,0.00443742708485928
2022-07-15,0.01823943561936492,-0.04445176257083405,0.041096692261666234,0.02921936304033168,0.1467005598008333,-0.0045049704547031055
2022-07-18,0.04793390758457239,0.1476359988060647,0.04366135895891965,0.015937790373392158,0.30376920429848386,0.014051625740407303
2022-07-19,0.015574863741417921,-0.04000533461369926,-0.019894726702204046,-0.004185357380193322,0.14353129533273457,0.02558630936822226
2022-07-20,-0.015862041266964333,0.03081288642953517,0.007798323897708848,-0.023337928432461075,0.00012115849661675782,0.021394287409846946
2022-07-21,-0.05926126247971908,0.0526775601239029,-0.026677578051649498,-0.03336240826633552,-0.09372848530795874,0.014061996014785194
2022-07-22,-0.007443317566603547,0.032022440568406196,-0.055027999426617846,0.019466862775873395,-0.023628176511211407,-0.02837850652218954
2022-07-25,0.021464831392082218,0.03220314049463502,0.013581604116843948,0.04707108493520362,-0.31520458257217676,0.011464460241500163
2022-07-26,-0.02115784750632521,0.10465604222256264,-0.00844356674963187,-0.006249090414948588,0.12465295400375709,-0.018685778533261477
2022-07-27,0.023159249155080275,-0.0895130621199991,0.02138724587716201,-0.00328898487545759,0.015213263979880765,0.05488922064807067
2022-07-28,-0.009239796578471626,0.011494379425735168,0.0003647638194737013,-0.0184378806398795,-0.13483755600719327,0.05704401957538163
2022-07-29,0.021954778646968265,-0.04919024419077189,0.01654723772321187,-0.004892976122815806,0.0740983654974734,0.02733830542905835
2022-08-01,-0.04770990687438115,-0.015729301908543825,-0.049826482506090564,-0.03335200820564577,0.07155760966609215,-0.011828134868741458
2022-08-02,0.0056780207263944504,-0.0234433931899396,0.0039510869838945695,0.01697086613454335,0.10132631699906014,0.020594928959053682
2022-08-03,-0.04086917839367388,-0.02528579722867308,-0.04503232898088427,-0.038759616607697556,-0.011824640287494859,-0.0017002988146836984
2022-08-04,-0.02124280594693584,0.07282674199767314,-0.038341115826463046,-0.05595865364804453,-0.08142415289420235,0.014098429073506225
2022-08-05,0.005244194253932299,-0.011976191046715545,0.023399958247666497,0.023028447361995052,0.04165517201396618,0.003752044767172613
2022-08-08,0.01888987033289169,-0.06727318060742515,0.030919673679975723,0.009661910911736848,0.17454466651046907,0.0032443395469137215
2022-08-09,-0.003642210775162802,0.01407572823418457,0.00337724062978495,0.049169023806469925,-0.2522064364162695,-0.019541087392654255
2022-08-10,0.015969678257132358,-0.001271455988196557,0.011969310320661286,0.023706662300986947,-0.14160364890310095,0.05415393351631792
2022-08-11,0.024414358171287454,0.08180275506247225,0.020071345177612443,-0.004634644477028216,-0.19855825687827888,-0.008123261889259936
2022-08-12,-0.022515022367634252,0.02317600834792355,-0.03310084546794645,0.005559001344570547,0.006130675005950437,0.03657591615077571
2022-08-15,-0.028008244488632705,-0.012680285175909578,-0.05398686448611123,-0.026210548797197086,0.12381851976162306,0.0033288078778337393
2022-08-16,-0.033176570048743415,0.07377646212250788,-0.029856047432330612,-0.012726866022570116,0.024755973171930457,-0.01871355640363781
2022-08-17,0.017992488930119954,0.024482329759189625,0.019317248300269263,0.01462200240784206,0.049828650092922366,-0.019433547052869926
2022-08-18,0.025537926849366066,-0.00950878796902721,-0.008989056756933955,0.03198533803171699,0.09690408291273656,0.021607537952912814
2022-08-19,0.003748331028552876,-0.030174703122213042,0.0010373444913627239,-0.015088815907199793,-0.09265758039495609,-0.03737784819539858
2022-08-22,-0.0013905976461368041,0.07481106971793894,-0.014516468165874485,-0.03729888744785881,0.0878393016603285,-0.019182005460047336
2022-08-23,0.03202295956686374,-0.010204170174241689,0.04554886541540526,0.012164042429988475,0.14759403779607183,0.007377892536815089
2022-08-24,-0.009792764996533698,-0.050483905431992326,0.0038122036537746595,-0.03200531781599114,-0.06074376654434577,0.0260547790992387
2022-08-25,-0.02319405006663633,0.021345527620223237,-0.010670526048171425,-0.004939907954339073,-0.09047927654354204,0.030317431692026275
2022-08-26,0.0032092453731422665,0.0010554090689436357,0.023208003707207325,0.02349210807321156,0.2431562020177136,-0.0325197424065955
2022-08-29,0.03947536569769117,-0.02564243061333782,,0.01662974044461185,-0.04647364170700552,-0.012504892328879968
2022-08-30,-0.056168446234861946,-0.015267472130788384,,-0.060129184781301026,-0.24373675015651486,-0.014750976702866403
2022-08-31,-0.02184859375027859,-0.01885801863439651,-0.02848730080468087,0.03345236581748301,0.030382680442943233,0.0032318168964247107
2022-09-01,-0.033867103958700184,0.04916336812972544,-0.04566713291371993,0.01358804471703956,0.017450262790830173,-0.025478557163694404
2022-09-02,0.0022938420426097395,-0.021552558385734333,0.009172891167595232,0.09700306716463802,-0.06920018303675501,-0.016717920094253103
2022-09-05,,,0.012065706143496335,,,
2022-09-06,,,-0.030058821095559907,,,
2022-09-07,-0.05712474323943084,-0.048086186667637865,-0.05162146810378143,-0.03212785208402913,-0.052188361430776986,0.046882391631016596
2022-09-08,0.018494582636164658,0.018304354862013206,0.013270987584915517,0.03240761149276383,0.09661663519069741,0.01600411622299891
2022-09-09,0.03771388519842045,0.0048250998317569405,0.0410810813089606,0.00891122577543113,0.049649576151990615,0.014660172668098603
2022-09-12,0.010373418754571873,-0.013325454597149289,0.019122280935142122,-0.01115149554464745,-0.023506035987977292,0.013064187070453315
2022-09-13,-0.003863202168571611,0.03475484605304846,-0.015203268734406805,-0.03248148796889927,-0.013591232902504302,-0.02356441358512562
2022-09-14,0.011770167570154477,0.024434025337281895,0.008546598244675963,0.014376325807494483,-0.010198472375254397,0.023689609048255456
2022-09-15,-0.03620097472599859,-0.01156082240107592,-0.03899236477884038,-0.027494135248280482,0.0237897052777587,-0.02332991469920387
2022-09-16,-0.0017514161754128565,-0.05866433513214053,0.0016786977250893287,-0.0020561029420109733,0.33517540932060896,-0.007458283434932156
2022-09-19,0.006755208543975044,-0.01866886827102965,,0.14100121864320547,-0.23777562802665209,0.0044104012925823
2022-09-20,-0.01709243204043087,0.006261761223976148,,-0.005120338887975251,0.08063595056584827,-0.03298001145110874
2022-09-21,-0.015589058480856899,-0.002500001302084609,0.0026743942840168344,0.005630933742060362,-0.33533662689869814,-0.005313000557345404
2022-09-22,0.007646393288585074,-0.02920842558305603,0.005991363756117529,0.012176710575255267,-0.24145684850083615,-0.05053392489895714
2022-09-23,-0.06072132965840016,-0.13943982931068866,-0.06998103338874007,-0.0296848817979114,-0.06311013757447181,-0.026503504152642243
2022-09-26,-0.024322755613323643,0.0,-0.02085906364325396,0.21866600960129223,-0.23039001425327843,-0.014834024375956822
2022-09-27,0.022297182063431897,0.01178216869826021,0.0405942278202156,0.017586053718040118,0.1602176070283834,0.01734252583715179
2022-09-28,0.04582277604147045,-0.035771325068282955,0.04079873032036829,-0.06306299008865013,-0.024849768074096446,0.023043351445385163
2022-09-29,-0.010098023637917564,-0.0030395160178966485,-0.0015645957594943027,0.060187654363556664,0.07291934300845249,-0.05700991891332219
2022-09-30,-0.023131713550125,-0.026215842130892897,-0.005720390227367922,-0.007431908691091893,0.0711586780561646,-0.002990834561478195
2022-10-03,0.050510858468252984,-0.12641392485565883,0.019824683119469277,0.028999377428337914,0.021551415060838686,0.016585662834721404
2022-10-04,0.033000888417204166,-0.043485111939738585,0.03318816685523185,-0.013578078703767371,-0.0013589396762014871,0.05039106608163024
2022-10-05,0.01542094640496483,0.07833184326990672,0.0064862793199989,-0.07497159108453699,-0.012451954278185795,-0.03198656456579041
2022-10-06,0.00767844784306515,0.16823884093944308,0.01368442407170356,0.00788613068411359,0.024616443114132913,-0.012938709787664315
2022-10-07,0.04583975567776033,-0.10038817403126843,0.033211297823117825,-0.3339008128590879,0.042606310060895325,-0.04820108751099461
2022-10-10,-0.01592062651753423,,-0.01785670629514069,,0.034417951344635433,-0.015427886094879106
2022-10-11,-0.020403244311696156,,-0.020385521329987277,,-0.08878087441611626,-0.010238203375837251
2022-10-12,-0.021624899439363077,0.06252035698133374,-0.018345247004335263,-0.023076622444953232,,-0.027811373435906006
2022-10-13,0.019840578680461185,-0.05448818528406951,0.018240166354839715,0.024777592407716043,,0.013724154231328
2022-10-14,-0.03973429517580218,-0.02429269256904476,-0.03138265865619694,-0.0202582035229808,0.2491747061664782,-0.058462209050958336
2022-10-17,-0.001162115180177281,-0.0032840752011897845,-0.012878056400539073,-0.1235226809463481,-0.024860777153815405,0.03757687708322344
2022-10-18,-0.032018802306257754,0.013072081567352845,-0.017507372373319008,-0.015025984566224504,-0.04505131689033348,0.021256600815203086
2022-10-19,0.032018802306257754,-0.0899673353938295,0.020797209752151602,0.042891564629313095,-0.04560424645101424,-0.016731851462823855
2022-10-20,0.00023253110208276695,-0.09886890242131896,0.001968719874634317,0.0022874581075988942,-0.25921329026317075,-0.01859425029841688
2022-10-21,-0.006414390177663876,-0.13633644355213126,0.003272611189588659,0.06985566241519148,-0.1303177682138541,0.03545896156292372
2022-10-24,0.007576235318236257,0.07779298793952094,-0.0027264317014354944,-0.015748356968139143,0.11309582190037037,-0.007628934410769617
2022-10-25,0.009361524594810433,0.07217560440266801,0.0020727657014747436,0.027398974188114433,0.061648057455520267,0.049880542268780026
2022-10-26,0.0279056220087881,0.021053409197832496,0.0126700487481326,0.020497504155501778,-0.05798930073640829,0.01576431056627392
2022-10-27,-0.0036985192062042316,0.0037807228399058257,0.013255137952723928,0.045378311243561065,-0.0027030072855982468,-0.005625713246865338
2022-10-28,-0.013679485260450264,-0.05427688685443832,0.004978560148159339,-0.022263753943988718,-0.0030296784726076,0.0070918973284941345
2022-10-31,-0.01502407983636811,0.0,-0.014260111816833287,-0.007758514209059708,0.01615801959861418,-0.002673834758856408
2022-11-01,0.02081264375517833,-0.09391672879752444,0.019319144529228005,0.02574101675949203,-0.24422829619489939,-0.007187675563122831
2022-11-02,0.019056736321508616,0.0021857932199802477,0.009937840039120793,0.04988966950284901,0.006000017869295604,-0.04060766599494059
2022-11-03,-0.02154965545958465,0.015168221473171428,-0.00815221906155017,0.0018820582719798473,-0.23064267552488182,0.01697084451285491
2022-11-04,0.04914667618928359,-0.1505728584793744,0.04353423289787539,0.05665339410732417,0.2076485604152447,0.0070414223171955115
2022-11-07,-0.008460837976679514,0.14410034397375693,0.003410233997071188,-0.021853885744699042,-0.060560197018491024,-0.010664987876884524
2022-11-08,-0.03322564762832059,-0.14410034397375693,-0.030705950402038162,0.06786228911666536,0.060560197018491024,0.027476205615773353
2022-11-09,-0.0344842004132504,-0.14502577205025768,-0.04002640676474556,0.02264880819456394,-0.09923387637296344,-0.03424007372532678
2022-11-10,0.00847315149998451,0.32734732884421236,0.012813843239860567,0.004964158015521747,0.010088366788580494,0.0937782965153886
2022-11-11,0.029832566433551477,0.0,0.0222441235350761,,0.5663292236735922,0.014674775140623986
2022-11-14,-0.03760658017492524,0.26236426446749106,-0.029271409694031192,,0.10882896056330527,-0.017246549457628824
2022-11-15,0.011811160928344222,-0.056027831469662503,0.00755764947024673,-0.04174464566982339,0.018341782380616678,0.01231207096767406
2022-11-16,-0.014493847555028694,-0.003395589001138344,-0.01808406245723404,-0.006108361703079268,-0.020160467244391356,-0.026469307707630563
2022-11-17,-0.046987305363022536,0.05299253014051053,-0.017537620665327935,-0.1582977168733477,-0.005704801575013185,-0.006345846742692451
2022-11-18,-0.020030343269235473,-0.016260520871780537,-0.023009963105301345,-0.11180359271311724,-0.043616909836265094,-0.00423401579792948
2022-11-21,-0.004129910131332792,0.021087561620096285,-0.005525187422303013,0.008414016824846104,-0.20649997246200957,-0.01996441171803376
2022-11-22,0.013576841792543703,0.006400021845467618,0.0023716765309718113,-0.009682247812841327,-0.2582508531730898,0.017358843881298824
2022-11-23,-0.03653719589028359,0.0467374778516898,-0.03151220353000728,-0.03267702602630029,-0.07012145274236214,0.013492046187862705
2022-11-24,,,-0.003615375096691409,,,
2022-11-25,,,-0.025920144528817524,,,
2022-11-28,0.008466348194211548,-0.0907543632684642,0.0011983224921090496,-0.056359500319785205,,-0.03204123121683544
2022-11-29,0.011092594070076345,0.004987541511039195,-0.0033589283020152294,0.020394351626269902,0.03375367053997724,-0.0061211968953713836
2022-11-30,0.03181283171206939,0.14916313831621908,0.028314395199599218,0.05658443589625095,0.21949426422152296,0.05233530872346126
2022-12-01,0.007180914848733622,-0.10060991289922838,0.00779572276656193,-0.024249055253314333,-0.2005895565577971,-0.017928781305062813
2022-12-02,-0.014914519565087048,-0.2519917056518681,0.0030089132757824544,-0.04699631952577421,-0.1006517321455398,0.01645699297271097
2022-12-05,-0.03867991275553173,-0.17020019626160976,-0.03743815679168172,-0.05181999960783834,-0.03649493112409008,-0.02758897432244023
2022-12-06,-0.034696276897501654,0.09859066388348658,-0.04214244366475839,-0.030050644199555165,-0.061033708981414136,-0.0444108069135245
2022-12-07,-0.03120548810277768,-0.019846296371930583,-0.035793160495429355,-0.03204897356915115,0.10845400005018302,0.0010319234855318271
2022-12-08,-0.008797096459014497,0.06467770966866082,-0.014236510283766712,0.10193768634538414,0.09086563705097284,0.008264734327573464
2022-12-09,-0.0035124728771407376,0.03889947961373785,0.004593485339190906,-0.008230499136515412,0.0710967220802603,-0.01120362386125251
2022-12-12,0.026527491222966937,0.30114525262007485,0.02111887778929855,0.016393809775676504,0.21570203221124817,0.001694950017935959
2022-12-13,0.03342629255912577,0.06750588236537314,0.02706627851840704,0.03570130210772526,0.21869998025133608,0.013151300352086004
2022-12-14,0.022284314454879883,-0.09614386055290236,0.039033523186116525,-0.02902825541987719,-0.23980114939524633,-0.006608774766498016
2022-12-15,-0.016337029364260403,0.038985446712953786,-0.011951612052356175,0.039129351406381185,-0.017994404566871403,-0.034600589104931245
2022-12-16,-0.022655553214386615,-0.025317807984289953,-0.026333501469290255,-0.018442200880352533,0.46177112810651444,-0.021450523859069648
2022-12-19,0.01152518787803647,-0.08660010821969544,0.018040771018960733,0.061363406685794764,-0.3801240694025436,-0.02539220552046828
2022-12-20,0.011525596222201173,-0.14107859825990543,-0.027436392908704477,0.015201161332050406,-0.06765134748471802,-0.009598119040920672
2022-12-21,0.029205787930566274,0.14926865222994978,0.010018869027399901,0.01794153209695204,-0.14456252196144614,0.015160086067957046
2022-12-22,-0.0062881182491691945,0.14690003409914976,-0.008383957011342424,0.002536999246588678,0.9668879075553862,-0.043344269539109526
2022-12-23,0.024039313406373886,0.007017572658646554,0.03542924400682512,0.0657782506660688,,-0.008714156386724348
2022-12-26,,,,,,
2022-12-27,,,,,,
2022-12-28,-0.007073415875726852,-0.18396224625141455,,-0.003965112252878544,-0.45473614851057675,-0.013234479279549127
2022-12-29,-0.0058479698824234205,-0.07145896398214502,-0.009098796326801661,0.03666557356381317,-0.23646116729332256,0.030373652747027968
2022-12-30,0.021818130111979528,-0.07126302002149054,0.022714372578265696,0.06163791860767054,-0.17091749734200157,0.0018564357252772723
2023-01-02,,,,,,
2023-01-03,,,,,,
2023-01-04,-0.05412504061375323,0.029772158333670085,-0.06490361183347382,-0.06918387521210467,0.10765023443891586,0.024736228720176
2023-01-05,0.010790243323327786,0.007968169649176682,0.018679838076313793,-0.04864690795544879,0.11816111783561745,-0.03088191241655558
2023-01-06,0.0021712588255962118,-0.09716374845364761,-0.0041791885300987985,0.0,0.07370120803028168,0.022436911213820743
2023-01-09,0.012394069472764002,0.06216690641655154,0.014164358699826352,0.013233917795024586,-0.09245064155350136,0.024399925418259194
2023-01-10,0.005607491328945002,-0.09476238466600306,0.011545990997061217,0.005919679020299773,0.056278716943931606,0.018247038837134966
2023-01-11,0.030807968388685936,0.026747508367028328,0.033982330725891075,0.039269356411740675,-0.22545165858995464,0.03892396769919859
2023-01-12,0.011041324135648622,0.017442302663342568,0.018082349740372372,0.008476337329713313,,0.02198240691733755
2023-01-13,0.019972854549973995,-0.01159433278091937,0.010119349091357144,0.026964361638355472,,0.002268950278808468
2023-01-16,,,-0.009393132646949631,,,
2023-01-17,,,0.020715582429159163,,-0.1288077101517615,
2023-01-18,-0.009012453041081336,-0.0694094513721677,-0.00713609117730396,-0.022367030146896116,-0.06068300875247523,-0.0035138812011599185
2023-01-19,0.009759837231326784,-0.09499772862227962,0.015397674813147688,0.03547438819366,0.02466427899711654,-0.05072605524268159
2023-01-20,0.011882798564743169,0.07924937165414048,0.021856252480917604,0.01558078260662421,0.20766291498179967,0.02860725225480021
2023-01-23,0.004297385212545635,0.08515780834030684,0.006647588949795669,-0.016347066169024704,-0.06598553215906655,0.0511890018668808
2023-01-24,-0.021799228342583632,-0.023599915340873467,-0.02650771559912357,0.011433051366595559,-0.010743836851202282,-0.010119377282157949
2023-01-25,-0.0010022551578146022,-0.08078925492732103,-0.0019961258315897012,-0.024938948347252077,-0.11430676008393004,-0.0030579169419571173
2023-01-26,0.010721957845797547,-0.1275392106017481,0.014121726188180084,0.029852963149681222,-0.09478595113494492,0.008470091449686024
2023-01-27,-0.011348877808654123,0.039644831347240395,-0.010836109526718651,0.06000336597217981,0.10554898935236157,0.04196460136645541
2023-01-30,-0.022321789192895736,-0.003539826705124094,-0.00540351367619607,0.020735235953517783,0.20237668184235336,-0.03499269594750487
2023-01-31,0.01249060338014285,-0.062177244951891475,-0.017586004548502565,0.022016713187466674,-0.03387958991851825,0.03667178660122783
2023-02-01,-0.03361769338456799,0.0,-0.021936285287647905,-0.03426533526366571,-0.04515587106517316,0.026209304949011525
2023-02-02,-0.006175697967099936,0.007518832414027399,-0.012825431692046863,-0.0021149109046258996,0.9327681441644877,0.016888530008324132
2023-02-03,-0.03309741372951347,-0.10660973505825833,-0.021579058380057248,-0.05214794765474107,-1.2520103227087223,-0.020223399267946363
2023-02-06,0.009626540342797085,-0.1007415698015317,0.020461392942381806,0.024601938427911918,-0.16512881431307047,-0.007062000518914147
2023-02-07,0.040460304506244604,0.07968816060369943,0.029867581216150185,0.041561655615173665,-0.0716107378846913,0.00731191847004542
2023-02-08,0.016705605669869783,0.021053409197832273,0.014962275655905799,-0.0003480076596806825,-0.07416718270182754,-0.014327424265307975
2023-02-09,-0.005494870384470829,0.0,-0.008471088060078458,-0.014373604165679232,0.13843799531811296,-0.01767826532829453
2023-02-10,0.021549826198298483,-0.01257878220686004,0.023680955052472363,0.025105921131076236,0.07108344806064792,-0.011385235517733072
2023-02-13,0.005003763254789462,0.020877585021555234,0.006066280852256689,0.004466593923034612,-0.20235630264376203,0.010430100610496318
2023-02-14,-0.013315106905582574,0.0,-0.011934153574507,0.014971358233869969,-0.05970203792971063,0.015204836520683607
2023-02-15,-0.006470051114686015,0.012320484388040676,-0.0100550915192823,0.03712723402889351,0.18580472206904153,0.03476482436517081
2023-02-16,-0.0015284680086882219,0.012170535620255052,-0.0032152454016145526,-0.026378054277785834,0.22693808171990337,-0.030438347349289963
2023-02-17,-0.027657487877499776,-0.0840831172105414,-0.02255689390779292,-0.0030115465290474486,-0.12427531436231742,-0.017725672850563257
2023-02-20,,,0.009953954485776073,,-0.06702029144640509,
2023-02-21,,,-0.007882172622302619,,0.024703372887942443,
2023-02-22,-0.031021591575409957,-0.02386748140664352,-0.03203935374461686,-0.03204732628717988,-0.12733305292407193,0.003914987103666334
2023-02-23,0.01755959600848289,0.047178560275090486,0.03130862663866374,0.038539746153864796,0.33582747987168426,-5.29253102792282e-05
2023-02-24,0.01228143531962722,0.08393445148515055,0.002798225562093748,-0.002045687723293055,-0.1011716676929133,-0.02540274956594768
2023-02-27,-0.008170841452289856,0.07743174013281606,-0.013084870272368931,0.022275642625996905,-0.05172834337807153,0.028142146685531166
2023-02-28,0.017186385629408107,-0.019802627296179653,0.023959796200154315,0.03250984048158645,0.01147500992191297,0.00534996591889314
2023-03-01,0.00893498984074359,0.035367143837291226,0.005632467404274699,0.01156453620770903,-0.06776683813321949,-0.004267021190125675
2023-03-02,0.00616889245866048,0.030420596700711844,0.005600920320201652,0.0038253154711620496,0.25239527674172724,-0.01542875024026813
2023-03-03,0.01991567061073063,-0.0037523496185504213,0.01871854053301636,0.01201785495157659,-0.09997143038533984,0.033575040902601216
2023-03-06,0.009624472767697512,-0.07816477284933632,0.001398601626583229,-0.002202990662789839,0.05080701035723134,-0.004149608169375263
2023-03-07,-0.037257223476991896,0.02409755157906046,-0.03351607452247496,-0.04544039339777317,0.04780825092412222,-0.02027071238933953
2023-03-08,-0.011557819718178486,-0.007968169649176793,-0.011263971815556495,-0.039339414560032315,-0.1370870935594981,0.0067368721704283985
2023-03-09,-0.01261846395921129,0.0,-0.013488861785943662,-0.07289524362988331,0.10817441087531598,-0.03144819135186694
2023-03-10,0.012487838918205263,-0.040821994520255256,0.015921953010584744,0.013555803843574576,0.11344874572018426,-0.03324172039308415
2023-03-13,-0.02473180343017045,0.0,-0.03247800429074932,-0.03480543845008732,0.011654738719987456,-0.001658483913797859
2023-03-14,-0.04800043859147518,0.09909090264423093,-0.03707916455246707,-0.01442150231506345,-0.17376190470501296,0.012980903757716433
2023-03-15,-0.054863642103640586,-0.07847161544149506,-0.032702987116094206,-0.04415642114531504,-0.09952655282374234,-0.03385937099472791
2023-03-16,0.011362920164135204,0.0,-0.016009024577818387,0.006371984920835905,-0.11633755064243889,0.006129710599172888
2023-03-17,-0.022856441717453713,-0.012320484388040676,-0.028999604136176416,-0.00477517819431672,,-0.03322157355015776
2023-03-20,0.014161375514511576,-0.08176595469656767,0.019380181327776747,-0.03037285507223586,,0.015110870996853265
2023-03-21,0.0268707755731592,-0.14448158255523325,0.03206796521147215,0.0012327924306325677,-0.14323851659833098,0.04197237431856404
2023-03-22,0.018700138103390884,0.05051579013690177,0.01723494868816733,0.052791145354450286,-0.02477820938751618,-0.02673875651916724
2023-03-23,-0.013382887665004617,0.02433210065953073,-0.023539886067756477,0.008147474749650718,-0.037755652509666504,0.010403945598184805
2023-03-24,-0.00791427974394665,-0.019418085857101586,-0.009192980788752969,0.01419551940493291,0.18433462072656592,-0.010405809567274105
2023-03-27,0.05138719347499254,0.0,0.04215208877300114,0.04688358589885033,0.036657669221974665,-0.0014384662656379277
2023-03-28,0.0034248954637039475,-0.009852296443011666,0.016401219978573245,0.01012666881792934,-0.16753601745726865,-0.00810400533160216
2023-03-29,-0.0023276521771000702,-0.04040953833787664,-0.007198899838779305,-0.010490239081886843,-0.005333537911190955,0.03402461139864155
2023-03-30,0.01860581953678775,0.005141399500418697,0.01205451888562159,0.015515375284559818,-0.07534323146880073,0.008067497572553428
2023-03-31,0.018133830238040716,0.07410797215372189,0.009388549043278793,0.01774354570582304,0.2142185319672829,0.026099738557946672
2023-04-03,0.06050025144129734,-0.004773278752657761,0.08028552159670888,0.045720284301982606,-0.016087882670271725,-0.02396740468218539
2023-04-04,0.003724399090982544,0.018957913744614086,-0.0012827242152955165,-0.04010820363067058,0.18712237157416922,-0.02076591757480095
2023-04-05,-0.0001239234154883917,0.018605187831034486,0.0022145821743997374,0.004884866656977849,0.18076565158034263,-0.03226469183255265
2023-04-06,0.0001239234154883917,0.004597709248629567,0.007770407320037975,0.013826697980144909,-0.42060964118122257,-0.0070460058152379546
2023-04-07,,,,,,
2023-04-10,,,,,,
2023-04-11,0.021695514070917632,0.018433701688837956,,0.010873365708323979,0.040614713025206584,0.01075588157727303
2023-04-12,0.020874544375722337,0.013605652055778794,0.011273819798967466,-0.0006761325477326885,0.17296582857248577,-0.015236929027695467
2023-04-13,-0.013299676146526274,-0.08455738802806312,-0.02059333728842816,-0.016022159686938764,0.007737840550077202,0.021172029684404237
2023-04-14,0.005098954837641223,-0.08701137698962969,0.009204989630433147,0.008895029568867896,-0.12738334586618372,-0.01295559655491818
2023-04-17,-0.020182936950333463,0.16705408466316607,-0.01942931478461496,-0.026226485920507914,-0.009402508170038182,0.023155215336530865
2023-04-18,-0.0009889974844954352,0.009009069942365944,-0.0017532585871542494,-0.03269658707633827,-0.01442612296574275,-0.005501406925080055
2023-04-19,-0.02087184434513034,-0.013544225107757102,-0.0016391526910926046,-0.057243422553392764,0.1743324867246736,-0.0146777187209306
2023-04-20,-0.024417959732492278,-0.0045558165358609015,-0.024314783812604546,-0.02165591204537931,0.15399460425513034,-0.020435111731046618
2023-04-21,0.007606560236816939,0.0045558165358609015,0.0008400840578071112,0.01782302118967194,-0.20514666447308105,-0.01081864939574917
2023-04-24,0.009968133656601097,-0.0045558165358609015,0.010382574322215454,0.05054416593461819,0.0813389425324127,0.005080264226313247
2023-04-25,-0.020425914072785822,0.00909097170125206,-0.025247794575171234,-0.01953979217989521,-0.18280617415398748,-0.031338651986287935
2023-04-26,-0.03593992302892257,-0.00909097170125206,-0.0364533295297802,0.002231313681435587,0.04640341632640155,-0.04518478047178487
2023-04-27,0.005902096274621904,-0.00917437627604123,0.011550662004705003,-0.004840821220009728,-0.0457985494000237,0.013804101735653163
2023-04-28,0.026527454560826946,0.045052663940943205,0.014991298533120201,-0.0007468260242562419,0.02419477207035925,-0.002448653445203952
2023-05-01,-0.014826749338285872,-0.013303965626362824,,0.009295474999791664,-0.009488629178338925,-0.009420233606550532
2023-05-02,-0.05348723233988206,-0.05505977718302735,,-0.0594687394027924,0.060125957144279596,-0.01799451132987606
2023-05-03,-0.04404617046417947,-0.05328136661293692,-0.05080627415286543,-0.046220804801228366,0.0331121344163412,0.0023481171454093897
2023-05-04,-0.001458363974384369,-0.02519024882855847,0.0012336373300518844,0.003285423899796913,-0.17871886326314268,-0.007161808783016532
2023-05-05,0.04005111953901963,-0.057758834152192295,0.03829826464615049,0.035840357050827776,0.2214896095892902,0.039020777888601366
2023-05-08,0.025061886287920387,0.13623044959368769,,0.025387030271916355,-0.05258981745305302,0.009520879039497387
2023-05-09,0.007492712664191714,0.04609110720026699,,0.0015414261240840332,-0.045705864387837636,-0.006037436024563192
2023-05-10,-0.01573112257173026,-0.04609110720026699,-0.01372545177897333,0.007289500914340885,0.17076290317598541,0.007452157253720948
2023-05-11,-0.024000035711638112,-0.02386748140664352,-0.01815600458425859,-0.02987613087241081,0.1464453363703937,-6.234740662325322e-05
2023-05-12,-0.01121931813716337,-0.04445176257083383,-0.010409809737838671,-0.015079650827059532,-0.3189311718148442,0.0206689416652015
2023-05-15,0.01488439131228425,0.12783337150988494,0.012266820485051788,0.036124854661045425,0.10131805824371476,0.012198848506979942
2023-05-16,-0.0031003407021144014,0.0132452267500206,-0.004116598337181365,0.0061514995980640474,-0.17929135383194694,-0.018985801206621744
2023-05-17,0.026876226047324536,-0.0132452267500206,0.024059531656616784,0.025729758383624013,-0.09510416981678826,0.0217677771073177
2023-05-18,-0.013278203386077436,0.021978906718775115,-0.016107203466121156,0.02326115586176347,0.04574827520157321,0.00010016372179944
2023-05-19,-0.0034869970474300516,0.029980832211935926,-0.0043659525592678605,0.02344561857468075,0.16567171352252696,-0.011662769827985642
2023-05-22,0.003347750371720082,-0.029980832211935926,0.004629944113070827,0.03019892405954927,-0.009728000569433348,0.024985060804711523
2023-05-23,0.014653289559964477,-0.035401927050915716,0.011677624009126752,-0.0266402014425553,-0.10101081746065876,-0.00518217434316437
2023-05-24,0.020375603033017775,0.0134230203321406,0.017200553389997708,0.00778489423506068,-0.1795634622854787,-0.017066219600203603
2023-05-25,-0.03684086604853398,-0.008928630744301391,-0.030330994137523604,-0.0024704441715679426,-0.08523400374249768,0.003392089975574386
2023-05-26,0.009303684410817858,-0.17072980863016962,0.008816426605496197,0.02959310814730931,0.27951924714600684,0.020675185195337953
2023-05-29,,,,,,
2023-05-30,,,,,,
2023-05-31,-0.0194830239471262,-0.004750602758597733,-0.019263116276251324,-0.024701452799177126,0.16148479764049295,-0.013371426158919952
2023-06-01,0.02865608525900676,-0.17095779814363954,0.030106269410560493,-0.03729433494409551,0.16154650347152621,0.014857977583631943
2023-06-02,0.023547087238307007,-0.017094433359300165,0.02423876822488591,0.024894467824153832,-0.5206889700283339,0.013391419216966405
2023-06-05,0.005281457724852778,0.09844007281325251,0.00799427624239879,0.006583783840258706,0.01242810148750717,-0.006199929706297347
2023-06-06,-0.0059784675809098076,0.015504186535965303,-0.0051037210830156,0.048390799674572715,-0.09211581289754989,0.017923330816787875
2023-06-07,0.011232177992167358,0.08829260714567821,0.008231574538890563,0.07072807927961522,-0.07593886514499548,0.00674106539859487
2023-06-08,-0.017246602724096505,-0.014184634991956324,-0.01270232491779133,-0.04602699494885165,-0.028151540254626184,0.0028486970250920507
2023-06-09,-0.015837435098626784,-0.12675170563914384,-0.015137721009475413,-0.028529173223428517,0.09524891789713053,-0.009120962419640222
2023-06-12,-0.04489241110891928,0.0266682470821612,-0.04013094800315997,-0.03802198978935656,-0.20638663171139848,0.019170271259745242
2023-06-13,0.03385682795644929,0.05129329438755059,0.03341861242376698,0.023269351314318287,0.14293513609164732,0.024812798012367132
2023-06-14,-0.017004987920957504,0.024692612590371477,-0.011515401920974,-0.017851241617777625,0.12857362291147822,-0.014529955675650186
2023-06-15,0.034434000537755693,0.06148508365068095,0.031650757832507814,0.02946087069561676,-0.1358787191328319,0.005065604132667545
2023-06-16,0.01685196459397087,-0.023202897079664053,0.013245226750020045,-0.03270821253538592,0.22023188192821896,-0.010429657028779182
2023-06-19,,,-0.008766820951067622,,-0.028343251325380514,
2023-06-20,,,-0.003950492364493741,,-0.1324676215740368,
2023-06-21,0.02244152998472071,-0.0606246218164348,0.014799562896641305,0.0025524170648383304,-0.004848104830812439,-0.01738311498757117
2023-06-22,-0.04698614112299815,0.013303965626362824,-0.03964722115157038,-0.04964632080730391,0.15620118390133175,-0.009598450888486987
2023-06-23,-0.004488532838081483,-0.02227263560912318,-0.0050172998328879,0.02978542524400596,0.14847601113507292,-0.023215005901146668
2023-06-26,0.0026086971315866236,0.16566712188881738,0.0040700096882968495,0.028923854098359847,-0.13227523427695598,-0.0012713468114426973
2023-06-27,-0.020619287202735315,0.022642476749759832,-0.027173347509059198,-0.010885448560192357,0.04177488185650091,0.025977070538558245
2023-06-28,0.02711141128174699,0.011131840368844181,0.024190294449518923,0.03195389433449747,,0.0014925163573300537
2023-06-29,0.004447959123255352,-0.12147989753770971,0.002983053059540275,0.019941189025651784,,0.012918688086699603
2023-06-30,0.011529556228028426,0.03278982282299092,0.00876193514121848,0.008622229653641345,-0.06390019046379614,0.022836570197641848
2023-07-03,-0.013535862432691559,0.0,0.0001342011677518684,-0.0257405515965885,0.17531056905393605,0.023566368588979536
2023-07-04,,,0.022687540266794315,,,
2023-07-05,,,0.006667998818624454,,,
2023-07-06,-0.00027866796892084267,-0.05826890812397567,-0.0002606542436236481,0.002425083468075684,-0.1423367192859244,-0.02167684459280217
2023-07-07,0.029520919046254868,-0.004008021397538752,0.026369783140049563,0.012037978559479079,-0.03779407383517697,0.028456937859172804
2023-07-10,-0.011703998600086862,0.023810648693718406,-0.01200525274393538,0.010542522402135601,0.1296790434569468,0.023203447665915533
2023-07-11,0.024609138045885715,0.007812539736793633,0.021733078808247264,-0.06751995714467607,-0.005766121858619577,0.0027224339005202935
2023-07-12,0.011949159700687773,-0.007812539736793633,0.010132052403976743,0.08029324005615734,0.06313244482006652,0.017107937421594777
2023-07-13,0.014283149193415667,-0.019802627296179653,0.011876918036224815,0.002335280460793232,-0.07656712773618413,0.014375291467022322
2023-07-14,-0.018647946811495508,0.0,-0.017493157447517227,-0.05232857290850057,0.13811239223945648,-0.021694811074705278
2023-07-17,-0.01697788257673505,-0.016129381929883668,-0.02663442158788243,0.0003510619660418435,-0.1271272644499737,0.03224123206434104
2023-07-18,0.02121069312935564,0.02409755157906046,0.022118608595198097,0.0035038578244035445,-0.08731209418903418,0.0010240971739623461
2023-07-19,-0.004763173863912229,-0.003976148379639444,-0.0020135924246247328,0.010784588784165994,-0.026127667846374436,-0.002738382453958188
2023-07-20,0.003310165220455019,0.03906746819090956,0.003018870217252001,-0.008688151957637835,-0.01332428825190135,-0.03270557991109779
2023-07-21,0.01846689896364584,0.0,0.017924303627991023,0.02106795243122961,0.12921360541394478,-0.007046968450908686
2023-07-24,0.022455553167547215,0.026466573188163367,0.017972242404430183,0.040192951875037464,0.15389540993120754,-0.001319493431271468
2023-07-25,0.011982233288024169,-0.0074906717291576275,0.011205611558813722,0.013694377689559722,0.1004301407928665,-0.0012616457172649476
2023-07-26,-0.008182836620277634,-0.02281467776617141,-0.005767860258684365,0.015743297046011406,0.4788452118196842,0.002372951043109417
2023-07-27,0.013310091021555337,-0.05129329438755048,0.015544974031266534,0.0170674180875654,0.44024242791758095,-0.018752106319776196
2023-07-28,0.004728729568123313,0.0240011520995429,0.002488595228764545,0.019857928364426014,-1.3077013146997754,0.015007377114096165
2023-07-31,0.015399133985718017,0.01957009619409733,0.00860296390701265,-0.018918225867711858,-0.04420550839974258,0.015136232301489194
2023-08-01,-0.005270588900136097,-0.03550668845690974,0.0014071296880882045,-0.02504489755340411,-0.10413824059546961,-0.019445517173803495
2023-08-02,-0.023249633048279428,-0.024391453124159246,-0.015707438383098626,-0.011949116822729033,0.06565481554800101,-0.04646996071528697
2023-08-03,0.025581924045968485,0.004106781952653349,0.02561832228255234,0.005184716734186745,-0.003320989683023079,-0.001777338864727085
2023-08-04,0.014605907171088006,0.03622126343431831,0.013712261863982,0.01762018996801329,0.11805069308319904,-0.010823369072358702
2023-08-07,-0.00995758075861719,0.046340337258702013,-0.010468890550950682,-0.007330710119602735,-0.17655645047161173,-0.011115507772744948
2023-08-08,0.012130182699509717,0.0442876802011164,0.0175392815058677,0.0015982103449836416,0.08016900777819647,-0.0027377398251591245
2023-08-09,0.01685735417374179,0.05273629608094321,0.01477664921758759,0.027718309972402544,-0.028338488055242195,-0.008281693583984229
2023-08-10,-0.018425981946368353,-0.03130690462504404,-0.021160619827511162,-0.0018656721829495293,0.14375915696479336,-0.014399734309693102
2023-08-11,0.004337878834987485,-0.08092649032054433,0.005588199522627235,0.02307439706021186,0.0031372901614670212,-0.012051159811192313
2023-08-14,-0.008088412539961176,0.048607699065376875,-0.00604576072942109,-0.01594147799768808,0.07651186245303965,0.0065317550388614976
2023-08-15,-0.017608672140472237,-0.03339828040184811,-0.012897461140533473,-0.0184006439088662,-0.15570649620782806,-0.029490187256151046
2023-08-16,-0.020691252947072414,-0.03846628082779602,-0.020964637356202687,0.00502355844526603,-0.08430364074542052,-0.020753570568981416
2023-08-17,0.012888872662887074,0.003913899321136394,0.008837623065662825,0.03417294192608655,-0.1450875984278044,-0.02076622055687416
2023-08-18,0.010143580293869192,-0.048009219186360697,0.007945823530138618,-0.009121376709788409,0.7679928782132359,-0.0018092438184318382
2023-08-21,-0.0066683378735659105,0.06351340572232589,-0.005602255548669888,-0.011983550996079284,-0.46206099450297966,0.013569358506198448
2023-08-22,-0.0057157213261556095,-0.007722046093910251,-0.008698773553875938,0.005548719538350566,,-0.008411694358549937
2023-08-23,-0.016838799477181254,0.007722046093910251,-0.009013343752563685,-0.005548719538350566,,0.017450336948089173
2023-08-24,0.007700599815374964,-0.0717439048588413,0.001547527241759994,0.09545067857519163,0.03407328893830375,-0.029563574780967272
2023-08-25,0.011875881809722877,0.016393809775676393,0.015930480266114877,0.02743694344061831,-0.3375337570443184,0.0142766599161952
2023-08-28,0.0022343604131762618,0.05535009508316491,,-0.06115442315333053,0.10933239508210857,0.007637457461864727
2023-08-29,0.006057253207083058,-0.03922071315328124,,0.014426101307555728,-0.07193643427123142,0.04126064228753101
2023-08-30,0.006143280163342979,-0.008032171697264334,0.0028903424942861022,-0.005745491243249745,-0.24161574377310124,-0.0003072714018879097
2023-08-31,0.023125917099759086,0.03174869831458038,0.007705172960777773,-0.015387152186250086,-0.10473876541049076,-0.00048453756800626024
2023-09-01,0.023305011675386567,0.05324451451881229,0.030351514665768242,-0.01029269489482787,1.4840429478610346,0.0017013502710030437
2023-09-04,,,0.004878058453432921,,-0.12638150966123973,
2023-09-05,,,0.009137510596141318,,-0.3877995692934837,
2023-09-06,0.009294920324640188,-0.04322873455081999,0.005900366768399223,0.006795712369587648,-0.05767891410759152,-0.021684884042676877
2023-09-07,-0.007797310460031959,-0.016194685919980634,-0.006887154853516542,0.0085032032650878,-0.3918792715807067,-0.013254024192193015
2023-09-08,0.0073403242759111365,0.032131278182793044,0.007540607283651468,0.021947170258340032,-0.07054030251482679,-0.008328188553266891
2023-09-11,-0.0024026097021829784,-0.011928570865273658,0.001305625253471554,0.01727354289494132,0.20733145402565345,0.011191355840749928
2023-09-12,0.017824164904826745,0.08434114843375085,0.017354248523464122,0.0002807017562291847,-0.20257623424365434,0.0029116858109201615
2023-09-13,-0.003155643326442359,0.014598799421152497,-0.005787177227661644,0.027952560188184705,-0.13133468976277207,-0.009327507904904664
2023-09-14,0.017234088144377324,0.017953803616596042,0.022950433586911068,0.02612943267631551,-0.06807979281200183,0.019545496951671737
2023-09-15,0.007736554945803498,-0.0252265629456756,0.0036697288889619983,0.13694883817750658,0.15798114918356632,-0.01422331086488171
2023-09-18,0.007021422154150692,-0.07579383936953366,0.004177551767426735,-0.003018694966189228,-0.11331364913993003,-0.020741384442363398
2023-09-19,-0.0033948452907894833,-0.0320027310861738,0.0016661463814839905,-0.031178718248450865,0.07123646476434775,-0.0026872483411457537
2023-09-20,-0.0217351647915196,0.12228957775827409,-0.01625881517740435,-0.06389893045379136,0.056531204034186544,-0.012995802698929637
2023-09-21,0.004027752144589947,-0.029199154692262086,-0.009136364413412146,-0.13331219852727272,-0.10736515535269753,-0.029500434586851476
2023-09-22,0.0049008785997113335,-0.0262679268206103,0.003090204387834028,0.0843046194205781,0.05255146070316297,-0.009370075558019941
2023-09-25,-0.0035618915663606643,0.0,0.00021276595824915034,0.030682121128080775,0.13165832305184288,0.006052973138158002
2023-09-26,0.01932587341243064,-0.030890487019338386,0.004775304877512099,0.009591778009859109,-0.07738628823050941,-0.013957735162811957
2023-09-27,0.024204315044704217,0.06453852113757119,0.027564910829307898,0.14191334834146185,-0.01007397411243538,-0.003937915376274859
2023-09-28,-0.021800992935324892,0.0073260400920729385,-0.004748641110774443,-0.10692879199583505,0.020583798905773776,0.007298148352963274
2023-09-29,-0.009648139747178597,-0.022141125877213508,-0.008103940455019831,-0.019623271184139535,0.3399018737467321,0.003379790381830894
2023-10-02,-0.021829578268122596,0.0074349784875180625,-0.04972425353941823,-0.14374598603424094,0.1203264922927536,-0.03037029297705729
2023-10-03,0.005054202930710794,0.003696861881326119,0.035011924275904605,-0.14461382280403767,0.03654994529676969,-0.03898000594988371
2023-10-04,-0.0569343744080717,0.07463498138858082,-0.05025746922685581,-0.11482132416205526,-0.19202929612818842,0.023128856303255674
2023-10-05,-0.02424797711002835,0.0,-0.017405413852579876,-0.05109319433685777,-0.2459284649092135,-0.04590221355745161
2023-10-06,0.00641920692714848,0.12233885219224416,-0.004768942840902568,0.010746372075483901,0.0012630208939778953,0.021849635490937658
2023-10-09,,,0.039172558462896134,,-0.007856560279806857,-0.013440785884966111
2023-10-10,,,-0.007359839889438113,,0.08273569912093581,0.04610656417623904
2023-10-11,-0.025828430282704318,-0.0459498901918558,-0.03500469574783871,-0.012611443114323051,-0.09270822010032642,0.004771635798647367
2023-10-12,-0.00996586263447874,-0.00944888919793252,0.009319308270345772,-0.05643408628054192,0.003079070467862266,-0.01731590600056343
2023-10-13,0.05630665073954333,-0.015949301407677918,0.06492730301816341,0.03187211092010045,0.19828442575221672,-0.018761864813090945
2023-10-16,-0.011702749438878612,-0.04269942567382978,-0.036049662293161866,0.009139439093092672,0.04499038636242503,0.019551273263742175
2023-10-17,0.00011540015014777083,-0.013513719166722726,0.016675226994638415,0.00037900322606410075,-0.13945826644768644,0.011587638588215654
2023-10-18,0.019313782453941997,-0.0068259650703998975,-0.005744961874172283,0.024701854777257948,-0.006719741033593962,-0.048351955635466126
2023-10-19,0.011255042839731999,-0.027779564107075716,0.012209108494062093,-0.04808800778144928,-0.03140990518754183,-0.038603885755406964
2023-10-20,-0.002577465426463199,-0.08829260714567833,0.006422629656467116,0.01730479636774107,0.12965142865117052,-0.03923846526923658
2023-10-23,-0.04158436614083172,0.019048194970694432,-0.019828235818697415,-0.018857591710801813,-0.2095292203232173,-0.006190124574221301
2023-10-24,-0.01070157799379956,0.07275935428242841,-0.04314656334269085,-0.04978133120390427,-0.08172547267876862,0.017088069823179453
2023-10-25,0.01746308661703999,0.003502630551202035,0.024027202784295376,0.004887993438888127,0.0948910607835618,-0.028826142194986915
2023-10-26,-0.02672791117334583,0.0034904049397685988,-0.018926596656707595,0.027651531330510015,0.05561493425117092,-0.0027587945681117887
2023-10-27,0.02637929691149221,0.1212613000327083,0.025450642575743032,0.020732211374274723,0.1297294420881423,-0.025583939651593113
2023-10-30,-0.03561031612558985,-0.02184174191504895,0.0,-0.030662779576875354,-0.05406609526820105,-0.04111111250043553
2023-10-31,-0.016882650332295412,0.052239219099419865,-0.04405105331009018,0.0011968882338461162,0.18509061681041228,0.011625867943534374
2023-11-01,-0.007253089759958975,-0.0459498901918558,0.0011511455167818596,-0.030771658666753687,-0.014118037501363645,-0.004931100360370699
2023-11-02,0.024256171235893298,-0.0221879149753621,0.02387290819947907,0.020753542422109028,-0.19787099450847911,0.04942482003522386
2023-11-03,-0.022530332543222897,-0.03922071315328135,-0.016651004855847695,0.004019298015391248,-0.17696347688351377,0.022835622356436325
2023-11-06,0.004301610516751708,-0.10166365377650022,-0.002745054909144784,0.03236272957427866,-0.1321741880955294,-0.029617488312910112
2023-11-07,-0.04489782275174736,-0.3038014543316643,-0.04545704690873276,0.005808341595746835,-0.037515171560679406,0.005044464564039508
2023-11-08,-0.0274381688448182,0.08617769624105243,-0.023895854693717133,-0.013997118101098827,0.05714772771894161,-0.024142864580702472
2023-11-09,0.006439341522542108,0.21762375809061185,0.003431375915865509,0.020539377341017295,0.17169976605250614,-0.037891130324432254
2023-11-10,,0.0,0.023217487877920995,0.0076423757520379665,0.13498535520748156,0.001610548102492615
2023-11-13,,-0.03759841355700755,0.005126687830753873,0.020720274156084018,-0.021579534458264327,0.005430039877619919
2023-11-14,0.0005070994023474995,0.03019097227914569,0.0013072674034750875,0.004093028969975099,0.029496997162510752,0.07781328201375626
2023-11-15,-0.02242964904265854,0.06824910053410682,-0.021609484332855367,0.0014842303281310532,-0.033449881411338644,0.019338704429942233
2023-11-16,-0.048466172590379664,0.010362787035546717,-0.05834415367329804,-0.04357575173314221,-0.20368856667314983,-0.02367575356110141
2023-11-17,0.03961310083734304,-0.10497876341039569,0.04392023901602382,-0.036281581947834374,0.14688914081811877,0.009382826037596992
2023-11-20,0.02109154978950656,-0.050891607296389196,0.024686606602401184,-0.02892847884872618,0.20868146884363092,0.017135669013567778
2023-11-21,0.0031959119563893523,0.05470113571305679,-0.010020002949882034,0.006592524906662955,-0.35357342038617645,-0.023181456029039538
2023-11-22,-0.019981328648403185,0.033648034118232806,-0.008039999455276892,-0.004115232145106673,-0.031560706366732916,0.001804965540557646
2023-11-23,,,-0.011192540432278797,,,
2023-11-24,,,-0.012821486402527782,,,
2023-11-27,-0.004956805647696072,0.0073260400920729385,-0.004142872035566292,0.012626430372811637,0.052639876235311966,-0.011756227607775394
2023-11-28,0.021654781743860596,0.01449300730256664,0.026933058306408242,0.04137391244901911,0.03650693701767782,0.021390753969906307
2023-11-29,0.019134980186019668,-0.029199154692262086,0.016035329013292632,0.027702602549335653,-0.35453921170355684,0.011894562815903065
2023-11-30,-0.024802211169568267,0.01834913866819643,-0.015300844955301152,-0.05908891637000635,-0.1915989178622608,-0.005410848205793961
2023-12-01,-0.026246820009591332,-0.04461706548880673,-0.037401517205423396,-0.028987536873252284,0.09665850175118873,0.0390624631344858
2023-12-04,-0.013248845028842382,-0.030890487019338386,-0.007139245009470052,-0.008991711191964069,0.07017651792283708,-0.005087915521736264
2023-12-05,-0.010782520833072518,0.06453852113757119,-0.01145222578903482,-0.027912845743486847,0.15109056611608374,-0.020929051382077013
2023-12-06,-0.04215482582468155,0.014598799421152497,-0.03879114320829036,0.030919075192412993,-0.03430580681704143,0.0022262178576850644
2023-12-07,0.00028989708856475005,-0.09097177820572655,-0.0016157267551601961,0.027074411764957063,-0.29750078102091937,0.016278495657942038
2023-12-08,0.026740708224904708,0.019646997383796494,0.023044642821614225,0.03445787992368787,0.24698765997176864,0.0005322701568939436
2023-12-11,0.0011281907838869287,-0.07261253296370906,-0.002505110414177558,-0.01257878220686015,0.22146714545285828,0.003928121113498051
2023-12-12,-0.03850497217586213,-0.008403410796379518,-0.021887968426211657,-0.17735229887978698,-0.22589124690186768,-0.021530317094599738
2023-12-13,0.011939571070514354,-0.017021687569430566,0.00040472175931860477,0.020270964373619083,-0.1264475773683058,0.0580845270188437
2023-12-14,0.030223255493329937,0.025425098365810084,0.03849936404353915,0.056653960033236195,-0.09930626023038602,0.07371447119832819
2023-12-15,-0.00224940345092417,0.020704673361691128,-0.002729223865769015,-0.01455232592929212,0.10695635898528177,0.0010379857614042365
2023-12-18,0.015502021211259098,0.059659836406335875,0.02632913920664226,0.004114291517962387,0.23914165175238988,-0.008293787144574516
2023-12-19,0.014719297318610103,-0.059659836406335875,0.011719622513589378,0.013143175826521247,-0.13990329997449358,0.02473483357933759
2023-12-20,0.008701618467667593,0.016260520871780315,0.015908861500779636,-0.0063234176376911755,-0.10609434250663696,-0.044737663256175786
2023-12-21,-0.0037976446021383836,0.0,-0.0045727077144430694,-0.009103385579968593,-0.08731489761285438,0.029249458456023447
2023-12-22,-0.004084973000749059,0.023905520853554463,-0.006212743641359708,0.08288765980576773,-0.15052126562405732,0.003697168113379945
2023-12-25,,,,,,
2023-12-26,,,,,,
2023-12-27,-0.020380325777388464,0.05069311431551804,,-0.039574213967709104,0.03199320471043032,-0.0011959769642286844
2023-12-28,-0.03130167394864891,-0.030890487019338386,-0.024124662258410368,-0.0024009615375381044,0.01209213667361908,-0.005736449055194548
2023-12-29,-0.0018066852249489784,0.011696039763191335,-0.017227504477283162,-0.0028084271217262424,0.1741199275447478,-0.017795573245138918
2024-01-01,,,,,,
2024-01-02,,,,,,
2024-01-03,0.03273500727728873,0.0038986404156572396,0.012254096763526512,0.02339759821403853,0.17240022838688862,-0.03748164705989687
2024-01-04,-0.008118379641932627,0.09637081274801795,-0.01817399828553512,-0.024214258120594634,0.10649483992249653,-0.023615030002924975
2024-01-05,0.02213507506857404,-0.028675799976666472,0.032708950938908465,-0.11274062295544895,-0.2590946211655991,-0.007372086194469496
2024-01-08,-0.0405405026112895,-0.010969031370573923,-0.03694008246606906,-0.03726560687257863,-0.12202127517631567,0.012928659341530313
2024-01-09,0.019095987614353938,0.17802311603374021,0.032588911024731715,-0.0318252509943443,0.09543810098498096,-0.01157236495392322
2024-01-10,-0.011944586456728246,0.0,0.00626480345989755,0.014108723449569927,0.05730997963781714,-0.011780473294206395
2024-01-11,0.008071293469373408,-0.031252543504104446,0.02205925459742719,0.0290427458392023,-0.1397308975598337,-0.021846099061570534
2024-01-12,0.010889900160654165,1.4328143767547834,-0.00399750688488254,-0.023262382923702862,1.637098140797005,-0.019172407847048767
2024-01-15,,,-0.001628562840368275,,-0.15002160258958863,
2024-01-16,,,0.00487775340197949,,0.15605514625632466,
2024-01-17,0.0022005235120898803,-0.12783337150988494,-0.01597216876118246,0.03141619623337888,-0.7949718366762291,-0.02661594700306047
2024-01-18,0.020801511375416304,0.006968669316093301,0.02701514964604801,0.01994962937284883,-0.09149703415126709,-0.004949255643333927
2024-01-19,-0.00851298972667447,-0.06453852113757108,-0.004080376604147062,-0.012014931966817577,-0.0388985739468346,0.0023321517220802335
2024-01-22,0.02108168038638336,-0.13883644485421587,0.012191518529676593,-0.030684493707012206,-0.5721593517317878,0.02478382304044935
2024-01-23,-0.007200991244704191,-0.08894748601649616,0.0041529313382229205,-0.013027928532928224,-0.19709947500105152,0.014291676391696484
2024-01-24,0.010119926579762684,0.1306201824170643,0.0013399112790972723,0.003877852653978886,-0.12629925166184996,-0.021031359371785463
2024-01-25,0.03168659384241668,0.04391923393483543,0.0021887168270575685,0.20014278202769176,0.044247050436107216,-0.013750652020536158
2024-01-26,0.006907164836275292,-0.08134563945395246,0.012193064683972743,0.015327476331100542,0.2802159786494878,-0.005193249311000514
2024-01-29,-0.015414563401186854,0.020965128465044947,0.007769118143228226,0.01739846709616777,-0.006135260232555062,0.032736357098326785
2024-01-30,0.01350068721890274,-0.06426193421836923,0.0017843340248386852,0.00801684003508174,-0.011030971188723093,-0.015062672775278507
2024-01-31,-0.026136822264539283,-0.03146326945578504,-0.013882463257652411,0.01359537556684376,-0.2669280942259489,-0.021523563101137455
2024-02-01,-0.025492617878975388,-0.018433701688837956,-0.009444312842587621,-0.045663025759196896,-0.05593694661844539,0.017782983009495545
2024-02-02,-0.02230171298401995,-0.06733312006858716,-0.03289526228259021,-0.04332807676353678,0.07275141203035185,-0.014843111311721557
2024-02-05,0.0067155737893278555,0.05328136661293692,-0.0030219111387417286,0.05153926659393149,0.07622293819323112,-0.022101781274578514
2024-02-06,0.008433129412523499,-0.009478743954543845,0.014522037880839278,0.007371517376177472,-0.10155179372239509,0.020276860848580824
2024-02-07,0.0058072956778598694,-0.07924937165414059,0.008908744889109421,0.012675414569113364,-0.1849639831322678,0.0159988897543073
2024-02-08,0.03193804882186857,-0.10880285984879912,0.022292171056192522,-0.011902617003604954,-0.14800420119519808,0.014566864771389021
2024-02-09,0.007665859667332242,0.0,0.0068431745528254595,0.009609914432629596,0.3457127541786975,0.022389793464505203
2024-02-12,0.0010349289410154228,0.011428695823622825,0.0035829490139498432,0.015939616412157243,0.19092635094243438,0.018400013659395142
2024-02-13,0.012080856348724467,-0.08907963005368874,0.009964495259431772,0.006754247065563934,-0.04396983435590407,-0.05295706185525084
2024-02-14,-0.01531857205670395,-0.06412452816953873,-0.003665823297522408,-0.02652675433342855,-0.336129444332681,0.03627522838956487
2024-02-15,0.017742815668210454,0.013158084577511109,-0.0009482044090782793,0.018642350809279784,0.04324853025068576,0.01940993650258438
2024-02-16,0.014925650216675912,0.012987195526811213,0.006500820719177014,-0.001886437080840797,0.2629777167514815,-0.01148934686270664
2024-02-19,,,0.0075117724110622675,,-0.18396741442169295,
2024-02-20,,,-0.00869060079229822,,-0.14156737969788047,
2024-02-21,0.002157224363000587,0.0519597389307111,-0.0001179593041769067,-0.05427993744388848,0.06052003334995959,-0.010926815680539548
2024-02-22,0.009462002088997501,0.025001302205417297,0.012543391702128481,0.010454457903858905,-0.021018166942638583,-0.0395306300687599
2024-02-23,-0.025949052006822626,-0.06371581438610774,-0.019527734980018252,-0.018163970627671167,-0.03820297702662501,-0.02440456886170228
2024-02-26,0.011913290197609783,0.08206495305430411,-0.0020215239656691253,-0.005718969835661003,-0.05972639625060827,0.017304610540348264
2024-02-27,0.016042787068980324,-0.08206495305430411,-0.002502831888718582,0.014640359096399491,0.0908240746798592,0.013984377829630468
2024-02-28,-0.004521484718845947,0.057523844138186675,0.0033357190806588832,-0.016690800659571847,0.2542128274288351,0.00027616058316759506
2024-02-29,-0.0027732275431464615,0.03658944743229203,0.00581086722543489,0.027931384689177552,-0.059310349098782744,0.016338380809871822
2024-03-01,0.020985031870675463,-0.12756122563801886,0.0029517702523138567,0.1131148044378315,-0.12798192335594027,0.018554834844197288
2024-03-04,-0.015320720672171717,0.0067796869853787856,0.02053747796739014,-0.006796663617045562,0.02479845396964686,-0.024633625174226736
2024-03-05,-0.007053814358969568,0.02006756305080931,-0.00881676245045604,-0.020671633631412556,0.05907318199444456,-0.03149145885544424
2024-03-06,0.012186845973659821,0.10071397560183076,0.008932255896331398,-0.00036650174498586985,,0.0176311628453103
2024-03-07,-0.003377325119047647,-0.06813780516721801,-0.01994584115398279,0.002562695892728728,,0.02737192705848912
2024-03-08,-0.010707414762690881,-0.012903404835907906,-0.0069752602963362165,-0.014733231512984002,0.3491465759660075,-0.008415819139229619
2024-03-11,-0.0011404677153263876,0.0,-0.010135423316874004,0.024556850626139992,-0.2533631606013773,0.0010331776586465224
2024-03-12,-0.004574922199735987,0.0192932029346789,0.0026331553215355186,0.013664362194057755,-0.0949097420139835,-0.014935465037243745
2024-03-13,0.027140753738718715,-0.22793206804600696,0.0034604175094976597,0.023995505556215768,-0.09089742159976755,-0.021032646997171334
2024-03-14,0.01830180667142045,0.007968169649176876,0.025984649324582776,0.013506698839365061,0.10391182898629303,-0.03857933524445212
2024-03-15,-0.002681293501577642,0.09097177820572658,-0.00897703492861801,0.016377029281322564,0.32876305164726993,-0.0023963398094206667
2024-03-18,0.021012728197887576,0.10969891725642461,0.012568535052824181,0.006745388139531627,-0.10458031773051069,0.008032464587588883
2024-03-19,0.008448910853262603,0.006472514505617477,0.010239979024255774,0.00536374065021783,0.01640104147235988,-0.009502690435756023
2024-03-20,-0.019141630019160694,0.019169916107720175,-0.01836821699426494,0.005002511682971722,,0.027841449947000108
2024-03-21,-0.009709992542628498,-0.019169916107720175,-0.009959658167274732,0.0036526688461413492,,0.009700351121609607
2024-03-22,-0.010914327486719166,-0.03278982282299092,-0.0005889628534694324,0.004299659344353612,0.02185132641200127,-0.013122781491190949
2024-03-25,0.016023827653924627,-0.02702867238791934,0.015317458206106416,0.007234493900933003,-0.018700340321901265,-0.0048764372093597075
2024-03-26,0.0,0.013605652055778628,-0.0031378955377272533,0.02203588839918047,0.09687668492363688,-0.00571317525799131
2024-03-27,-0.0031599442920144938,-0.03436764350420779,-0.011355111764840053,0.0003204614672511763,0.011044333305067155,0.048184318118174474
2024-03-28,0.021793650469154713,0.07410797215372195,0.01437696436655056,0.005432191022198607,-0.33448090116493434,0.0007856554477116973
2024-03-29,,,,,,
2024-04-01,,,,,,
2024-04-02,0.01654093669021428,0.006079046076382155,,0.02009030637073539,0.08640333254801646,-0.03544781713367673
2024-04-03,0.0031364374901299286,0.11980119981262083,0.033330807981174715,-0.000612182449483134,,0.009799621804694958
2024-04-04,0.013249804991014358,-0.04396312342111619,-0.0030952932075276607,0.039326694630173575,,-0.007735993234780025
2024-04-05,0.0036558934812616073,-0.11918851726511831,0.027195472765895623,-0.030486521223976215,-0.047968215416858584,-0.008421221929291178
2024-04-08,-0.005144926457836263,0.09069656147081212,-0.011704913085737623,-0.007922040212396952,-0.15579228753971464,0.020227203633039537
2024-04-09,-0.013850636933899096,0.056194558343641954,0.0043511435992762415,-0.049861401550930884,0.12533706284675006,0.024556961768708696
2024-04-10,0.010865902769963576,0.03753791931906514,-0.006096916001199659,0.058390237898451325,-0.03842583924405485,-0.02487077329047427
2024-04-11,-0.013775757584618908,-0.15942773692810192,-0.0008740304281964484,-0.010059526987733713,0.0253827529672499,0.0030944409075246426
2024-04-12,0.007779429654611647,-0.17494144949633206,0.017659307291683746,0.003974932614817073,0.1911661586505078,-0.037365635202055714
2024-04-15,-0.002895699017652298,0.036105004642116134,-0.024789266745770533,-0.002750192718921074,-0.17812307237370284,-0.03345410712148311
2024-04-16,-0.0006962172478948148,-0.021506205220963637,0.00494153533963182,0.008531435049468739,-0.09217733355587754,-0.01854377841958943
2024-04-17,-0.030285705954169018,0.08338160893905117,-0.019355799764169568,-0.04530715920968342,,0.004414866074178292
2024-04-18,-0.0009576251629592747,0.05826890812397584,-0.013492446644439049,-0.016322974031930393,,-0.01446594444738647
2024-04-19,0.0034670367683853343,-0.10605957196032434,-0.004310840481820399,-0.007449427162213862,,-0.00906507337831819
2024-04-22,0.00035797387173008843,0.13702179756429111,-0.0075317028410033515,-0.02235464555580413,-0.10544337988383612,0.004072514861451104
2024-04-23,0.004166920726559553,-0.030962225603966775,0.011276388067933851,0.011897033911846044,0.08163414723594942,0.022028972109046308
2024-04-24,-0.0009509093786785883,0.00626961301359541,0.008234212674217645,0.0029522737533014265,0.018493008162669078,0.008714783880710009
2024-04-25,0.009821982990248834,-0.09156719352549059,-0.010388530645574434,0.052324534504148534,-0.24956446527536746,-0.002514784459617836
2024-04-26,0.005402244494760566,-0.04196419909903215,0.020781427454408252,-0.0015554521723739612,0.7957657243026541,0.018267470681185394
2024-04-29,-0.013204624778945018,0.10178269430994241,-0.01692960440729685,-0.02938135845884915,-0.19170274224462425,0.035800442484492656
2024-04-30,-0.009180392344961597,0.08053886248401221,-0.0023773147552317297,-0.010960780268315151,-0.17978711838183248,-0.027719988186043487
2024-05-01,-0.03398828893000605,-0.0302137785964966,-0.0545017861926107,-0.06876136320949655,,-0.0008893367128672836
2024-05-02,-0.0013640029394830222,0.018237587549780943,0.014968205332205997,0.004849334061437727,,0.02941390584326964
2024-05-03,-0.011732535980362613,0.00600602406021189,-0.01436994028295313,-0.02519377477866991,0.09936486050733517,0.033751235663581625
2024-05-06,0.005633817718256218,0.11844815041319401,,0.01092521880074071,0.07129590771217309,0.01674511166043846
2024-05-07,-0.001624289730515649,0.03655759573379769,,-0.012343658754874642,0.16417577562780483,-0.01061936142466724
2024-05-08,0.007474807445306375,0.030305349495328815,-0.003027919711817262,0.0010640185433707927,-0.3224487409883263,-0.005434201061282451
2024-05-09,0.003592892423520233,0.009901070982711646,0.010017584225470166,-0.011408323374507257,-0.23741227332443327,0.007031040204067196
2024-05-10,-0.013070454324707548,0.052770035980064245,0.0014400578511661877,-0.027628074968557237,0.12753240595133608,-0.01973893053708764
2024-05-13,0.011213673448363437,-0.014117881545785083,-0.0025214637841290966,0.004780299597546223,0.17567405475673148,0.015944568214688815
2024-05-14,-0.013597165764108965,0.014117881545785083,-0.026557779642326196,-0.030542411284900983,0.024402325679241166,0.027556246449420563
2024-05-15,0.007632192193392839,-0.009389740349838971,-0.012672551253766429,0.025393448088709247,,-0.005098979695792316
2024-05-16,0.007698076257550923,0.09015109699429735,0.020665215997801134,-0.00036879956162072514,,-0.002909376178190648
2024-05-17,0.009968699868314168,0.050430853626891925,0.007199982290381435,0.012827736829250869,0.07088723447366174,-0.0015696810685712492
2024-05-20,-0.003311870552479057,0.03226086221822144,-0.0040207181793450175,-0.032195195084896655,0.2896169814926708,-0.0005834593372711083
2024-05-21,-0.009009625893728668,0.0,-0.008459561269358318,-0.009066930267557116,0.1282187763242355,0.010590599036444104
2024-05-22,-0.01889800311820089,-0.003976148379639444,-0.016385669485923238,-0.04502118462285243,-0.021356089858807437,0.04731447231781338
2024-05-23,-0.0214540216832102,0.050496164014532385,-0.008168440014838296,0.028953509186054216,-0.0991982878064297,-0.02887640832214533
2024-05-24,0.012953050613297101,-0.17327172127403667,-0.004172731602976043,0.027388551061280464,-0.2920310403155204,0.04311720074769543
2024-05-27,,,,,0.2307889118601354,
2024-05-28,,,,,-0.2583453803053173,
2024-05-29,-0.008191680410766011,-0.04009445720187799,0.001965119767738166,-0.021053409197832385,,-0.019018381495119918
2024-05-30,-0.01608074852845398,-0.1625189294977749,-0.0009820771719839527,-0.07533622205224788,,0.019844150557157825
2024-05-31,-0.012617257803717585,-0.049325066562501574,-0.024996638167713137,0.019071383466110037,0.406926960278565,-0.005419615346979434
2024-06-03,-0.03537535215621723,0.35947999486634097,-0.03798737253204809,-0.05876742464564921,0.1602785588368114,-0.002899536632394728
2024-06-04,-0.013241683484086053,0.011696039763191335,-0.014758470537468149,0.004677873722710335,-0.12972651227124654,-0.015812168091382972
2024-06-05,0.010847110037103036,-0.12800956744021474,0.001061430376951833,-0.007238694584384087,0.0052086805228324096,0.02385823161988121
2024-06-06,0.018997932853743293,0.013129291441792534,0.02888523372620444,0.016949558313773316,-0.32648134266556283,-0.007794438705289508
2024-06-07,0.0001306762497783609,0.06725222700916755,0.006420980067717963,-0.04468097141929894,-0.07656937147835441,-0.02254757326279755
2024-06-10,0.028595456883912185,0.05918887139033058,0.018642350809280117,0.016125866985217785,-0.06104317550162808,0.019945619339557297
2024-06-11,0.0016494325886373673,0.03759841355700755,0.007011422237804155,-0.0008650519570585491,0.14376492019421816,0.0033474772738335545
2024-06-12,0.00858374369139181,0.03267078228954856,0.00460572171602891,-0.0034677104536955383,,0.014732440897155641
2024-06-13,0.0006282591147153127,-0.0035778213478838694,0.011360952030621263,0.021053409197832385,,-0.019519774045199334
2024-06-14,-0.0025154081933669303,-0.018083675433295365,0.0006137605299159077,0.029327615094520088,0.6206825164245355,-0.03489010059834108
2024-06-17,0.02389064727156409,-0.09166718852582378,0.011711735673479495,0.018003759611252113,-0.21981763449320546,-0.009551930409464227
2024-06-18,0.01634182708589993,-0.028399474521697998,0.027985562310304246,0.013693327132002442,0.03478690325215705,-0.003214531131890297
2024-06-19,,,0.009974852405569834,,0.08358917651286646,
2024-06-20,,,0.0032641670390729516,,0.4275657275433389,
2024-06-21,-0.019752232597691766,0.020704673361691128,0.005802499743232659,0.004329863092068176,-0.5068903983136464,-0.006053812329088082
2024-06-24,0.011196417316477358,0.05579135962841564,0.0038112883231811168,0.00039269586210533003,-0.32873938941067493,0.00281898667256808
2024-06-25,-0.008019484048154446,0.01156082240107592,0.0006914035767477955,0.025965419204710183,0.029128281152997815,-0.01029718176646277
2024-06-26,0.0026803134954693775,-0.0632621967779663,-0.012169125081224585,-0.030293578627050732,,0.019205528927557225
2024-06-27,0.010288779257169978,0.04000533461369904,0.014355421332092,0.0031496089028962837,,0.006956806876250887
2024-06-28,-0.002532104807405844,-0.052325819001739715,0.0029840490408803433,-0.026689494970653316,0.016461266589255175,-0.02833297619413333
2024-07-01,0.02232528704783654,-0.09077502463893361,-0.007938832467782042,0.022356220512315672,0.14554718338671524,-0.004960179039191992
2024-07-02,-0.007227947813202462,-0.07028653272817165,0.019560246160853723,0.0015779095976067303,0.2043847723208767,0.021036703569462745
2024-07-03,0.012996402209942914,-0.019608471388376403,-0.0003398855751299834,0.02721785433421997,0.19068818595245318,0.03142633600322764
2024-07-04,,,0.0010193103549749338,,,
2024-07-05,,,0.003615823148527042,,,
2024-07-08,-0.009638915586685393,0.03883983331626395,-0.017178057350877296,-0.014738366762621302,0.5025233146657406,0.020630283813598993
2024-07-09,-0.010215821072848463,0.1418301954392177,-0.007717598635077927,-0.006037450417984314,-0.11347541991785626,-0.006133096803488058
2024-07-10,0.00734191177830823,-0.008298802814695194,0.0008091082912660141,-0.023280610338627383,,0.024176253031177097
2024-07-11,0.006335565989147085,-0.07346715188187247,-0.0006934813037977605,-0.006217636610870603,,0.01652461533033822
2024-07-12,-0.00513709988213229,-0.027274417919659233,0.009894236261644984,-0.007093708027368861,1.4292133611562612,0.03599567230250944
2024-07-15,-0.0032391606511144033,-0.023311078868446966,-0.010703906076278358,-0.01052419732558485,-0.19401736791941815,-0.028846469221797122
2024-07-16,-0.01574454226359734,-0.009478743954543845,0.002080685064601795,-0.02095436943328588,-0.597365882954823,0.03480299947698118
2024-07-17,0.026976587698202437,-0.058840500022933506,-0.009747118245897468,-0.00519931847179389,-0.6682696995179,-0.03813038081140174
2024-07-18,0.00011881423408510727,0.010050335853501458,0.005813293897205085,0.0004343105388571189,-0.05547137235915134,-0.016235450070398727
2024-07-19,-0.03309480774444484,-0.06187540371808753,-0.012481935164947444,-0.09657020039205144,0.33577202766651215,-0.022156881405047457
2024-07-22,-0.002212934269193667,0.15262976698655162,-0.020756245362232306,0.03570130210772526,0.03627917279666626,0.02457522892901487
2024-07-23,-0.03774979548328439,-0.027779564107075716,-0.014972508630382464,-0.019571920177841706,-0.11283454860904918,-0.0054201356022538505
2024-07-24,0.0068781318161974525,-0.06297479916138837,0.009805780404809283,0.0084349141150597,,-0.03217163139532442
2024-07-25,0.008216973102281422,0.0,-0.005193562008999564,0.10992311959694534,,-0.0027507288672543595
2024-07-26,-0.010758916514727268,-0.010050335853501458,-0.015006686792897739,-0.017289066530452812,0.34608108724405806,0.015753997231069405
2024-07-29,-0.01681143218482095,-0.041242958534049134,-0.005052694217327236,0.026858517546603622,-0.044608916322652625,0.002779630257593979
2024-07-30,-0.014338097560796292,-0.04852704089466031,-0.020974551685430498,-0.007481331652288814,0.5336843705740808,-0.024633396852626888
2024-07-31,0.041026778591921165,0.06936112779750236,0.026518827576661685,0.024723138086794827,0.21039623197497193,0.030500616772483724
2024-08-01,-0.0206245375525409,0.005141399500418697,-0.0002457606303849502,-0.03226086221822144,-0.16243161426586905,-0.04119506558208741
2024-08-02,-0.03601515411077916,-0.031252543504104446,-0.03782068590653598,-0.058865975782749436,0.07560007253172785,-0.05387615036587068
2024-08-05,-0.0070927028687268745,-0.03226086221822144,-0.010779008508609245,0.018551768808096947,-0.47869995229282036,-0.029616185313535937
2024-08-06,0.0018784387651447076,0.0,-0.011548821020917366,-0.012772690710355805,-0.47513472034295656,0.002025164713893801
2024-08-07,0.02750041096772815,0.06862850638909623,0.021178477509763205,0.02451961717431861,,-0.024745104017103614
2024-08-08,0.012441840123366354,-0.057758834152192295,0.03144517666237068,0.01459879942115283,,0.043082374758244946
2024-08-09,0.008209384227065186,0.04750233398500325,0.0038311855549784113,0.00425351555805642,-0.10243760738174679,-0.011717415566764977
2024-08-12,0.03969719252017878,0.07924937165414059,0.024250259202991842,0.01725268966290705,0.03766034639260596,-0.014338825049782677
2024-08-13,-0.020340525160136735,0.0281708769666964,-0.006643740086355265,0.0033319481054772115,0.14226765733353197,0.03546154476794161
2024-08-14,-0.01693242374853554,0.009216655104923976,-0.004372653632974455,0.00910602318673992,-0.06756684568113513,-0.01885872700690161
2024-08-15,0.015051191614116277,0.004576667027411663,0.011377513193612465,0.0032908297900887673,0.05902962501911979,0.04215834328171564
2024-08-16,-0.020417930792056893,-0.08576682175742512,-0.018585411970635235,-0.02959165699070143,-0.1583921252776248,-0.0019069866742924546
2024-08-19,-0.028987536873252395,0.05328136661293692,-0.00577929674978872,-0.020081854093612517,-0.2914505764700732,0.022047487475512106
2024-08-20,-0.007280461041747621,0.027908788117076533,-0.028012335547418665,-0.005192569001627234,-0.12326805185146172,-0.016991044973634573
2024-08-21,-0.03391529539651916,-0.018519047767237562,-0.0010150996938147472,-0.002171553513508062,,0.019946946274052024
2024-08-22,0.01310777915170025,-0.10328582611696602,0.000380783148600905,0.037547072595251696,,-0.02329831257925541
2024-08-23,0.028087977286566534,-0.05868350182809012,0.01935463206730237,0.019901154317295,0.5370428230400819,0.04980367453540957
2024-08-26,0.03346181726817399,0.15728547863262965,,-0.0012322860462651297,0.4439509164888138,-0.005972246694033068
2024-08-27,-0.024533186523872708,-0.10901873766279524,,0.06291883777858753,0.3386469513906336,-0.007719763799359569
2024-08-28,-0.013290543680956723,-0.010526412986987421,-0.018199202390833946,-0.01791325157748691,-0.7043205399214028,-0.019291281947475092
2024-08-29,0.018505679360065308,-0.021391189981317504,0.018689819351490833,0.014046270733990673,-0.2859556657908815,0.008486420597161093
2024-08-30,-0.03143833077821068,0.04233436382656064,-0.016692814194554373,-0.017983283693330243,-0.38732993079478995,0.008066777313653795
2024-09-02,,,-0.03012504731606125,,,
2024-09-03,,,-0.017630739288140518,,,
2024-09-04,-0.01655034594367777,0.06031979023352263,-0.023689323220656533,-0.017334317651556908,,0.012070277458177792
2024-09-05,-0.00028530670664306257,-0.014742281737203378,-0.00268204532505667,-0.007521974454688607,,-0.0024717327292149704
2024-09-06,-0.02177918347745944,0.03406655456360619,-0.02240571697526672,-0.012663740365018272,-0.1568604410229284,-0.0382357877585342
2024-09-09,0.015481753191040504,-0.029128272923023668,-0.006198793869250707,0.011404558666640585,0.32279583520385646,-0.0013755179838650378
2024-09-10,-0.04282807331029925,0.048086186667637754,-0.02845122183220017,-0.011404558666640585,0.22419086919644116,0.01251065363795778
2024-09-11,0.022522807149553792,0.0,-0.00042659083476603854,0.006351916338563468,0.017056158861267434,0.051655419155235194
2024-09-12,0.023745143423968607,0.0,0.048580187570890665,0.038912193961752384,-0.15070892925932267,-0.006164439846933156
2024-09-13,-0.004301698632279027,0.05480823649499511,-0.0017628318349096617,0.0012172856037517832,0.021472176505128893,0.012340000844051957
2024-09-16,0.02146645795243618,-0.008928630744301391,0.0037930145718725328,-0.01676588035270621,-0.00929011706490357,-0.003008685149303858
2024-09-17,0.01479853894517369,0.04386668210558187,0.007945634691823855,0.010256500167189264,-0.048584689989475294,0.014631831319820598
2024-09-18,-0.0040269442740168415,-0.008620743043907031,-0.00040249547735982105,-0.07718963869113016,,-0.00608623981519596
2024-09-19,0.01368086010006575,-0.030771658666753687,0.018744317491754536,0.028685147998858684,,0.016809494445888973
2024-09-20,-0.0019233417111941264,-0.01801850550267825,0.00039502271894242824,-0.03932354620391432,-0.2591211071735575,-0.02119578261321564
2024-09-23,-0.019299453579276538,0.08701137698962957,-0.013385661395478365,0.005333345975362391,0.12348271242917708,0.012652070550157823
2024-09-24,0.014060230234004933,0.08388148398070217,0.004526099313424403,0.025816353902385014,0.17067313408372176,0.008763127486560052
2024-09-25,-0.02689991279704529,0.0038240964384035347,0.0014599511518795794,0.0034497662500747595,-0.019379293432018052,-0.01928736047524726
2024-09-26,-0.030860415800666452,0.007604599385219291,-0.031526253646774194,-0.010820274361708182,-0.2919152119056241,0.025657581108761818
2024-09-27,0.006423379749760372,-0.04255961441879608,-0.019767040740775954,0.012970350442627399,0.19006903153984922,0.01814704834558256
2024-09-30,0.00043645887068066713,0.046340337258702013,0.010001472451132365,-0.005599842330993976,0.22631012569141262,-0.011898998722989163
2024-10-01,0.023858561984360982,0.007518832414027399,0.03996468172835499,-0.025816353902385014,-0.2225202281986869,-0.02215730430865115
2024-10-02,0.004675885246292921,0.036768847787089,-0.005860432329564347,0.00706716722309253,,-0.008202531398104895
2024-10-03,0.04950345495986763,-0.0072464085207673,0.035561052026497286,0.07501927711112577,,-0.008906757792250808
2024-10-04,0.008039705639016681,-0.09931820120186352,0.022309549148814334,-0.0020437366606818053,0.07052347567459716,0.015430263300737934
2024-10-07,0.03707281577596433,0.008000042667076102,0.030053174484536704,0.024652693227479316,-0.17931456874694884,0.0005050048920836048
2024-10-08,-0.046054711403249016,0.0,-0.04440171599970899,-0.06089911058283404,-0.07422871972566636,-0.012084233200093664
2024-10-09,-0.005536439771545609,-0.03239149579123535,-0.014557422938411335,-0.016253565680599547,-0.09565062076518682,0.013188912604719327
2024-10-10,0.03473171929087826,-0.0725264440682627,0.03054355378471385,0.04014906440194532,-0.02016708856962257,-0.027684947353740164
2024-10-11,-0.004588065988967216,0.021882711249507802,0.010268059160760679,0.036204889774297366,0.09192175779673306,0.012659760248793894
2024-10-14,,,-0.022679566004104146,,0.10754212922107875,0.00038764226951037983
2024-10-15,,,-0.06298499419233039,,0.10453516874959767,-0.024035800557320464
2024-10-16,-0.0035164253127399903,-0.06989743961737838,-0.00040724903841216076,-0.07594191999806088,,0.01996280469601519
2024-10-17,0.004077907640798628,-0.00909097170125206,0.00972849180656965,0.0009013069560128706,,-0.019626646470765508
2024-10-18,-0.02098772441906238,-0.18506504273970537,-0.02202372866360669,-0.01910017137341946,0.04977583152602705,-0.001300529028873676
2024-10-21,0.01958342703900673,-0.03352269203864355,0.007395267886156631,0.004580860048966184,0.12450145808655488,-0.012517984737367094
2024-10-22,0.02333439206177257,0.0,0.03089982536632707,0.02214779794825772,-0.15937847976314323,0.0010474364175410145
2024-10-23,-0.020387641876431495,0.07654007712233424,-0.012111680630563448,-0.023519853960439097,-0.05835858442774544,-0.025957593716922744
2024-10-24,-0.011130794735851879,0.07109592168373036,-0.005505216992316875,-0.004127499553857272,0.0013055494213922714,0.029777287479270775
2024-10-25,0.020197039973605335,-0.05542980493933092,0.0180136967815816,0.020018866890491926,0.08019816467944008,0.011439684447973164
2024-10-28,-0.06259650360393199,0.05051579013690177,-0.050861866982435444,-0.01955941363177771,-0.2335918585444654,0.015508217905825461
2024-10-29,-0.002516096939030099,-0.1091992919649919,-0.010912251538959694,-0.015741065760970563,0.07385878923761524,-0.010089267261188972
2024-10-30,0.02097004769134969,0.1091992919649919,0.029385343717159174,0.02169482733696948,,-0.013961140402495964
2024-10-31,0.009675864354679042,-0.1091992919649919,0.0005462242386258254,-0.003201466260602581,,-0.013247887051266893
2024-11-01,0.003300096258514351,-0.24817962947553468,0.005174303483448384,-0.005051675496117736,,0.010151638764357429
2024-11-04,0.028524950104399593,-0.05055227916283117,0.016967818880650576,0.021408241878767775,-0.13260159437381702,0.01753594281985027
2024-11-05,0.005968509632784169,0.18232155679395462,0.027525277594324216,-0.007690605649968596,0.24580544797112758,0.02069658770787086
2024-11-06,-0.0038824230686094197,0.10536051565782628,-0.005993503283548307,0.043108207480556215,0.07524504418300104,-0.029414936364178246
2024-11-07,0.00981552084565962,-0.18901054494475128,-0.0103777614463203,0.003907102864808554,-0.2721442915721788,0.003694002901743154
2024-11-08,-0.027899703313681634,-0.20815576034871808,-0.022568895420434387,-0.013961832381768624,-0.0817545354969198,0.00389435705523411
2024-11-11,,0.0,-0.02530395555422782,,0.1697727757771439,0.018831888204111635
2024-11-12,,0.46170482643104044,0.005112273655812238,,0.24130887851128335,-0.04096782139001842
2024-11-13,0.004810855550242188,0.07038079676179965,0.004125985773535845,-0.0029013560004511607,,0.005621924411511436
2024-11-14,0.003339386043368364,0.02398196468648528,0.007247894976553759,0.018234670307566758,,-0.01459568152276347
2024-11-15,-0.02435566400082756,-0.24591265957548591,0.0008172160629156267,-0.006679414146134155,-0.18101551672684746,-0.010650626478599712
2024-11-18,0.031145144758737864,0.23159260580073748,0.012178770286277008,0.03942321869986398,-0.06443923222051762,0.018449648312111933
2024-11-19,0.00416637338554704,0.009569451016150698,-0.00040357840058113936,0.00275735468819005,0.03817416918448302,-0.00012119943381705411
2024-11-20,-0.007194275634026859,0.0996298409488412,0.00013454423161984863,-0.03788154598837734,0.2496364431375966,0.0047561382532084195
2024-11-21,0.016328062552592115,0.20223686649489614,0.010172755374590281,0.04337355063922399,0.2056776596273462,0.00602391289192461
2024-11-22,0.018160561046634882,-0.16417730467055103,0.013360870755847465,-0.0105529770359295,-0.46754504027768373,0.025352825718323757
2024-11-25,-0.03218081931518224,0.1428241801999819,-0.024341163186434756,-0.00230893660647824,0.11960812167022006,0.028964433871071726
2024-11-26,-0.00520006949619134,0.1375699890942077,0.003897068696129935,-0.006028304831350195,0.18755377573633947,-0.01894016737761728
2024-11-27,-0.00028968713991694983,0.06080900459560579,-0.008756033580540112,-0.012166738759878948,,0.007625215912359096
2024-11-28,,,0.00013529053663319246,,,
2024-11-29,,,0.003241493924170946,,,
2024-12-02,0.0013176196913979865,-0.10568833077303874,-0.01837161285097988,-0.005297387779329865,-0.02669099116354623,0.016921312553983547
2024-12-03,0.025994243378510973,-0.03673200926872999,0.026964576573812238,-0.03288639919082892,-0.2796457476501688,-0.017232563078163565
2024-12-04,-0.01928672333408077,-0.06680866967211041,-0.001605566306909445,-0.032457210147381566,0.20279648489275814,-0.012575946146528239
2024-12-05,-0.0033481361796150466,0.07020425867324853,-0.012124626504992797,0.03991436625546374,0.06357028494421968,-0.005533593232331491
2024-12-06,0.0,-0.04152845869658206,0.0,-0.04871587272405775,-0.5116574542402281,0.017635477043714154
2024-12-09,0.0010201851792066563,0.07486487896417393,-0.000677920166970658,0.03675758373518412,-0.06379643623260378,0.026258790533629117
2024-12-10,0.0029090929606834237,-0.050430853626892036,-0.0012214156366816553,0.0015026298845348673,0.16132737385906992,-0.01892119662924685
2024-12-11,0.02467489983807436,0.0,0.009998732132046939,0.034435276419821026,,0.013918872572773466
2024-12-12,-0.004544816798882856,0.07312226482896289,-0.011629610449492844,-0.03744279748377621,,-0.009810978739334786
2024-12-13,0.018196425617015954,0.009569451016150587,0.01846289221384456,-0.009583932121928207,-0.36885212007135415,0.005478834671662547
2024-12-16,-0.007154410821152979,-0.0930904230660119,-0.007909418537562551,-0.01223880651505449,-0.08366840233350814,0.01181318844426471
2024-12-17,-0.01018828679864825,-0.006993035490970634,-0.015462128201048309,-0.014470536739004225,0.07532048277956793,-0.0027771008885819626
2024-12-18,0.006944964488603489,0.05462108448022507,0.019089458033038298,-0.00783907855440924,0.026528065737768003,-0.056224944792487186
2024-12-19,-0.009936206659129532,0.04546237407675746,-0.011057286335773853,0.02487174838858064,0.06273589697105475,-0.011476235936195955
2024-12-20,-0.005579014542236749,-0.016000341346441127,-0.007622195606793447,0.07301071883416832,0.6647192659834156,0.0199010414033296
2024-12-23,-0.0030170269275613393,-0.07014560936675984,-0.014727401278019414,0.04693079536544664,-0.7060112062462771,0.014031131774083327
2024-12-24,0.019520460251418292,0.020548668227387656,0.018954007883674073,-0.019711846124132237,-0.05028720855322266,0.01776609865236356
2024-12-25,,,,,,
2024-12-26,,,,,,
2024-12-27,0.012706651269114744,-0.017036187152567717,,-0.005151029886212077,-0.05126693942844174,-0.018625010234661232
2024-12-30,0.006293286975789236,0.15267684020895778,0.006350943581733937,0.013059887114609259,-0.11520787181181236,-0.01837348704084185
2024-12-31,0.009849562876869555,0.0029455102297566427,0.004569286272730011,-0.013059887114609259,0.3562429940915881,-0.014896575947612511
2025-01-01,,,,,,
2025-01-02,,,,,,
2025-01-03,0.011453335468813108,-0.07095173597228444,0.007588679620831762,-0.007359738832080187,0.36918249763294586,0.0498178349850269
2025-01-06,-0.0044310243697101015,0.17494144949633217,0.007143351370309858,-0.003700281742855971,0.2632924143441686,0.013010463946886652
2025-01-07,0.009109239143919368,-0.06371581438610785,0.00734965593225656,-0.042116468072536994,0.07404583708118917,-0.007071027049471823
2025-01-08,-0.013424822375838197,-0.013245226750020489,-0.006056329316385778,-0.007763260726609489,-0.12599736914140447,-0.03565077652280202
2025-01-09,,0.04942488332752304,0.013734892766781748,,-0.2877370591590269,
2025-01-10,,0.047096683663098826,0.016688124325437315,,-0.0907531368726886,
2025-01-13,0.029331355443950713,0.0633271339512742,0.03607655008049271,0.011244313044452059,0.21382574519270126,-0.0033493674002658125
2025-01-14,-0.01736748983817815,-0.018349138668196652,-0.003634605406576341,0.04142463253773543,0.04987697907672484,-0.0013691288966706239
2025-01-15,0.03184060585565884,0.029648693922129876,0.013143011881501465,0.026692795091932675,-0.14033153786857433,0.022306399977217062
2025-01-16,-0.017241806434506124,-0.03428907347863208,-0.013143011881501465,0.03349274878111441,-0.22631291234127726,0.004155555470513939
2025-01-17,-0.010005782926207907,0.8298711459150272,0.007617472297393846,-0.042616899670723574,1.2944400157982665,0.004967010486648604
2025-01-20,,,-0.01627236876848226,,0.4500001002578342,
2025-01-21,,,-0.013682802067306099,,-0.26335058174401116,
2025-01-22,-0.008763380914503571,-0.11806716692694108,-0.00709973711522327,0.034580333596779034,-0.8108785466438002,-0.027812896316370406
2025-01-23,-0.014423008870311449,0.0,-0.017400514680167234,-0.00044732722732065966,-0.3488934838484168,0.012862325533997243
2025-01-24,-0.000800000042667115,-0.018065007397638944,0.0011440921606444832,-0.0022396425935047315,-0.32198840189501876,0.00039598551299402374
2025-01-27,-0.01966658212897432,-0.0344404899802917,-0.018076256560981996,0.033946393719589185,-0.1828482499294477,-0.028806843709610064
2025-01-28,0.008668617197945316,-0.08725644499722818,0.00914306800684539,0.028206998262010008,-0.08722126741030145,-0.01953375555921877
2025-01-29,-0.01645288320340743,-0.005899722127188367,-0.012771895213458784,-0.005493358416107874,0.11894208236316928,0.008774755697521286
2025-01-30,0.002191181375199136,-0.08004270767353616,0.005180016762738937,-0.01623273576181894,-0.1245254555354407,0.017624727722066247
2025-01-31,-0.0035631118963257435,-0.06283057879241505,-0.00401217130463305,0.023410305102356976,0.059489759471964554,-0.000969679234554377
2025-02-03,0.009292223188023918,0.11892004544345847,-0.008072960511094074,0.03594685729321656,0.0922427852063814,-0.026335945314515996
2025-02-04,-0.006550241760717945,-0.015267472130788384,0.0011759327153733068,-0.008150004361924479,0.18614800832853096,0.01921488186419218
2025-02-05,-0.02284943277234408,-0.00927363678532922,-0.024721994061438046,0.023054610586133117,-0.0968226494111537,-0.006535653856214019
2025-02-06,-0.005900550977477437,0.02756682983265457,-0.0022780579365972997,0.012713719124056166,-0.10257978669503132,0.010478374752805664
2025-02-07,0.004919540458047322,0.003016593539425516,0.001876424622409445,0.016833437222569136,0.27098440679630453,-0.017935690419380812
2025-02-10,0.01957716117150987,0.047067510857985884,0.020542767326659828,0.019223967638497208,0.12337905063631638,-0.009353611221647462
2025-02-11,0.0128417065282731,0.04769487380801718,0.01845646359451436,0.043954933983034405,0.0527293994036695,-0.024870654094878653
2025-02-12,-0.026826011957790108,0.08403892710469907,-0.029669561755707008,-0.022853925004152065,-0.2891075535830101,0.003711587810623307
2025-02-13,-0.0008369368601242044,0.10963348935794515,0.0030465617311890014,-0.04616497764209859,0.09801455455469554,0.03245762244800332
2025-02-14,-0.008548857333698479,0.03765671943800486,-0.005570306180242568,-0.005874307082173513,0.2682814458218221,0.010990391754009288
2025-02-17,,,0.008211966678276283,,0.06384768720769785,
2025-02-18,,,0.008537518200054883,,0.31593902333008383,
2025-02-19,0.00511086132183447,0.11081436634029007,-0.0015706809511835118,-0.0007843137656960986,0.13291438795157262,0.00500833413324564
2025-02-20,0.004124851166777965,-0.24078069280031666,0.00795881296780454,-0.0023566389539956267,-0.42047156260166574,-0.0030670889017647696
2025-02-21,-0.030085834622314955,-0.23793207984855536,-0.027269028115551208,-0.02226732161871503,-0.4308665197996735,-0.029723449589970308
2025-02-24,0.004796172263493048,-0.1377324005803049,0.00013353809193894506,-0.0008045052726756152,-0.2058611852557224,-0.02379308513791134
2025-02-25,-0.027246532482113395,0.005167970158442614,-0.024055213956051702,-0.1626372937045769,-0.07416114882687364,-0.02588472911050399
2025-02-26,-0.004057388554159935,0.005141399500418586,0.005184186235555721,-0.010949883269586458,0.02616061987975815,0.0018286105402571806
2025-02-27,0.025092720943632685,0.0025608208616738626,0.020472095440765337,0.007154812301034763,0.020931163816968912,-0.0326477214518226
2025-02-28,-0.009246811742435135,0.0,-0.003338455394183093,-0.02113431207397365,0.3762446536762498,-0.004469908909278786
2025-03-03,-0.019336821837261375,-0.028536307264934502,-0.025880449946148687,0.10366004154467834,-0.2958976633165866,-0.043940822109788336
2025-03-04,-0.0023340637875719494,0.14432816035473994,-0.007440100454353171,-0.006145761222746793,0.100528271116465,0.0017900437660332003
2025-03-05,-0.027991460986092953,0.0022753138371356396,-0.01940995098085274,-0.0030871027824849184,0.11102322796430553,0.025956981737321527
2025-03-06,0.0006006006186547452,-0.0022753138371356396,0.002253522080443382,-0.053527516132429676,0.08840078054333844,-0.017048271179067598
2025-03-07,0.010006804434693706,0.0,0.019642618026335157,-0.008893107990406657,-0.09021073373864663,0.023081760754782188
2025-03-10,-0.014670921819450733,-0.037127234028893286,-0.019642618026335157,-0.0471694753744224,-0.17918222044420418,-0.03335076992709762
2025-03-11,0.0031619389439505596,0.07731121184792666,0.006031296773853612,0.005896822984030048,0.051616202750965456,-0.0003001450548403284
2025-03-12,0.016844700292070414,-0.08920195836944833,0.011816360466790243,0.04736594520605242,0.10084347686865858,0.003515395892730311
2025-03-13,-0.012344917688187351,-0.07190208890631,-0.021512213843337236,0.04834502728249124,-0.015416837657300952,-0.0163877764907312
2025-03-14,0.009087585817880495,0.0,0.015690991583720226,0.018964184654178373,-0.022935508883494826,0.020323021732448154
2025-03-17,0.006061968737157031,0.064699176612252,-0.0001390143882131767,0.013452144707788771,0.04843156620147582,0.01907100730354294
2025-03-18,-0.005172552728332391,0.004807701568103173,0.0,0.00043094161408152587,-0.04371667063253515,-0.010999215298400422
2025-03-19,-0.00133442083705404,0.009546611883579859,0.0001390143882131767,0.0012917116973646392,0.07989421118070705,0.01393129985364805
2025-03-20,0.016918388090061853,0.004739345363896641,0.00927021512467796,0.029257969936571482,-0.026198877794943343,-0.011971922803890145
2025-03-21,-0.0004377325524034248,-0.07356256717701681,0.0004130809008824343,0.009151478178299866,-0.006913383359520964,0.006819790257890368
2025-03-24,0.013625373860008061,0.025126950077421828,0.018008672225885647,0.0074257766968494066,0.1446924214000882,0.021889148363706923
2025-03-25,0.00028789405697704495,-0.02258565264874912,-0.0024367143503942756,0.0016427108416836589,-0.01655610890177961,0.004640955921606071
2025-03-26,0.008170331410111586,-0.023107575010149706,0.011052815041185937,0.03150502890863349,-0.1163715051287939,-0.026567818210825322
2025-03-27,0.003562526033602964,0.007762005335489208,0.001607286710871847,0.022411002823670367,-0.2366365410215039,-0.003219902119602658
2025-03-28,-0.007997757569113695,0.0025740039951729354,-0.0004015795516121301,0.07704743795677904,0.2291474039144994,-0.029142921414266
2025-03-31,0.030084890232846107,0.05501387087778831,0.03344176821219769,0.03814021601952722,-0.09834055886532589,-0.006725768838250268
2025-04-01,-0.0036242024615029678,-0.03717900324175405,0.007096346146428623,0.006217636610870381,-0.016271066923157385,0.0177408630753213
2025-04-02,0.007096669316267956,0.020000666706669445,-0.006578546782108674,-0.036469679781391484,0.15326958306616678,0.0018256800568687837
2025-04-03,-0.06724137558862608,0.041217955721231325,-0.0631676480907366,-0.07218674197582786,-0.10111214041735384,-0.059970654933594325
2025-04-04,-0.07720428590385708,-0.041217955721231325,-0.05935027560736561,-0.034762336367136215,0.20815367787643346,-0.05998294299564311
2025-04-07,-0.022192536285920106,-0.017478597273959506,-0.033165356560819426,0.004758137446416955,0.2362025623169437,-0.0004091960299286157
2025-04-08,-0.016682193791452526,-0.03069294639940634,-0.019391400807399428,-0.024425638737391342,-0.027273000285598314,-0.05694687924733621
2025-04-09,0.04223338977206037,-0.11843259722517896,0.036929135771510246,0.029161243483225574,-0.3112908810522912,0.11365988126272075
2025-04-10,-0.03344467554446506,0.07869226857566503,-0.029096799026043563,-0.11370670950505335,0.07168785221524487,-0.05982979676647293
2025-04-11,0.021881996538284376,-0.0728613482648719,0.022088643898340088,0.01705705032147542,-0.053947195417544336,0.017960867655968826
2025-04-14,0.0012913641826877154,0.0370941244062406,0.005223502661168666,0.007345031941404789,0.037330097411489405,0.02525463657199989
2025-04-15,-0.004041062639815074,-0.0877756108823855,-0.00897135203726851,-0.030153038170687485,-0.06878307093524416,-0.015590648585477318
2025-04-16,0.018296129046937892,-0.006134988567515931,0.020220730585559288,0.0323031142516067,,-0.023426577493466105
2025-04-17,0.03423546538594202,-0.10024541499105588,0.020252750221961158,0.027538279057044868,,0.007977417235374595
2025-04-18,,,,,,
2025-04-21,,,,,,
2025-04-22,0.017489515130347577,-0.01273902577742958,,0.010613557496100712,-0.20226707619758866,0.03229418326494038
2025-04-23,-0.030810359106007823,0.0,-0.009767553418999597,-0.020478531343540718,0.12287929133123043,0.0061035023210314066
2025-04-24,0.014422945952914823,-0.08352097204986131,-0.01119634560007654,0.011570731190667871,0.022375849819399996,0.0421300449138009
2025-04-25,0.004709584843085146,-0.05736339487992026,-0.007584243358308207,0.007640105075010006,-0.0578746082750774,0.022716485522027874
2025-04-28,-0.008651253328417319,0.0882406334443594,-0.01292085283360489,0.004640379556501983,0.05074411738055851,0.009638942439331721
2025-04-29,-0.023334924870964002,0.06854231955322021,-0.03211461355805678,-0.01355952978563224,0.003673458139912711,-0.0033336906475218697
2025-04-30,-0.0377341084778573,-0.015898586067798037,-0.010517324793088534,-0.018515060661537297,,-0.019976532155465243
2025-05-01,0.01731356715558796,-0.012903404835908017,-0.01590617279739437,-0.006540245680609957,,0.007009134490437496
2025-05-02,-0.015300481422906742,0.006472514505617477,-0.012909651614912754,0.000437349668025111,-0.16280756310433286,0.02031318532703441
2025-05-05,-0.019802627296179764,0.050325083887515554,,0.014757212251656049,-0.026835150867496438,-0.02562623144231857
2025-05-06,0.032293421720715365,-0.05679759839313303,,0.0706861089877433,-0.03777307817276743,-0.0017054594105507803
2025-05-07,-0.016689305924064257,0.03195159980660245,-0.03358646307513613,-0.01659621172340764,-0.08258591936139847,0.00035658866828214286
2025-05-08,0.030332979390374604,0.015600940442479505,0.0311785640065958,0.04937308461729917,-0.20917918703501126,0.033302535039403836
2025-05-09,0.018120541113194832,-0.0031007776782481233,0.03226086221822122,0.03661736323822329,0.2810015908569019,0.027996239398340172
2025-05-12,0.01511684447477979,-0.009360442759563714,0.01574835696813892,-0.00940740710189547,0.06290938482387354,0.05114086970059084
2025-05-13,0.026801230226744188,0.024769068112408865,0.024961586456699436,0.011652076955719348,0.016511323033702396,0.03874872998814549
2025-05-14,-0.008647367041182186,0.01215820447980942,-0.015357122047921834,-0.029581224017574348,,0.0077282409293566445
2025-05-15,-0.02274429467335448,-0.033797379583290654,-0.02379785294044634,-0.012393652054963122,,0.0021520466475877242
2025-05-16,0.012769149616534747,-0.061210731044896605,0.012967146808424701,-0.071892070663089,-0.6047586690273068,0.005299753499304671
2025-05-19,0.0021905813798186458,-0.0167508104248153,0.015975995933724008,0.019079799034979916,-0.12014871105937974,-0.02072516924996215
2025-05-20,-0.0001563110593263417,0.06221318450157276,0.010211832246219466,0.00777577071101665,0.12731118731840407,0.010035647236339429
2025-05-21,-0.0163912259232033,0.015748356968139143,-0.016116020164332667,-0.0061337342172722575,-0.08925377097049036,-0.03312852948368139
2025-05-22,-0.006056760625922308,-0.06453852113757108,-0.015146009723253862,0.025512620836402045,-0.09708229194706242,-0.027443289076311217
2025-05-23,0.005420931642492022,-0.023609865639133698,0.00828988474815695,0.004388596710470316,0.06910577902645354,-0.002080268489058845
2025-05-26,,,,,-0.13872195254568265,
2025-05-27,,,,,0.25620709308257084,
2025-05-28,0.01498215700321559,-0.0349797188960268,0.02153266829835676,-0.013652089168327386,,-0.006719858607247886
2025-05-29,-0.014170929571690749,-0.03960913809504585,-0.01718888238051175,-0.038533664002242785,,-0.010277837404909285
2025-05-30,-0.00324886575566552,-0.03774032798284699,-0.004343785917845011,-0.007168489478612483,-0.09663463941050399,-0.008691834972767154
2025-06-02,0.029024726456454708,0.04779066383634856,0.0340829199704098,0.019149995137055842,-0.08516933742160226,-0.014743017421450233
2025-06-03,0.013033080767830718,-0.05480823649499511,0.013877712836646516,0.006594879914492036,0.40988329913293686,0.04066086562939386
2025-06-04,-0.008302702978306264,-0.014184634991956546,-0.01177624103355246,-0.03523218361967795,0.07781978304267412,0.0042447788317288015
2025-06-05,0.0076784832326941554,0.0212022076506031,0.006724974907673875,0.008137477092084455,-0.07738595152791294,-0.014824847277317588
2025-06-06,0.019171892101373267,-0.06500483030899584,0.01302178802716103,0.017407268371903983,-0.22443358039096406,0.018887818307566917
2025-06-09,0.01051117911294508,0.15521621002929642,0.010384005554464615,0.007493973797408238,0.07122849747096538,0.0245760955504295
2025-06-10,-0.005013303321883988,-0.11499140871878755,-0.004666772360607752,-0.004401415556210764,0.1603362692938708,0.020620687835214646
2025-06-11,0.04831139329567069,-0.02173998663640586,0.04123705235663078,0.0008818342723128092,,-0.003432295112946626
2025-06-12,-0.002615520235602631,0.06040912779555985,-0.006332252214904521,-0.0017644468627072696,,-0.004663355067919817
2025-06-13,0.07171480506108274,-0.09015109699429746,0.07030952737169827,0.051624365405307016,-0.2037150042902196,-0.0036952415500746127
2025-06-16,-0.01790032081927606,0.09015109699429746,-0.012578782206859707,-0.010537505302785743,0.26825277123870706,0.02399498734949912
2025-06-17,0.04172052908746604,0.0,0.047488597343885885,0.029641076296467617,0.11542080686271028,-0.051027985900074846
2025-06-18,0.0035641249530344865,0.16784952418542032,-0.004074362651872221,-0.015754886407750135,-0.013558495707050255,0.0116971656839846
2025-06-19,,,0.025072179453141885,,-0.33160657851174236,
2025-06-20,,,-0.020616695028251364,,1.6552494406119314,
2025-06-23,-0.08773199386883501,0.124591877585714,-0.05737511232726966,-0.04236322267018888,0.060309044941491585,0.008061472777169953
2025-06-24,-0.058023840116377734,-0.058840500022933506,-0.07266037491193256,-0.057763466044158274,-0.13549312642278277,0.019140896105502847
2025-06-25,0.008065173444526508,-0.012195273093818404,-0.010615965328668153,0.010386185033147144,,-0.005676283138921434
2025-06-26,0.006947618944658451,-0.009245058144051077,0.0024822966677682246,0.00626961301359541,,0.022037564292898715
2025-06-27,0.0033057881344999984,0.0,0.011599376100936531,-0.006718950248744915,0.33430181630360334,-0.013527792278056339
2025-06-30,-0.005415175687777385,0.009245058144051077,-0.0177433392546682,-0.004504512121104698,-0.25003489815111735,0.003130728138369676
2025-07-01,0.0051151006667709,-0.03750439545845419,-0.007659486555692929,0.02232235543789851,-0.08446998381793858,0.0020573888512984695
2025-07-02,0.029861790170958358,-0.012820688429061367,0.045807329112824924,-0.003981425299185104,0.138773830579356,0.025137130220734605
2025-07-03,-0.0077491432439691366,0.04417121831313753,-0.005381686972767419,-0.00044336068117067917,0.37137626441073923,0.029106860375732957
2025-07-04,,,0.00862500928281218,,,
2025-07-07,,,0.012869110323658006,,,
2025-07-08,0.005623257554361771,-0.012422519998557258,0.007615128527252324,0.011158914075419357,-0.05892757460406717,0.005039952976402695
2025-07-09,0.0008623168111236978,-0.03822121282019775,-0.007198259209744151,-0.029012643261574156,,0.014255451805111896
2025-07-10,-0.026641069001669848,0.009693129205659679,-0.02247917075744521,-0.015943650397135856,,0.019611636677733024
2025-07-11,0.026928342775550007,0.03475863336517415,0.023589973426507704,-0.013483350337287092,0.029710724663734922,-0.014593983153228685
2025-07-14,-0.020897582421894434,-0.003110422414392522,-0.015382767318623536,-0.01137668698210792,0.1571520236009336,0.0012230500541932088
2025-07-15,-0.006325876188761903,0.030677252247047093,-0.009771372797217737,-0.005967426475864457,0.10246799109366211,0.010919985300195556
2025-07-16,-0.009341012393139003,0.03269236168554235,-0.008575156162078379,0.00275862243907965,0.2589765373762969,-0.006538810072919787
2025-07-17,0.02399114256398871,0.028820438535491766,0.02340698395291163,0.0018348629001103678,-0.5879193258152098,0.025752310512833887
2025-07-18,-0.0033505749169169263,-0.005698021114637575,-0.0036522024020584354,-0.005975655566141769,-0.0939668637580846,0.019174826291360247
2025-07-21,-0.0020449904877271052,0.0,0.012029799570484556,0.009178586695988589,-0.1761801178038631,-0.002068665310986262
2025-07-22,-0.012210523170405274,-0.10219094089654734,-0.03149755471293769,-0.027792432629383468,0.16814075021327213,0.024435185792739844
2025-07-23,-0.02260406097126566,-0.025642430613337597,-0.007489592837933934,0.023213670051140278,,-0.010026639649882263
2025-07-24,0.016665801241005695,0.016103407566578687,0.017910071114412673,-0.006445694508029565,,-0.008765552306729596
2025-07-25,-0.011682025917511218,-0.00963089306096121,-0.01704301903697214,-0.00974711824589758,0.07139217638429063,0.010341005652827917
2025-07-28,0.021313870403922408,0.00643089033029054,0.02341291813223023,0.05666596258914913,0.37749999134998635,-0.0006882322679544473
2025-07-29,0.03563528850835507,-0.012903404835908017,0.03248481083638666,0.040592792407066036,-0.08590561414004494,-0.023291546325854284
2025-07-30,0.011601714737285995,-0.033006296468170104,0.010462762745756748,0.010942870138901717,-1.1390011996000355,-0.007295969737884711
2025-07-31,-0.010321760072034891,0.0033500868852820442,-0.007462214940789025,-0.021151380741630477,-0.43281970726369057,-0.0159373896701398
2025-08-01,-0.028398304759352122,0.0033389012655147265,-0.04001089316469564,-0.05899597870323259,0.14393500811759452,-0.010083542805418233
2025-08-04,-0.015620712552815164,-0.03735578654376903,-0.014131988812740914,0.0018124155391707752,-0.03895775426251369,-0.004567893687436708
2025-08-05,-0.016925439614227322,0.03066679839297226,-0.006056254992603982,-0.0009057971633809059,0.01977981906687365,0.0002249050257967511
2025-08-06,-0.01246406164689784,0.013333530869465315,-0.01706700313493137,-0.0031767669103289764,,-0.013944223281983525
2025-08-07,-0.007368777586020059,0.009884759232541951,-0.01452307683837084,0.005439723295818211,,0.013148702323771744
2025-08-08,0.0006161429646551753,-0.006578971098042619,0.0026833647585968734,0.04118359278852346,0.37479471941751186,0.01103598729035582
2025-08-11,0.001384935206361071,0.006578971098042619,0.002824650655298022,0.0013006721972410595,0.08746950122689867,0.0022030247616493526
2025-08-12,-0.012534013219692497,-0.040139167590344194,-0.008348289391470587,-0.013961832381768624,-0.10243672268748139,0.0245878581981005
2025-08-13,-0.008444147125240775,0.006802747322752323,-0.008267615676269102,0.001317233999462819,0.01284271194579123,0.01984856140837188
2025-08-14,0.02036287037013018,-0.059354242649182876,0.027835390928156123,0.030678577892520376,0.003639257979318522,-0.01365677535297305
2025-08-15,-0.01879375032434627,0.06947237281476748,-0.012110619143805401,-0.01673499686382396,0.12890967752236993,0.01822655333593115
2025-08-18,0.011380588962238924,-0.006734032181344052,0.01299103005907476,0.0034557269811509306,-0.5607558069784462,0.021281454935884625
2025-08-19,-0.017671896281375332,-0.030877238564439136,-0.023146433944223332,-0.003023107463263619,0.04221825505181087,-0.019054959974756258
2025-08-20,0.01269908106091222,-0.0246926125903717,0.014751068337052864,0.016302377345936647,,-0.010671151447446015
2025-08-21,0.005747588638006285,0.0281708769666964,0.011763111670320292,0.05424637655359632,,-0.011513691107821522
2025-08-22,-0.007462721201589417,-0.04255961441879608,-0.001755669799908155,0.019952776853323195,0.03229361003075759,0.048216418291477936
2025-08-25,0.017020370649311722,0.0,,-0.003958833357204372,-0.2682118031677003,-0.0006304040307210101
2025-08-26,-0.024539203063339343,0.021506205220963803,,0.052165583408404714,-0.017648560799778057,0.003220345335586572
2025-08-27,0.013896702676209571,0.021053409197832273,0.012774980629493449,-0.006800177319064571,0.013997357573960034,0.001227761243326242
2025-08-28,0.007261522831136347,0.006920442844573715,0.012613836942989565,0.004161155994809818,0.04470954076397593,0.010115134168767526
2025-08-29,-0.009279373729239815,-0.006920442844573715,-0.01143372174481172,-0.00795910966756852,0.15161746341765525,-0.018175180626474052
2025-09-01,,,-0.010969573383190934,,,
2025-09-02,,,0.014795357920077912,,,
2025-09-03,-0.024404557039140684,0.10536051565782634,-0.004858309151075879,-0.10034168454588355,,0.0018824780637558547
2025-09-04,-0.008582404243926867,0.03601043752303301,-0.02012440279117733,0.007067167223092641,,0.004083532204717244
2025-09-05,-0.025233426410764537,-0.019481135571822517,-0.02269190490623174,0.022528087687702536,-0.2849389695407387,0.021163377734798594
2025-09-08,0.006088786636561316,0.016260520871780315,0.007977949648101834,0.033064155119501004,0.09018589377484787,-0.012194168163652819
2025-09-09,0.00589314439459887,0.00643089033029054,0.03793273906405492,0.011686926941907316,0.09532571077427576,-0.014099014675712063
2025-09-10,0.016380898653260978,-0.07657649969705038,-0.005162634078806683,-0.0015503879074550975,0.201500078919449,0.01213149531625568
2025-09-11,-0.020518396598983024,-0.02807201877868626,-0.005486778797791914,-0.042390977510522565,-0.05067099695333077,0.019285591608066532
2025-09-12,0.004931211774199085,0.017637141486106733,0.009177092233718653,0.03107819838750525,0.31236811101732886,-0.00017601678827983136
2025-09-15,0.010104285524818124,0.04779066383634856,0.00014732965035868517,0.024797861144497113,-0.2423008664600097,0.016324743161884925
2025-09-16,0.019137106779131052,0.023065272930995917,0.02631539508440195,-0.004218606448161966,-0.018506392166083074,0.01448896828331847
2025-09-17,-0.007424628074278239,0.03834335519764753,-0.007200491939707732,-0.006554872129921008,,0.01692769396457372
2025-09-18,-0.007793056896608697,-0.02861880530565264,-0.01985176855273174,-0.07592482770718956,,0.02323383122926792
2025-09-19,-0.01402370733306224,-0.07014560936675984,-0.01156596523030018,0.005826067249360745,-0.17319673514639078,0.006535968565733796
2025-09-22,-0.0004761526952909989,0.0034542348680874913,-0.002688173661800519,0.03666398437159146,0.3587759809381623,0.024834319582183184
2025-09-23,0.012150050848122262,-0.013889112160667016,0.01616886073784407,0.009950330853167988,-0.1657569892781341,-0.01669312170176873
2025-09-24,0.025396223981193344,0.006968669316093301,0.024419818096256485,0.0039525743158234095,0.07704589973725362,0.0018602087527819222
2025-09-25,0.0016805442806324677,0.034133006369458485,0.011989866727936338,0.004329863092068176,0.03272495694998412,-0.0016223366897705205
2025-09-26,0.0149991449180229,-0.02721256352488477,0.009461342907937542,-0.01384241995976665,0.16682157073878745,0.001990210806996906
2025-09-29,-0.03410898827861342,0.010291686036547842,-0.03068381993860214,-0.002392345638619897,-0.20218786499380936,0.0017093210736218722
2025-09-30,-0.017263454472585593,0.06283057879241505,-0.0069808311413401825,0.005176201085327237,-0.3316422716637559,-0.0025000805108357227
2025-10-01,-0.009223983973999594,0.03774032798284699,-0.027370596825950777,-0.03146689631704491,,0.02861635974414245
2025-10-02,-0.021151995504274268,0.024391453124158913,-0.018621384335476776,-0.01903243216932904,,-0.0015663759762958307
2025-10-03,0.006019704178017449,-0.0399438661316438,0.01048880939207919,0.0025031302181184323,0.5651753868165308,0.00606618562550576
2025-10-06,0.013533314330637758,0.0399438661316438,0.014412499888226016,0.04202127509573739,-0.20667338002358626,0.017197166742208836
2025-10-07,0.00047996161228525125,0.0,0.00014904240283897252,0.0003994407882148554,-0.36725813149332076,-0.022851927817287176
2025-10-08,0.013504057782149914,0.008995562908578059,0.004757665828278412,0.0007984032360244253,-0.050156633330363576,0.013865920616269456
2025-10-09,-0.016066519145850222,-0.030305349495328926,-0.002822133324968945,-0.06129823251988242,-0.1320180779319884,0.004034786187776085
2025-10-10,-0.04275485337795537,-0.11394425934921792,-0.04285067592214631,-0.02448050101889021,0.23707194805487486,-0.03856570687868288
2025-10-13,,0.0,-0.004044809497154134,,0.06105463283023216,0.07628204229150803
2025-10-14,,-0.024434025337281895,-0.018089364670112573,,-0.1534742345784732,0.011755421201178784
2025-10-15,-0.007419932861657763,-0.01423511582187209,-0.010691875570773668,0.007735320048420591,,0.025066312324593554
2025-10-16,-0.013461905605720581,0.010695289116747997,-0.020258370470327414,-0.007735320048420591,,-0.020955933276876948
2025-10-17,0.00017154129898777626,-0.062177244951891475,0.0024527851394315903,-0.045903910631114875,0.13042594456968093,-0.017650749568630886
2025-10-20,0.0006858710831290082,0.12071374740446428,-0.008528836347520219,-0.05763676830972553,0.03853098389557896,0.01938504427417609
2025-10-21,0.005470099109730064,0.09257003499345728,0.00476543503096849,0.02504265051472032,0.023940817849755547,-0.01976094620787361
2025-10-22,0.010851242454374521,0.05053080864721604,0.020766482792486052,0.014821948049207445,0.10670523770009677,-0.030188260056181804
2025-10-23,0.05159678964355141,-0.03240342405465935,0.06285116386124212,0.008697697312391117,0.1158381190015918,0.020076170558729345
2025-10-24,-0.0027263267628709897,-0.03969986984668461,-0.007871672495768145,-0.002738477293303565,-0.055602062684986464,0.02481056722890873
2025-10-27,-0.0022508048087575006,0.027651531330510126,-0.004264398786457235,0.03591050130577067,0.03771786970534574,0.00014629512590769167
2025-10-28,-0.018847024155878245,0.041549002912872446,-0.023003716014103226,0.0,-0.06499312051968609,-0.004228146574657643
2025-10-29,0.004745161484904337,-0.023530497410194195,0.015189380685666443,0.06816948733174621,,0.016206116573461493
2025-10-30,0.0016310556543714938,0.029327615094520088,0.001537043032393548,0.1245330384812281,,-0.029793399784645125
2025-10-31,0.006335818449086261,0.03129700672191471,0.005055545045721033,-0.08535984895115678,0.06539784366594503,0.02542286434083607
2025-11-03,0.0006475635648017786,-0.05765285142727716,0.005334158803414368,0.018053865556429405,-0.09324319102959322,0.00026286024148536313
2025-11-04,-0.0066574898812978844,-0.005952398527295344,-0.011465385858350885,0.0007776050158545544,-0.16206612611676974,-0.04536266835189995
2025-11-05,-0.016094944250821364,0.04665569164079919,-0.023332836398185286,0.07449654802804972,0.1313456399563977,0.05947007018023154
2025-11-06,-0.0026525214491313065,0.055415839141569556,-0.002048051129429851,0.013971210596738004,-0.04071198302378676,-0.031019665980328348
2025-11-07,0.004967720101935136,0.013387080782459204,0.004876907329907532,-0.006066031089624779,0.4316521556781501,-0.0007284677164944853
2025-11-10,0.006585469963989787,0.010582109330536937,-0.011205041087883671,-0.11519155035815365,0.15271361616856183,0.030712155960464393
2025-11-11,,,0.013399743332671576,,-0.4488405306693819,-0.012794336702655507
2025-11-12,,,-0.03149616158176993,,,-0.010239962947296455
2025-11-13,0.004039049583950849,0.0,0.0041928782600351155,-0.016689012729849573,,-0.05777441990015575
2025-11-14,0.02209208691820219,-0.031032109247728368,0.020862290195496236,0.022768058806231894,,-0.00250267969695539
2025-11-17,-0.0034559402453977484,0.06113014040500797,-0.004581004772956199,-0.011319232739938512,0.15251298405887503,-0.01843338511649506
2025-11-18,0.01391526095984208,-0.002699056969164948,0.02655991149173076,0.00524018666355619,0.044825688690751875,0.00010793958518728886
2025-11-19,-0.020365295725324195,0.06284790365966364,-0.016791439297260347,-0.026927250391787783,-0.008917810853830588,0.005671689363154542
2025-11-20,-0.0033239186328826165,0.007585371389256634,-0.0021974581123256343,-0.050469425689151914,-0.11450379478464079,-0.04131821269590841
2025-11-21,-0.020348806056743385,0.03951131227384219,-0.01360565205577835,-0.01804417428131644,-0.21195081722888354,0.01245790737275243
2025-11-24,0.004238372030950899,0.004830927269665608,0.03213190777309727,-0.0028790806835663485,-0.09581430502602206,0.025831741819858145
2025-11-25,-0.014656022390467704,-0.007255170881171891,-0.013041638035535819,-0.022844249785129334,-0.19037323990361,0.015398036624498346
2025-11-26,0.009567816026054388,0.10802686071101864,0.012733091288255949,0.01947481218096747,,0.024580416145089323
2025-11-27,,,-0.009768276757913696,,,
2025-11-28,,,-0.001715400030780856,,,
2025-12-01,0.015078642318915314,,0.002338453010438002,-0.015416543767831858,0.10674825680369704,-0.026040346678104065
2025-12-02,-0.011160075246637646,-0.0504647939259093,-0.013324125325942404,-0.02146117437482642,-0.07260076265646642,0.008795459558148089
2025-12-03,0.004749796885718638,0.006191970247921175,0.00597862070311006,-0.03280745966282239,0.007462058628479262,0.014631580458131843
2025-12-04,0.012278347844218551,0.006153865574378026,0.0062549070231092685,0.001638896843209947,0.20339204704679847,0.02262183647245486
2025-12-05,0.006830513853827824,0.05954139369101674,0.004200052841407675,0.00218102594636016,0.12832492732044898,0.0005927437212696063
2025-12-08,-0.019955386763412797,0.0,-0.01753881475292207,-0.021470684396876716,0.17873520619567973,-0.009420980278757263
2025-12-09,-0.010899290458035615,-0.08648602893446866,-0.010800613251871205,-0.01175496323144365,-0.4378781475981084,-0.0022567502859978106
2025-12-10,0.0046126331035871715,-0.02985296314968111,0.007952960639359574,-0.02450963383650928,,0.004424104151732777
2025-12-11,-0.015632028353198102,-0.060218859993054874,-0.020002266994721296,-0.006948493504066677,,0.013108474435586714
2025-12-12,-0.002600330840278886,-0.06653284564608897,0.0038715970283140777,0.018423088709695,0.6552789263301335,-0.02697317789199616
2025-12-15,-0.011171350251987455,-0.04266644631890304,-0.009057153940749352,-0.01552201327786118,-0.5329840838393869,-0.010330366572679495
2025-12-16,-0.027223458610656337,-0.08561375272299165,-0.026672638160368578,-0.0258230311104799,-0.4685429761905171,-0.005437492847751635
2025-12-17,0.011299555253933669,0.022100347000665987,0.011282681493099744,-0.005963046888246448,-0.12788019036824405,-0.02873302184995108
2025-12-18,0.0026716553428043355,0.055791359628415416,0.0013190438845702701,0.016019328027285118,-0.059001045293493704,0.035044531208080265
2025-12-19,0.01026376024872011,-0.0778917066290814,0.010816231309156876,0.03640968482419282,0.20354751109508484,0.02983191915152439
2025-12-22,0.024005327339949645,0.024828861653869883,0.014081320312570256,0.02853340425872619,-0.3015815425166988,0.018824408771718204
2025-12-23,0.006339436976670498,-0.08231595257155155,0.023508071108626183,0.00878643763601461,-0.3109864883249003,-0.013845080265156184
2025-12-24,0.0028992942625345464,-0.020927520105955777,0.0,-0.01876434746848643,,0.0034386085464159777
2025-12-25,,,,,,
2025-12-26,,,,,,
2025-12-29,0.022535672881776492,,,0.006160758774580888,0.2168085726995992,-0.01710954366736317
2025-12-30,-0.0017289077612270276,0.011428695823622936,-0.012759343753760533,0.008893888531516736,-0.11227657879425035,-0.015712399729395088
2025-12-31,-0.00921345065971746,-0.09531017980432499,-0.015366254636486332,0.10147916894985387,0.11259450364486234,-0.007210694283744878
