date,from_wti,from_henry_hub,from_brent,from_rbob,from_pjm_west,from_cels
2016-01-12,7.39250500030941,0.9108511828178049,7.381582653532397,2.358867134206098,0.35016359673922987,4.4232973738677055
2016-01-13,7.0793080453882835,0.8270498369236065,7.172274534235508,2.9084473352625024,0.6579935391622475,5.029279435964505
2016-01-14,8.017137587490497,1.2423392845558046,7.873050726453324,2.531309758012255,1.4759113444722398,8.124755535361679
2016-01-15,8.463785099895892,1.5736966391666458,7.276259203894901,2.509536932133838,0.9503356478910708,7.667762750175528
2016-01-20,8.723705945782934,1.5866203714859362,7.900909689847329,2.3053576497331902,1.006474254364411,7.989792804197136
2016-01-21,11.957160797842002,5.076634405500695,11.20063826240603,3.395827247549482,0.9619086437471059,10.237031486444963
2016-01-22,11.489335495913478,5.092097728574198,11.958566804925274,4.826177501090036,0.8440880737174398,10.520571962382157
2016-01-25,10.650773258222864,5.964044367663642,11.049330317809783,7.825370766190908,0.7138885670456433,12.270909657620763
2016-01-26,10.477087801878627,10.56393869552348,11.294727030925197,10.665048952924865,1.9156066613016165,12.308410672422882
2016-01-27,9.818239679309912,10.361120053591643,11.179059371744687,10.536198063328769,2.2534861927608767,12.155938284719793
2016-01-28,9.098797051051385,10.691196935280827,11.121997303862408,11.049307752773686,2.697565192980161,11.67364364767341
2016-01-29,10.121757242494677,12.161774136766143,11.402657892049255,10.87138474289673,2.682855692366537,12.14339872253917
2016-02-01,9.52639603241325,11.64704696964457,10.864107303949973,9.832399640764226,2.5421436937964486,11.75407904677508
2016-02-02,11.369921841827365,13.099338727276605,11.81380456692492,10.675342906269728,4.473650537058496,12.650515521981747
2016-02-03,10.667084381578468,12.542573985967357,11.455793938410968,10.331074078717473,3.915692180534576,12.339925565720335
2016-02-04,10.46869246269461,12.67173091400459,11.20159831489449,9.98133373108887,3.6698433123246663,12.34510161973173
2016-02-05,9.750849165754135,11.752933066780962,10.951691060803368,9.727385222507124,3.890836821786392,12.256729828379612
2016-02-08,9.648423927018156,11.600978592832035,10.95346072321564,9.513552156983328,3.0876799213573705,12.077068326961118
2016-02-09,9.92838629989633,11.621182667144973,11.088432941038215,9.72435024245174,3.301264430570972,12.134912740315455
2016-02-10,9.962061541355627,11.480781792713637,11.146021468971563,9.874173852422437,3.3544538740128744,12.213736400826981
2016-02-11,10.112610660457596,11.625856647573196,11.342095289550949,9.47779737934941,2.92536808273563,12.163914567856574
2016-02-12,10.10149203070841,11.978473711577491,10.985813498584788,10.767113908987595,3.614771301926219,11.94694837586021
2016-02-17,10.151901059068406,11.948446807368171,10.991334662208944,10.740811527111513,3.7872573022081597,12.054034272662898
2016-02-18,9.699490695825105,11.828122209366944,10.6057665639814,10.57396449196972,3.455650020058265,11.919558390514155
2016-02-19,9.502594167160094,11.297645910156831,10.637097551794483,10.252096602457096,3.4963704980746524,12.12291726851498
2016-02-22,9.810200994811325,11.131467707522189,11.000105891746053,10.730805182775969,4.2131816814591625,11.504412943087987
2016-02-23,9.646956238168913,9.995033393742792,10.805941143408075,9.542076664385142,4.074856601849758,11.192240570995535
2016-02-24,9.925045159796564,11.423894364529609,11.362763400240697,8.723006679519344,4.436955043466267,11.704920532750291
2016-02-25,10.31450152794975,11.317545444634886,11.559094023694227,8.611883553966733,4.2102888976664365,11.727145806250684
2016-02-26,10.324805930281327,10.14354754835232,11.498221704472675,8.332419838456653,5.961320059351334,10.889093345103598
2016-02-29,10.632965457195743,7.503601753309206,10.941612803554953,8.433242072119393,6.593139558897793,10.86069713179358
2016-03-01,9.47370415687208,7.30401869474941,10.748211379105895,8.782080181991699,6.782002080896142,11.38994393436199
2016-03-02,8.405486647195016,7.192811322579779,10.375554675573547,8.543754205739306,6.529432864730698,10.86576443200975
2016-03-03,8.322562561513957,7.029951675260229,10.363567692251783,8.396854962461616,6.2658565393914385,10.416878016906683
2016-03-04,8.101057686428105,6.757311170786205,9.645609145082473,8.504974339366637,6.047269904810878,10.433688983828649
2016-03-07,8.150220693677731,6.566661214116432,9.669697782751866,8.661076710312821,5.89934822965635,10.284908665177488
2016-03-08,8.208335348247475,6.352768109775312,9.648959262653017,8.597120137180505,5.713070038518688,10.350205138344387
2016-03-09,8.085260775466942,6.529421817739787,9.650864181046826,8.596270341506811,5.687279619969034,10.265145173386104
2016-03-10,8.062912369861582,5.884769594363487,9.35384862526021,8.547226613222126,5.579745550363389,10.280560755862675
2016-03-11,8.07101230151664,5.719236910452491,9.354872974984774,8.457238306512822,5.386544745452645,10.181455449987043
2016-03-14,7.970672744235823,5.627357367553596,9.257748214112702,8.422754724539235,5.071115124806057,10.002936501184937
2016-03-15,7.99638294993424,5.395436295677833,9.21989280832904,8.436143816878312,5.133739174196657,9.853527047373111
2016-03-16,7.969159456122379,5.4444702502940485,9.29464823618659,8.506705096766376,5.085812061248984,9.97757402222974
2016-03-17,7.794364309095971,5.380604539953551,9.28055977493875,8.387597717105573,4.720508755596829,9.786343412884937
2016-03-18,7.83875502773584,5.115648900597207,9.14166277267571,8.375221569508533,4.487172079004823,9.743912369762176
2016-03-21,7.814799452875833,4.980438538764916,9.13008863584804,8.27151351056313,4.180792989356282,9.339666946378415
2016-03-22,7.7224266751924455,4.990659701292444,9.062580799990194,8.307054694585329,2.761663528782508,9.157575579262696
2016-03-23,7.954286064305177,4.401906828875478,9.321311536841081,8.42718823793897,2.5631814222915974,9.208216537523676
2016-03-24,7.964009301975096,4.517354588717158,9.268876853689404,8.540554471866562,2.5387193741251073,9.14975572458961
2016-03-30,8.03569209291438,4.382812906617478,9.104929991115862,8.642057418966091,2.3274987265759273,9.157024381623962
2016-03-31,8.056013069176872,2.728956251003717,9.12175064617974,8.361441257528112,2.1855298535945757,9.068194478006276
2016-04-01,7.967264202938851,2.6282236029558983,9.0662211873076,8.3136955607922,2.083018311379888,8.802313217184475
2016-04-04,7.870574620530988,2.6546151179543176,9.023510585221958,8.322369186504,2.10016016784305,8.860734951373454
2016-04-05,7.872125832529991,2.6881750703862637,9.040709159037686,8.282926029285216,2.003910194991613,8.84795693177125
2016-04-06,7.909713324776778,2.8658410637734444,9.221093341331864,8.433311852453082,1.989478993412395,8.888979071677829
2016-04-07,7.8252652498235875,2.9101279323695217,9.172135298920692,8.163528190881577,2.0139864576674382,8.801621578846978
2016-04-08,7.928579736405417,2.986677716238127,8.952554431847323,8.580611860447926,2.2436977931228306,8.417608585055747
2016-04-11,7.960978086086976,2.7215089867515423,8.938816895181311,8.163818826383482,2.205268310769193,8.19894079096014
2016-04-12,8.04986440787266,2.716966848546789,9.001292573020487,7.596085453899824,2.1755917890638115,8.071711620478219
2016-04-13,8.071277754562098,2.657255091570543,9.033714106147825,7.258655509256342,2.179291457263984,8.450830938418086
2016-04-14,8.05680894687499,2.48471891333781,9.029532159444509,7.249608464448446,2.1538899072924593,8.255527842662568
2016-04-15,8.236036713251536,3.7103065023754653,9.201837537507753,7.029345660530371,2.4209896413521577,8.250565467328752
2016-04-18,7.757684758859475,3.5704216390215002,9.059978157642089,7.149309357631058,2.364537320442896,8.177571996698411
2016-04-19,7.790289663452111,3.965750181037096,9.239865465536317,7.210227431871623,2.9055247434372546,8.12124011118209
2016-04-20,7.791132170566492,3.857509947193645,9.112500501028864,7.27186836092564,2.976393236026738,7.535096296434305
2016-04-21,7.765884897910837,3.887430942619185,9.005823832412624,7.324570267029496,2.9089426942359364,7.48809638267709
2016-04-22,7.772806124587704,3.5018966603798627,8.99799402657611,7.116306235810296,2.8984312313429457,7.413876820686486
2016-04-25,7.851607046329092,3.193924758902213,8.842512779479923,7.405766472227275,2.957484542438554,7.487255226118745
2016-04-26,7.853210435589645,3.2734493825944084,8.770917309883535,6.877316976685875,3.1271235736588188,7.5734189025024685
2016-04-27,7.84594276947638,3.2667361581759535,8.708258570166738,6.827532044175402,3.3220042995501573,7.635343626318615
2016-04-28,7.683026543678271,3.3629182581772628,8.609829039535613,6.717832804486682,3.0171876618554343,6.997088080048734
2016-04-29,7.399866449388543,3.3438233876481447,8.567797869160113,6.6275635796394985,2.850306648918636,6.469643297485423
2016-05-02,7.530400827165721,3.3066831055500625,8.671189478233421,6.626613179499448,2.9271437477646356,6.63877718096733
2016-05-03,7.5332790708542525,3.3032067266501914,8.898794516027282,6.722533907299094,2.944920477901815,6.884297775277509
2016-05-04,7.501719689223646,3.2978473984963195,8.746127933535996,6.73286066233791,2.867676897869291,6.802190762186227
2016-05-05,7.441252412462305,3.309755781441772,8.663063625435903,6.783374515372756,2.9348336769545917,6.76070797507938
2016-05-06,7.4923559941479,3.181834455231114,8.651323236689093,6.609029760099266,3.1430737179236665,6.6613890076187205
2016-05-09,7.615691621347202,2.2556606893058753,8.577711932809335,6.621777619609289,3.039705538813753,6.977451515083614
2016-05-10,7.5188598668377855,2.0737676001111427,8.571731046542425,6.717033248138621,2.9383522455199986,6.697928013530892
2016-05-11,7.517942531529357,2.5247627991394923,8.691709613657975,6.580947387935001,2.8901105058954193,6.954873491125652
2016-05-12,7.488800094409963,2.5216892295324405,8.615990539526512,6.542118781368944,2.741224572875062,6.906637116955632
2016-05-13,7.467500744275932,2.53920710151843,8.587371455328592,6.518438671120816,2.4764653589744334,6.3825464080267444
2016-05-16,7.585808437893459,2.1730747767141754,8.578556920352051,6.741187589322191,2.426287009268861,6.7003399638935575
2016-05-17,7.595315885381957,2.0581171329852266,8.583642840791045,6.641682764512075,2.395086174146042,6.7367223736625625
2016-05-18,7.584196830704948,2.2033878541702854,8.551061137891443,6.515070710286647,2.295071657278282,6.70831123126408
2016-05-19,7.466623885359606,2.3986189140318785,8.65726499566927,6.606089994189362,2.370872461017907,6.6283662869835
2016-05-20,7.280586376810394,2.198990844056183,8.593939656781428,6.61674440546366,2.406784847650321,6.357645631783114
2016-05-23,7.251789867040287,2.1175551892296287,8.538762552172516,6.609054110840663,2.6018150472706947,6.095341070588528
2016-05-24,7.191761367524381,2.0693797739509114,8.443416846847862,6.543234803718125,2.4293713256103895,5.831502095237272
2016-05-25,7.17460519949746,1.622834632635069,8.395561092538125,6.639632246982772,2.005386838680545,5.965222030842125
2016-05-26,7.161191524910539,1.590822341293226,8.306285366644854,6.707725618114407,2.0758458437650877,5.920650973511669
2016-05-27,7.110843908215947,1.514922569169421,8.123951365475428,6.291846821470737,1.9123498888829287,5.863208089079534
2016-06-01,7.084464039061346,1.292912164806272,8.206515026361695,6.4145683700252,1.8884580426658415,6.123815315180511
2016-06-02,7.086689780134038,1.1369669008370442,8.194104642354949,6.342580211514696,1.9233027248837502,6.19753872675182
2016-06-03,7.3327966629920525,1.0927130714039872,8.359907792191107,6.7821734649743535,1.957405315895781,6.1928702386498555
2016-06-06,7.363716857314254,1.1333800037196917,8.383074903994114,6.96763176722142,2.151089247526389,6.280408861517484
2016-06-07,7.322474487744084,1.1469500452324404,8.384635273511396,6.959834150804794,1.9848951491740745,6.316112924012586
2016-06-08,7.4481371089530235,1.2431786857931615,8.472667768503499,7.082515974697421,1.7737195818930331,6.283087296732785
2016-06-09,7.476601639030091,1.2397159090117498,8.45870537141897,7.126400193729965,1.7596779796113848,6.390407763587521
2016-06-10,8.021407639859447,1.2457032291524006,8.782512729771982,7.6084015659140904,1.8438331745990764,7.409762206075434
2016-06-13,8.077478525769463,1.410362216562359,8.91943624336221,7.575445481730514,1.7838726722223457,7.501932692638234
2016-06-14,8.020912787125381,1.4667054257968493,9.036285539820968,7.4249089077772945,1.724469638622039,7.502487461405753
2016-06-15,7.9903037509371515,1.4641502207595896,9.009526855299038,7.426960382782933,1.5763353105701448,7.200333333286257
2016-06-16,8.002079315184565,1.5253352405109333,8.991993159967047,7.309178571216719,1.6758999414690334,7.094202251844181
2016-06-17,7.87773969550221,1.4656663388844395,8.888102830566062,7.367604262436809,1.8223993204800857,6.9381168194091485
2016-06-20,7.956054191189086,2.112181005721993,9.09787076847975,7.791457147721506,2.2167111039825955,7.405777914100848
2016-06-21,7.922567706490226,2.145959988186628,9.02360231066108,7.061466727737401,2.198332583804084,7.221639144821229
2016-06-22,7.893971249684157,1.6237986874033403,8.975092152868184,6.568763965085783,2.34127336241056,7.071814294568074
2016-06-23,7.951767231598389,1.8248121719956192,9.014322895574216,6.460341840719291,2.509410354634426,7.275068997881413
2016-06-24,8.898798380612702,1.9892377936174264,9.558111257004382,7.008053019410167,2.7474612818758146,8.442320249765723
2016-06-27,9.240037914868797,2.1042539228505204,9.933271603003757,7.22880300361559,2.1619774867428574,8.807853362261799
2016-06-28,9.434190204498732,2.137435224656411,9.999734213055868,7.257029571175806,2.082212101403502,8.991186112286853
2016-06-29,9.627791145515726,2.407891685542792,10.172701804561601,7.360932331632671,1.7849132435145485,9.231818456371961
2016-06-30,9.485650153905594,2.2703799497527526,10.060324729632264,7.081309678396445,2.005040097385685,8.70560095482716
2016-07-01,9.53175822778416,2.145271342359839,10.09004168410319,6.983081241808446,2.0669080600987266,8.652755333231788
2016-07-06,9.370461628608552,2.1386441673682626,9.817589240445102,6.928028066702033,1.6389133783590266,8.53406621773835
2016-07-07,9.192811264388341,1.916918313367207,9.600073935618658,6.527769896279881,1.9150496608878038,8.539220897359264
2016-07-08,9.077746849256751,2.1953981155967637,9.440031979928131,6.201235469523258,1.8687167025319364,7.892288481533996
2016-07-11,9.114863963889956,2.3636796600091734,9.44283250095233,6.229559619964859,1.8129751345165996,7.980075729504907
2016-07-12,9.211672677146097,2.3663310147094347,9.585472620860825,6.70524782456528,2.2253407213047045,8.164968073625802
2016-07-13,9.302273495487771,2.5233652522534493,9.739875738316856,6.456078878202618,2.586696444178086,8.233301743482631
2016-07-14,9.272682652080034,2.3016789778477746,9.828850213852752,6.227089031306455,2.639974321828215,8.1464976120291
2016-07-15,9.246321944248264,2.1531016079316623,9.730818885504819,6.097494537190234,2.7656857625451097,7.732210982836498
2016-07-18,9.119890020044002,2.4537119860453185,9.281241212461277,5.982744585149979,2.7717489195013822,6.505924628906524
2016-07-19,9.134572731029527,2.34054479371739,9.078520713789148,5.900269369901321,2.737183507254833,6.4041521727581925
2016-07-20,9.01482819852254,2.239236026291573,9.04373721073859,5.789455647079762,2.6746474774856126,6.031312135783029
2016-07-21,9.129676661871217,2.214185783773431,9.136048652378049,5.98631801819581,2.542679597529603,6.089425056914358
2016-07-22,9.177567774678165,2.306612670348892,9.151693497179114,5.892889108245991,2.3000262608083246,6.095656311001032
2016-07-25,8.892584073902746,2.292565297271143,9.089134295102891,5.917769103384565,2.1743247428975043,6.011883635609198
2016-07-26,8.765085035792522,2.2397821031283147,9.004121103720534,5.842412607035821,1.9688725053650453,5.693663231918735
2016-07-27,8.756798361175397,2.2648721580219227,9.032938802193435,5.913285339081674,2.0427955435955214,5.840799484628184
2016-07-28,8.912013453438908,2.351039166111931,9.175857564394756,6.028039716813342,2.1332110252402523,5.9546763433688605
2016-07-29,8.816677218318066,2.879386429330714,9.425885547190381,6.088530463953422,2.207751921106501,6.05619028252178
2016-08-01,8.940146630027764,2.547299453882357,9.235879736696424,6.134474871278062,2.108009906924435,6.28449804266057
2016-08-02,8.895682588812333,2.2849579886361715,9.107645837514271,6.166882034501625,2.188196618409725,6.26595169661589
2016-08-03,9.124868528456458,2.589601585587309,9.323307484134203,6.457785147143451,2.045305800854713,6.504700622787872
2016-08-04,9.026223381630748,2.54503544022604,8.905256131061673,6.119381571980191,1.9298348303850152,6.004254940845828
2016-08-05,9.03346348739206,2.5108290362826264,8.909548529737046,6.077279890935962,1.9217743545933808,5.920125248537808
2016-08-08,9.047994019718079,2.529783199756432,8.820418118696788,5.813085313476422,1.878823612590308,5.854987894670429
2016-08-09,9.042604575298085,2.475038837119152,8.811976096722429,5.785522742086125,1.870548946754367,5.791673909424009
2016-08-10,9.21698279209708,2.8570349389964016,8.98289844431214,5.966616835089881,1.7993457705678708,6.21392059884624
2016-08-11,9.41801304976727,2.739276316834035,9.268826588849175,6.685086560651434,2.756529663939089,6.16305365684191
2016-08-12,9.493786269932377,2.8000885948885554,9.358618975023823,6.613639862251852,2.936318307324983,6.112690866125994
2016-08-15,9.67934763281753,2.827089644331552,9.549964304887492,6.726348023496605,2.629970616270229,6.24199658449906
2016-08-16,9.544104203012386,2.6662743979457577,9.51509450864206,6.351436335606713,2.4773402144500505,5.568685909978651
2016-08-17,9.469061206205973,2.802254684214835,9.419885682504258,6.2120333089705,2.450673147471211,5.494743172929429
2016-08-18,9.578670309516557,2.6450972817673484,9.467013032090565,5.733585075243877,2.2524889697519184,4.968587940634182
2016-08-19,9.51872708204844,2.646740603581247,9.403566834137267,5.75336386682034,2.230126786913709,4.958188233722608
2016-08-22,9.635808623862149,3.0929211513704016,9.514282760202986,5.744346340394263,2.6187824997163047,4.944169423496196
2016-08-23,9.658816909498839,3.022645474567629,9.50836267835683,5.7835454099855035,2.5615764744112073,4.998343177901689
2016-08-24,9.89960651814324,2.5866597116464383,9.571715898909664,6.011888019461168,2.157835388617063,5.326344444689203
2016-08-25,9.763338603225234,2.514832598934541,9.180766820517043,5.808453071153147,2.2622834987251133,5.28159170224914
2016-08-26,9.788404149716797,2.36323822984618,9.186638320594076,5.466020350758803,2.1106789827853913,5.1947709907812465
2016-08-29,9.810691165384243,2.390232680754467,9.183160597080755,5.506017363739178,1.991485749818045,5.227878656049253
2016-08-30,9.845688795668599,2.6683851492529906,9.238323796821382,5.491177878890119,2.622093199198448,5.241453468534313
2016-08-31,9.610472472359382,2.9749553180583383,9.127197723974852,5.724185969330192,2.54462029563974,5.573234148235774
2016-09-01,9.82102828744461,3.107529040759823,9.340463125475415,6.118420368818252,3.1816918315762575,5.119125779023524
2016-09-02,10.020754677237923,2.395351117005538,9.422186354241033,6.206523936650648,2.763523162361786,5.244310369246917
2016-09-07,10.13987577490274,2.7871113063513366,9.513465080459968,6.293685084891596,3.0219940880107914,5.057665849323191
2016-09-08,10.122955976929523,2.6424725477264785,9.58176610824882,6.7924430143768495,2.787273698737532,5.03963370915243
2016-09-09,10.34744430804215,2.9348388663670786,9.964414475982936,7.799244703017179,3.505763858746608,6.799421049799052
2016-09-12,10.296750027169221,4.010153121759768,9.853158763830342,7.646060206730065,4.274340721391803,6.5801321690189924
2016-09-13,10.36427493305356,3.9535898430618555,9.88826155006722,7.629478165284002,4.05716720276769,6.823013246907984
2016-09-14,10.445886256291312,3.9362979600192474,9.934595081597006,8.182118811397649,4.047233567338165,6.9610126031325406
2016-09-15,10.339069119638426,4.13146845334445,9.800300211616916,8.206572205233787,3.6142475616702066,7.292450831323653
2016-09-16,10.226276849697348,3.942221696843697,9.686866753351458,8.106814821577787,3.5949494585346944,7.19032935644556
2016-09-19,10.249446792663731,4.09810095241411,9.777506043057228,8.148626021503238,3.716152143320219,7.307739413065906
2016-09-20,10.27252269597957,4.518899457929611,9.841680248584142,8.309283467940743,3.4345196795662782,7.474699153405766
2016-09-21,10.276770110869558,4.457869170314473,9.744371367267846,8.161283773275233,3.370293588620223,7.396203450313627
2016-09-22,10.239089378593151,4.372460528543821,9.813857938562498,8.268619586985738,3.2413060526383686,7.706463290216825
2016-09-23,10.253655368299627,4.151995343597847,9.806236068192254,8.25629407098092,3.223587539934991,7.730040905006244
2016-09-26,9.935035809218222,3.744152330177253,9.616542788575762,8.532894129371826,3.0352248916453104,7.614361011916902
2016-09-27,9.678786195352712,3.943710043635745,9.35837480890435,8.351273514789206,3.230602366512366,6.110616069462547
2016-09-28,9.362100627670326,3.8333485977056827,9.04846080931953,8.284266297956094,3.3412724972309333,5.802442705025914
2016-09-29,9.470321512130324,4.936047159662666,9.35991895812211,8.72988024994518,3.7486222904802453,5.6317296997423805
2016-09-30,9.438637310636972,4.4582474883659495,9.225596714475495,8.66589148264788,3.684618323418844,5.425496574699153
2016-10-03,9.375524439097996,4.324983593802204,9.146119148545951,8.447977424536594,3.5219113729580847,5.42678991673739
2016-10-04,9.360451455608056,3.5033474420742152,9.151092163282556,8.394154010025245,3.18448081298478,5.528019178077709
2016-10-05,9.34677834011588,3.459504405311368,9.078879978614653,8.088810729105612,3.147214962281701,5.581509807956016
2016-10-06,9.581452135692347,4.022721960980574,9.547349025087092,7.891437104909875,3.755206216762003,5.6750499754388635
2016-10-07,9.448439171580167,4.066060249511794,9.279952214942673,7.835583607534691,3.736339259140305,5.684441939254516
2016-10-10,9.579561628488927,3.35359783218442,8.922139004922702,7.713214645573355,3.5983543410179153,5.796019291929945
2016-10-11,9.169578635783633,3.4000230764432686,8.739974703409226,7.669571776392079,3.578752862263901,5.4591757035758315
2016-10-12,8.997649977427495,3.4552584448027392,8.532860803624555,7.44815160629031,3.3434158425487546,5.272449002600162
2016-10-13,8.83183175795211,3.4124162769105237,8.478823769961824,7.1207066665303484,3.4167502653255983,5.217332822591129
2016-10-14,8.771796804017184,3.3106544017663686,8.3514091604929,6.94123914283164,3.414489414967877,5.2401322606803555
2016-10-17,8.840626174538036,3.4072573168224394,8.41422072450895,6.895744358423152,3.181757994621542,5.301993404671298
2016-10-18,8.73960706776892,3.43137533667093,8.397509291121734,6.679879245970425,2.8380214360172,5.305144326198586
2016-10-19,8.749764667640738,3.389797961790934,8.296168752008612,6.416979934273834,2.732499519935072,5.51010172223182
2016-10-20,8.791202411093657,3.471266535954239,8.301327231494142,6.322497361731583,2.7246025189889775,5.540513042482025
2016-10-21,8.971408343888147,3.3382370762282747,8.62633697950707,6.761732138682806,3.128209251966988,5.533832748629049
2016-10-24,9.148713078321071,2.8606340200824527,8.711741185912588,6.0254978861613,3.0855340590066356,5.4018007532940855
2016-10-25,8.793776675334893,2.9240472740805377,8.740931557914521,5.506345099841994,2.956571197839869,5.398848195279608
2016-10-26,8.829066695370786,2.8121244001966894,8.663170012059755,5.5581857909378956,2.9728055449913433,5.470591362405114
2016-10-27,8.665340793360794,2.7782718184160817,8.644485942945478,3.856462352552283,3.0085187909660065,4.820374944751523
2016-10-28,8.569950917758414,3.10569679126189,8.076097679113342,3.1837652756820916,3.2935434075491954,5.533503869201972
2016-10-31,8.850578365094112,3.519148189346153,8.372706320651583,4.650363041525748,4.172106046867673,5.615927175090576
2016-11-01,8.928002256426597,3.8792514351815264,8.330194387297801,4.590318016612936,2.8507584749228894,6.238071668053678
2016-11-02,8.95688973514674,4.150250958360591,8.47221971737206,4.112015126020811,2.8273331398982506,6.281633824871729
2016-11-03,8.6943637259743,4.203223609269043,8.497453090817606,3.8360477928906733,2.667862056776512,6.372924839106385
2016-11-04,8.87598426670699,4.432923681386839,8.651349819922457,3.455322420869955,2.822622998537218,6.434599648798039
2016-11-07,8.986618556497037,4.9439914139267795,8.649151203144967,3.470540873829784,2.8640515406927762,6.655678722836076
2016-11-08,8.968748094728518,4.98104744971895,8.631971547547915,3.4953083534244516,2.910120588384944,6.569032245705755
2016-11-09,8.988594296623043,5.1504291916839655,8.607892414321183,3.3436029774243146,2.7503171665203627,6.380526633647995
2016-11-10,9.036697763763797,4.974087205643557,8.71945008601767,3.149534423871886,2.822546418012108,6.336206643131292
2016-11-11,9.061319282622675,4.911208978851943,8.719296086329365,4.039077615260264,2.979033387848092,5.381328655316637
2016-11-14,8.961199240619418,4.661263450586593,8.856980577970104,4.2458263747249685,3.226210453908383,5.488090796005518
2016-11-15,9.477661919499555,5.503273554250478,9.726930555182529,4.108045799642102,3.024355813594171,6.295094449738496
2016-11-16,9.377845013346327,5.68842545717414,9.674950086085458,4.181692811098425,3.072238181699209,6.3469287323005235
2016-11-17,9.267881026888139,6.18239398045877,9.726687002627447,3.5700874663174176,3.8493724803575957,6.412881779830264
2016-11-18,8.92661519060958,7.376584111121843,9.43824102470225,2.4196764182971657,4.002110209323692,6.552668728519735
2016-11-21,9.472879323664127,7.906368313356061,9.909234590276627,2.4036706525334055,6.377686936144664,7.015519198972004
2016-11-22,9.327304735631179,7.588055051542727,9.673918887519092,2.4125461107359563,6.247151875212174,4.825383274881641
2016-11-23,9.279208889224728,7.538559605677132,9.717590594786325,2.4113120898643756,6.2482291930633425,4.932322394247207
2016-11-28,9.18853068599953,7.093972557511477,9.78101185822086,2.5608096821449693,6.712753807542257,4.7916602187917485
2016-11-29,9.270082507840128,7.221655784061023,9.97087310262618,2.6325086497824723,6.7317952214063155,5.273864099939922
2016-11-30,9.715986636391579,7.616073861948391,10.280018433347319,3.46637556289283,6.914002875478257,4.207950879597948
2016-12-01,9.563230817316533,7.267819306155968,10.162348525760887,3.7712990539542264,7.0677131562271205,5.044500041145796
2016-12-02,9.610843384776835,7.512783226851508,10.184629250437927,3.8121065317247087,7.114908821166586,4.6016707537327965
2016-12-05,9.450716830948105,7.204977052929384,10.147990499418299,3.8253884418511537,6.743241534105514,3.3615810940453943
2016-12-06,9.345253509482806,6.662965265588938,10.09517487511034,3.655729100553989,6.641148368437776,3.311020779447762
2016-12-07,9.291493950605515,6.631920617584503,9.91056347912289,3.8137166251434578,6.57411610964595,3.694699222820384
2016-12-08,9.150913945228949,6.4313791641107025,9.854453253047378,3.6691720032279456,6.549905582728967,3.56437359980783
2016-12-09,9.066501652151427,6.407248261640014,9.814880532514861,3.604843347749594,6.475948579041461,3.5390753918884297
2016-12-12,8.925956664891315,6.088870072428596,9.604079441759065,3.7684426399127076,6.150440358448024,3.649158559560528
2016-12-13,8.88062288273201,6.06006339559097,9.57281089198366,3.771126805282025,6.095447740575595,3.713272206579843
2016-12-14,8.69057864291069,5.93403121305985,9.521425761536891,3.7918347750000763,5.672580551523904,3.7094889977027443
2016-12-15,8.689784291498855,5.4613150259389895,9.51021031703472,3.6395958914900235,4.216548291083542,3.903124116594812
2016-12-16,8.58336796979218,5.117897359542042,9.498651409022548,3.893144364939005,3.96364547927619,3.9203669244497994
2016-12-19,8.570556312209678,5.070355951202306,9.470065765635336,3.7828178277002174,3.8872963668029574,3.9387075134521186
2016-12-20,8.496851157954277,4.95882825201918,9.40406389030125,3.5622755063466314,3.8807311086313803,3.9134129147746646
2016-12-21,8.412592482763786,4.5257508300843705,9.355098807491279,3.4629358188593824,3.3323139349751414,3.9959443646059114
2016-12-22,8.399256589697602,4.447307446741653,9.3462385265332,3.440684178912427,3.1336984537813475,4.0207565771492595
2016-12-23,8.341450740674807,4.29029984096977,9.297879917101382,3.4892973289326092,2.8352656302516412,3.782414875209541
2016-12-29,8.32103180862105,4.313662133486224,9.248245886764256,3.412179005450007,2.8437998299451173,3.801300363876999
2016-12-30,8.31293641619209,4.253974870386612,9.24595411922751,3.4553247284986344,2.835364302896822,3.6806096827765367
2017-01-04,8.202015084103587,4.245347395482072,9.248370950453479,3.556723746414949,2.9943243284360688,3.758262838740835
2017-01-05,8.210847328876634,4.2452452309768125,9.272550941793922,3.592895429287518,2.8305527558789865,3.5155819843256406
2017-01-06,8.195555825582643,4.174156896648539,9.262027298195521,3.6050216976452183,2.6597238829567087,3.526064228514183
2017-01-09,8.26159075896303,4.862946518444461,9.255721246445654,3.2916933591529105,2.527069550161084,3.682402512840651
2017-01-10,8.269018026721895,4.870110793516232,9.245457833124322,3.4055945379839003,2.16416953057225,3.801934331273891
2017-01-11,8.267937256352416,4.969438258093002,9.239940798077198,3.471664115544813,2.119245980493791,3.933513776789044
2017-01-12,8.28006344688266,4.986620029545643,9.293098785179321,3.52605408425728,2.3336755218112697,4.128430025325193
2017-01-13,8.281607154083204,4.900812174040802,9.29378147972563,3.845271940647427,2.2951451307062647,3.94663161789526
2017-01-18,8.281908506452886,4.875079295873138,9.344449387298015,4.030989827721261,2.138378863087224,3.8871792331822923
2017-01-19,8.207849932209454,4.829421781674448,9.330322118471393,3.813625789953812,2.006004210221094,3.730218580875873
2017-01-20,8.114328013183085,4.604394747499527,9.166740613358504,3.521739900533797,2.0271821773549896,3.6518782425092247
2017-01-23,8.106261871357281,4.597777650005923,9.149907757575392,3.5484068909988005,1.884392355402331,3.531969353532164
2017-01-24,8.115495685829599,4.5568586381846945,9.152554117001502,3.583730486415099,1.8590622509756054,3.4618652118820905
2017-01-25,8.088109783459446,4.539724063829394,9.144531644378773,3.6900822851854183,1.8431349201809482,3.477467057291289
2017-01-26,8.356211033156582,4.951051409297334,9.355872192871635,4.260437984469637,1.9592553995244788,3.5669228185584765
2017-01-27,8.271426615960719,5.0414199411384955,9.184912485480098,4.260939037496921,2.043724388571618,3.7190443132840723
2017-01-30,8.330773144077837,5.065674383856838,9.230280110508993,4.291527658179846,2.2989679160288214,3.2932530720014523
2017-01-31,8.297429878651426,4.148895230346905,9.231745022818131,4.3282479236248985,2.1638545477344526,3.205185179614593
2017-02-01,8.565446692256293,4.691315502209858,9.367857243239854,4.689576111375891,2.233205928169905,3.1114271300965815
2017-02-02,8.596903301678703,4.756879452871096,9.344634266238488,4.702780725749922,2.222642169157344,3.1395499999853436
2017-02-03,8.586899725999457,4.762262636616038,9.28749754349879,4.592833194109808,2.1585603385668324,2.9352962327747716
2017-02-06,8.706609303852282,5.377183787816448,9.306877469031717,4.704476929765637,1.9439174679763156,3.004927372132125
2017-02-07,8.65779367574789,4.835839214006521,9.304201333888107,4.656852399425125,1.7516654146516633,2.9116801869501217
2017-02-08,8.606949321476447,4.832229837221498,9.301257463478459,4.556955515779445,1.7459563287245683,2.9137797284891485
2017-02-09,8.671853158434862,5.017121828890695,9.395691551198086,4.627185330487956,1.4669993229448417,2.852414568458728
2017-02-10,8.744262315257641,5.096866679870714,9.476785180928415,4.727968728509144,1.5091271146881322,2.9543320120415846
2017-02-13,8.96939414417841,5.399367599012017,9.586261120908121,4.889563524005401,1.7068086752544547,2.7400495941589864
2017-02-14,8.810276473528596,5.029122177524586,9.378297060655505,4.652562640095829,1.5253155233181326,2.829781776652348
2017-02-15,8.816102909772264,5.246900519698178,9.391436218911911,4.719638522067935,1.544596467801762,2.397107131690394
2017-02-16,8.77552081753736,5.43834979345728,9.366445311756538,4.778354090800797,1.6034944079174849,2.606115327110096
2017-02-17,8.832636281543301,5.634046989243104,9.393991330428612,4.695917351025164,1.8286604513023237,2.7493876782124764
2017-02-22,8.739386300103805,5.631413190120189,9.298632720949987,4.258592261757129,1.8423012445597113,2.839787842277952
2017-02-23,9.046625611922423,6.226633962100375,9.565420760044988,5.548859641592837,2.1398163371711316,2.794251843383714
2017-02-24,9.102923896612518,6.3332663203377555,9.57540366681896,6.065491242930604,2.459228216134353,2.9268287203593624
2017-02-27,9.099788634290919,6.234634054274391,9.570721566707041,5.8757111693023445,2.3467184409163178,2.8735384649365834
2017-02-28,8.757804780397205,6.069017301983831,9.616850875421838,5.591417385479904,2.2559416632417024,2.802458007233773
2017-03-01,8.61313491824549,6.241708307057294,9.581071073871287,5.415508660648853,2.2641508027612463,2.8434002545720998
2017-03-02,8.14522400322669,4.8325696995954,9.477027368240202,5.356054688131343,2.568286850114408,2.567894896715428
2017-03-03,8.01976909711546,3.8591102721976394,9.394646881758803,5.442744552541677,2.1252035226367707,2.7929917100271666
2017-03-06,7.87011236081712,4.052585438644748,9.386201741762072,5.573730720436018,2.141585217569264,2.9451914028661044
2017-03-07,7.847841835934788,3.7425011897971667,9.202350674624403,5.606013295454303,1.9183620914747976,2.819820204428956
2017-03-08,7.953265190984134,4.6090371939621235,9.857637375488677,5.866416937013462,2.1878718983687335,3.040260238827956
2017-03-09,7.598640785292887,3.6848450421553287,9.800779745159913,5.240614467128864,2.4610132107044937,3.1084606332823115
2017-03-10,7.721695162589172,3.056760062959622,9.543633538481933,5.491042202009861,2.0275855825369984,2.5811608637292536
2017-03-13,7.7284866471344635,2.968570529590956,9.544832677879468,5.50018453095539,2.318716351005449,2.574406799168651
2017-03-14,7.769236112383922,2.888774854006987,9.472119449519168,5.448015565404678,2.2642484341373117,2.6272120752906987
2017-03-15,7.882640361599787,2.9061773346026847,9.62655956510442,5.250983366865948,2.1777720565326733,3.083687294809869
2017-03-16,7.984275979245858,3.5377876926273664,9.53900947649818,5.566134561522349,2.08960680566971,3.1626713505912583
2017-03-17,7.972532564745921,3.549131081605744,9.50725387869887,5.595476807041265,2.0052760381651438,3.079938627637746
2017-03-20,7.883883988418165,3.521075016197815,9.501444307997005,5.5302790464274665,2.016382159100042,3.267983803918215
2017-03-21,7.907470467447928,3.668598109974134,9.543524222215558,5.455742806544909,2.310985052382127,4.047222193869221
2017-03-22,7.821399516278614,3.79382290556385,9.664789858702223,5.488830115563629,2.3777922965669513,4.165935607462575
2017-03-23,7.707147781381917,3.9426349285713886,9.492237830317588,5.340580029398733,2.331335831680154,4.078569307369087
2017-03-24,7.764328857528363,3.788496130773335,9.635764276696978,5.216870137404398,2.2996591926978023,3.8988946632303345
2017-03-27,7.68070516591695,3.730466502382059,9.429286809800352,5.163234456347889,2.3035036497031722,3.9098674260813353
2017-03-28,7.802536955296239,3.71689464767385,9.228772462235012,5.187416878944788,2.2913781323204705,4.050632862424634
2017-03-29,7.975192882886976,3.8098571629227105,9.332045890096142,5.315186008049083,2.297370835258683,3.9359824259455167
2017-03-30,7.978606662728738,3.7996898226528817,9.385897413378116,5.317506778875974,2.3184352601169134,3.9148918578938225
2017-03-31,7.804023053817738,3.6354415343523123,9.148789865877138,5.308007560058473,2.392965874040224,3.8908334759303442
2017-04-03,7.817333298704903,3.6365533992164614,9.14979159381768,5.31424143162999,2.3706358231009306,3.9194216386912806
2017-04-04,7.685134026630739,3.3263620783218983,8.941166842562303,5.263479137422959,2.248512176002791,3.170753109542028
2017-04-05,7.699844062402775,3.2185005135831726,8.956613979800315,5.06776989052908,2.2917451382625798,3.4861717783063093
2017-04-06,7.740115347736782,3.212751679691735,8.971059166829301,5.0724664671919015,2.4845958580598846,3.7209281015628597
2017-04-07,7.761060306807399,3.235421117847043,9.053490111158968,5.090804756231735,2.51174531689836,3.7698223807841345
2017-04-10,7.799305440656231,3.116148978568772,9.070509229858281,5.113788672342943,2.502507032388897,3.8616725327122308
2017-04-11,7.6391312048562625,3.1202179110273747,8.98982331008514,5.119709494212719,2.3609570971418616,3.822432744133566
2017-04-12,7.87780461411553,3.202955392115601,9.047360875336464,5.316276170685248,2.753309257697578,3.5963937949789675
2017-04-13,7.8658462948005194,3.2349335234480843,8.989233659965079,5.36165495466044,2.718986813341719,3.539933394878231
2017-04-19,7.703343328743032,3.5447805955798644,9.226289788848574,5.726581182038359,2.8034578047892182,2.981113404125411
2017-04-20,7.629149490694331,3.555035427688665,9.451548075362007,5.726167665922588,2.9765295821294355,3.038648944639377
2017-04-21,7.933397909084605,3.792448361188668,9.38137659363119,6.055439493201057,3.161022270164676,3.450746326537931
2017-04-24,7.830238353683703,3.828902534957649,9.35327819286061,5.739300756827652,2.992252919084922,3.001392567390656
2017-04-25,7.799501535345512,3.826208462485455,9.297986537159083,5.65903850960028,3.0140903424195358,3.126977803115516
2017-04-26,7.6206083182531605,3.79262769309728,8.963491141173485,5.298147234230745,3.031592603361427,3.131106751196059
2017-04-27,7.505249661136777,3.443507105245532,8.876026402292263,5.278706570217302,3.0059947972868355,3.1344243812366206
2017-04-28,7.476071756975984,3.3807975723683286,8.937184896540792,5.20324069980201,2.9946918692737134,3.0131757257781833
2017-05-01,7.350741137411672,3.492269357258088,9.022910933871273,5.192127868458037,3.027865866296677,3.0934346006403324
2017-05-02,7.595723542147454,3.8814864218157124,9.277776678778562,5.327412017313219,2.8848675622913897,3.2409991120170307
2017-05-03,7.601086252159983,3.759326681689414,9.220236446336154,5.422084416150873,2.8840400755485422,3.310274293159608
2017-05-04,8.100535751188369,4.184679921943156,9.38619171279833,5.373959650398734,3.1049062672157253,3.8867602079269203
2017-05-05,8.17435527352729,4.011530514490114,9.15051531572679,5.693247638768386,2.433887267840777,4.370759054643084
2017-05-08,8.058855135302741,4.1036530352885405,9.077344850105254,5.271131170779614,2.2951242672164565,4.705406671054703
2017-05-09,7.9828254371815435,4.145621161938606,9.06966161589412,5.257363550373867,2.2726557135418064,4.747591239318248
2017-05-10,8.227958834430934,4.278311835336777,8.88261631075093,5.703486188254367,2.258210333450017,4.4530764009466965
2017-05-11,8.44824603387662,5.131060452781255,9.115856577292929,6.004831664957886,2.796388803069764,4.441220658334942
2017-05-12,8.436637324679443,5.099070355205705,9.094177200245896,5.823201731722416,2.5985267003606687,4.166821563671824
2017-05-15,8.55988898267948,5.124755611459225,9.086031424037792,6.33262421130825,2.6623393383400864,4.387211036524178
2017-05-16,8.705332187279613,4.973353118910142,9.071606338200265,6.316329184509828,2.843920681793899,4.474594200758397
2017-05-17,8.71383513965545,4.705386107262479,9.091765451502098,6.2987232344618755,2.8759234195722847,3.522289334051115
2017-05-18,8.621394138820246,4.340590379540266,8.931449953510914,6.3598715608744065,2.286654524469778,3.8534728183535023
2017-05-19,8.874800190582821,4.408603651535828,9.09839869821621,6.473311447417083,1.709486721074871,3.9502681794958323
2017-05-22,8.770913762265865,4.261854271867919,8.975250394818694,6.088777556007556,1.7673576807400468,4.220571818923261
2017-05-23,7.735316972047431,4.09892546614951,8.747517560611573,5.744780142023276,1.8292722627967624,4.3138185775752955
2017-05-24,7.680060107877451,4.123256949895844,8.839797662741752,6.077647612383482,2.1570527314635397,4.126909852177725
2017-05-25,8.06619403264118,4.919876132189181,9.58603277024629,6.382213300201208,2.3652905059613945,4.380439801884942
2017-05-31,8.274603876662422,5.19243617778644,9.883352653687114,6.126553054967317,3.086010139362166,4.858650207987749
2017-06-01,7.793222745174737,4.820542627149677,8.177086243546722,5.681632054012977,3.169793615647267,5.18560340868639
2017-06-02,7.87677197621672,5.104148395100912,8.347721438743585,5.672605384738063,3.329793544492271,5.388783448505472
2017-06-05,7.852380461629553,4.5276681783431325,8.357698410124748,5.332720443282575,2.9668232561250303,5.244182153226003
2017-06-06,7.482339245519342,4.553709239881139,8.351995120551804,5.175449037358217,2.6329165641558148,4.991297747576442
2017-06-07,7.725324333614385,3.3388139995756885,8.165068671163263,5.728289444134216,2.644083334275027,5.031397340405514
2017-06-08,7.727316539896262,3.4584998573541896,8.15437348314897,5.81933218547012,2.538438856329839,5.258566895362813
2017-06-09,7.786013587627052,3.69628217463992,8.14522241274218,5.853560255075679,2.727156632123362,5.533750285429655
2017-06-12,8.136323887013555,5.081562241465298,8.519978577982013,6.578534902651111,4.10114491939341,6.59550383390645
2017-06-13,8.236913983217478,4.3643938288961905,8.32563968225256,6.427382807637595,4.715883717761132,6.80473228210155
2017-06-14,8.869663140110644,5.975165020733545,9.138768403724129,7.316331508514014,4.483936283186231,5.805739127708949
2017-06-15,8.822743550460332,5.99678295483147,9.144992054675019,7.086916357494627,4.306325757840311,5.558457918410436
2017-06-16,8.796271965286115,5.646882753261168,9.113442068117719,7.034152699754796,4.376174738060743,5.627471586592364
2017-06-19,8.64699403695633,5.158082976552686,9.008186933054473,6.628875020505679,4.225862787134371,5.665816052789006
2017-06-20,8.73883042114412,4.231302889005632,9.13543288762039,6.8407132946122715,4.0623050202955575,5.143624555460293
2017-06-21,8.618311820369653,4.2445506624627445,9.03628043189458,6.732613733375657,4.1492097536728165,5.160683386634415
2017-06-22,8.648445835929687,4.201627338760136,8.904944637595184,6.68389523501934,3.806309645710117,5.014823065172258
2017-06-23,8.618606797822103,4.193659788119673,8.793072394768833,6.830133476632002,3.76113181059638,4.9541694698569065
2017-06-26,8.638815018527024,4.057939059106666,8.764042683058287,6.302019381378197,3.333501089600727,4.930338493024649
2017-06-27,8.706590028248828,4.2956021377885145,8.821565803388802,6.424652167195446,2.7866281488976745,3.7434378739483614
2017-06-28,8.748001005085653,4.286710315205,8.852126939978751,6.551027202267573,2.7457615458071074,3.531377535001727
2017-06-29,8.809119845664378,4.500199288804951,8.855569151689027,6.616042533944429,2.912509522895146,3.5774505278816737
2017-06-30,8.737883679086893,4.081087593925583,8.767567778372262,7.054132682791221,2.926241396587082,3.789650895874132
2017-07-06,8.708434144772163,3.750974841251755,8.77570369792872,7.063848421023259,2.914396385489343,3.658523219168595
2017-07-07,8.897799885840255,3.092801768678788,8.286869161003004,7.419095988323317,2.5425135127952934,3.42140858634755
2017-07-10,8.906345289183141,3.1332894936781006,8.304518113507404,7.410648862406892,2.1742221378387936,3.3225727910732155
2017-07-11,8.955439194577297,3.328039144893966,8.350808739796555,7.434650487433757,2.2344198493212306,3.3654569505416734
2017-07-12,8.549912816085806,3.6868974975284448,8.24963807833354,7.24111300728655,2.04271869197911,3.0508397763955455
2017-07-13,8.554877714454882,3.772832803238147,8.25888526942475,7.330744145349473,2.058578195982045,2.936560961216948
2017-07-14,8.522844457857895,3.553945964236562,8.210184854387215,7.40005110350807,2.398856993745507,2.9467872466578187
2017-07-17,8.480148635604392,3.4088714041137185,8.044773727573256,7.077829555234163,2.4153800417877664,2.9153346548247807
2017-07-18,8.539992132682894,3.477748067149827,8.108293727236374,7.0843197916443374,2.352864860494917,2.595367054974958
2017-07-19,8.666757393941124,3.53482650438159,8.22476787150915,7.006872045096202,2.148774526294637,2.2243640252754644
2017-07-20,8.509051311256611,3.4542195775817444,8.185855924191879,6.921830052225253,2.2165952196244656,2.2206394704115247
2017-07-21,8.904309125190803,4.314061901760653,8.585080561873637,7.484586537283363,2.846550326579944,2.4922087979253122
2017-07-24,8.862757528052132,4.423392457747245,8.56481701438033,7.4705872306051555,2.945982636314936,2.559657957080075
2017-07-25,8.9605203375097,4.2128442824729255,8.735134799941335,7.730987033097794,2.6777918193969,2.6698950853136094
2017-07-26,8.977834740158379,2.952726651699711,8.759261737199983,7.869758027541628,2.633228290904388,2.655732737715971
2017-07-27,9.008058661294216,2.649990322080664,8.855939405886803,7.993179538860197,2.2995902849396046,2.5679095562887277
2017-07-28,9.069711051651188,2.6072396364946755,8.891020947236099,8.053424208333192,2.3608936016814095,2.688596381935397
2017-07-31,8.828506763180807,2.362894251332213,8.827675563802861,7.831477267705666,2.1542795757176454,2.7110458128419097
2017-08-01,8.967490684114734,2.547111790138712,8.966273656808355,8.016215380871596,2.0625494666425808,2.7125021318706644
2017-08-02,8.815507051448394,2.5312040073156425,8.513502637283603,7.874774569435778,2.160194573888049,2.471422076866975
2017-08-03,8.601842585765182,2.514971345261602,8.221371232506867,7.712175604791214,2.1373639280396524,2.501030843977516
2017-08-04,8.734662254591994,2.5484440286138423,8.403976533239456,7.805559631350012,2.1159930180701445,2.5545081655527526
2017-08-07,8.703479781758535,2.5058548485289878,8.364786340867328,7.790293708315025,2.184652867866904,2.5214747653418024
2017-08-08,8.64436248787222,2.524937119064656,8.247873122244,7.763172579804899,2.240422910588865,2.667648933777054
2017-08-09,8.555864729261081,2.544859139426081,8.232735240378757,7.718383299195217,2.185674333890575,2.4069649128628114
2017-08-10,8.43712856713097,2.6635668148955074,8.242562699755519,7.62413420690159,2.2897909115406883,2.62247251716296
2017-08-11,8.378291563097406,2.426071149067527,8.008163344505482,7.697357829460681,2.1880382934366946,2.638366061566631
2017-08-14,8.516329601261342,2.1118533111917284,8.244841322150728,7.95898604923368,2.3116937892970313,2.2984750848411744
2017-08-15,8.462331990131338,2.1696791313057813,8.211776907177454,7.950817937974793,2.3253118199797678,2.1856256768553997
2017-08-16,8.511462299233411,2.2506301866706493,8.223411407555824,8.053872091236885,2.55950962003737,2.262945430229202
2017-08-17,8.557017796012397,2.47390679875194,8.355057427894808,8.14899381169507,2.6479002389393878,1.999201252723798
2017-08-18,8.129248478166042,2.2485381952364603,8.233753657918498,8.146974797082217,2.7772733098701483,2.029298939657942
2017-08-21,7.902638642135144,3.1614438167890615,7.926140636620939,8.217123866999149,2.5892512389767695,2.254476201699781
2017-08-22,7.669874922095179,3.184519128175584,7.143276721175671,7.871427705663458,2.5943694819243244,2.1980651220397682
2017-08-23,7.823009613226719,3.539224623285292,7.160947952117357,7.900925252282157,3.142652514992779,2.2896137467028215
2017-08-24,6.426975494542038,3.5914567983909187,6.800088461915695,5.354985941878314,3.4352633926952705,2.4589566400099256
2017-08-25,6.44472201552469,3.514650995420478,6.798047157546873,5.366454884527094,3.467641643940926,2.420762610221455
2017-08-28,5.576172951702158,3.5740190186927943,6.946380291221277,4.614014875285505,3.3628826923402575,2.52036365412042
2017-08-29,5.483290680174673,3.491479173766876,6.677227987829138,4.7899340134875015,3.3968442483766257,2.4781120134553656
2017-08-30,5.2813386197167524,3.4857935354598264,6.921361299134613,4.711043039462136,3.344055907068507,3.003113518314306
2017-08-31,6.496402838833533,3.5975012779371185,7.915628024728838,4.851977026851145,2.8889465489002952,2.6478111859269386
2017-09-01,6.504709166982487,5.2663968690122,7.8319309362260325,3.442625459172692,2.87349413924163,3.267827763901284
2017-09-06,6.593986708483069,3.582429091844286,7.912206085958734,3.0096260478233403,3.1578542963713687,3.314387195307951
2017-09-07,6.468651227902501,3.3443397797349395,7.874230359063887,3.0718200329183003,2.8831320498571293,2.943564616130926
2017-09-08,6.806677311038382,3.1490048105798807,8.039295598696553,3.147766809356502,2.132413446620213,3.080110920308893
2017-09-11,6.642312085316534,2.9977795683922372,7.534453738714542,2.0240438216168113,2.157020389996615,2.634001776980279
2017-09-12,6.760182840316222,3.0019607818342045,6.992933404988289,2.3442825176680913,2.528478172628272,2.3592234622082393
2017-09-13,6.903371944642615,2.8870931005309814,7.1524337645613985,2.2034825206568,2.7210340805779403,2.726797587074224
2017-09-14,6.926494749674224,2.9336195449211995,7.188733385238533,2.1368770844280274,2.6040155315737463,2.7086790143819965
2017-09-15,6.951584398112541,2.9231215328131,7.1810304462522865,2.191256960218104,2.5170475942440986,2.578553593021408
2017-09-18,6.8715705689802276,2.267059282245761,6.867651329476717,2.1879244146984647,2.498875369054654,2.3724238808618794
2017-09-19,6.835540155671133,2.2803389345403953,6.84754510384073,2.184034174994981,2.4944360258120635,2.4356955844100265
2017-09-20,6.7753239250438,2.1767241784284113,6.7218268694552235,1.9869371574560037,2.569919736435154,2.3942983802830184
2017-09-21,6.785840942221541,2.115359570082011,6.786441046233031,1.901841623397016,2.6677801909572807,2.49553976355477
2017-09-22,6.811397352759596,1.7856604558716127,6.703602965400077,2.004528357729901,2.7826180126937756,2.628606709887921
2017-09-25,7.6511027197944435,2.5406696481926283,7.380792426477438,3.3784861760680145,4.339871172375202,3.673274798694972
2017-09-26,7.485141485959818,2.951118993380732,7.412487008520511,2.8634481308989197,3.7482246380866076,3.7199024477781375
2017-09-27,7.209383611948611,2.8690647936498963,7.358900915759542,2.9405946616939347,3.809631848735347,4.158674648997259
2017-09-28,7.210588030287211,2.9466103190530295,7.399354159597757,2.9559288815032354,3.948770254938518,4.155403157860932
2017-09-29,6.608808338479194,2.7403700742837103,7.489328792473212,3.092919162191532,4.205055133354793,4.247275244318703
2017-10-02,6.722159008822054,2.5931590227441106,6.8260302652256355,3.342128316594552,4.116088116153978,4.41462934410312
2017-10-03,6.385710975064416,2.534742962032932,6.5492393231275665,3.3862875048689864,4.063880653686902,4.421022191730619
2017-10-04,6.2503396391553485,2.495067164066071,6.507563027170566,3.4071941321229744,4.048292764732849,4.439925336462032
2017-10-05,6.603550465855553,2.525944778564652,6.862026086512444,3.6070089931623897,4.421065648211781,4.470617338428175
2017-10-06,6.835938935940942,2.9921316889422287,7.262945525142825,4.33909480789121,4.392226589422821,4.380308431057247
2017-10-09,6.781210918218822,2.281168057239345,7.071777005395071,4.225588583164238,3.8570371995673143,3.9174328680960304
2017-10-10,7.066451451580389,1.9083642227064879,7.353037383832632,4.581411709520994,3.9572091582328386,3.5465936545388157
2017-10-11,6.999516770857787,1.9658913907090108,7.222211854663421,4.443954851712789,3.494199496904617,3.304975626148238
2017-10-12,7.038987593141262,1.9634745314677868,7.228366175426845,4.44315973453084,3.471397082397681,3.3680426012440976
2017-10-13,7.180190871784515,1.9514493425089838,7.249063882039412,4.810245144232524,3.1290001198777504,3.3457615854971015
2017-10-16,7.2649430768808,1.9830344438759198,7.287670544995653,4.8547380488313285,3.1622777027032423,3.3545247531480307
2017-10-17,7.241895676072523,1.9536238481548376,7.279917665000188,4.838313000374467,3.1105138663876857,3.3653057224589684
2017-10-18,7.223878151435933,2.0450569842772306,7.247300060964886,4.827367798887187,3.2144132689198615,3.4492955207035365
2017-10-19,7.323047041936895,2.0623719168165446,7.2939590421479,4.9034370521549056,3.218045603092669,3.5033240187770875
2017-10-20,7.342869852436423,2.1018332374047803,7.289732345366144,4.8998895393128,3.191599639255997,3.5212037295602756
2017-10-23,7.2632393715770975,2.2148123600378598,7.359526756103975,4.960601891956788,3.452028490928812,3.698013904170564
2017-10-24,7.2051865560229436,2.187534150618431,7.189265343548425,4.9201843492826205,3.3841767292057896,3.7289909060851634
2017-10-25,7.133213114477392,2.231596017962371,7.067782398664026,5.009442571935809,3.360854365602219,3.073817505223284
2017-10-26,7.117335051348507,2.3206970643835922,7.047105301094128,5.003579620111402,3.3497973210252088,3.0918457902728864
2017-10-27,7.556115761804132,3.672883195966224,7.163624375948825,4.951764036487096,3.361805131264569,3.6860892689077716
2017-10-30,7.578938903730601,3.4153483755463583,7.133774436784879,4.691603002955162,3.308543254382414,3.1620594286630683
2017-10-31,7.289355804558078,3.5006172459421427,7.160886992914897,4.491565119280495,3.4555881378924607,3.1834148330231797
2017-11-01,7.300890845496986,2.4906273820128555,7.239044942584673,4.5289561889970225,3.311341682074405,3.1410545431921384
2017-11-02,7.241460742392558,2.5085807374611675,7.243901237356915,4.54569117862687,3.273591406901396,3.115590404565135
2017-11-03,7.276564110058456,2.498844555988357,7.3123003219692615,4.614765369206656,3.1610228502448656,3.302622236110418
2017-11-06,8.669554913631439,3.0129643490351725,8.708807038420133,6.663615236565769,3.85860404413896,3.7528439999341283
2017-11-07,8.5535489141221,2.9862803958640494,8.650824282529753,6.647118086604252,3.8654471625435836,3.7394048062343512
2017-11-08,8.54858948175472,3.1182967838046913,8.741952230732844,6.445009059900826,3.8984338160714933,3.7335317883799184
2017-11-09,8.444004855002989,2.594367025076346,8.559640373062427,5.9620062363462365,3.7907699923471445,4.188045355576261
2017-11-10,8.291493306602117,2.594566109941532,8.32451190206248,5.672791368447654,3.6244062777981867,3.955170448063211
2017-11-13,8.276737557527719,2.4492926458906106,8.240615831234123,5.826001810859791,4.34095436667116,3.8439440979025945
2017-11-14,8.41773650805825,2.3613613398515034,8.290905505299873,5.974806034257604,3.8341729420502677,4.14503028627927
2017-11-15,8.695037616174876,1.8348612442406118,8.44051663145777,5.994201384889958,3.7534554121614883,4.521272834625846
2017-11-16,8.661708905211073,1.9428340644942494,8.247264450165222,6.016052310965236,3.8264471113698497,4.517712946642125
2017-11-17,7.96345946718625,2.0248687123225695,7.94176098401318,5.702786346975902,3.680543756605133,4.605054571205297
2017-11-20,7.686619732223477,2.0190356267786536,7.934402320151521,5.700505299859311,3.708674579813931,4.570641525511491
2017-11-21,7.676456561137916,1.9076666249185728,7.870669908577931,5.7507522010196555,3.6135106065538714,4.900004893160265
2017-11-22,7.316080264737233,1.9413918172414537,7.867704710844105,5.429390236530104,3.616545141537449,4.309976250116441
2017-11-27,7.461987883811417,1.8772347780727283,7.853472791551483,5.405696286654926,3.2091876155312353,4.565713709289391
2017-11-28,7.399044450845864,1.8428645272109725,7.639364214849219,5.338123905573929,3.2983999695363218,4.610943676888908
2017-11-29,7.471619489986691,2.363174065972832,7.66482482331836,5.6639590832612,3.560097744028941,4.9079141338249075
2017-11-30,7.449170586597365,2.216805882749127,7.633546968701016,5.43169158532795,3.543196260713316,4.859572516429389
2017-12-01,7.332587699678952,1.5176857283953016,7.398291811912617,5.768397247814955,3.399334211953135,3.0945775009458054
2017-12-04,7.720627463329625,1.8502449644630898,7.69320720715005,5.969961644242024,3.493570195446751,3.966325521989955
2017-12-05,7.619257349827339,1.8778174234997909,7.510350381097858,5.788912683154212,3.425330610581497,3.874936138360779
2017-12-06,7.873083690205507,1.9726652875129664,7.65817173288113,6.020009750559054,3.312257062011017,4.046214016108568
2017-12-07,7.910016738312784,2.0086810089326854,7.648863566688354,5.585955359269708,2.729696588881344,3.852590479582082
2017-12-08,7.9327732386966625,2.0718934441322094,7.758584859740902,5.5302066313780855,2.698685665224295,3.93432176644925
2017-12-11,7.843676014257955,2.0969151592531614,7.2077383545020375,5.075592957893576,2.6730009401307675,4.05402968075775
2017-12-12,7.8093647418622885,2.291415590088717,7.248652021158907,5.3125293929272255,2.6788175569109023,3.92413117122535
2017-12-13,7.885590387220426,2.331286852421703,7.446063575426071,5.369393187805755,2.782830190418887,3.830310131538896
2017-12-14,7.96651725839006,3.3508939821503847,7.3899710905679905,5.475187068969073,3.6801616122310032,4.408542180231808
2017-12-15,8.006052208410399,3.5410511152984494,7.440914126693109,5.472371993025464,3.255412605897863,4.123593030991366
2017-12-18,7.968402194302634,3.4708979599481697,7.356862809185498,5.055406441947767,3.1413647273019856,3.95343953792532
2017-12-19,7.9168058685975184,3.425992370230601,7.363516413335117,4.752657004138899,3.008639161181446,3.766854532888901
2017-12-20,8.02360001614255,3.5745852423406332,7.4695430389037325,5.41142223986373,3.0768220972801834,3.8785531607437456
2017-12-21,7.976072257737876,3.585502892268416,7.465816772530911,5.394338801675022,2.9731356202889505,3.762254491443258
2017-12-22,7.964692526677606,3.5530583901095425,7.533172558046069,5.45099418022841,2.8601133002400894,3.7232453893333255
2017-12-28,7.979137598944061,4.6515319016430725,8.050571007076362,6.071406713753711,3.7163595792290818,4.115497988758408
2017-12-29,7.677266716607271,2.7553775292477822,7.764068609056488,7.091476378970994,3.0659274943052544,4.9102066427028985
2018-01-11,7.723557854302183,2.2909891535081974,7.651972194115804,7.176509508286529,2.0113111784501148,5.479471896843326
2018-01-12,7.713205198403609,2.8476252222945937,8.116651493183232,7.352287460634134,2.969188830358869,5.342966455949383
2018-01-17,8.364873446568366,3.43859511236102,8.667377803446584,8.300903760487751,4.143317443996497,6.406320346503627
2018-01-18,8.292545418215736,3.489263809943573,8.181709926533843,8.251668622095982,5.641512750377679,6.612192153705138
2018-01-19,8.32746496485994,2.7593000913535466,8.05519987422678,7.468865976919127,4.579695316999808,5.91915290501903
2018-01-22,7.91550014069333,2.737188822666481,8.16221631699692,7.618804944130062,4.895589770244299,5.948078906591982
2018-01-23,7.936119645735403,2.7364168334893932,8.093433282036989,7.268685649132595,4.416419249651477,5.772732286676085
2018-01-24,7.4615050168777755,2.7406009938523823,7.845336176707913,7.1272435990318685,4.3931426340183934,5.708841248916968
2018-01-25,7.446067688093216,2.6367028404962025,7.806853890062052,6.83012473060868,4.182620974850136,5.704834655009441
2018-01-26,7.4913779313995414,2.3509865416680635,7.585019337856267,6.2521593610546375,4.233847122582126,5.360572368296547
2018-01-29,7.291332896744605,2.335293421454928,7.511829561779064,6.047416228173149,4.211374613619221,5.33408934141339
2018-01-30,7.81126726932878,2.252264681374248,7.726338155495282,6.329558480944865,4.515354671210605,5.6246026049944815
2018-01-31,7.8066914423375415,2.2708137556959067,7.442646675085307,6.12767118108496,4.529950704176133,5.601391773675727
2018-02-01,7.743237375392085,2.296693915512068,7.324774717296325,6.216589012090981,4.645555827548251,5.26590746213452
2018-02-02,8.179975042833762,2.074372754170613,7.892570585675031,6.687130567888468,4.880247728621636,6.246097763311842
2018-02-05,8.686002880050669,2.0821203513344155,8.012965892284571,6.730932693210956,3.7597658840169803,6.071098580915586
2018-02-06,8.5448317126779,2.032619162704933,8.117810515947767,6.724841441472133,3.672378817349544,5.720518525824502
2018-02-07,8.481849560486358,1.8894604470424052,8.217404767120723,6.768817097211751,3.6504739540428286,5.53547189044393
2018-02-08,8.553457703831688,1.8405315839218375,8.189084094403796,6.835302674113024,3.5784430898839297,4.883559843347658
2018-02-09,8.826642723692023,1.8659345850672509,8.488136937911362,6.928019198185502,3.4473894891679753,4.329287297466048
2018-02-12,8.361167678149178,1.8250666798221757,8.280089780949684,6.22853889483061,3.4597177834749213,4.304219851288072
2018-02-13,8.2934289456801,1.7885027699400462,8.279893946862165,6.302630772822905,3.4073197168584883,4.256093907427967
2018-02-14,8.461923835077558,1.823129812274029,8.34341709118547,6.5775358577796466,3.7934026955377327,4.70482414624228
2018-02-15,8.450368435021202,1.7824697032531347,8.463631848068227,6.5507057836593665,3.7029601788169977,4.7486508274310095
2018-02-16,8.273933609727903,1.7909913839471419,8.488662616210599,6.637315944573121,3.6900113676769077,4.733084394287168
2018-02-21,7.816857328310369,1.730434444137539,8.367788635480581,6.453375613315942,3.608112784904405,4.773751841538286
2018-02-22,7.980744143517588,1.7774093457963804,8.622923376058433,6.618653872883033,3.5250637414104395,4.6913687659774235
2018-02-23,7.853301333583073,1.4399518278371513,8.545661123777675,4.95556521199374,3.372538800299381,4.604745586678673
2018-02-26,7.828221734722523,1.5014833202707318,8.438887440941567,4.842846302574682,3.4026444161087834,4.569332480840557
2018-02-27,7.7874322040680815,1.5128421451655918,8.415345159830318,4.902672015122173,3.441982182067221,4.6972028950483
2018-02-28,8.075725163509151,1.5377986515195843,8.703808841519118,5.014099803101748,3.4239776683425944,4.884248397006676
2018-03-01,7.999250707004845,1.5011811734553124,8.38346864621133,3.0131990810886595,3.466056430970656,4.989115300940089
2018-03-02,8.083576220319552,1.5164622831004781,8.491529022162458,2.939552305601639,3.4060160425810895,4.971114543620963
2018-03-05,8.255214364336375,1.5348991698388659,8.634141251908382,2.9125639573056987,3.413208971894669,4.941989312255955
2018-03-06,8.0490931239894,1.50645955380214,8.356794431772522,2.9056369911383677,3.3166610324761034,4.438319733542902
2018-03-07,7.833245021693108,1.5071093694955628,8.383660771769367,2.7298098157223953,3.386150875602097,4.383434464034954
2018-03-08,7.880388412885966,1.502105879345663,8.449078315734367,2.7301871827136446,3.3623073447311547,4.243868595278984
2018-03-09,8.171557511827116,1.5590562685207143,8.598175877339246,2.709168737588483,3.5336689807805315,4.653877080678592
2018-03-12,8.047721801981776,1.618632194935221,8.41795890454163,2.7973200676605026,3.590114779656106,4.256659573126996
2018-03-13,8.384913257801067,1.7299646558394333,8.5652429780194,2.983000654170727,4.1156455990091105,4.814837417831038
2018-03-14,8.133103295953234,1.8485775246904204,8.180941700803276,2.969510128702339,3.9457593067883967,4.701961725383482
2018-03-15,8.11195662923104,1.800159174135322,8.177252787883887,2.931053090830266,3.776099269206103,4.633535644671633
2018-03-16,8.248691454249759,1.854449178532582,8.21822457723616,3.00237109748902,3.973351024938495,4.820860873467615
2018-03-19,8.273679466764532,1.8449944486812326,8.252214904294663,3.0393608293071748,3.9660086863728483,4.864288832950999
2018-03-20,8.057839404666842,1.8284842878300438,8.368391352882377,3.13951294064904,2.8944811134266684,4.981678374897006
2018-03-21,8.40834908733983,1.8987037800222373,8.766679911906419,3.4252905399158777,2.828224813543745,5.342515822035819
2018-03-22,8.325435424030974,1.97913718518364,8.862254440265518,3.5791392319946382,2.49195449532492,4.97154198385021
2018-03-23,7.917170459388768,2.006634512015609,8.435906382169236,3.6774249525106923,2.492240387067705,3.8388213713366652
2018-03-26,7.877012610725651,2.1571948719212974,8.555264988339383,3.705419742705383,2.4559417869095506,3.320532689960981
2018-03-27,7.960755893029304,2.2713310804794347,8.549211813797369,3.8205988621395313,2.4936075924113084,3.5961854543557714
2018-03-28,7.940802288040357,2.0485607098806793,8.52911132833588,3.8261086463137364,2.447149855031879,3.2437369381402923
2018-03-29,7.921304982221148,1.9283397097261588,8.330439393233657,3.7563363800596847,2.5959948589774573,3.4790195276940956
2018-04-04,7.425483286433404,2.0776218434436093,7.474511720321953,3.2028765215715165,2.539216403815449,3.321182889414631
2018-04-05,7.433737661820476,2.106581379050354,7.554300491202937,3.1376440470718285,2.6258003788794,3.453365186381141
2018-04-06,7.651960946215468,2.1562679310707007,7.944330098925232,3.489806763569105,2.8669587438321247,4.199810493062682
2018-04-09,7.775980652946909,2.85738057524171,7.56807850220618,3.504913952167101,3.2785768440997436,3.7396425703886833
2018-04-10,8.117450104709253,2.587934952504439,7.653116258113482,3.8335638194093025,3.0280850761660205,3.9420733109720962
2018-04-11,8.044515180030826,2.6154623268436814,7.258387124411038,3.882137566023195,2.676168696713958,3.7114609562006553
2018-04-12,7.826835154282068,2.35898014674622,6.749128964765279,3.6175022923251716,2.739050105697409,3.4513876730299224
2018-04-13,7.791721582377328,2.0536152779493833,6.818322866576536,3.61502462962266,2.675651608309439,3.3176621542419666
2018-04-16,7.876538197549961,2.1231480189103205,6.80439303895858,3.526256205710432,2.729875155019434,3.1292186469972023
2018-04-17,7.822295125435308,2.0888262608146246,6.733603099164964,3.5421855109481,2.7662790430793613,2.7825040154890903
2018-04-18,8.182517112889899,2.0828423265356313,7.083201817411331,3.991029764891859,3.0445455577211824,3.060489575050033
2018-04-19,8.194024199975527,2.029493216761504,7.052021650118847,3.9698670836893157,3.015241730605915,3.014095699457792
2018-04-20,8.178611910343443,2.0312402363346487,7.073520875881354,3.830480999448245,3.0068207825162396,3.0586774283180387
2018-04-23,8.057283473082762,2.0014324942061568,7.0619481471000425,3.7549836192514507,2.990270365705237,3.2086098543525714
2018-04-24,7.965377547288152,2.0208555325258986,6.814711468516125,3.645094519885047,2.99775173863769,3.2355490189594085
2018-04-25,7.81362685489508,2.065535300361865,6.563219969002571,3.695830286935808,2.9713403056206382,3.2605143577847477
2018-04-26,7.845247996417723,2.0674332709500622,6.537476799035933,3.7460913750806326,3.014611868568403,3.322678224247433
2018-04-27,7.847503860557679,1.9802584748865113,6.572867335515393,3.763700125103649,3.048123261035816,3.3111761640046296
2018-04-30,7.79080799215022,2.0506973695128643,6.6133667190202345,3.780520672968572,3.002515554664596,2.963100635514983
2018-05-01,7.934027400519696,2.0456849171940035,6.822156634902469,4.090517385047271,3.048918808031583,2.8759714191042023
2018-05-02,7.673488347618274,2.0661874769726047,6.537907404526442,4.035426551841818,2.9470152255553956,2.8630660026629413
2018-05-03,7.327628387158236,1.9599016893576773,6.478118779578164,4.060853518272808,2.5823574930095403,2.797012048346037
2018-05-04,7.4829233024300725,1.918368058264889,6.496459043464253,4.157642131579226,2.84186226359829,3.1680905691355528
2018-05-09,8.183277531837712,2.1126323012909123,7.148815395406512,5.009318078192911,2.2789655979926384,3.6056461187611077
2018-05-10,8.160522463478626,1.9061379019492175,7.162492774405763,4.929625558484939,2.2272501360121324,2.786955865786313
2018-05-11,8.194655308824013,1.939793969698341,7.209854451465225,5.156038331428349,2.277631103302696,2.9599485395928475
2018-05-14,8.04238139219469,2.5003633787786286,7.136352079207381,4.65576902963698,2.824060611808774,3.03280228890665
2018-05-15,7.967884381790783,2.4578412404790675,7.100422330450342,4.681010374956373,2.724090629038713,3.001298341189821
2018-05-16,7.832572173479065,2.5734166609403992,7.058388304214442,4.421096910477559,2.6876261602985934,3.141220446484707
2018-05-17,7.681613986546672,2.561354321261655,6.785636127166441,4.385143726327201,2.6720906387515786,3.2001286292245914
2018-05-18,7.675023908269215,2.579331268769171,6.839802946338665,4.664293101140865,2.6353250370294714,3.257046671125563
2018-05-21,7.674652298197656,2.4231136087022507,6.820229198797791,4.6984482926943185,2.7240915835053077,3.4842251608894923
2018-05-22,7.614596868364246,2.2056566547254257,6.808078418389343,4.77063609138324,2.744056386746326,3.547437777702877
2018-05-23,7.614707380498261,2.0191087814561324,6.844777930253052,4.757222972252271,2.843543372269519,3.600569081573072
2018-05-24,7.625967248366945,2.024078960808227,6.9172860639617,5.0411707798546255,2.8879133014781786,3.762852902875284
2018-05-25,7.103675730332308,1.9390015814191992,7.086181851825054,4.614443634642166,2.742340201942282,3.3430134059185086
2018-05-30,7.423894907919656,2.164749780153341,7.287206944481363,5.437064593257927,2.9138327629813165,3.652496812866113
2018-05-31,7.60518334297939,2.2635397682244114,6.5887948246828545,6.320255223975848,3.8308457023744062,3.867062557326697
2018-06-01,7.6931611490214,2.025396239634619,6.83542417114064,6.284451926749738,3.8718080163131443,3.749041332853716
2018-06-04,7.643929844682295,1.5691866254982978,7.122900530546175,6.229874915603145,2.7643600358315847,3.779814836853777
2018-06-05,7.010876691549818,1.459626911010183,6.835277389912331,5.603294756572065,2.5229443434443,3.6568171937864324
2018-06-06,6.834760455504655,1.3752653177206717,6.664275810887855,5.537409509386674,2.4468439689913413,3.467687419964958
2018-06-07,6.890844766952242,1.6273054617440756,6.628739259378825,5.942385657295468,2.610981351340702,2.9813456063121175
2018-06-08,6.910133787302581,1.2989926355825354,6.642102745719575,5.826240132474535,2.595156205896465,2.9902064797783847
2018-06-11,6.829997713523273,1.0141190422262099,6.570208386046182,5.7617083492858505,2.3952006186436487,3.021432330071244
2018-06-12,6.811720150335202,1.0270315188239658,6.585513167228295,5.727222812149294,2.4182108416825443,3.0421225425432983
2018-06-13,6.811084865549316,0.9971233967195552,6.591705695389922,5.668411458643305,2.300222309466384,3.0084512687779856
2018-06-14,6.625343496216857,0.9964475121115332,6.5960574828450005,4.651468712793988,2.2531925469143768,2.731157959304964
2018-06-15,7.507412489800555,0.8673193016756656,7.028583915268773,5.531822815382875,2.2132452832355765,3.3750263433160845
2018-06-18,7.761816732284395,0.8363175704153551,7.331804103147836,5.87444205542375,2.907786639467709,3.6036727259926646
2018-06-19,7.801860323475101,0.9300271426090467,7.369866397289922,5.8665595897339315,3.1321537154368304,4.111965593127176
2018-06-20,7.794506833753754,0.9455490026417452,7.402091615743789,5.856415912600117,3.0363414713905765,4.090872894462866
2018-06-21,7.523174740912277,1.2849536694517143,7.138761951079437,5.75835484565399,3.254410340905985,4.2231334243414835
2018-06-22,6.7707037164667705,2.16342485021274,7.045682498036956,5.846505360536921,2.8596765145742573,3.578845956296863
2018-06-25,6.28599840204116,2.3740463832900423,6.256728313540805,5.958421846320806,2.3702455126555058,3.926167152111267
2018-06-26,4.883646715599769,2.4949554403289906,6.01496401117938,5.834467444790846,2.773690064018497,4.123876920779765
2018-06-27,4.873125267614792,2.53808826200827,6.008014156500715,6.277225296203988,2.7894779542327774,3.859891501497037
2018-06-28,4.660226492350993,2.359683291479381,6.569291511519296,6.2156922527200615,3.1168589436023595,4.124097843830955
2018-06-29,4.996974945877845,2.5771249745974925,6.698873550220539,6.982991842753897,3.091092401909229,4.445251435487039
2018-07-02,4.4976800725027335,2.6054565191408603,6.530210973610054,6.80092420674669,3.1846970398461205,4.297597958205594
2018-07-03,4.397974465174766,2.3707944186977152,6.460469860297284,6.642852650510722,3.212763578160164,3.251591441151909
2018-07-06,4.1132935311380665,2.3455395924641724,6.377272444407424,6.7826639055826226,3.381070791169558,3.0206610200663917
2018-07-09,3.778624631588053,2.4967713933056097,6.4699095623929965,6.1189286010355,3.360052746838447,2.9839306501006564
2018-07-10,3.752338024663615,2.463049794483685,6.489506511704157,6.2149188028068565,3.3831099655980155,2.8992403355075766
2018-07-11,5.359883313594018,2.593099556355762,7.689822887364982,7.244885401655824,3.726401099703164,4.281651459976351
2018-07-12,5.175550358183941,2.759590380459626,7.603564528220395,7.234522626209011,3.7028168126307346,4.235588385767817
2018-07-13,5.1527989236870795,2.7734384964892853,7.462079891296621,7.157422902332542,3.7793694906918645,3.97367025121869
2018-07-16,6.425862012900793,3.3094663726596103,8.00840566589208,8.016616171284195,3.487715319821605,4.209232671481668
2018-07-17,6.3862643928821905,3.172160339475638,7.990913111876097,7.899710334118155,3.5686808526119402,4.2261235449703785
2018-07-18,6.400604223282649,3.0370889106510663,7.887257691197555,7.840322084262699,3.6739726257036587,4.2924227341146075
2018-07-19,6.378399312218547,3.1315021906236584,7.718054265284589,7.723205926585348,3.497609500175806,4.341668056787227
2018-07-20,6.349279106915071,3.374638621344182,7.730383853187195,7.6945195083673665,3.284456429393318,4.113504416386519
2018-07-23,5.289118402404276,3.321903382577492,7.5928715018160124,7.165562329240821,3.3700164679233704,4.099317957798443
2018-07-24,4.960817775089094,3.0304790983634367,7.5575337870448225,7.0819194307897035,3.4082400612433155,4.031438855709808
2018-07-25,4.927232729733592,3.2729014777224212,7.3745737768964945,6.942730613043385,3.2915078358684866,3.8223831820181835
2018-07-26,4.868371599200305,3.2973358856999124,7.410512030427963,6.910400141791186,3.3433212554452996,3.975959965614203
2018-07-27,4.636990499037585,3.258405737512167,7.367207226567653,6.899807338273907,3.4124058217391746,4.262519160253599
2018-07-30,4.355537199880427,3.5290229740603123,7.420255817829722,6.792041330264134,3.619237775971538,3.794039919024909
2018-07-31,4.538100861404787,4.195585867302624,7.606081942117693,6.841551754482,3.9457789906718888,4.002928502745831
2018-08-01,5.170937734501311,4.412051383357659,7.975771878177558,7.482438503000598,3.921461512919592,4.125032983877131
2018-08-02,5.237097607846953,3.8978730294632613,8.036034130847497,7.2277649206086325,3.8298650942981496,3.806653677060259
2018-08-03,5.283843486501546,3.3919544348414785,7.944401063629272,7.1892029930021595,3.9245469879889234,3.8768044376023236
2018-08-06,5.350177346811144,3.16028082509072,7.908571007616653,7.1816964680232624,3.9057434126397763,3.7805624291437057
2018-08-07,5.317180390159204,3.650505627289737,7.698402644750025,7.069494260204245,3.7275643513098533,3.390102909926638
2018-08-08,6.053636065812156,3.7901874770776964,8.170326605386622,7.599855755208309,4.042450177519728,3.6331126812643593
2018-08-09,6.005901143105706,3.4655046289112867,8.15679526039958,7.502176322737228,3.9790316815135562,3.4645972200803197
2018-08-10,6.045583380058221,3.6217589671498263,8.165418933216115,7.4878887620678976,3.9064912933643523,3.0582454469879097
2018-08-13,6.043037232005536,3.64762721211232,8.179738371177093,7.483188024851171,3.9119757119894167,3.085557645815669
2018-08-14,5.9919354270495475,3.769604679477826,8.133340976022968,7.494580378386533,3.7373126270257147,3.104958528679989
2018-08-15,6.633357815254445,4.1509798839459835,8.416597457035754,8.009198076335627,3.9295257167716997,3.9319255769556194
2018-08-16,6.607108121707658,4.058675194441395,8.357003991870776,8.005335711065621,3.7534864650336046,3.9395518592017287
2018-08-17,6.5819023711977325,4.096259824748645,8.214209340190195,7.89452798053865,3.7756507038440748,3.767678131832747
2018-08-20,6.564895809737923,4.108687809183235,8.21704873508453,7.870354388755376,3.6665059119290375,4.369607761761694
2018-08-21,6.713936000316399,3.170122588405126,8.335278536676574,7.910230025851752,3.6946237126833794,4.1969384993010435
2018-08-22,6.822081930350314,3.2309049602050166,8.483159677328727,7.976023833281385,3.6856044045175658,4.073951000582106
2018-08-23,6.783538818256642,3.2214958301195273,8.472839494788486,7.9423014098588745,3.5739528039314834,4.1078325295094125
2018-08-24,6.692019230830165,3.153388831689108,8.299999896047094,7.666121683478977,3.6269198904615236,4.329797669993148
2018-08-27,6.607181757472776,3.162264132536393,8.172468391399214,7.690524633700449,2.8681207004949045,4.16633814368364
2018-08-28,6.384658438028612,3.153650789903804,7.899274684228595,7.629052828668873,3.143537033244664,4.298486758011827
2018-08-29,6.57502300988424,3.221260486319562,7.9642142695059155,7.724269969364012,3.219222980090971,4.490981041981891
2018-08-30,6.512352191150847,3.2569151759401858,7.935882541937289,7.495909056538483,3.16160691432763,3.2831410834354813
2018-08-31,6.3643262104450535,3.3606707701222462,7.535063533966613,6.776646791635371,3.0092551942404806,2.9553113090593475
2018-09-05,6.486243845537953,3.470457598640207,7.621367510339497,6.8939682717181165,3.070308823590473,2.988523246752861
2018-09-06,6.530813744838258,3.68584448084275,7.756571536155753,7.010577217466122,2.291984497612137,3.1350916880038824
2018-09-07,6.481094753218181,4.054146722049044,7.733115562590638,6.975733675061505,2.211499928165931,3.133590296873939
2018-09-10,6.129451714641239,4.026746057787506,7.034299542170637,6.751938387114262,2.198845642159042,3.1266334805339615
2018-09-11,6.505452989798042,4.204120106838817,7.2540824539124955,6.874606801570014,2.319568976657051,3.5444193268705644
2018-09-12,6.537366346948836,4.471209850716875,7.276371517094941,6.509219456964069,2.310844383741822,3.6891055173056375
2018-09-13,6.808487209562535,4.037647569010205,7.306626081565113,6.735319320957369,2.3290993757831226,3.4045656764202015
2018-09-14,6.73400386885936,4.048518771028399,7.2189601981763465,6.470781566984374,2.3891047751157264,3.4158785086467636
2018-09-17,6.732992841540155,3.644995558680604,7.222666421063543,6.5027578452432735,2.3918235377164794,3.485598277077506
2018-09-18,6.786843823664255,3.258534883914765,7.299862481098721,6.549644574078794,2.3265021971229873,3.518481929635074
2018-09-19,6.674889418266584,4.002748142323543,7.2278695193808735,6.521958006495858,2.3214855097577702,3.49904567041
2018-09-20,6.604490680967433,3.826066389761014,7.116155836138778,6.428681416721441,2.3514666063696734,3.2986684652392113
2018-09-21,6.598249888155224,3.8457775891507047,7.091126076008675,6.407883940505138,2.3124711883500813,3.297260088962761
2018-09-24,7.2761445119752866,4.410406709686976,7.603762308209699,7.129178285223211,2.8346085997891755,3.513293606171677
2018-09-25,7.239349578934083,4.509502908735828,7.60236984243802,7.137488656917249,2.9222309884114672,3.6284692908762572
2018-09-26,7.430308779222929,4.504865874690576,7.736268799907624,7.1930537309094715,2.9635084477746396,3.3303843966026725
2018-09-27,7.410108185554276,4.6544582030192165,7.726915125299495,7.191367356593417,2.8380265715226707,3.388938922225025
2018-09-28,7.402328804185674,4.735232124511339,7.721642753360058,7.099267933868778,2.8821587599251832,3.526693881118792
2018-10-01,8.125628753333029,6.186177331760625,8.432831262586445,7.736229227281279,2.6803337702421843,4.268000872925962
2018-10-02,8.095591924361013,5.788173432725553,8.421990907627938,7.724746215660122,2.6107643288609945,4.26577992348884
2018-10-03,8.006291056860444,5.120991356089325,8.367766886351484,7.690962523513271,2.6698669661998724,3.9872171579659965
2018-10-04,8.04898775826138,4.712743138978448,8.31062978166348,8.05087489391493,3.151796440318742,5.330546124824434
2018-10-05,8.031141412236323,5.128430128964373,8.351713168925679,8.112910254198033,3.2501738509146763,5.585958142301203
2018-10-08,7.938546756807084,5.0944937877261545,8.188424379937047,7.8093861245385625,2.1385134031936333,5.337478568445484
2018-10-09,7.881024102551431,5.217636753704201,8.186732881902197,7.798525434575798,2.0037370775148777,4.675972229664577
2018-10-10,8.325771921606682,5.637545751008775,8.650980882385165,8.202650919891493,2.113655754427816,4.931780631283944
2018-10-11,9.249643455950896,7.872653447147201,9.831918530859634,9.21443355307785,4.000765908171744,5.016260806470874
2018-10-12,9.277649200765806,7.762626025818139,9.861039960628759,9.311830684260254,3.977560535034408,5.350114868412516
2018-10-15,9.26014701071749,7.813342827347633,9.743090381083286,9.29615592748191,3.9603848332691967,5.219119001522982
2018-10-16,9.014899452365169,7.708408974278922,9.727659452189776,8.93841744574182,3.8298166441673036,4.096422278788725
2018-10-17,9.080199623561889,7.715145957249294,9.820404768516122,9.012819677066398,4.090157577160508,4.570510601876654
2018-10-18,8.920568004675918,7.585164463070824,9.661577095729442,8.968060581308867,4.053906325003603,4.7470908790402335
2018-10-19,8.857024294779595,7.393174543318505,9.568486119739013,8.702522499108388,4.03657253379186,4.558084319189269
2018-10-22,8.543191097447854,7.15821541863172,9.482520802760234,8.467034175428148,3.969276608101117,4.328940869062057
2018-10-23,8.786112733300515,7.097143489095685,9.692111588645053,8.774699527525073,4.078983944923004,4.448642793194748
2018-10-24,7.726862814387711,7.862529147499057,9.635157201632179,7.4530800884782495,3.9760882189655216,5.5530920171595
2018-10-25,7.870992900691065,7.58920806765856,9.47546573815064,7.342504473510352,4.206497393494922,5.276821201229935
2018-10-26,7.855626490602144,7.195390150463079,9.495191067346061,7.224801735950776,3.8552517175401557,5.286462547556977
2018-10-29,7.726379036871489,5.7112469166961075,8.962725632493637,7.21149070146068,3.7264827400040725,5.252819066740758
2018-10-30,7.501580991564655,5.433628110533339,8.827311968288665,6.910866746855933,3.593393508116647,3.868735957422246
2018-10-31,7.554364847131567,5.227568536497009,8.886997135065045,6.6932967607710045,3.44712894671612,3.4711296536268867
2018-11-01,7.483317593727857,4.9821370628559105,8.478261827506847,6.55981103596104,3.3703658145714095,3.014762388784677
2018-11-02,7.579744675951788,4.923585341275703,8.507089495556338,6.680327025282344,3.454300265513316,2.9748490056141605
2018-11-05,7.331785437325284,4.760350047426859,8.492911121775304,6.677029403371967,3.7889757557792705,2.9810535987344715
2018-11-06,7.147913576253502,4.74687963980064,8.03617278366647,5.812276009075759,3.8513704244823734,2.969352812127618
2018-11-07,7.161445553744321,4.713436261709538,8.045100942790306,5.613067842453057,3.8632276313825966,2.8332073716861177
2018-11-08,7.130965990637766,4.530290376817372,8.023341940263542,5.598348657026157,3.7794918408999583,2.84429221518524
2018-11-09,7.075606454238074,4.427684447745052,7.9986753660049414,5.75331657289162,3.9417023288703703,2.9779005887172136
2018-11-12,6.932595946169852,4.845662384114927,8.054744093941572,5.887910911121593,4.278593374494115,3.7910481376325333
2018-11-13,8.223837144313274,4.951504372252467,9.148022962308474,6.971795351362808,4.48936557147692,3.455700082935433
2018-11-14,8.333449453827724,4.628076412055042,9.093257776369862,6.7290122057861765,4.973392104583446,3.4067081923182934
2018-11-15,8.542588900081613,4.9537364197542955,9.3287736629812,7.065602635608259,5.875247857552289,3.0630620713450534
2018-11-16,8.599473735551078,5.9145965709304065,9.354950981915968,6.986910421668571,5.966965038190589,3.4040703135709207
2018-11-19,8.28036180351341,5.720227171185375,8.89542273793491,6.456447982008449,5.946869290680823,2.345309971698752
2018-11-20,9.001218790899046,5.938178238001796,8.888366207379814,7.266468651292694,6.556202477931909,2.463024112544711
2018-11-21,9.048887072008108,6.122166454081511,8.995660279949492,7.287301145106178,6.571999839893533,3.246664750063971
2018-11-27,8.902455760932439,6.109785980995632,9.011690453730266,6.265567588435825,6.601254741592648,3.074684076291295
2018-11-28,9.056670641919695,6.196676014274137,9.131322415310638,6.705337554083557,6.554329054708661,2.7620556545047505
2018-11-29,9.14974187597602,6.252438339386053,9.23385171660073,6.963238921958802,6.574036931227824,2.605798839451016
2018-11-30,8.865294979553877,5.9964963684236,9.131361029617231,6.812426955575648,6.471026751743012,2.4701758212148355
2018-12-03,8.770642665332032,6.55477561477885,8.80734978201187,6.182566331150416,6.261888874651665,2.6644784979644585
2018-12-04,8.708420728334568,6.112197444485425,8.735612414551353,5.683361265904932,6.064284135639045,2.913540451806764
2018-12-07,8.569633720065218,5.884725986928733,8.412266200316745,5.951649967810785,5.1600216780595245,3.5619003543828076
2018-12-10,8.651138532537757,6.262483768687361,8.466938316211452,6.185499884570245,4.834166903812172,3.1167733256907137
2018-12-11,8.634516685671,5.828182591492557,8.428335775910137,6.192044806020455,4.792810997906305,3.143011081017379
2018-12-12,8.422249537983438,5.942413928244498,8.277103826563176,6.001634117336067,4.3158161031267595,3.2727877686080653
2018-12-13,8.236666424720285,6.0448735401845,7.927845717061692,6.03971531674538,4.444763817315363,3.3367264252895468
2018-12-14,8.446741702472226,5.149937373758626,8.148252593508536,6.568373132828242,4.506198664450232,3.083100611428987
2018-12-17,7.9160991045769125,5.183857640079013,7.776034829734023,4.613015124205856,4.356441940013116,2.9677102229813936
2018-12-18,7.450667895466314,5.8247019428824,7.637714936496857,3.6646157300077196,4.296435178200046,3.1501194922690043
2018-12-19,7.726893098977264,6.618772297613469,7.748693903226731,4.692009843395556,5.100780263783981,3.7977589253684627
2018-12-20,7.82343861161942,6.3349312514888725,8.079499136539615,4.4419406604457725,5.172508384233134,3.948266420664922
2018-12-21,7.823083298501138,6.0500477919156745,8.067366372809053,4.475141825362159,5.191644883419009,4.030537529507318
2018-12-28,7.759868094038591,5.686871585118435,7.9465941719589885,4.5268777114929195,4.178268567254164,4.181492647762149
2019-01-03,7.527508277512811,6.475072634016052,7.862297054439817,5.055642632569003,4.18799177481368,4.900041874428308
2019-01-04,7.472525566510104,6.331754627968251,7.73190859025642,4.6467954759478625,4.660739199728284,5.342303104852522
2019-01-07,7.384237663651747,6.1691351407630455,7.647130801506095,4.337240538981809,4.3540779994687755,5.048342200221268
2019-01-08,7.339384318550426,6.039939258580934,7.610288155119922,4.404262456048121,3.4977760339419297,5.040259599617445
2019-01-09,7.682868215511271,6.483731021090327,8.104179359899629,4.921638605299097,3.3242773233180034,5.339086648054619
2019-01-10,7.613023538743602,6.516404950711274,8.129283751485108,4.860976088989233,3.3087605873663364,5.376013627920805
2019-01-11,7.626921645122903,6.596841628192222,8.017457306009174,4.824663574757323,3.321692050177235,5.15960760825249
2019-01-14,7.591902145407707,5.264993551047842,7.979404535961919,4.700728327291528,3.033274357818207,4.536858695941707
2019-01-15,7.5747263169590475,5.082957732619814,7.9135846735342135,4.930651629301718,2.774682846034608,4.724559169329576
2019-01-16,7.525617042217129,5.05743115667896,7.84437019916773,4.9711067464607535,2.3226836619181843,4.731269020559142
2019-01-17,7.510418663978054,5.0139838114382735,7.845746497612342,4.9919421497913214,2.2289265554070736,4.600976077591819
2019-01-18,7.7173709994541895,4.5446516098814245,8.040154974302917,5.397569665380602,2.2801461987711433,4.671156037785042
2019-01-23,7.830922071810218,4.8398690429973135,8.11583685105629,5.596079392251159,3.8121080555396163,4.134247386291828
2019-01-24,7.882388481018782,4.866242212681994,8.106309149058202,5.467085653885378,3.990878423353252,3.5134440976503516
2019-01-25,7.877539130359884,4.563301636387366,8.09184565650949,5.329083988711695,3.84086478816628,3.3195258161493286
2019-01-28,7.973904239283854,4.678177361590617,8.23610641547384,5.54101283968312,4.103276056692051,3.352525072590342
2019-01-29,7.975567375752405,4.708640904369296,8.200993642388331,5.50315150581698,4.051929380818999,3.211863160330051
2019-01-30,8.128501312212842,4.499547714198928,8.164951273855797,5.829983608180162,4.307865455112079,3.4584640737009678
2019-01-31,8.12917549780656,3.9485756942361854,8.189000897822284,5.78877697207328,3.877597381437139,3.432802228030216
2019-02-01,7.928359127717022,3.981947600829857,7.950114015798648,5.604175261952719,3.1875188827928613,3.8460740948098944
2019-02-04,7.804937720411324,4.134629537394254,7.92514223439609,5.613143648981439,3.329233903486299,3.924441519124246
2019-02-05,7.890856708478193,4.160261140252222,7.945374958087463,5.646065168153027,3.401547455084714,3.8002062131976526
2019-02-06,7.899510584936633,4.186826956741683,7.973883573889506,5.719344810009448,3.3926650129605647,3.8691073689044546
2019-02-07,7.962447191353188,4.085532206302497,8.002758501054197,5.680562507362395,3.2604259031749923,3.9692653376421934
2019-02-08,7.937988896196987,4.057840888312066,7.95549024200701,5.568177981169121,3.218069824519132,3.9683228539271
2019-02-11,7.907854495279132,4.082226360440487,7.94906035927083,5.546416712938007,3.1867738857355037,4.009516992251936
2019-02-12,7.912019973333205,4.109118388425405,7.850465731860915,5.452089679252688,3.255658546718678,3.9960512821035725
2019-02-13,7.962297687577291,3.9318873904475304,7.89092453446536,5.485583387160426,3.2735116712975185,4.013790385513691
2019-02-14,7.97523253067538,3.9515906863872448,7.909244862953489,5.501302272862726,3.268265960193806,3.925942441608843
2019-02-15,8.055025497235174,4.025659722033311,8.005291737707903,5.559252436973583,3.303404835261094,3.9985922315992
2019-02-20,8.074768960615364,4.020509686205285,8.028119380625213,5.556592977825486,3.302182404997748,3.9882022992323356
2019-02-21,8.027068039446762,3.932081264782846,8.059684001887325,5.287523817291427,3.0781494786453067,3.9562492516391123
2019-02-22,8.009811799994994,3.9030357909997737,8.046027650080424,5.276778764721302,3.114714842482595,3.684556243404676
2019-02-25,8.233937700182636,4.511188567615867,8.181246079291238,5.375300079886266,3.2677756753059133,3.714298645414695
2019-02-26,8.170792000120231,4.439219348261298,8.180463867181581,5.358797966796889,3.24616672490378,3.6427550304864185
2019-02-27,7.907743661011995,4.2225405845247845,8.110584080626074,4.968992505913853,2.9341172652289544,3.761684233699599
2019-02-28,7.799090425339128,4.234861961384249,8.041950278612335,4.979199102193797,2.843512672494066,3.724672503538608
2019-03-01,7.721502088858134,4.368734046794779,7.942326538575234,4.145818759864183,3.24958236931584,3.8677058673504887
2019-03-04,7.876965908506598,2.4788207225392616,8.341406086688508,5.579814622332086,4.480640830711752,4.244827164111229
2019-03-05,7.88154624098178,1.7835856962229297,8.830873122386418,5.734026726769866,5.589031784141818,4.680127120937431
2019-03-06,7.857978943733532,1.7620473617946442,8.747792582390623,5.630300238385789,5.470550346198867,5.181819253762486
2019-03-07,7.593106943949631,1.917761284509047,8.2154720049623,5.769989755289021,5.692180828758477,5.124880171837193
2019-03-08,7.345374617685106,1.5091385862719833,8.111753148726146,4.983113787818148,3.1765011888946444,5.1798151146672415
2019-03-11,7.444674677388551,1.4758923514702482,8.085033764600107,5.05250493401652,3.192404504393054,4.916729147825298
2019-03-12,7.448678088164255,1.4777342240267906,8.084643837729805,4.938291101935155,3.2002713863402477,4.8184520978504395
2019-03-13,7.501213582355631,1.4957229172757047,8.127829744516525,5.0136827671744655,3.1901530674564675,4.912620851761501
2019-03-14,7.453909409199814,1.3957362458313491,8.10315259308396,5.0251461995757625,3.073618889365232,4.885923475036013
2019-03-15,7.452301220355643,1.378145934475435,8.10803919538643,5.023734732425328,3.009676995875195,4.880056417867695
2019-03-20,7.4169116639130195,1.4294859738564425,8.017750808374844,4.992654129874272,2.6988362009004603,4.693079643450678
2019-03-21,7.329912685325957,1.4141385879721025,7.886940641992883,4.845407191651609,2.6937761159031868,4.586021053911103
2019-03-22,7.753150662710758,1.5677944355707851,8.137205541012998,5.355604412190135,2.769371115406899,5.221912674298231
2019-03-25,7.713314953657879,1.5370700068561522,8.078432637283669,5.326027660966553,2.7694047180922445,5.198657233182776
2019-03-26,7.869758144242712,1.5305147223875142,8.083904105200842,5.4971415529509216,2.7656832168552987,5.437813364370733
2019-03-27,7.8799492397409105,1.530615451767307,8.078024381061264,5.50206289421794,2.773573493365072,5.419388765554085
2019-03-28,7.83287825808414,1.5416930753214098,8.017102662210386,5.448304728559056,2.83801446262566,5.398551673355919
2019-03-29,7.877963619675541,1.6070321820227884,8.028743307530966,5.432753673846739,2.836332636241027,5.47939795910207
2019-04-01,8.048340281423476,1.5810245600405317,8.293438278821796,5.471834291417686,3.1477207166219325,5.528039255656592
2019-04-02,8.050551253112726,1.536143112251594,8.266457018837981,5.3107015580263965,3.162863351156401,5.376479449888323
2019-04-03,7.980202940486863,1.4694493826378163,8.027277449978177,5.323926264126592,3.1716262410371083,4.862400671914959
2019-04-04,7.96812931194266,1.4628826900406124,7.994289148768341,5.295466956638023,3.1838723556610495,4.848042797330026
2019-04-05,7.9842617508915525,1.4264290254361507,7.87569858810397,5.481470279344605,3.2062975705129095,4.974921474775051
2019-04-08,8.084968291726078,1.5966972440722333,8.069795573075165,5.498751690382588,3.4564334449983103,5.1516476369453095
2019-04-09,8.101119540447806,1.6228534267222983,8.061341194096558,5.319284340909508,3.3979995290184952,4.982100195764587
2019-04-10,8.248427060915855,1.6126252275160236,8.138095679310963,5.582221833472876,3.2834916031601455,5.273193991837431
2019-04-11,8.160808496700268,1.579749087062397,8.110052219899703,5.569374134572197,3.3093656785478895,5.2872603067046295
2019-04-12,8.119448174455554,1.5817892279044103,8.082933296270372,5.293440211678065,3.270762258005629,5.249339476806895
2019-04-15,8.147606328272039,1.586625563424321,8.09548127143697,5.35754248124733,3.102127845639265,5.305426330688488
2019-04-16,8.112155351217767,1.5327330856283277,8.052742909290094,5.327396269477186,3.140837457783587,5.240388745470398
2019-04-17,8.063601695427119,1.5529895596422723,8.023086359633707,5.340619711137919,3.1557720423823707,5.247840356079535
2019-04-18,8.022568035022605,1.543546648437072,7.910219652416199,5.273077097103925,2.91890617352241,5.1801314483470415
2019-04-24,7.974013901354476,1.5563727077411051,7.779038342812078,5.2705781855948155,2.85939899135658,5.116689839872664
2019-04-25,7.706960459475713,1.557637282992667,6.941448172931845,5.325786200175026,2.809752482776497,4.812741954985214
2019-04-26,8.075248818432218,1.7173928825318558,7.347776115375349,5.740183750134434,3.0249812244723224,4.3120433306232036
2019-04-29,7.987334482388042,1.715661011528267,7.32295764831126,5.445983695460129,3.0906932459340957,4.2860029266560185
2019-04-30,8.09744421897518,1.6099194042811569,7.471245041649181,5.593352937215664,3.4807981100872283,4.19314801006093
2019-05-01,8.09190809602661,1.589489650522169,7.471217418281584,5.598234746334913,3.428062953852527,4.233487775601948
2019-05-02,8.024552511445373,1.680788653483541,7.460004674873329,5.67557060054471,2.584929417351369,3.9384065546181533
2019-05-03,8.123123187022992,1.7381122047054554,7.471737234613477,5.707990623861819,3.0006842183816125,4.288333540596244
2019-05-06,8.064148855952745,1.7267869129749276,7.3917778746963165,5.694458248170747,2.947169062905164,4.141179612099414
2019-05-07,8.171744609801488,1.7334562766567752,7.472431590993751,5.9167634194413585,3.012489425093569,4.30701997515209
2019-05-08,7.49146391739209,1.7643912193979612,7.242834368188153,5.349242317682404,3.1360044908546456,4.008204463782694
2019-05-09,7.454949212926284,1.7633243798675184,7.287076371270392,5.412775685867427,3.061668580297459,4.041096190747786
2019-05-10,7.231609303209399,1.7555803005385766,6.775247027917069,5.023741643836554,2.895903459677353,3.969524252089494
2019-05-13,7.175867452224085,1.7777029681422232,6.26865141520399,5.2626350634810715,2.9087793285974257,3.794564781277776
2019-05-14,7.497030674671314,1.8410824221552973,6.482266692355778,5.847829749084288,3.1355079866290883,4.569344710721442
2019-05-15,7.4192874325656,1.8352272837172539,6.481264722560329,5.859873138159507,3.1311528771794013,4.477225983371408
2019-05-16,7.623885975246991,2.046013905104027,6.714480991089604,6.113354366320961,3.216185626971548,4.386997598883744
2019-05-17,7.633593429128342,2.0053067970045357,6.746903161571917,6.093014467712815,2.4507952256619023,4.206472609845732
2019-05-20,7.354056127694919,2.451978797980379,6.641075139884404,6.043534163330889,2.018589334321502,4.287886071539023
2019-05-21,7.340253155246006,2.492663840315075,6.548750733474821,5.9245588112185485,1.879564909210411,4.137804543957713
2019-05-22,7.650553962204904,2.6882601489135234,6.854004683266875,6.376159432929744,1.9536245758088933,4.427832136348353
2019-05-23,8.868112537174826,2.5281604214683546,8.197604789243345,7.162532515094529,2.1038840804754395,5.640906729573121
2019-05-24,8.841840018118974,2.4986805304203776,8.137847561148023,7.055127973331715,2.208353138218257,5.575061745812647
2019-05-29,8.78545677577667,2.449277253462249,8.126191053889041,6.882569820652516,2.133818118345125,5.47384232066505
2019-05-30,8.733892201605801,2.355103887284928,8.019419899903413,7.121603256528178,1.8524053052550282,5.416658137908086
2019-05-31,9.05353052644889,2.577794645098726,8.568315621549242,7.9472669730099845,2.2601377173971557,5.893710619847958
2019-06-03,8.530403752425642,2.914744224553987,8.279132792380144,7.776355931408985,2.8058514198732323,5.207223618944098
2019-06-04,8.361416928833684,3.055759439913682,8.2082421687534,7.634697286328767,2.681998580589473,4.463294886679979
2019-06-05,8.276598322224217,3.0883359562394985,8.304262040717772,7.5575083633740014,2.6962304488809727,4.348616541041767
2019-06-06,8.761585503733208,2.962844746494557,8.607540478582147,7.894259710518619,2.8428066798434717,4.979291638504848
2019-06-07,8.870266179225936,2.9558236382237317,8.794377797898777,7.932234851062899,3.118433842581451,5.234832956231685
2019-06-10,8.819961176695399,2.9865057210896495,8.770415976489355,7.9115786534648,3.063268002581687,5.154508789751829
2019-06-11,8.786732107183411,2.9031499504673213,8.742916696995977,7.934262793981415,3.154357912000664,5.179847956332369
2019-06-12,9.166575512939291,3.071528342968886,9.103343984716343,8.373311424578532,3.372736625910394,5.804518956171961
2019-06-13,9.023819311804244,3.120439675839735,8.653114616681352,7.096009632085194,3.637617266686346,5.827933901230398
2019-06-14,8.928806604462237,2.9729298003563076,8.60740578576855,7.0342704551672925,3.4444138023083624,5.420299470568801
2019-06-17,8.915745976088706,3.256737884345753,8.545887369355214,6.915514800446946,4.264606096838484,5.370367772813965
2019-06-18,8.92057250340886,2.96761312830246,8.550740618389511,6.7644812123855225,4.514292108214896,5.564460441354805
2019-06-19,8.884788068097215,3.0028064741410656,8.42425120499729,6.673106635629519,4.532004177293199,5.539912774506863
2019-06-20,8.896498459152928,3.223405994231184,8.834198920970389,7.213155298320445,5.021921435992555,5.362959982265199
2019-06-21,8.829884221395709,2.9373054364208784,8.79106546304903,7.097626925865846,5.0717778173658745,5.394837650691123
2019-06-24,8.708268917005876,3.1499247850210352,8.746672891295502,7.068210298614461,5.619641451350294,5.4596748644737545
2019-06-25,8.546400435137784,3.2501747491355633,8.62302377571111,6.861019241936977,5.703295195245052,4.890125213804275
2019-06-26,8.622034307778382,3.19973693161279,8.668494879964957,7.081445630158935,5.77860260146996,5.0827468209890405
2019-06-27,8.489280213687808,3.1384939911546006,8.452113776708844,7.091243152811806,5.744005111990245,4.564615617063974
2019-06-28,8.334473842460879,3.1797671404438326,8.357301802968335,7.029618292260511,5.708724257339992,4.581512577032702
2019-07-01,8.021996034893323,3.471052619945864,7.920833542621382,7.030081682751656,5.872352389410871,4.380366563637178
2019-07-02,8.502419429125485,3.4553405222241835,8.296824573567529,7.613323125400863,6.6455181732308155,4.6024105995465545
2019-07-03,8.412278961880256,3.1373143030121877,8.251437175333917,7.266955627101812,6.79592823438881,4.626923042508293
2019-07-09,8.354165020042888,3.223848963531358,8.203964814651497,7.2518742703694095,6.334570428650696,4.558219556118087
2019-07-10,8.563806938709941,3.4232114079797227,8.628527182100143,7.456841157018445,6.273021412483646,3.892512131451135
2019-07-11,8.507429961191134,3.379907213902365,8.549841775786925,7.456819389696268,5.836598875181618,4.014719907093863
2019-07-12,8.471938726692033,3.3652606852625944,8.538739514190285,7.468815389453503,5.8453532505502395,3.8654531182921428
2019-07-15,8.40331152289121,3.3101295578154057,8.344701608427963,6.696023980479533,5.6643869893232734,3.7127941808171396
2019-07-16,8.436693130649086,3.27858692381839,8.432593986420304,6.819514143940149,5.855343245196387,3.879528822597735
2019-07-17,8.62583951634948,3.399900400072544,8.71500053067971,6.961207450312156,6.111968501809824,3.788405986996118
2019-07-18,8.624370326939957,3.935530585068024,8.777566018313424,7.040957131928821,6.310179306274755,3.6553829994378564
2019-07-19,8.602986413916646,3.2509910318241944,8.726631377044777,7.01418647079324,5.5853264010639,3.6397231795332736
2019-07-22,8.64453242029282,3.2636076237045493,8.802574126501588,6.801882344962823,4.854939706254615,3.756089809844489
2019-07-23,8.870644431173352,3.3580079513633674,8.991996914184233,6.950884525003307,5.245111505198186,4.276331354408654
2019-07-24,8.703276751590568,2.9318014444264,8.84691740838675,6.657794171516978,5.294619157719048,4.550014101241521
2019-07-25,8.630063663227583,3.0754342383060354,8.83991988299871,6.396969070142119,5.217075199439066,4.489385910111179
2019-07-26,8.398078035329428,3.055593399192676,8.611330129518409,5.598330616356967,5.204858091379701,4.423016765147338
2019-07-29,8.308486423138152,3.0337201849632582,8.469307057285917,5.506340257183953,5.137149298184993,4.380890055590913
2019-07-30,8.219889163818639,2.8513573910641483,8.395156346099412,5.783373133379308,5.053403988034203,4.453882784148013
2019-07-31,8.247107889834552,3.103846932792267,8.464854543431974,5.79263807557605,5.151868953072328,4.229612688555918
2019-08-01,8.992642712243827,3.74084099979509,9.104309970742685,7.552136154452943,5.713290900106991,4.6893141323173255
2019-08-02,8.619494550523081,5.826336857271028,9.148029640863697,7.512708777163792,5.742152123330295,4.014078566775296
2019-08-05,8.639961599255782,5.827002096932184,9.507272079256941,7.738351887211674,6.640418170330683,5.974982148315043
2019-08-06,8.714864259530176,5.606562520092022,8.98848216248624,7.719649811436018,6.327345079517882,5.992146038822473
2019-08-07,8.934039057677804,5.878854330998351,8.905262210215867,7.846301255377938,6.25753142454003,5.60322969919513
2019-08-08,8.971564959011674,5.770474275956345,8.903982939973435,7.527339930828173,7.083519707588622,5.875055696467381
2019-08-09,8.716503893301773,6.21370959992156,8.829858962745675,7.372903268184685,6.988467633191934,5.836933542219726
2019-08-12,8.54827954683678,6.441683125456511,8.71628017980755,7.17833681449033,7.0302639912682645,5.484093407655638
2019-08-13,8.886807603410395,6.030918844964947,9.004300875089285,7.628390362561138,7.4200462631962205,5.635698900289513
2019-08-14,9.138246781434766,5.569460759074619,9.184525638611746,8.157204200094096,7.999158690530607,6.346137122306074
2019-08-15,9.079454328374046,5.562969873338361,9.094784136550702,8.102758585788287,7.0982012066689615,6.200610162978191
2019-08-16,9.028045445618572,5.535985241607335,8.965197388380057,8.064965522601169,6.631985995417218,5.7248726353867
2019-08-19,8.805106948809705,5.329219282174626,8.84903114287223,7.88235743127638,6.818982654674481,5.835761916547635
2019-08-20,8.772972904467316,5.503477801828159,8.748206184544193,7.822078625668372,6.733628816941248,5.827779770305333
2019-08-21,8.39154099436592,5.4547993325452255,8.503543696787235,7.620986219309699,6.356596350905586,5.751612551284338
2019-08-22,8.385171937347657,5.34588897417943,8.49514921133027,7.590104075132387,6.360864897985505,5.707659021354505
2019-08-23,8.229029590755838,5.666971660122979,8.447690052196391,7.480858436086783,5.082596938397342,5.866662321995757
2019-08-26,8.217504101336111,5.712101571084813,8.409558763128418,7.393430799308884,5.078036851096988,5.861668868702581
2019-08-27,8.248612222910637,5.555843347073587,8.430285694027084,7.415006818434635,5.224316068489297,5.5517539002085075
2019-08-28,8.273455778419867,5.4494244847019315,8.84487245266082,7.577372696270668,4.986390594535382,5.746641376988656
2019-08-29,8.193839555873751,5.705692168541564,8.472665813413611,7.199692160980128,5.066162610589644,5.71917012435319
2019-08-30,8.133642445734601,5.659178387346777,8.344234589310593,7.0302429492525285,5.143936115375905,5.696811305139424
2019-09-04,8.525718117894343,5.498679388309454,8.675822667775515,7.5122391838107445,5.236990111668767,6.302601792828264
2019-09-05,8.3370341518194,5.396798723610146,8.594324634896795,6.867015487171966,4.258418147996642,5.658085315421892
2019-09-06,8.274109405653451,5.414382781610442,8.437850319332687,6.7772034520128726,4.250439129625447,5.632366618526722
2019-09-09,7.95312262510581,5.582563448255249,7.958116411368109,5.466232015372095,4.683750782010615,5.468401178093408
2019-09-10,7.785888684165155,5.673895416477308,7.8509404626952914,5.59590410131361,4.319676205686361,5.3859866764040225
2019-09-11,7.408671820681483,5.860707028222406,7.714715634465889,5.485979393699419,4.447087203428442,4.745023569541207
2019-09-12,7.342910418331074,5.515280715870933,7.66807175598164,5.237877997328845,4.686168896780235,4.746643450356447
2019-09-13,7.2433971872865905,5.437275411463499,7.631244535169375,5.220606058451636,3.9012595281448017,4.757906035113017
2019-09-16,9.32107509288906,9.06592772530615,9.242747279441746,6.6325356531808595,7.102306873659647,4.567861868784877
2019-09-17,9.60587871187762,7.762590818377969,9.415945970765117,6.383114091934367,8.284837388465759,3.763357983553084
2019-09-18,9.634405085846625,7.873579442193997,9.458183890873405,6.385493188563751,8.200539778093665,3.6711776966382508
2019-09-19,9.497660002996183,7.950610709380864,9.397829823992335,6.3651048655097116,8.27813600766134,3.4934072407335557
2019-09-20,9.650209076853674,9.070748608710185,9.302190052035758,6.3059003493761,8.235915281961363,3.3355514015314505
2019-09-23,9.610058426679862,9.251444503704443,9.259627908745054,6.67026794518057,8.36138959180887,3.440580273365107
2019-09-24,9.618697650453257,9.285334710821795,9.242671660114691,6.660057717963201,8.385519638685283,3.0311061254076344
2019-09-25,9.585859052606082,9.179742491265172,9.1810127978449,6.680438759844418,8.097658259426602,3.0813460032978246
2019-09-26,9.50047363626335,8.891665929587315,9.127554167540167,6.579966612196908,8.12445945969864,3.0234785351856712
2019-09-27,9.354037466271729,8.556137238332667,9.002409702853823,6.519716323949095,8.031379039450913,3.0613766851518824
2019-09-30,9.107105169611751,7.947806590917669,8.897316376474018,6.564160751411944,6.4233671642881625,3.092566424272741
2019-10-01,9.116639868138998,7.926937588523543,8.875177153417594,6.560417263631359,6.547571235982152,3.006653178935881
2019-10-02,8.971465918241721,8.720533843949925,9.367889354682548,3.564749270467543,7.126415681595218,6.006108888138506
2019-10-03,9.15447719645246,8.568540623727216,9.585402727610463,3.7661211306503315,7.378654065275263,5.808289990599822
2019-10-04,8.943160541012498,8.319140653058037,9.301267963661877,2.9594089193158752,7.211837102915399,6.109981894350379
2019-10-07,8.83753954905496,8.146960306136487,9.199039898047412,3.054256871069747,7.108618375674941,4.893334627138973
2019-10-08,8.345627435807154,8.273902168274057,8.799492631869246,3.0490777455460507,7.180392103892317,4.74324799585547
2019-10-09,8.17422889167173,8.379507936304364,8.480086971350678,3.6157428825199323,7.145224644404629,5.09372658791008
2019-10-10,8.074744317356226,8.294685588216923,8.430364174111324,3.590864260578384,6.735511646455159,5.079675233004656
2019-10-11,8.111763557572962,8.189668522997625,8.432574753781907,3.6010585837942863,6.676478070478126,5.09023159750465
2019-10-16,8.077988815685819,8.188111808250143,8.36591828970179,3.587437865515458,6.608209758928004,4.904473140131858
2019-10-21,8.02848866501558,8.062983301610867,8.270148117824787,3.5456435857934196,6.563087484659362,4.790426201174669
2019-10-22,8.040987849377172,8.001528112262736,8.224146662273336,3.0374157170643734,6.662630940703212,4.616270083043633
2019-10-23,8.013221155356673,7.536770534378095,8.142533423938021,3.083799511809571,6.526618316678544,4.75365869246769
2019-10-24,8.055897529376145,7.540426361242607,8.19319266223951,3.042778891813452,6.534610706323579,4.706941977538933
2019-10-25,8.001539012810861,7.199535431536479,8.16263625485424,2.866072828586915,6.539857650666882,4.722617253818716
2019-10-28,7.7100307312766105,5.902049954868088,7.768254171316978,2.890063494144581,6.417920217033235,4.333200179606493
2019-10-29,7.696347826786191,5.469176832320727,7.753583784226216,2.8523136956019433,5.998746059058888,4.192321079313636
2019-10-30,7.761266479629128,5.3430235421163355,7.779117009704311,2.8550879062765784,5.994853154443722,4.109242463443631
2019-10-31,7.662133705994537,5.5047586487310705,7.645863787022209,2.6300436183362383,6.258827094486933,4.003876530241348
2019-11-01,7.45164909325575,5.330566851983618,7.605006701997703,2.661152225297912,6.160710465916961,4.121254800661273
2019-11-04,7.477836129330911,5.264241550760479,7.832558718966424,3.139790099388177,6.245775022406224,4.294956802449726
2019-11-05,7.4417873923555655,4.823225039588551,7.766557178110791,3.138721026438331,6.223630873845985,4.323499681635542
2019-11-06,7.438930860908569,4.7842641385045,7.760552011824092,3.095067572333956,6.185167126881211,4.358335632285397
2019-11-07,7.376665200654995,4.827288064535083,7.757840461637572,2.5132223636742577,6.175677161304808,4.344516484865777
2019-11-08,7.369202189597085,4.823461169542019,7.738130373037805,2.5103945096995983,6.252876631774641,4.373049943316219
2019-11-13,7.3513550993906795,4.571090558687359,7.700778691778375,2.4412202922282265,6.2973296195232615,4.301448094335423
2019-11-14,7.332038132953868,4.497473411701539,7.6574057868113385,2.422392303496679,6.245373909136652,4.3511162892356605
2019-11-15,7.346453509815153,4.434348408867375,7.610523828854948,2.5642889166441623,6.150485247463226,4.672465171133424
2019-11-18,7.380700356074052,4.528907148884119,7.65011392868109,2.6816080009203715,6.027222044245467,4.72154363868106
2019-11-19,7.191677880756406,4.675358221546759,7.557535335491845,2.690376513054312,5.934255984997936,4.259742889214368
2019-11-20,7.265421218371123,4.8499267679746625,7.407516520784875,2.671043545383478,6.04209491307441,3.919474953642364
2019-11-21,7.304281123737557,4.6898321769779985,7.373223766944638,2.583287766542702,5.6272996317398425,3.962586619263808
2019-11-22,7.381060033465158,4.833779579447827,7.428386279223623,2.794968210079483,5.535306669732506,4.07990714499404
2019-11-25,7.407496327179865,4.657616526896795,7.447793399691162,2.8323926630963503,5.429708130814479,4.363491775696343
2019-11-26,7.434944848429211,4.335118969778495,7.479487493249903,2.685085023854855,5.157291192809506,4.283368964365094
2019-11-27,7.395872842410838,4.440671599797112,7.443548060105613,2.763715962820514,5.206013078785147,4.2039120186088095
2019-12-03,7.393534887933941,4.325886818208778,7.417963360315305,2.7972313595741745,5.131247489138439,4.176328853380025
2019-12-04,7.620274204447701,4.232357476013491,7.549495467648843,2.6891607695084994,5.045795096391441,4.5535993511998685
2019-12-05,7.6202488654527505,4.214057396130827,7.549107272290488,2.6612397666979724,5.037994680919465,4.55006529167735
2019-12-06,7.671219596587803,4.202856886152895,7.629771797378717,2.57572555796687,4.934955068083489,4.888777250622515
2019-12-09,7.685972627844937,3.5699343240535977,7.635643159211797,2.526764288827051,4.917603617077375,4.87015019460435
2019-12-10,7.67397887502542,3.5709374149674993,7.625520612072582,2.4921280501302046,4.895319667809493,4.839600754851277
2019-12-11,7.60502627983037,3.4778907222755673,7.5666481513212185,2.1444651502037613,4.571551526971695,4.362703065202321
2019-12-12,7.5833453357217735,3.4535492489581707,7.510734932216782,2.0871051374604117,4.592872376789381,4.554630557091834
2019-12-13,7.629046969601338,3.4387958104451037,7.522672365442997,2.088039533528683,4.616125417074396,4.552043808456898
2019-12-16,7.669960357734049,3.5034475545623724,7.630170809218284,2.3260094341656177,4.669041412906837,4.642978234270284
2019-12-17,7.691364376705092,3.4848534982006982,7.668386600508999,2.3668443841668774,4.643223622925863,4.683849052694435
2019-12-18,7.6868719585774725,3.3870621373577716,7.658135489906683,2.2838569138473854,3.953947956280583,4.651697972659186
2019-12-19,7.635509737211031,3.0889520297335107,7.641522669442382,2.2842686996450534,3.9565241253221584,4.686482295612454
2019-12-20,7.56735859858222,3.20872466808278,7.606874465915407,2.3024977120149077,3.4911938481459166,4.501750359313406
2019-12-23,7.494421559556532,3.1771838609936798,7.502180627660258,2.130191069308033,3.2991610991014313,4.468987957283244
2019-12-24,7.500717354946031,3.176875578836071,7.4969623343580105,2.137422759505858,3.2712511044650707,4.4849116570735115
2019-12-30,7.544893863769084,1.744717427382194,7.542981430011366,2.30809088075535,3.424642743473276,4.647429364025294
2019-12-31,7.57601232280154,1.7937429814175472,7.564007915716851,2.3428860291033584,3.5084341091604814,4.666837362287874
2020-01-03,7.837868850354411,1.630155284497814,7.763535776582746,2.302795414200535,3.1764440398055016,4.7854264350020195
2020-01-06,7.806137833382567,1.6299602363913053,7.797776512896469,2.4356307596077724,3.275915913142787,4.787784767550183
2020-01-07,7.742841718882634,1.7195875327243113,7.681326154486057,2.4428019589165797,3.246870538513667,4.656324820561325
2020-01-10,7.62506723560647,1.8875763111800115,7.647140645531288,2.274762688835302,2.9889774706251315,4.695452389503285
2020-01-13,7.3588858688970475,2.0936514232892574,7.274277335015685,2.125514427020597,3.072988277341867,3.1857681026248588
2020-01-14,7.374394455221321,1.8716866968399175,7.304371564409227,2.147539595465442,3.1731209124611266,3.300891101112624
2020-01-15,7.461997236046742,1.6620720534620048,7.339418927484331,2.348448360392504,3.533287455230557,3.5094002927113066
2020-01-16,7.491296558513663,1.6796914512314445,7.3391244338644945,2.418657649622661,3.6523840167929684,3.4640270175144483
2020-01-17,7.464669279752626,1.6335179764615422,7.3350125846390695,2.377447973877071,3.3818059438893453,3.3269002751956136
2020-01-22,7.7113706372208215,1.8953473115597752,7.555269800519837,2.780818488352556,3.670691182563683,3.37605552725407
2020-01-23,7.351580199683851,2.2194465390217375,7.495129198950271,1.9782298382463221,3.6301031292007786,3.4375428543498914
2020-01-24,7.553766611546685,2.1873610352111643,7.6365495078903125,1.9415749539627862,3.8457449761171802,3.7005172849697363
2020-01-27,7.8164082487331,2.2329917869195968,7.771088946700433,2.126274163915463,3.8008528936223107,4.554169634133282
2020-01-28,7.872145400843018,2.511623311096145,7.79293268036201,2.2248640632982597,3.96162318448587,4.5403196838321485
2020-01-29,7.799188446417826,2.493979021499504,7.790521000031071,2.2348519969092484,4.036929879280696,4.415937104127932
2020-01-30,7.784409977582189,2.468055773029119,7.7350302257626256,2.164263960742611,4.063404310845712,4.3879264411984495
2020-01-31,7.805918365180262,2.294587952370201,7.688426434700591,2.15251530968118,3.543066409224151,4.329924045863998
2020-02-03,7.647692795775278,2.731675982834886,7.919801448871612,1.8613233414031927,4.185693347600485,3.8519450206596155
2020-02-04,7.838510430026727,2.737179036611396,8.090496960430668,1.8548184977278872,4.341267560180119,3.1030742842764787
2020-02-05,8.19556801311806,2.9941225315397983,8.340203378079071,2.3275754968086093,5.118077765378078,3.685799824146207
2020-02-06,8.208941851155105,3.006451294507789,8.3573442840923,2.3463573856709368,5.219684440990068,3.651945791287614
2020-02-07,7.9479004430809175,3.2728077393571087,8.130901825169634,2.4640944836104866,5.069512844370714,3.47056764281037
2020-02-10,7.891849807789675,3.389297209949875,8.1294989883935,2.403744729101631,4.87746204719466,3.4463288024549548
2020-02-11,7.90219303794069,3.080660274439571,8.117830584775623,2.282258724980333,4.829272591743208,3.125338578416224
2020-02-12,7.996734129696183,3.2232531155982564,8.091202204674852,2.762055353656839,5.023256260331397,2.901089993239338
2020-02-13,8.01237893229839,3.1962323981458503,8.110623322703146,2.804157545702568,5.064273392964512,2.8224595757437574
2020-02-14,8.188555492379239,2.9939422571278684,8.307745825130246,2.832129185489366,4.660114062628432,2.708545282903241
2020-02-19,8.60688437609619,3.1921903733719152,8.591955711896974,3.7563539722897,4.532004678651856,2.6178300717058938
2020-02-20,8.514203323356808,3.0926763982197696,8.524925336963552,3.6364895408162567,4.249974193248007,2.5938776620076545
2020-02-21,8.580878610393468,3.074288646821355,8.593834357212337,3.7564586174533012,4.195507284341347,2.151486740888601
2020-02-24,9.139706623338318,3.3742510445091227,9.062394074254177,4.274914058717068,4.4778791919468075,2.8786905736597053
2020-02-25,9.267703819672873,3.781679593679014,8.988572527177656,5.19653311705562,4.683950239724081,3.638774978946176
2020-02-26,9.211965847449285,3.4425276940860816,8.867498587815748,5.143926909746171,4.652852302409453,3.5840976495571866
2020-02-27,10.088113179040961,5.034562723647498,9.87832256893786,6.523299299186689,4.144339532723493,5.616473650606362
2020-02-28,10.20671791614395,5.106700138718847,9.730112118743762,6.493190354278339,3.9397780325316027,5.41618027616407
2020-03-02,10.377223461593875,5.272195942286019,9.886310620178874,7.400724503020498,4.16960533771059,6.525083513283171
2020-03-03,10.244153923443958,4.691601730238333,9.84452758227585,7.149430528038503,4.303641343385611,6.380402463470312
2020-03-04,10.161779407209714,4.711190872190383,9.531479678707392,7.046374013170211,3.799421913319071,6.015067538291301
2020-03-05,10.047232536236502,4.946019328040243,9.59658351648094,7.2295599564127455,4.1606983581709684,6.3523964438461205
2020-03-06,10.632302861357223,7.344748822878446,10.438278769210035,8.945611298012892,4.861494973587593,7.258583734728
2020-03-09,11.75056232235317,12.638060773352684,11.747563235323645,11.830683385657524,9.111446286375836,11.145571579458514
2020-03-10,12.225403129348637,11.332045477474617,12.255507541162132,11.955263667060294,12.13769362588741,11.541699103153299
2020-03-11,12.142215424370326,11.0912975506301,12.146989613134314,11.893408037915043,10.69785968051301,11.575485421490137
2020-03-12,11.855666730178546,11.398337044222833,12.012600508720412,11.983012998026323,8.963664124668657,11.3709377373877
2020-03-13,11.78504218136971,10.81302987127769,11.971324900480623,11.928317006104955,6.441963890497141,11.300335488701016
2020-03-16,11.62939876604788,10.790965022034039,11.781599705337108,11.725553495079575,8.084512610680259,11.259401839541084
2020-03-19,10.820935172693483,10.689455364882349,11.569415071463306,11.69947900032164,9.830812232735353,11.209516936648074
2020-03-20,10.565049320359375,10.17401245224645,11.522472318099801,11.594007771698541,9.586887304625424,10.806076304497402
2020-03-23,10.310230994289126,9.76411890147253,11.323161344081619,11.45910820493899,9.581469578276202,10.661342963421168
2020-03-24,10.019098043024522,9.776601438495454,11.006941935197617,11.116702053514063,9.32739837732327,9.586082978938313
2020-03-25,9.3006483268118,9.944559022645551,10.812149675398139,10.743889012445296,7.851813042459469,9.107243276886958
2020-03-26,9.579528322919701,9.86432124155802,11.02355796031422,10.749168137457216,8.298331666818,9.066273109247245
2020-03-27,9.511012578638608,9.831633306849202,10.837159204356704,10.514954679942319,8.349891718086106,9.113573181386448
2020-03-30,9.648341395304088,9.727238562838709,10.998324386799355,10.461868559030389,8.079655577587742,8.924219571207482
2020-03-31,6.49623409058793,11.577227122858487,11.403412411728198,10.669137218786112,8.276210363194176,8.93724951785025
2020-04-01,5.555378676811582,9.934996880179517,10.795044400146248,10.599863582166863,7.175179616138249,8.753320768544155
2020-04-02,5.755432032026501,6.363728047429785,11.338503757586622,10.18454448183896,9.535433990834314,8.375305846379105
2020-04-03,6.116981539882718,6.4286112451279145,11.41888639465464,9.835801926750849,9.388660707035523,8.452745977692366
2020-04-06,5.875292666628169,7.029518828812538,10.509314719973373,9.539635358750363,7.845129778422312,7.7240264099282285
2020-04-07,5.883367704989033,6.91664353895291,10.50571676465283,9.214099689956694,6.861623276058199,7.5576510866452615
2020-04-08,6.002431311725739,6.654066851617935,10.090553243909774,9.210393645388477,6.744659513936756,7.657523089427726
2020-04-09,6.159959316923184,6.741247407568179,9.65724982071842,9.111362835038124,6.388750673247716,7.567748468797103
2020-04-15,6.117677872093535,6.553527288695945,9.655578531982037,9.091678253952791,6.310506423398277,7.53827734814426
2020-04-16,6.061399626559942,6.2933814503910765,9.578622991398577,8.794913448500886,6.143211248278933,7.3261521202531315
2020-04-17,5.709351758122705,6.148629719009503,9.526824637600384,8.72362117615839,6.0470871360894405,7.197320650553968
2020-04-22,7.2757109073263235,6.291175559800578,9.182518350250946,9.365328935428016,6.580308159430185,7.95965471637519
2020-04-23,7.286677514422742,6.035431033785945,9.184908966522466,9.340076868642578,6.180009547524574,7.95475435727543
2020-04-24,7.262989458907892,5.950846017058239,9.192298461939854,9.345707109044787,6.4562081175168275,7.754520643211702
2020-04-27,7.216044245598115,5.952398511005527,9.21234441589685,9.333359655092847,6.427073247709103,7.739304125977411
2020-04-28,7.237648736475328,5.623626828982559,9.161017533872132,9.248152493959834,6.358325709874169,7.53077058193074
2020-04-29,7.217846229467125,5.125978485532481,8.906136274692875,9.02642500759807,6.276085927906446,7.636746074624544
2020-04-30,6.980353179417915,5.397473665530924,8.894041534764268,9.025024923212376,6.108035896160071,7.628722058952653
2020-05-01,6.909712039205466,4.947954918946146,8.850716527258525,8.907144532668026,6.232827444947333,7.261993598766666
2020-05-04,6.901651015537201,5.045369516095364,8.864649197013808,8.88609421737815,6.011224327733019,7.289048710078877
2020-05-05,7.032667009268697,4.849841200780778,8.937324880792795,8.98793340118225,5.728912499603215,7.149873582159651
2020-05-06,7.072889745005803,4.859877834232992,8.899738477238989,8.932220399189164,5.925654460305302,7.076150199214681
2020-05-07,7.054992128043533,4.662231723878183,8.871976962126604,8.922172471144899,6.089425051102005,6.982010033848023
2020-05-12,6.914524176963024,4.816455404742844,8.82483265050727,8.806386065624197,6.069156577257711,6.867672305349661
2020-05-13,6.889358343942845,4.956558935405557,8.767872438758529,8.811624697204818,6.179205537727036,6.731634476426326
2020-05-14,6.875654201563223,4.951316365829422,8.741376741115824,8.713835628483842,6.204060213085232,6.733074268311969
2020-05-15,6.89949092915225,4.981637942611661,8.750776186260294,8.71241837613704,6.408272523377197,6.714181123407262
2020-05-18,7.055738544112725,4.55057024625808,8.883627637281945,8.834660726624843,5.75668284722649,6.940822119614374
2020-05-19,7.055183106369306,4.242079317030349,8.798536686914368,8.781408340177633,5.668091376366061,6.832705610407508
2020-05-20,7.045677051529027,4.243418264346679,8.806959143563533,8.765914287146403,5.6783268721868225,6.863662623384603
2020-05-21,7.007208777774621,4.079500944133093,8.779138192514278,8.752518781516132,5.484426663954474,6.792293616976992
2020-05-22,7.005467931589266,4.085356827539902,8.769029273716688,8.744567978815976,5.476082078563592,6.776536391975189
2020-05-27,7.080707402487317,3.885146004807433,8.82633847321069,8.707885246947765,5.561743807160348,6.7425292056433035
2020-05-28,7.06073881345635,3.8830575124685667,8.783477997871517,8.671064628396705,5.505145157465978,6.551614467517247
2020-05-29,7.0202660079612365,3.728838960225785,8.76701717037706,8.661631626094335,5.247201807542168,6.512912688374855
2020-06-01,7.006755995595642,3.842246294594698,8.869198205290468,8.822986291571565,5.38934255996666,6.3529368422517765
2020-06-02,6.997823184143606,3.7900992104490214,8.849242739768014,8.793723545964045,5.347872141811442,6.346523670457088
2020-06-03,6.993106380617491,4.7167120758960825,8.800380615636627,8.750093394501393,5.410853745626152,6.450344056117328
2020-06-04,6.990844518907832,4.529195874615381,8.793939005159034,8.760763589643014,5.3939024839737835,6.428937405086521
2020-06-05,7.113761312119308,4.873459130428754,8.811806183914447,8.780832545304303,5.189564938595455,6.671447562722439
2020-06-08,7.143993541562029,5.036727227873061,8.786170406883132,8.710030955674645,4.9328225914257615,6.652267666086963
2020-06-09,7.165514937093728,4.928748753896897,8.76927615980055,8.669589580471268,4.778913319922373,6.672755150289031
2020-06-10,7.144273793234816,4.918147784318241,8.749068787323354,8.650215325611388,4.784559593179623,6.628096026780978
2020-06-11,7.282755178603232,4.2621290229860405,8.822229534724242,8.696889334888795,4.56655799892835,6.555706297857291
2020-06-12,7.264874212382011,4.246348985711534,8.795542883760868,8.719175266296096,4.831686035548027,6.52534499785953
2020-06-15,7.297798079695074,4.234094051745546,8.810287422461814,8.74307662584337,4.842851565909728,6.493496485687438
2020-06-16,7.292369998534872,4.411067442040397,8.8340816511215,8.830373989830663,5.082712973816367,6.395385003562171
2020-06-17,7.326288950106659,4.305165283262099,8.862497504933186,8.806803511342158,4.9633590426787775,6.437136853535546
2020-06-18,7.348581934089527,4.093111168966827,8.887647243195303,8.806153977189812,4.760114984979815,6.460116212163371
2020-06-19,7.339410511797856,3.9639812630853792,8.87608782233003,8.757434734125512,4.635780640632411,6.456250584505824
2020-06-22,7.3421468271172,4.25669214213008,8.847533004093794,8.737674997636365,4.755567492535898,6.356349989795546
2020-06-23,7.332740612576508,4.261242195801278,8.843203913787152,8.694421738632833,4.747331382955067,6.343987818653008
2020-06-24,7.466787642982592,4.129812381594516,8.90402872172121,8.75977584930308,4.535536043747307,6.471887881589222
2020-06-25,7.450161508998547,3.974785213650178,8.899841318043213,8.778385557912637,4.475356819508207,6.432356584253495
2020-06-26,7.429215139511755,3.7362755761629374,8.883073425984637,8.766869834161609,4.38678525833535,6.489986905560534
2020-07-01,7.429192978075453,3.926914779876295,8.890361597319016,8.817879433883443,4.384235143140583,6.484375121139217
2020-07-02,7.426155903122898,3.2201514736223054,8.882436782041497,8.77748866970567,4.014143466981353,6.37650129813083
2020-07-07,7.407366202773968,3.220677646432979,8.878039749856857,8.76269884393627,4.021675508701352,6.370908438909336
2020-07-08,7.3813371908287,3.234815674133277,8.848703927336743,8.563663914073938,3.8225943311068726,6.326423411462794
2020-07-09,7.375946958694635,3.381488719427143,8.84314215288509,8.584701475590053,3.7340859827553103,6.328058324514747
2020-07-10,7.4073008421684134,3.463279777217687,8.869024108480827,8.631158693755067,3.8143703483111744,6.387542174742154
2020-07-13,7.406916546307798,3.5204982686945403,8.864044244306196,8.610466700519561,3.7800306030901027,6.455497723954884
2020-07-14,7.424003289767103,3.5350071274650916,8.879817749874247,8.606883843609204,3.818417479163751,6.37235379268465
2020-07-15,7.446246900311043,3.5293443796236814,8.890215718160315,8.604505912701562,3.8013197166396693,6.305919364340821
2020-07-16,7.468766783390078,3.4901501565520925,8.893068114587448,8.623993399518412,3.709752259804468,6.377690131069426
2020-07-17,7.406943159474196,3.4878894581813262,8.833227384739136,8.345897688127824,3.6581170708569277,6.333508798759206
2020-07-20,7.440550103840464,2.7055967727808565,8.826541616324876,8.351663685851832,2.758817682859138,6.41719801102666
2020-07-21,7.4546813611074,3.0143194970844647,8.863327662556047,8.459922281690636,2.5996580629067325,6.349906698281283
2020-07-22,7.4493855864820455,2.9144929352658218,8.85373364968729,8.463105090908625,2.5312965953988815,6.335052722009986
2020-07-23,7.446284577922408,2.972964019021712,8.804010467838316,8.307472141739243,2.604440740048188,6.221478331652032
2020-07-24,7.431128850684146,2.844151317087482,8.793710997189782,8.295093395431289,2.592201260853853,6.128258062201777
2020-07-27,7.475929569222489,3.1991385953396194,8.80089180746646,8.3094692213237,2.74904858240169,6.283060898839856
2020-07-28,7.507825964504488,3.2796855271530574,8.800537579560759,8.291983697396189,2.902648277677646,6.339609171968397
2020-07-29,7.49962139708557,3.3478094683876782,8.781355920770006,8.219649486255621,2.851508110483166,6.278936501285579
2020-07-30,7.454202132357971,3.414311570479578,8.749964622694032,7.970154651398435,2.7350244552762857,6.128444498094237
2020-07-31,7.437982565289637,2.799278543964667,8.688366012908443,7.933825294075272,2.403150901785813,6.082646946432498
2020-08-03,7.5339438414206095,2.8569772533836706,8.74880199441487,8.04178970437034,2.202497413502495,6.088022273552457
2020-08-04,7.523135009311887,2.3387170232083974,8.74227329885007,8.00618169260798,1.717613698920208,5.7601818620215814
2020-08-07,7.5548423764575885,2.3024171684847143,8.720393580762442,7.994213158061592,1.7063509874635157,5.635863437802882
2020-08-10,7.555205380341174,2.3930875236657063,8.709786407272354,7.951991665585207,1.7043610294475393,5.754463258521516
2020-08-11,7.557594178508569,2.3140828398903395,8.722994028836691,7.972039380068712,1.6362345997479544,5.690097752543504
2020-08-12,7.723428890413797,2.4542338526862646,8.908193633473083,8.221974885335532,1.6642787824476664,5.855087134222695
2020-08-13,7.663673010113954,2.323679390482232,8.847181711272286,8.183752646338913,1.5278515663266787,5.77387055887763
2020-08-14,7.642673023490058,2.239380021533423,8.810273070025284,8.155762354239085,1.5263418738702537,5.634769362073865
2020-08-17,7.655591366508243,2.309221826746068,8.78977166045786,8.209584570816615,1.5194872199651357,5.671414734023472
2020-08-20,7.624502206986951,2.258267028806945,8.697852894287573,8.025262607084846,1.5854124053635326,5.642655621902868
2020-08-21,7.612059291924356,2.295502156344705,8.69921908371368,7.973070838021716,1.737248832103013,5.608577281310726
2020-08-24,7.61464768868814,2.53559635359565,8.66890439964437,7.74651302160611,1.7843668786592177,5.8392400823567305
2020-08-25,7.6713600572564635,2.5943246042713883,8.66565447479186,7.711084669747323,1.9032893168574871,5.9447289905452765
2020-08-26,7.654074269997803,2.5885192926696,8.648829044462945,7.661952200899271,1.8624913822726556,5.819077077572321
2020-08-27,7.630184668691675,2.6099495438660227,8.640315672470264,7.687570160382322,1.879680926154385,5.781076845726521
2020-08-28,7.685534041568892,2.764391513317475,8.742676826066027,7.830348654543848,1.8849759763280904,5.804974424684137
2020-09-02,7.60056517128147,2.5611018826937357,8.513114583230179,7.905071438184262,1.8350564193640857,5.805722225490695
2020-09-03,7.483650081144863,3.0845620350035965,8.30314921610627,7.93414929607784,1.9061931817508613,4.725995344351406
2020-09-04,8.028566788696754,4.445129680840297,8.712563018768371,8.311096038872927,2.2190188452150204,5.294571288126891
2020-09-09,8.46993881608319,3.0590825799160615,9.103298188189061,8.753479028560763,2.518562497633908,6.033826087729623
2020-09-10,8.603171781455728,3.39517938511489,9.215148932040238,8.525973964224372,2.043965852312984,6.359891003234533
2020-09-11,8.566208367482337,3.0140255819423794,9.22398463741425,8.58227293579094,2.097889092192749,6.305347214752544
2020-09-14,8.428308543244437,3.0552763692340057,9.038001180542507,8.320920823739074,2.415439786653495,5.663557848967869
2020-09-15,8.68969924704256,2.913926710224342,9.296544461801803,8.599037239219799,2.613065408857747,5.854569373939704
2020-09-16,8.655681856604556,3.0470956179719866,9.287137858089194,8.468416464283349,2.809091092971966,5.74627916069847
2020-09-17,8.643356895200364,2.7082272612861096,9.364147405101368,8.580243666123417,3.4577607962133885,5.516792214916318
2020-09-18,8.632102471404382,2.7234123379265007,9.385974782616376,8.656501617652044,2.84277522471509,5.375478743219804
2020-09-21,8.9053501086549,2.732216802706315,9.630898318801504,8.754040653104076,2.9047788830608936,5.81068979785237
2020-09-22,8.759994325274464,2.5087943016193566,9.51817856966481,8.105508479840708,2.963395488031347,5.733700437113204
2020-09-23,8.637532679594177,2.829601478426173,9.395009076573043,8.024484377827822,3.246703432456514,4.938842351679453
2020-09-24,8.632086761199893,2.7801811120279774,9.384586697384375,8.062856541592284,3.2222536462412985,4.927919334894805
2020-09-25,8.576815494298529,2.802023537376036,9.240604975507708,8.022382963129688,3.2374090509564617,4.897564546705017
2020-09-28,8.630932443288245,2.487379639454146,9.274114951570693,7.945212323975663,2.1714158025612442,5.291974055281954
2020-09-29,8.690943249562237,2.6833421256847267,9.238722562627988,8.049685789946649,2.3098041139851087,4.728615023191309
2020-09-30,8.71923931721342,2.614707598348137,9.255516105303544,8.10469682151846,2.326653276656876,4.9201375005952
2020-10-01,8.652419038852262,2.780854012010673,9.201017615310702,8.086666785550348,2.4654854860131117,4.372275282062065
2020-10-02,8.613468452537642,2.812191932643108,9.295813191627706,8.1269565346469,2.20822309025077,4.362099069960904
2020-10-05,9.41825539784399,4.171664992379118,9.966207912897975,8.885273893075142,1.7142962454129405,5.714796787857033
2020-10-06,9.607293853076163,3.9438507413043538,10.021378632475837,8.978140034163166,1.7027492164578568,5.736169456805876
2020-10-07,9.375328102993508,3.451902174653062,9.86715388754943,8.722935901261605,1.7130157380050488,4.688130376046301
2020-10-08,9.228270774283757,2.7375340137416324,9.87555776124213,8.717920539256044,1.8861002826020066,4.402655539667727
2020-10-09,9.273768824068478,2.407230870914908,9.968384772252492,8.781421762473283,2.0967820339320915,4.774577292976615
2020-10-12,9.28158228644091,2.584731284044811,9.952476346072759,8.807874736798908,2.3436582574539604,4.642836866145138
2020-10-13,9.196846099200306,2.876141215393026,9.854289666679682,8.699312038653792,2.3925641939746907,4.37929537056096
2020-10-14,9.255195995788062,2.8294908245893624,9.861005497785646,8.646491697408376,2.3132810589725143,4.622361312062575
2020-10-15,9.257325050540725,2.8304470382538174,9.865441700348931,8.638809654075981,2.380024489250741,4.6236920477002155
2020-10-16,9.17454915195136,2.839624713250155,9.773003574730593,8.562698659290929,2.365573239725873,4.616045838966158
2020-10-19,9.151880061616867,2.8622833797921445,9.709524846374595,8.50266419033735,2.369051635904634,4.557271571529692
2020-10-20,9.203877276725644,3.1290400246375083,9.75561626317741,8.589479344492503,2.5651188887569103,4.70329368474786
2020-10-21,9.39461995540862,2.5403574860101994,9.891081504736128,8.908008840565474,2.7214725818896484,4.941416411515705
2020-10-22,9.40536223536037,2.604155148508162,9.867614658407623,8.924576657777273,2.714432415249966,4.960605545600444
2020-10-23,9.416378051737533,2.5745121670124917,9.885596787168785,8.952003173645396,2.6348076799154203,4.976336610071438
2020-10-28,9.535725801040607,2.4808714498725015,10.032817214752336,9.112188046248995,2.6333056088309474,5.109525901006754
2020-10-29,9.536662418908582,2.461317171146734,10.027645476598023,9.049457793994986,2.637252908444502,4.7790946335649584
2020-10-30,9.462140787981486,2.476465272635716,9.961272507946846,8.715097358702119,2.651656904006681,4.425596737211873
2020-11-02,9.48418419860469,2.437541318244977,9.757890151266109,8.535257480791012,2.4657625843749753,4.794554952377637
2020-11-03,9.479650330689726,2.4741944920277334,9.76526214739754,8.375604557856354,2.6144004891592467,4.795979834984178
2020-11-04,9.543679975796644,2.7028953213033873,9.828688668735873,8.494198299858706,2.984264876959978,4.241049733162068
2020-11-05,9.538509061713063,2.6641557866218912,9.771751514376996,8.47760069826492,2.979469894557971,3.5604859352187415
2020-11-06,9.40561484275849,2.6753564954504316,9.672893858427432,8.483274406253383,2.846667793889899,3.0406522747455274
2020-11-09,9.41019968785897,2.751703587721923,9.649368496738386,7.808932456092593,3.0597131146782712,2.974987603347927
2020-11-10,9.52263585095364,2.4502426865956015,9.72508779390167,7.929171370984585,3.169892816008387,2.480979138686636
2020-11-11,9.50464207224819,2.5418888053438984,9.646760274525404,7.850301668041478,3.3742923887184233,2.603569933981653
2020-11-12,9.511469576765856,2.5327911221473673,9.662822736276013,7.860787915299216,3.392914216104986,2.518253023198645
2020-11-13,9.495417508301317,2.470638997354226,9.655131831523274,7.923406689192585,3.192875451627458,2.5480953594283724
2020-11-18,9.520413164926236,2.5063861150436537,9.67408643323171,7.965081481660904,3.248483694375389,2.5830367594214976
2020-11-19,9.488223219728324,2.566484473967138,9.655472251848655,7.863218048264037,3.392933574360592,2.694135815599696
2020-11-20,9.477812594397259,2.4197835406582215,9.57370410301421,7.834400859058032,3.3962037196242636,2.747963598297696
2020-11-23,9.543802424735867,2.4112791363669674,9.624216571748601,7.889364990574339,3.4030408110912087,2.8552134263169755
2020-11-24,9.734778872005501,2.5508956996786534,9.794851604792823,8.113699809033799,3.1073127501492253,3.0294096828408184
2020-11-25,9.675621387905238,2.3396912132869003,9.705618133800538,8.080583964415583,2.5955957941075654,3.0184620869581384
2020-12-01,9.683141173614343,2.2477767174624392,9.779974803524013,8.160392955382322,2.501800458173261,2.863108795238027
2020-12-02,9.602902964248342,2.2276178163676605,9.696466288557254,8.123907572929102,2.387884544372915,2.579832798293831
2020-12-03,9.301955544578979,2.453904472561643,9.249243275366766,7.482561932455607,2.5104182812954234,2.586926014741031
2020-12-04,9.35301551599814,2.4132578228316954,9.28540624576543,7.56587811236439,2.7295426070514566,2.516011882036654
2020-12-09,9.350390594995988,2.242908517454852,9.262993541671213,7.525791040003625,2.7061253527957354,1.8978589628192044
2020-12-10,9.424913404461549,2.2726160905942168,9.368217788474135,7.661620635218433,2.942691906753834,1.967819441924375
2020-12-11,9.350593967049516,2.065778794545923,9.261176052823881,7.610358796728632,2.463191798373693,2.03300611263173
2020-12-14,9.394845559537602,2.3036476088519184,9.299944660852702,7.649970746427581,2.8027383098260326,2.077960141864684
2020-12-15,9.346091848288284,2.2260623382221087,9.287393803849838,7.545622995758041,2.8017928603474096,2.020034437007397
2020-12-16,9.347751443545542,2.3248963305799526,9.273510184964364,7.5945546830384,2.608109755323925,2.064604693903932
2020-12-17,9.357854023927016,2.2446304871341436,9.243852408649635,7.594383353599754,2.65276240094197,2.107941509860234
2020-12-18,9.378900330899713,2.2247084038629312,9.308605872364321,7.935075840665519,2.3076400828466737,2.5824416647705313
2020-12-21,9.481140511613036,2.1764455822155675,9.403778026844803,8.22199226728682,2.0656248038250187,2.561192298696776
2020-12-22,9.483293544309108,2.1999515290729597,9.387866071545018,8.224106917810046,2.0187698541497787,2.2974103590634822
2020-12-23,9.517725824803092,2.2203639081468958,9.432176503978432,8.085574093971752,1.8841492662219406,2.2825352471958547
2020-12-24,9.507878662314868,2.1932167280621178,9.430072580119914,8.09844286126762,1.8091754700464406,2.403859776554292
2020-12-29,9.487369557693633,2.206063367954512,9.351231410289877,8.080493926058915,2.0109001415407595,2.308657257574
2020-12-30,9.480228778580512,1.9936072674232215,9.380368957199652,8.143714349652308,1.4063560624428042,2.2084282225952268
2020-12-31,9.487216762986527,1.882912822359778,9.391592368064916,8.092982462772365,1.2804711517274379,2.2066748810684396
2021-01-05,9.703005560935733,1.9368381223562399,9.604083444213822,8.356621180651898,1.3239689851795615,2.5400832502526414
2021-01-06,9.77009371364611,2.1375322236550756,9.641604317343832,8.380329431376579,1.6505573816098869,2.3388532510694486
2021-01-07,9.803441417003476,2.141500065909204,9.677260345853357,8.610608133744297,1.3038522031387796,1.8467406987167145
2021-01-08,9.832900614900526,2.134076383790884,9.713917426866068,8.548497150179715,1.3163709011158413,1.8515478814645752
2021-01-11,9.868312764894942,2.12283211374536,9.755862470008909,8.476899369900936,1.3573819803238354,2.2170334369677023
2021-01-12,9.851592730064004,2.366248476878422,9.739212605247038,8.611556779327238,1.3711376225822358,3.0851975268483454
2021-01-13,9.833950763048996,2.440018271653939,9.726706303451062,8.42785393798997,1.473691238207392,3.142262600910611
2021-01-14,9.831863201198422,2.415080959616367,9.714527436415358,8.404454787425776,1.4649530856051547,3.0990044963157053
2021-01-15,10.070856688885788,2.1350749390375863,9.943007550631956,8.623945476071496,1.5272533991204893,3.9621740101242384
2021-01-20,9.985641259549247,2.12630692277996,9.891377929099928,8.582551561831586,1.5353035155228973,3.7239455897052394
2021-01-21,9.99256511090187,2.1433383347618444,9.888464330732127,8.554301721258438,1.8263925719509262,3.789154048175897
2021-01-22,9.742180068159911,2.1186258181627946,9.669288150390477,7.725855951673424,1.7163253014835584,3.731553943911152
2021-01-25,9.758039756185559,2.261407099034788,9.675212269824078,7.700374644395686,2.0491026352822885,3.6712163585627935
2021-01-26,9.756135323713123,2.26178953279493,9.67416511639423,7.7028179135642665,2.0148644424135314,3.6629948793514147
2021-01-27,9.806669714129564,2.3417915817898685,9.695996742118083,7.83536782578632,2.1949761207218716,3.707374211473278
2021-01-28,9.810909427253652,2.372815824413514,9.7123574971975,7.69655652901043,2.1973913408758445,3.6422713693372484
2021-01-29,9.582959441251004,2.150571792488517,9.466048057322547,7.6264588336074395,2.0298818120612014,3.180706059111536
2021-02-01,9.57350540663103,2.3822989320946713,9.474938392716838,7.849227275173572,1.8701833993588861,3.8362726955320188
2021-02-02,9.665184846162806,3.026262557056057,9.614499553310628,8.165403576309261,1.9885328774954563,4.092540883738046
2021-02-03,9.496388265343443,2.5027752445416165,9.46598219945768,7.656773476041511,2.0108200660822546,4.041053103103644
2021-02-04,9.46779882496237,2.5067134281184327,9.446726753489193,7.648152533657648,1.9788898550258838,3.9679630324567916
2021-02-05,9.489390739232492,2.861251709083046,9.447513247580842,7.764142387962636,2.055284106880436,3.9483867137592816
2021-02-08,9.611505713701918,3.0077720508329926,9.539652416172657,7.806687244877,1.582841765912276,4.082803174596017
2021-02-09,9.605116096287334,3.0046266620081012,9.533523523094441,7.779123612000788,1.6003681774413228,4.06997010463991
2021-02-10,9.570560738650231,2.311992201359573,9.51008718084854,7.772065723310834,1.803494033012613,4.121172667183413
2021-02-11,9.69640277969281,0.8345609280491644,9.812447727954034,8.385078389722722,3.6669276068838053,4.342287711435708
2021-02-12,9.730404431562803,0.8554415675759411,9.684456606101357,8.005780304339515,3.986303993538202,4.371395220629656
2021-02-17,10.480108776083947,4.439571798644841,10.486754246844187,9.9477226784165,8.909906173440426,4.7162857889738605
2021-02-18,11.845228694727874,2.5496810268940258,11.787949835002628,9.829156035885783,10.157526589195184,6.239009606799994
2021-02-19,12.90733478318416,4.8074939091978495,12.866465290936333,8.987140745056454,9.295059162319689,7.917558613538663
2021-02-22,11.272868853804233,4.494920331089168,11.235980671186448,9.593877217580536,9.34307446508443,9.296396220929108
2021-02-23,11.07410516511286,4.769211481065589,10.966715101289516,9.140168716459458,9.6892915467048,7.712784637185919
2021-02-24,10.216939509709414,4.950109485004115,10.129314321549268,9.195589114166758,9.664461596836768,7.898297136434993
2021-02-25,10.069562309252538,5.139903254419521,9.926299321660318,8.92553981965433,9.311258714694272,6.578740635537254
2021-02-26,10.1155511841894,4.976013171470041,9.926503260723804,9.017946725857147,9.25813245630651,6.426134590638923
2021-03-01,10.118376754362513,4.89136723017637,9.984658179485347,9.081655059841216,9.206562516846096,5.7816671302937275
2021-03-02,10.053037968335188,4.787448508519453,9.867943350182907,9.058752798456911,9.133258891259468,4.743488728396089
2021-03-03,10.018541591691273,4.711829014355129,9.862279638521096,9.035289197673618,9.05511643562672,4.9450140249512815
2021-03-04,10.082741815499274,4.6989665717433295,9.922777476464617,9.335317985515353,9.073672979783497,5.3402458646233235
2021-03-05,10.119727410034441,4.661590482015831,10.005585644498886,9.241089140757696,9.027460622379657,5.375900237031831
2021-03-08,10.045401213272394,4.656234224966214,9.882353281881732,9.386810080487452,9.004060457427435,4.932509419829103
2021-03-09,10.038154511394195,4.5318121832445675,9.86641803367694,9.37423506196055,8.92524234296281,4.627268788335121
2021-03-10,10.034016975890792,4.525829973725726,9.866070476664042,9.335734971775677,8.835802420604125,4.624431898702519
2021-03-11,10.020711760701351,4.511987608152004,9.861611070517633,9.411415424013137,8.839241355530588,4.254685452974379
2021-03-12,9.995963104526854,4.405084140432993,9.86807794876693,9.354416008201627,8.805069664466004,4.1726135813821115
2021-03-15,9.979855915591498,3.9444478895325488,9.861649875226705,9.33886333212626,8.470041396318088,4.105818273889462
2021-03-16,9.960655697830733,3.935035910112259,9.837625689702831,9.046485471761658,8.463624340367131,4.114746749348147
2021-03-17,9.976114463662919,3.9173642336056376,9.845424781644418,9.093237564321504,8.458817071294659,4.146734894414195
2021-03-18,10.180345354060831,3.6144854831251423,10.162063187612395,9.634986443276206,8.284408219901765,3.108676197571882
2021-03-19,10.105974681986044,3.541538934052028,10.176950346122402,9.621994905768993,8.0511383389926,2.977588947465165
2021-03-22,10.116052645004284,3.53225491997556,10.186733051355526,9.635551117389314,8.07298002187005,2.7886641422354663
2021-03-23,10.212689234438317,3.4627348960880653,10.334380047430173,9.955724277278005,7.93037011283869,3.044712796156549
2021-03-24,10.30591685882347,3.4222649717861024,10.414094210954095,10.225743378566314,8.111297077276086,2.5364861465960935
2021-03-25,10.388528491834874,3.369327229521781,10.45763768226049,10.413132806093872,8.037252565271709,2.493735436625973
2021-03-26,10.452190227003173,3.3429198412264047,10.50259731951042,10.46236260986804,8.042712305445379,2.52461446228434
2021-03-29,10.443109615049403,3.3263830451554326,10.4976667136284,10.445057203952768,8.035492035056905,2.442670707509942
2021-03-30,10.44489564645133,3.3100314811071008,10.497533972256894,10.415401845589635,8.065194817304093,2.5069381788347593
2021-03-31,10.437138273404335,3.1826587500342782,10.372401035467815,10.10880538835206,8.01724445365526,2.2738656011209337
2021-04-01,10.466134466739016,3.103253988831924,10.342869670883873,10.05147450436786,8.087467080129068,2.249204384371465
2021-04-07,10.395764525131602,3.021064173027257,10.286040504497024,9.871307845742061,8.023911381061483,2.3813448614195596
2021-04-08,10.370022966402088,2.988179722235936,10.261045585065364,9.807371808731299,7.922480944191708,2.364255808322128
2021-04-09,10.36518549309522,2.938919362649075,10.25379010537103,9.78564050499124,7.825368305689092,2.314533467133295
2021-04-12,10.354107036691888,2.926764019898988,10.248802380100793,9.772189769606891,7.793200374311532,2.31176236400041
2021-04-13,10.357809841487756,2.925951432194973,10.259403774840768,9.78072885907842,7.785015596312422,2.310998179856466
2021-04-14,10.38611579391718,2.922599452398195,10.276384664105068,9.772752950220616,7.869845955059536,2.300267787887315
2021-04-15,10.3521225903902,2.9239935987327197,10.236340509147716,9.67210948002793,7.888505885750278,2.2445714000326835
2021-04-16,10.34462430295783,2.883458770301996,10.226809340642747,9.677008418208752,7.6576761238158015,2.2120329856914793
2021-04-21,10.351888773313307,2.622214506004665,10.21854135438759,9.72427757244597,7.226296171926431,2.0289322499625264
2021-04-22,10.326798551480321,2.619972905278245,10.174939420091937,9.697336828779841,7.218209156394397,2.0270993079666715
2021-04-23,10.30813901182704,2.600692542374348,10.1602232343872,9.675056137501704,7.203358636537467,1.984222193168313
2021-04-26,10.306565413987355,2.612816470755308,10.152598841070448,9.630866982268637,7.192854823180117,1.9643527456160659
2021-04-27,10.314334399029983,2.591711925072678,10.161382804483628,9.648441102217452,7.208119904583884,1.9714574480987974
2021-04-30,10.326349365987666,2.271182128416181,10.111326134945394,9.731721193822478,6.583845878521775,1.8099186967938552
2021-05-05,10.303268794189227,2.0898868190808364,9.97424247300926,9.705664242412308,6.026330017208593,1.703047900364296
2021-05-06,10.373624613090195,2.0153784891587163,10.035032834882081,9.732024408069202,5.946627264154944,1.6980216533380572
2021-05-07,10.37074395748298,2.0118277325157012,10.032771776709204,9.749868277166444,5.9547194186774455,1.6680573683463338
2021-05-10,10.354219440313178,2.0044464348874693,10.008386215308862,9.645108064320272,5.894715394082493,1.697408453565776
2021-05-11,10.3425298485924,1.9957333710917124,9.999574200580566,9.634843923920622,5.902477408632206,1.6790423920259367
2021-05-12,10.287335310046771,2.0141807729941212,9.950692649575272,9.572932846674936,5.7883806439177325,1.6016104998332485
2021-05-13,10.31854401517452,2.009952202031338,10.046802219687176,9.674080659152395,5.4832175152941,1.6935025984500827
2021-05-14,10.247171903565185,1.9944675146630841,10.012564000067618,9.677451216826396,5.294876451995016,1.8907197566504126
2021-05-17,10.23442018105873,1.992448165768514,9.975043788300152,9.597651034248921,5.317452266312598,1.8685230670976865
2021-05-18,10.200894784414047,1.9578229766221977,9.952680337777814,9.581201481296297,5.256057492681241,1.8608790522386585
2021-05-19,10.253313396112476,1.7518122468851687,10.061402678597604,9.641535021629103,4.646288126695068,1.9293568449873308
2021-05-20,10.258090047798559,1.662956184938045,10.075048520530713,9.690593688092298,4.516268169346545,1.8264381635839395
2021-05-21,10.293550581267223,1.6310433210162991,10.100314902610515,9.763878596380193,4.519552443616406,1.8673702187415986
2021-05-24,10.26733676759231,1.663658019173414,10.125668031233474,9.808327144768986,4.432834151308196,1.9187980891819612
2021-05-25,10.26081346987503,1.6727705216048274,10.122247246185859,9.785414389005625,4.415999310762271,1.929685376369931
2021-05-26,10.24608995883699,1.6768195170990283,10.083434277373621,9.743038201977372,4.271063113092623,2.1008020177014863
2021-05-27,10.245182382027092,1.6897922035040793,10.093406840471248,9.751399623677585,4.068532627428251,2.135910375613063
2021-05-28,10.108883126660691,1.6546296022483586,9.996628392398154,9.45187326353981,3.8989221779259213,2.1326734663997944
2021-06-02,10.05014354771259,1.6550698763332778,9.971780086407131,9.370788461033225,3.899697653384646,2.1454257121277727
2021-06-03,10.037970711131754,1.6525114239426895,9.964441488149053,9.32770201314202,3.8485446439760094,2.032148084450734
2021-06-04,10.003311761204847,1.642663056882987,9.933726939979547,9.237108000268647,3.686891655412483,2.048921240590458
2021-06-07,9.956557079891533,1.556288224217197,9.891612534206496,9.095353667617545,3.506710478805599,2.0662216751149227
2021-06-08,9.94681997976109,1.543904513396166,9.887519006414786,9.088856279874124,3.4336374935834857,2.0970779067670104
2021-06-09,9.949541195049061,1.5440283057289745,9.89194875679413,9.134783559512583,3.4376443161812325,2.1816339948257473
2021-06-10,9.943703790580427,1.5703150964366308,9.89027994277241,9.150715151726898,3.5233621140024542,2.1723506690822085
2021-06-11,9.882777532262203,1.5111654905604823,9.856506034701505,8.995794631723783,3.469279614503129,2.025679280915436
2021-06-14,9.824478130681724,1.507188812814116,9.820451777921605,8.859570176282809,3.4611768308133137,2.032255630262053
2021-06-15,9.674967843414104,1.6140632283310585,9.675873822188096,8.434905611097868,3.3900705829911355,2.242223932425282
2021-06-16,9.6594199789989,1.6152815408057835,9.650553282436581,8.397478354406859,3.3951189246584597,2.1906425246057295
2021-06-17,9.71324949420383,1.5982856694319703,9.686054430662095,8.343407581291554,3.385005405482115,2.0281216954925463
2021-06-18,9.656630192921904,1.595613028880529,9.60691743363426,8.037565904620335,3.3977880695067815,1.8635770304814872
2021-06-21,9.720513390147985,1.4699076852285573,9.643504627486344,8.177702192521759,2.893513402394038,1.8258526527132297
2021-06-22,9.574430778324531,1.5060408661338027,9.572956249990924,7.901313572707498,2.7174644975416644,1.8990960303813347
2021-06-23,9.457041021857247,1.4869991311765363,9.512578853846192,7.662914977408022,2.7770518693225754,1.9215618825781433
2021-06-29,9.449833113623962,1.5076852905016092,9.49484073621321,7.678855047123778,2.749005520331878,1.699217715425851
2021-06-30,9.30881335294382,1.4443495719936823,9.359729962603259,7.631452429478423,2.746245085506649,1.6673701679530695
2021-07-01,9.256304177592252,1.9068365644535976,9.251758569616245,7.686724936217428,2.4609406700846157,1.8483112124657735
2021-07-02,9.242954831256437,2.015584418445095,9.283740388298758,7.735539101205975,2.612373975291493,1.8430422798574206
2021-07-07,9.39515025161433,2.0312903015737755,9.458822449015969,8.037573797674776,2.5030872464266163,2.1027014751485975
2021-07-08,9.500288369892175,2.2874520069044797,9.459600504123499,8.047354707906182,2.521635817995166,2.281284973047111
2021-07-09,9.616722878418637,2.2792567742545677,9.589236368015344,8.128188396620166,2.500357727798354,2.2771922828005646
2021-07-12,9.555356658428408,2.2647715778593427,9.527100180893955,8.037433263931161,2.519994407671448,2.3377691049259943
2021-07-13,9.577479418074308,1.8992670659639037,9.54231243544073,8.058459417926636,2.50119821105668,2.2353136204785278
2021-07-14,9.529573623633484,1.850927826960741,9.541084058852244,7.867405069874297,2.4400628100380666,3.0144124396985332
2021-07-15,9.591099354883214,1.9221599353892154,9.607648909585194,7.961081891317378,2.3586435525487377,3.036261977219407
2021-07-16,9.610249946713912,1.8811841268107383,9.64161369232675,7.984253509651537,2.3205371994663677,3.1860407151739896
2021-07-21,10.025782436604121,2.0217766114583684,10.05337888907165,8.750323387923498,2.3099272173523273,4.732241349391871
2021-07-22,10.03301242639926,2.059859279903144,10.049610962459298,8.91642434418803,2.5180989588315086,4.358188979285436
2021-07-23,10.000125027426089,1.9749993011683935,10.007878027180103,8.833336764664741,2.439614620427999,4.055958026931178
2021-07-26,9.971644494681213,1.8962531465047912,9.985994064060918,8.747616959319926,1.9466580382432042,3.933207240560044
2021-07-27,9.943099467058223,1.8632817884654338,9.945095156233451,8.560257158373807,1.9311664446928278,3.3040829309616826
2021-07-28,9.911056200572824,1.8683168598873978,9.883471268019893,8.56205051852559,1.952320908112128,3.0195207874505026
2021-07-29,9.921571921665196,1.7237776392895754,9.891824121149561,8.633577093450802,2.08377584229791,3.1010422164490663
2021-07-30,9.818181907542504,1.7721711409407332,9.757490848356893,8.33610494993235,1.930216529021106,2.7820324569452546
2021-08-04,10.061611004274743,1.8066899072579226,10.05697043315748,8.848064415907134,2.4109870544010223,3.0282401076685175
2021-08-05,10.071256628676954,1.8190526387967996,10.06388725739888,8.892939693193473,2.3565815754559107,2.9997557982757326
2021-08-06,10.146459029425221,1.9556405248090307,10.125842702947766,9.036624978965135,2.5216587266475075,3.171528838743365
2021-08-09,10.163766595098927,2.017250595502379,10.18569739218045,9.05121985274709,2.9947531809388526,2.8909882523271406
2021-08-10,10.142045557566737,2.134842187190929,10.073894871777627,8.795212019702292,3.162652150055869,2.955267524095232
2021-08-11,10.099882472107373,2.0593487600255793,10.064969278791118,8.794272229774279,2.6536258643083084,2.6394406715887295
2021-08-12,10.135364542313779,2.1535038333517718,10.140072208874022,8.844024380844866,2.767261380620512,2.698889790724683
2021-08-13,10.137804364638113,2.451017225212258,10.13745498967373,8.856756109553832,2.1959211809069696,3.019915556224293
2021-08-16,10.166459147305279,2.492517865361841,10.165513211515238,9.052389807529233,1.9138282403166136,3.6472136180639674
2021-08-17,10.250066148778506,2.5345752687275476,10.261808768169708,9.196484618316353,1.8984219203666737,3.95038408751468
2021-08-18,10.317894432963774,2.5881042897843987,10.324663598101827,9.277218519361421,2.113716005853209,3.46991203219017
2021-08-19,10.485884552309566,2.6804470957152198,10.56083372563514,9.515208060545143,2.479974243123356,4.2098779218149
2021-08-20,10.436543882456172,2.6297464770991117,10.52145050209637,9.320513655250979,1.6041860339822598,3.394079653681701
2021-08-23,10.744076552113002,2.9134585896356184,10.908859651073874,10.269963355122647,1.4442632495039225,5.171659378271178
2021-08-24,10.731696214305094,2.8379217946587523,10.853726730928267,10.191217013332407,1.622278979370212,5.210374131871779
2021-08-25,10.303134572911366,2.928134135331623,10.491202746665286,8.937120610100928,2.892761277111568,5.235759825091068
2021-08-26,10.285793526699882,2.710920356129561,10.4574693422311,8.921813270001753,2.9234252391470377,5.3393477233482995
2021-08-27,10.240363473271238,3.414944532885691,10.448403938731499,8.273240202015382,2.7047919200238337,5.750116081124809
2021-09-01,10.143227717102592,3.4795697388317763,10.442358025630982,8.499475862731105,3.2294918063181988,5.47307593511023
2021-09-02,10.129830005217814,3.58447322556761,10.398944100480753,8.511205288652969,3.302712742234139,5.500162339141059
2021-09-03,10.085779135351679,3.331511937930052,10.332936327876578,8.459752573028872,2.708907237536499,5.501779243042698
2021-09-08,9.549918794070303,3.393902950015054,10.021775734647308,7.842619311199484,2.6986030388093147,4.889963659249213
2021-09-09,9.566815538466182,3.0690825646601785,10.031606688413849,7.78992464370489,2.7817101813406317,4.740320632898818
2021-09-10,9.428188034021098,2.348941289954831,9.943248115914225,7.412418542190213,2.7607258257687004,4.43905461717945
2021-09-13,9.513203164994556,2.8047306339264426,10.040842964410587,7.367913903196094,2.4599733718208046,4.655722051675208
2021-09-14,9.509590080193972,2.8108568817317767,10.015922836338712,7.364054568463399,2.3661864977771767,4.454646925785164
2021-09-15,9.451764833903868,2.823830165361498,9.947196864389344,6.491028448558744,2.410267266320972,4.506502029807195
2021-09-16,9.34949246529378,2.0296465426148176,9.854573116092848,6.466609072549795,2.522428445591405,4.345434743701256
2021-09-17,9.23681062260122,2.402312891467847,9.691901620057973,6.22476233323082,2.4792121829323484,4.359062519819788
2021-09-20,9.342796990802412,2.6218590233865005,9.742812796226529,6.355502546643426,2.5725427497294393,5.14834412461882
2021-09-21,9.329826845773056,2.1943598731327545,9.719390701361755,6.208837514466098,2.2278096969914434,5.036623126761628
2021-09-22,9.34302369537272,2.04631110409114,9.702392363952187,6.117884297507962,2.2467255810588136,5.235062132349207
2021-09-23,9.322780281762103,2.120834989656887,9.644838173118517,5.564452918457017,1.8241609255888545,5.25759416085226
2021-09-24,9.333781278706182,2.0206765531436632,9.626727083709103,5.531709546696891,1.7829799762476544,5.18522512441828
2021-09-27,9.373443907668872,2.841941332459946,9.647612371573143,5.317456622526077,1.8400187426418968,5.3923714653760735
2021-09-28,9.296778370892662,2.49338986496244,9.608652532242745,5.343828040029759,1.6113050493768082,4.302645471445243
2021-09-29,9.3290440052347,2.8745783777001983,9.604097280529938,5.115599192058094,1.802270992382269,4.495466398830307
2021-09-30,9.364483083921563,2.6976743945706296,9.651835585720207,5.546509896651256,1.8539117857434988,4.663640465802707
2021-10-01,9.35062286553103,2.718457066333999,9.648085301030322,5.486147812130554,1.8359185530532802,4.687448560508867
2021-10-04,9.279333227813504,2.7629336407464877,9.50694348547862,5.32715922205176,1.9679577598928335,3.22624401272769
2021-10-05,9.38947219934614,3.4087268516310236,9.586640242615863,5.374923388832532,2.475488112346387,3.481188819313252
2021-10-06,9.490922149639319,3.7444702385351913,9.657834627179733,5.505910908373875,2.7110081618588264,3.356388685959505
2021-10-07,9.434544223614756,3.09743570980352,9.593586744299232,5.359532184760777,2.6437158326456136,3.669820796933171
2021-10-08,9.323392053962236,2.984162671184574,9.529469502993837,5.396149845109167,2.647366469764234,3.7045800505348816
2021-10-11,9.327992574715195,2.7433681234159866,9.53742854613252,5.244908502512028,2.4828786691391564,3.726720600885367
2021-10-12,9.354564072138883,3.089218442181554,9.59393320384477,5.20715879245382,2.3097960659150245,3.8285331530481805
2021-10-13,9.15351948462696,2.8379537673648922,9.313146807195416,4.901679873426029,2.190165699684234,3.5931632991989204
2021-10-14,9.14879399059207,2.9992231598869843,9.28514834424975,4.917706412292351,2.240238925619977,3.6240185400531773
2021-10-15,9.24510232447207,2.411162848924475,9.370193270184838,5.072158532946388,2.12084113715143,3.634902133846094
2021-10-18,9.259784133786964,2.51354489188537,9.445964945287203,5.053201437621226,2.8029582557024,3.771028386654875
2021-10-19,9.264641614094623,2.451389046142527,9.449375424813098,4.972710833993332,2.6293486293767008,3.846879370572792
2021-10-20,9.249961589915367,2.41755110926943,9.427879908041891,5.013646043584758,2.596388923435381,3.799350373695006
2021-10-21,9.139714650649248,2.279572367399759,9.376437656797709,5.244187758588089,2.587853710940609,3.430521588166208
2021-10-22,9.089153475154854,2.3552536891837192,9.310390327596837,5.615587737591596,2.7572738062126088,2.5818005032159976
2021-10-27,9.140820675844196,1.8541062833901225,9.312505087657495,5.91869146869448,2.9236158398181815,2.2052293561327727
2021-11-01,9.021106364133297,1.8528894272626826,8.948645070628283,5.461722596431312,2.7255007352942027,2.67662352930216
2021-11-02,8.961276198234543,1.9192324098609195,8.9431086506579,5.44628764930803,2.716354775317455,2.7627842141417336
2021-11-03,9.395904045870703,2.31205879702136,9.26294693910886,6.725897180042945,2.497519929162134,2.851246122716655
2021-11-04,9.414684155746253,2.359023888781244,9.263554959983383,6.821062821470309,2.557080076937146,2.93169615422369
2021-11-05,9.496162198638588,2.4843048864003903,9.237972884834146,6.6846790738031165,2.8568835489513575,3.103418557204707
2021-11-08,9.503636025999684,2.313199495963488,9.154612093908998,6.713478063826289,2.5373090427894076,3.438023729633079
2021-11-09,9.767657659067249,3.785560369923082,9.254830871767792,7.436622118311434,3.238910388760937,3.5814990083480063
2021-11-10,9.746764218875715,2.9505729040306368,9.257250719666962,7.425773094077336,3.224302266141386,3.9755497592933158
2021-11-11,9.78531098326188,3.1872433626196517,9.30610095583409,7.387949585768564,3.6378973890026978,3.930209766815701
2021-11-12,9.411925781451199,3.035574330856992,9.079998091686859,6.245976310199915,3.576331033726604,3.5690092448604385
2021-11-15,9.552350582775496,2.762203684403382,9.160686044821809,6.183925308349587,4.206668663036088,3.462137689044481
2021-11-16,9.53874880762683,2.8441737329020262,9.089568863381722,6.158506474480586,4.303479526776325,3.393976593456847
2021-11-17,12.484341236322505,11.438421828143321,13.708223653196518,12.1739299796968,5.759387374304576,13.941302022864996
2021-11-18,13.767025830543625,11.193618644630684,15.996529399156273,15.283689100370992,4.5209361773963455,14.45411613343856
2021-11-19,15.039090664163552,11.904557077153042,16.122356407034044,15.326668262400732,6.598541560410715,14.23020378590076
2021-11-22,15.206349311710005,11.409642435413646,16.156626631515305,14.226074953052626,5.38647724263332,14.766963863508735
2021-11-23,12.529173137681852,9.43866010431447,9.773776420389916,12.449565974615291,5.4193932783287435,14.559906097469778
2021-11-24,12.316880012045361,9.141170250370623,10.10505770157054,12.800122351859862,4.747130984436728,8.549743581039863
2021-12-01,12.552123953288032,8.61900367784404,10.76392280046862,10.992528308052593,4.912472671509323,7.891887523804989
2021-12-02,12.487925920697473,8.75185784121904,10.702154908726449,10.854695432367592,4.8657207571369065,7.984221513957372
2021-12-03,12.532759739376326,8.445720856007554,10.751810441834182,10.853177677616458,4.641668508266498,7.416694852298428
2021-12-06,12.218358478882733,8.469980610182581,10.687740742567996,10.854782348756494,4.609660961172864,7.226148780272973
2021-12-07,12.237601692295469,8.471984719763869,10.890879471464933,10.992859039668533,4.555252749861029,6.819279416441
2021-12-08,12.19466008673531,8.532734508658734,10.859273747666002,10.819815455582036,4.522560258928898,6.806426805922951
2021-12-09,11.992488039774377,7.823057244576546,10.755927305201297,10.6969029488781,4.320665529732716,6.732229235686824
2021-12-10,12.074348166663613,7.769998472172855,10.822204626744094,10.651122062810108,4.294413756168132,6.797175652232565
2021-12-13,12.077229081177647,7.86171327453394,10.763750126731516,10.471256016645565,4.160710142036759,6.597316910408785
2021-12-14,12.101064140715549,7.765537336962065,10.82024303619214,10.551493122913595,4.09788080110138,6.181777369179934
2021-12-15,12.061449929485214,7.675626112959712,10.835495721475574,10.599612187736174,4.070465951791809,6.236485188943057
2021-12-20,11.798218731755691,7.984412764377743,10.678896088495902,10.815109687032995,4.237883798772474,7.019184598520421
2021-12-23,11.753537763948614,7.982423629196409,10.644120554307737,10.790305715454194,4.190070989701245,7.234380644316217
2021-12-30,11.655873325652585,7.749018412109528,10.658560983573397,10.708209999036654,4.110557015429781,7.0200218197946045
2021-12-31,11.49314940644259,7.673492526364833,10.614013777985456,10.836309281654101,4.109200923269496,6.9268873550792724
2022-01-03,11.501986073102877,7.690578201715215,10.608335982951518,10.771565379058751,4.070387173783548,6.9305989069621745
2022-01-04,11.463680873978431,7.807476726989126,10.547875998151303,10.843217577248339,3.87553501678873,6.7339461375674174
2022-01-05,11.413522740728217,7.848319978887102,10.358826731159716,10.844559950159203,4.011363675119047,6.4316511385570045
2022-01-06,11.37832546444483,7.6573702808235184,10.325707271687698,10.842202471280332,3.9984213064753287,6.413027537859473
2022-01-07,11.375963358141824,7.750488445578657,10.272142028230029,10.886405760400363,3.9203653283688316,6.395123105560365
2022-01-10,11.373076278978928,6.744751495494687,10.360636676507402,10.735590689248562,3.5720109133384823,6.6046833543279115
2022-01-11,11.58463771833854,6.742065624840649,10.603862094136764,10.69475185152743,3.4178598647312377,6.438917449520589
2022-01-12,11.512828780365831,6.49101392041915,10.521675072007708,10.56546597751851,3.0419878943226895,6.242340271887401
2022-01-13,11.574988654776618,6.462812631611013,10.545746276355649,10.621542977127268,3.0181398909608377,6.1156548943645745
2022-01-14,11.313110987995396,6.467515728731395,10.516091825217723,10.477243344356838,2.905951455759736,6.213675302171324
2022-01-19,11.037112311666808,6.2708203770412325,10.432375198553512,10.425380480553224,2.67364429794716,5.567693709470638
2022-01-20,10.926651004888898,5.612731425598192,10.352721827342991,10.31215964706515,2.3507533764034267,5.495350539040717
2022-01-21,10.986553615308047,4.853324179676964,10.249130954918318,10.083541162842932,2.28878546777323,5.299567212383688
2022-01-24,10.556632240850261,4.767285586986786,9.73911428264258,8.606110687556212,2.5016635014833013,5.369805850187394
2022-01-25,10.681934286050518,4.785621080991766,9.784320471943504,8.662434023709428,2.4562485062279964,5.197519536832301
2022-01-26,10.71649097030037,4.874586644413527,9.766050466199632,8.338623066721093,2.417867693189992,4.959544105683482
2022-01-27,10.801870715946691,5.024712252877702,9.920903225697296,8.233875935299979,2.44096414334245,4.037712278790651
2022-01-28,10.869208638131726,4.750167489587472,10.056254303036638,7.617681333932193,2.122934593767249,4.04641710703433
2022-01-31,11.339361069400374,5.215990138595413,10.353218346207399,7.81081271844965,2.276082775687858,4.291412941969715
2022-02-01,11.361130199724947,5.138125089938132,10.253625263688958,7.6385257945279905,2.3838975344865063,4.181232797880448
2022-02-02,11.54764020441952,4.761458176371542,10.356078559911289,7.630523618488552,1.9123786366083453,4.40642193200572
2022-02-03,11.798067482110325,4.317426260108724,10.558306389563258,7.432857691752083,1.6959787807993603,3.6596886877948447
2022-02-04,11.741886416464062,4.726688341366525,10.251635735847715,7.5037171205017925,1.7868767886100125,4.078401779264157
2022-02-07,11.584973233415186,4.199060729800254,9.94647428557691,7.491342185807983,1.2464574540537268,3.9020892635511877
2022-02-08,11.633819240043701,4.287413312183023,9.96713744889995,7.296934786268644,1.2660628447560347,3.6372445355103458
2022-02-09,11.520031660772498,3.811066295131752,9.789611874616552,7.428593705441934,1.3399699874926823,3.3567984935168496
2022-02-10,11.273888693895346,4.010036906323198,9.458922422553934,7.422188592302683,1.3524511041570617,3.0987590809224534
2022-02-11,10.930438291276914,4.205483333916262,9.29364722185452,7.301667636250316,1.3531568159531142,2.944710987356397
2022-02-14,10.861902482779648,4.129170060300257,9.256364685379493,7.345735421298882,1.2386069636266799,2.9753001347021706
2022-02-15,10.824051302400031,4.708254099735426,9.300272290979848,7.755758355053456,1.3076951860566695,2.657517153580824
2022-02-16,10.484111795005566,4.692865502477303,9.06492660654625,7.6520798118522615,1.2979423337334206,2.705141360506321
2022-02-17,10.176728803203574,4.270802026511919,8.959966797966157,7.59290195575658,1.3561575754053201,2.7014038118036336
2022-02-18,10.063531346246515,4.1764383777788625,8.903960797828931,7.306607181998163,1.339551550111066,2.709476848738962
2022-02-23,10.20792322864278,4.345528837633839,9.19991381899057,7.218890068644519,1.3575600958754264,2.9804072524300267
2022-02-24,10.137828631791136,4.216966182211993,9.225360225786725,7.207926351270882,1.2751545523172574,3.7035815386621507
2022-02-25,10.159085488686193,4.139261559001726,9.122516765574469,7.156008129206971,1.359153955994872,3.6709184347874717
2022-02-28,9.984510236221789,4.115571448075171,9.251633063288939,6.773678721255666,1.3656481406323102,4.1422544402587915
2022-03-01,10.127684170177849,4.202762511067437,9.47742248042199,7.500841741591839,1.3756678588235038,4.085665623068065
2022-03-02,10.302486236854456,3.5982824193309555,9.829206082237096,8.488029813593563,1.3966778348405742,4.956121721735289
2022-03-03,10.245481929071522,3.441342943610554,9.798940039808246,8.275032889104024,1.5202673626546446,5.162549019130669
2022-03-04,10.276829978349566,3.680053484151308,10.010578308407576,8.819744894827737,1.3739725059933612,3.6087057618582015
2022-03-07,10.274667850263178,3.5467951053829405,9.983647811511057,8.839219754029797,1.3760186813754405,3.4895117067896404
2022-03-08,10.2525366779505,3.580647953824615,9.956096523685883,8.715552411171675,1.302203346341746,3.8678862346538687
2022-03-09,10.395975497326948,3.5916280974377344,10.193719297052706,9.405003484379668,1.509862074938049,3.553872191559796
2022-03-10,10.407610763239619,3.6624924384097017,10.196456604721439,9.476283131748142,1.5689862910149381,2.9785487525718675
2022-03-11,10.35954299564098,3.7264595491452983,10.175722278272138,9.366302990921497,1.601764350845216,3.2964777885772345
2022-03-14,10.503518339145852,4.09157871079218,10.381525372301072,9.581832932700843,1.9764443366709628,3.8073657011182167
2022-03-15,9.856400783164922,4.397509139257202,9.779386958354944,7.549470212476382,2.2709057114258466,4.245895229908226
2022-03-16,9.778151797709013,5.0826833281354515,9.765113569215822,7.51853082688304,2.2909023890395748,4.372134656198223
2022-03-17,9.752085083312044,5.0734556027792275,9.698005293003108,7.485624499709886,2.3674829775654844,4.372117070298629
2022-03-18,9.732757796932015,5.073750266080235,9.688184168821316,7.241751040597827,2.3865779255782997,4.338453310952494
2022-03-21,9.6659744581345,4.853856077745927,9.6623491920981,7.044585504692496,2.531493740965063,4.354056366797597
2022-03-22,9.656265442066692,5.077619632067126,9.655041796826351,7.005592334281585,2.606115043602808,4.49349262873975
2022-03-23,9.654242096868785,4.16277488189844,9.655560764974599,7.143207140586125,2.5718398698540645,4.547423892239601
2022-04-12,9.649283254891571,4.3710880986703025,9.64730780898397,7.328021770582236,2.7159444792257013,4.618875704992878
2022-04-13,9.657241286454214,4.420052311687613,9.657371555726057,7.350238047111272,2.776944671265776,4.654562851314533
2022-04-14,9.64983710331884,4.35302623596943,9.652114096510433,7.355626694810993,2.7215616308581345,4.461805472136255
2022-04-20,9.618225139445473,4.033234164259623,9.625138458210108,7.131165043076247,2.7621568291434992,4.39402473651209
2022-04-21,9.613862078749335,4.083498745934207,9.60807940886655,7.082247049025312,2.7881176432271855,4.577867009713475
2022-04-22,9.616894626633945,4.132327225664738,9.599825692689471,7.041137465184314,2.8419676202148563,4.733329384015067
2022-04-25,9.589033597540533,4.160727842314029,9.499833623757628,7.000393057335962,3.1126660389919922,4.870748398325632
2022-04-26,9.589560822203152,4.34934298111732,9.495158551946615,7.034496540992039,3.0158985184492337,4.534188447389861
2022-04-27,9.54741123002338,4.238219721099427,9.478759040075888,6.952339417355656,2.8793026900006713,4.471718835305999
2022-04-28,9.590267254626726,4.284050401249305,9.506620076593915,7.086276295788128,2.874079073336087,4.505939403149345
2022-04-29,9.545251252619158,3.988891087443101,9.340465459579708,6.990765441328242,3.4684182315259733,4.443168351658421
2022-05-04,9.632359810699645,4.465364287016939,9.442808404479939,7.277026620378964,3.624058856972806,5.076464341593586
2022-05-05,9.613408333974949,4.3679696188320145,9.415207368190515,7.251342088102362,3.6195816046861267,4.758507574573473
2022-05-06,9.620344049616024,4.3827580457269315,9.424327077581227,7.264729934993142,3.6562905126728715,4.535847217100316
2022-05-09,9.772356021806212,4.748777181902375,9.61003077465652,7.6838676759974875,4.17110392030526,5.2132340029175275
2022-05-10,9.872181728105824,5.229363425162074,9.716937051647319,7.926654345437232,4.22523541714519,4.818342113089677
2022-05-13,10.138569838223216,6.032134666928646,9.967710092921708,8.526682165980153,5.268490307493468,5.108117255287995
2022-05-18,10.179736615314248,5.8373022527267375,10.013970613655506,8.608402597277141,5.179101704750699,5.216903355534742
2022-05-19,10.16744416824319,5.758932486171492,9.98939172160667,8.568731530202614,5.294814865429581,5.2904135397281395
2022-05-20,10.15163477549048,5.076815205975676,9.981244957880149,8.611146938589174,5.381865345239898,5.335965568484155
2022-05-25,10.102688904765557,5.170992644461419,9.915715106606353,8.540898862728577,4.381098988543944,5.500888763731823
2022-05-26,10.132541943499753,5.051004033598809,9.9380058937039,8.546623192937382,4.482237027145186,5.541470185266597
2022-05-27,9.954892574769472,4.241506958702842,9.855455491259567,8.076243531354537,4.376497917127224,5.215177174339919
2022-06-01,9.91412600995106,4.320497246699056,9.799681109736373,7.986848852231778,4.718988493628556,5.2339201581102275
2022-06-06,9.837283443043788,4.236353421554921,9.700951733792197,7.871417801810041,4.803625471198518,4.580894767845009
2022-06-07,9.82711384197738,3.997304116505483,9.681236795134426,7.812902446606621,4.674886694836339,4.529913098816812
2022-06-08,9.825161467935384,3.9615405234743624,9.675453951069453,7.808197983772918,4.691968884745616,4.48142281169284
2022-06-09,9.768764891098433,3.5159243823478605,9.622646365559207,7.851069818621448,5.113426553925636,4.783767401179673
2022-06-10,9.739908124485401,2.9480366768978747,9.623072459704604,7.82757019950964,5.103567159722777,4.538998035091111
2022-06-13,9.76479549946544,2.8999747446936808,9.622595301822267,7.898005962603616,5.030249469851938,4.2286175271967466
2022-06-14,9.833401750191507,3.1506403906494747,9.663003275955887,7.951682861545014,5.116337411245715,4.145748723258005
2022-06-15,9.809627852817815,3.052688530661289,9.560103532443607,7.7236268963014,5.277185139899413,3.8052306533471136
2022-06-16,9.700675318435204,3.1421202274201865,9.492042153043823,7.636256823889685,5.11370912274536,3.311753300141527
2022-06-17,9.729554722635351,3.5660188294103112,9.56819000367946,7.698133738829586,4.7722647509798914,2.977685371623673
2022-06-22,9.565443441258381,3.3672153262654305,9.502031326544987,7.518291730130888,4.69910352596592,3.015558704458234
2022-06-23,9.569732270230865,3.369206730605812,9.508363239744552,7.502832320429054,4.7004550432791925,2.872204438029176
2022-06-24,9.576684361689031,2.91062458023019,9.518713735736624,7.469980141372443,4.5518375844575,2.899170808860781
2022-06-27,9.481153422077966,2.9118964509816863,9.470453911219131,7.177750377503348,4.652934346873761,2.794959144527727
2022-06-28,9.504394474137937,2.857722354163513,9.48942036072631,7.13407804786041,4.605245299225473,2.60177585419877
2022-06-29,9.528819045686168,2.7887722554926495,9.51676542985839,7.212384970254462,4.657312739139023,2.701477831499277
2022-06-30,9.55361756163664,2.8971982787338812,9.399578989347942,7.147974093462764,4.8665404310361255,2.6328374518534257
2022-07-01,9.488969612745267,2.31154545478377,9.343432420058498,7.170663405139525,4.75104575724441,2.5978369699562687
2022-07-06,9.459901292716987,2.3230458692311533,9.379758057404917,7.045175552658885,4.684755916566739,2.6070698630357563
2022-07-07,9.478648720553972,2.447434696581933,9.463176221268895,7.121921278618053,5.294483414135498,2.79843824970985
2022-07-08,9.479128390799103,2.5840171007171118,9.375659310653736,7.065594991776958,5.306238790703342,2.758374628472861
2022-07-11,9.468781508946227,2.525075404632641,9.360484114224798,7.081001196052299,4.53446843338741,2.474911884419804
2022-07-12,9.764225324151733,2.7925428416261386,9.699234763049107,8.125701457445219,4.5896207162791205,2.7919014362864814
2022-07-13,9.75836863673617,2.763731477820965,9.674387258846055,8.066653736144179,4.41662919065902,2.8449355172832647
2022-07-14,9.738500634911704,2.576783118993444,9.609369474989206,8.008985476763916,4.4322142806363205,2.816216840349805
2022-07-15,9.665120721794667,2.5892702291237764,9.538255230863294,8.037832541482432,4.145730633509813,2.4326939091140862
2022-07-18,9.753789429596926,3.5255610992285837,9.63212762629619,7.999557027000958,4.637256141408129,2.7956887132676798
2022-07-19,9.65004625191415,3.495145745621949,9.468680878138432,7.9891000439132815,4.059446760206408,2.6488389485886574
2022-07-20,9.627839883708603,3.4834464674764956,9.425279399241012,7.899920624490096,4.05784003995584,2.535724819096948
2022-07-21,9.544727643491862,3.5799224858795644,9.504944580986976,8.20588359800823,4.3651031315200095,1.8984383799378428
2022-07-22,9.369882799115873,3.0530217902273264,9.170768262242657,7.8711077413731525,4.754339142842238,2.2216804371568792
2022-07-25,9.430064722593364,3.1241806200071536,9.232266466702244,8.106558878246988,5.012804092698336,2.3715799955370174
2022-07-26,9.348310556967816,2.4269432333791623,9.043506533581317,7.864221383539405,5.210456305526397,2.4438468231949395
2022-07-27,9.356653692461556,2.6707544057715915,9.039032298343427,7.89519223123347,5.076371100452207,2.767747806414674
2022-07-28,9.356909864221846,2.6671605076509177,9.004333780442037,7.828554386119015,5.1120606990768644,2.804779212755996
2022-07-29,9.326631382278117,2.5349261740828593,9.000524535196256,7.731415352857227,5.023340745342536,3.0104775125947225
2022-08-01,9.40367410349462,2.6337351715162733,9.108033836797949,7.980663310832786,5.2257208911073905,3.1603713152760133
2022-08-02,9.395832873166261,2.715738219287056,9.099587042503073,7.993047064650377,5.2142863011548375,3.23319524373513
2022-08-03,9.517772761757987,2.8793835192894526,9.272913128163145,8.28996980284612,5.137600202628598,3.2832840843441775
2022-08-04,9.536450881624441,1.975477453425939,9.443384474507159,8.161123289945483,4.745864128061352,3.3938759513556795
2022-08-05,9.519048787827359,1.9462595145569435,9.440842507977338,8.16997724099926,4.7042376311575795,3.4159853694366564
2022-08-08,9.525320922357835,1.8960243527987306,9.440115327751561,8.23896570043279,4.460575499947431,3.523452860615859
2022-08-09,9.39267433924779,1.8894752678858409,9.38007633518936,7.970529103689043,4.428890876932576,3.4696514643786904
2022-08-10,9.435166757383696,1.9262483633195604,9.430844388067639,8.026506727207185,4.66414231571037,3.724140150613238
2022-08-11,9.441690256658768,2.1482204241071687,9.435056120484616,8.024642002628148,4.606990677667168,3.47181868600304
2022-08-12,9.389479240216287,2.1144552370683747,9.327307287789132,7.937965360274153,4.301349049611296,3.1999450531311013
2022-08-15,9.36358151342744,2.1285752974191943,9.243794002002929,7.930035418005591,4.2957019575602775,3.2796237456295096
2022-08-16,9.358401871673761,2.3052129197238256,9.200920157049866,7.824405988258726,4.393829293379146,3.4808824100182023
2022-08-17,9.377126955078865,2.3127496323591363,9.21294593916891,7.89389408402952,4.286132834807227,3.660935136027639
2022-08-18,9.261393879258714,2.391454470139713,8.893191000152912,7.794812273291761,4.221528096619653,3.5832644900447943
2022-08-19,9.200758228393235,2.1850655428925854,8.863294237225348,7.7352707269730985,4.93560844925987,2.4424575491630796
2022-08-22,9.047391168479583,2.36543439138666,8.862806723310094,7.758982652466212,4.958213483934093,2.3730188442604976
2022-08-23,9.111491790143171,2.4072658564412874,8.882924332347491,7.8532088079668325,4.564698483784437,2.427615816329019
2022-08-24,9.038021263174977,2.403805375008263,8.729777410986484,7.514552372640122,4.577357186499429,2.345626299144234
2022-08-25,9.019396361440046,2.3086178774697372,8.716434555718477,7.508661579636655,4.479717905005713,2.3698886797730503
2022-08-26,8.941260240510134,2.282619730638641,8.6862179793159,7.553233710132218,4.471833877084884,2.2860680956295583
2022-08-31,8.72674456374124,2.2674329598577,8.488205493490392,6.93450655737443,4.579991747055266,2.3370450835670464
2022-09-01,8.71533540893227,2.3038347235871726,8.483170738271,6.775139424111406,4.787225049407659,2.5873213237803507
2022-09-02,8.509364652081546,2.2459220523917227,8.395396014824138,5.569761500508208,4.954445236244955,2.692013978906767
2022-09-07,8.787901017454326,2.400999114417805,8.606505175677919,6.194879512191659,4.704114770890196,3.2083396826237913
2022-09-08,8.781887714357469,2.3793364544520155,8.609575954276034,6.203832327785787,4.729631733255187,3.1519750687945653
2022-09-09,8.802754914780571,2.4224726318620458,8.584370721514775,6.125644791667014,4.941590220107686,3.3256231955126445
2022-09-12,8.794026141415134,2.424867699563338,8.57042695568797,6.1102153953069775,4.8336139655733135,3.295434402875793
2022-09-15,8.839224982568432,2.324520357340008,8.65690251781901,6.264684843612911,5.027166870746321,2.9443626796009226
2022-09-16,8.847992992653012,2.3809143706903364,8.674130888754787,6.271855417188167,5.167975776070732,2.906402140943365
2022-09-21,8.797895014223725,2.3954953595147175,8.652169518426005,6.239247798765248,4.984046628205857,2.892661888340801
2022-09-22,8.804286751334708,2.4081975436671104,8.644434949911764,6.200447201705919,5.031821270339193,2.690476999995741
2022-09-23,9.244156839443459,3.2699750555753826,9.064421395537659,7.015161567645403,5.447248562030815,2.327135078436678
2022-09-26,8.804872195717376,3.4091163416990846,8.390294546465775,3.1463778630945423,7.922160251655164,4.191719076751997
2022-09-27,8.662010594504961,3.4903997774909175,8.297255421739901,3.4727948154948804,7.886078080599138,3.8973403940670246
2022-09-28,8.626084182238229,3.4008513664617914,8.221719337757106,3.7798252482266332,7.5773297912191895,3.7041383154072682
2022-09-29,8.626446980350089,4.103910778579991,8.286361579825472,3.9941500877714105,7.193965698819458,3.4847186635963534
2022-09-30,8.598761619131505,3.81767072614624,8.26227962169903,3.912592106303764,7.1844003290128695,3.51385184194161
2022-10-03,8.493421690608926,3.690428851893644,8.164771567576876,4.396510638268316,6.958806801257411,3.4632271356986415
2022-10-04,8.529088349147386,3.6895978599621517,8.264897351285969,4.462782194473003,6.414793745852261,3.375396769833433
2022-10-05,8.390226278839643,3.9995907504678314,8.212645512119016,4.34610787235696,6.48339695118472,3.4782234313583444
2022-10-06,8.429758393827573,3.3246449884978175,8.263911116114214,4.397574379075869,6.815921737882127,3.6046447421461774
2022-10-07,8.356083237826601,5.159343667633968,8.056995718437319,3.362635693106349,9.468255647312866,5.7431169433514135
2022-10-12,8.336117808636741,5.1165038092608865,8.052083153016193,3.1558932861000812,10.036616069840909,5.633111421212068
2022-10-17,8.315616083125741,6.268453055667023,8.13086891085104,3.6586834148038556,10.1454859521654,3.766686991273721
2022-10-18,8.525402349400073,5.713641173097337,8.290686565715246,3.7746032899832045,6.913328861673727,3.6383851293943814
2022-10-19,8.581555934409055,5.480450844902844,8.304004388124715,3.5460679702302307,7.519844763334444,3.2888894823609736
2022-10-20,8.612358914824076,3.541042701339064,8.314746831283061,3.55988007154869,6.744694363986871,3.105950112187657
2022-10-21,8.489022274506468,3.308693409772815,8.25279209694073,3.507789173257238,6.506602031488602,2.7387338422882195
2022-10-24,8.455753589397505,3.290223648161252,8.234661353091747,3.513571930509864,6.490878345223339,2.735101875850617
2022-10-25,8.438223496655636,3.404610601331731,8.184116838425307,3.545047564820758,6.641706706987937,2.591590904142129
2022-10-26,8.421301205492515,3.4628075341678497,8.177972930556361,3.5158622437377365,6.579343092828364,2.5924442992559436
2022-10-27,8.402607438480077,3.353399994910476,8.144778008174894,3.3980056267632732,6.530974811857452,2.5714463103310323
2022-10-28,8.250012763216882,3.317053331622695,8.015106599625737,3.3794395738988388,6.530251418276577,2.5478924792522526
2022-10-31,8.202801120013797,3.3074224055055,8.007232667168898,3.3608062866646082,6.43401110876863,2.5496483544607966
2022-11-01,8.215431044512771,3.2935645898173145,8.027579412407697,3.292825497182833,6.4414486339266865,2.539422867220905
2022-11-02,8.021398482523376,3.313275678763368,7.9261486477362935,3.2187022490552795,6.241407916071922,2.303523098679365
2022-11-03,7.964614339497683,3.3014856538543413,7.88628522656018,3.1792042211681806,6.213649245274159,2.329429981864615
2022-11-04,8.08795306429322,3.67868077818399,8.089985551270868,3.0894207258973236,5.856282842413261,2.4702002103400305
2022-11-07,8.128170266760398,3.5900890903656166,8.10666159543157,3.17292054366532,5.8504662688090265,2.3324577625401948
2022-11-08,8.05117732537401,3.010799714438278,7.971638533695134,3.4631600518575927,6.111680222333615,1.943783792207297
2022-11-09,8.121269929563526,2.3928770778395836,7.984383033102181,3.68443751167475,7.379211242530076,1.7789616047820644
2022-11-10,8.468722850091323,3.0012170770863578,8.199982986847518,3.8369814243711,9.892137000620675,3.2786306072442635
2022-11-15,8.20265576139157,2.9755050777865946,8.09741939711492,3.874750190688888,7.339883886177538,3.122745593990008
2022-11-16,8.208174082870682,2.9460599317154927,8.09656795093155,3.749414020617742,6.127819602113814,3.3046971838074275
2022-11-17,8.314024061354415,2.8340647650250386,8.076288887558276,3.0488998666869143,6.469476637665763,3.3267893641623103
2022-11-18,8.364009114792351,3.0142775206830934,8.184059281444696,3.7607603363091897,5.097853150095022,3.35102167557681
2022-11-21,8.34354030946682,3.007639134919863,8.17966909113578,3.7599593793468316,4.50897573402374,3.459026862050163
2022-11-22,8.193510291072739,2.96827985499859,8.139707955256258,3.8302174885262534,4.446438939446991,3.4606511854470354
2022-11-23,8.168677601803884,2.9567947625389763,8.1386739835377,3.7752465500146677,4.129047178791663,3.5211584304727723
2022-11-30,8.305724456617481,3.183165651482023,8.273648580991074,3.7728514402612174,4.260912566770693,4.074087733802488
2022-12-01,8.329868284413761,3.1544444779302148,8.273709791818128,3.76890330270393,4.369485001811195,4.166307698094414
2022-12-02,8.308339245929716,2.3267613541703667,8.192421496103881,3.2168523249048397,4.224399047001098,3.591217681528954
2022-12-05,8.541246081353641,2.488692329145394,8.386499392735654,3.4851780133708767,4.202268951552056,3.750033964222046
2022-12-06,8.628266815864063,1.8068606312751256,8.593413856673552,3.6825185433033076,4.162270463793314,3.785749644260239
2022-12-07,8.577335536236241,1.8774490790266958,8.634470537093849,3.78992882029733,3.9841054603136477,3.7244473932802724
2022-12-08,8.562386908528028,1.9473296153860045,8.63833513087827,3.25473286520269,3.435827405242923,3.8590903860432775
2022-12-09,8.559970501424479,1.8417455448541418,8.630401819724437,3.2753962462671224,3.3904887058552773,3.6333064371124544
2022-12-12,8.62449872866572,1.8162130685815514,8.70537882036436,3.4319627514669158,3.3246118635364916,2.8632225026428113
2022-12-13,8.673104466785224,1.9916415477961562,8.696992739433961,3.426419298278301,3.421794102743745,2.9775983572478792
2022-12-14,8.640610904184154,1.8657275369012496,8.727895963734428,3.380677343257188,3.6631245998648088,2.859706385065806
2022-12-15,8.661714557076793,1.7798986962020997,8.744895650102242,3.1246929322417736,3.7587776650342466,2.9838173811638895
2022-12-16,8.68384235239065,1.707529087837569,8.778476276960216,3.23578474177217,3.7333086528326938,3.119979892580432
2022-12-19,8.68372874552712,1.5488777653886974,8.781052635963805,3.0475792908060924,4.1826879645552815,2.706144826136285
2022-12-20,8.37798763208488,1.8496824423540301,8.548032078192955,2.8842251016917935,4.4866842770973765,2.7971669293576973
2022-12-21,8.265641591125364,2.3015637335076926,8.582186024571103,3.0749501480660135,4.387458320169198,3.0523816864815387
2022-12-22,8.334932426541958,1.5017214335878641,8.631903120997775,3.161646628382466,4.585615828128061,3.7704684420050687
2022-12-23,8.426064691438333,1.4493387860200804,8.785631212441915,3.1717959082122493,4.80763774229579,3.625537257627864
2022-12-29,8.41359251167353,1.493803878600227,8.73610732230529,2.670939034626174,4.822108106250398,3.1189503848763547
2022-12-30,8.408007542567562,1.4889524183157568,8.716021819187477,2.726209872297162,4.654445728274594,3.092145924414064
2023-01-04,8.46847405346634,1.60449551511877,8.724663708755445,3.668086255728357,5.117625743240588,2.0416856716228504
2023-01-05,8.44309258820733,1.7142308276999731,8.610356802095435,3.1183818386922417,4.750141410498893,2.152162376280699
2023-01-06,8.418373041289085,1.195410309950364,8.595438841876257,3.1735357771358146,4.837463929646324,1.8980087298488322
2023-01-09,8.462932639738522,1.2077705908474197,8.626786835125722,3.3703547387545645,4.920095225447533,2.1417968860275045
2023-01-10,8.503687588533273,1.0741805216006817,8.674253403126665,3.4879788362645825,5.015417851278831,2.2983693127812472
2023-01-11,8.653836555300567,1.1288263711043263,8.801237144938709,3.832649076714197,5.089392137752136,2.739620814218739
2023-01-12,8.668792278605201,1.1247573818649788,8.836852351888147,3.865667491480418,5.075326850195111,2.730236022342036
2023-01-18,8.68697342961552,1.1528008737102524,8.848817559008314,3.917072070837696,5.121392905118086,2.734884232962246
2023-01-19,8.640758056314477,1.3207509781134126,8.80799027668373,3.9973488882174077,5.194077910430349,2.5148825769801153
2023-01-20,8.700926070981968,1.3914139147478946,8.83542689627725,4.232920266408776,5.27098723893469,3.0281305343488163
2023-01-23,8.724132212403923,1.6888913912731285,8.871017352955297,4.288803165335348,5.318845797009504,3.5866948686467004
2023-01-24,8.638833871781204,1.6893621610989136,8.812152578540848,4.189861706558749,5.409897481139851,3.7630636312101395
2023-01-25,8.609781573645039,1.5859332184134933,8.804319628913845,4.094442230742586,5.423543590711326,3.7254735207159384
2023-01-26,8.620620786605413,1.3150423186413667,8.849029124782978,4.177337022689419,5.563165897825654,3.709643512527381
2023-01-27,8.512686816770453,1.376572720577505,8.776793632777144,3.8211884756944223,5.487547899610468,3.7567160074016113
2023-01-30,8.37432826183593,1.455435903757505,8.718770732564973,3.6654681770469097,5.378291667988962,3.5711317995150353
2023-01-31,8.231896658059764,1.3682748658416253,8.499797759578424,3.667038958203774,5.554665779617153,3.5951198515100553
2023-02-01,8.185848630096524,1.3251228806210973,8.499968733142287,4.1696306675247765,5.239496487209583,3.2828910348801923
2023-02-02,8.164625434529947,1.2689407634323933,8.45031516607375,4.171635800104952,5.076135940174834,3.2522032200608955
2023-02-03,8.170659799168044,1.3558156282597693,8.511384069735355,4.371849726173452,4.367771678811015,2.85401085645513
2023-02-06,8.177667738961107,1.4235896999078772,8.400111924344012,4.423884571156175,3.614951061608579,3.0302254625855176
2023-02-07,8.537281948413993,1.7044084531462815,8.54144468592989,5.06094794391095,3.6307584491968696,3.2069917252885602
2023-02-08,8.516591013772057,1.6615773157833005,8.559835244431902,5.012084918575902,3.8185914442271485,3.124458928909037
2023-02-09,8.505235400818252,1.6740262231515015,8.558612375727268,4.99111112116258,3.857099985605848,3.2804588280697415
2023-02-10,8.498073311179196,1.568202264876221,8.60797314279251,5.046860028707752,3.8807672337130117,3.262859947399725
2023-02-13,8.515981470868512,1.5203682585282579,8.62373330296831,5.077972798067951,3.903186430765641,3.218725134043449
2023-02-14,8.476847243149432,1.5240491742666322,8.607616602529863,4.9798374038362825,3.676333746616835,3.0537853501952075
2023-02-15,8.45241207588524,1.5696327756973236,8.593939550457309,4.884750491084718,3.4883232539733204,2.636757439306936
2023-02-16,8.469756807224982,1.5336005913728394,8.610955459878873,5.009738927428155,3.4265581281022044,2.5353794854712266
2023-02-17,8.638307309843862,1.9217306661479696,8.75530969982669,5.218152255267525,3.4050565415882286,2.583342248420933
2023-02-22,8.794528848874068,1.8420595907208366,8.935026622475746,5.4404333759367915,3.544202876537977,2.562295800472597
2023-02-23,8.83278001291553,1.9213990810843944,8.950361514993872,5.707427683353102,3.5791665389046528,2.5422225243402132
2023-02-24,8.825734448659029,1.6081977540366312,8.960604048306399,5.707259572389639,3.2584756346751433,1.6390702414851503
2023-02-27,8.790928955098897,1.6591868200710032,8.934080194840513,5.670418262988952,3.445160752258362,1.747449989953161
2023-02-28,8.823657163923476,1.6463794322691756,9.002446033688122,5.717807873044695,3.35951730770136,1.7873420589762175
2023-03-01,8.80840185447938,1.6716949594865138,8.96343094532754,5.658079393266864,3.3384684134011504,1.7539285220255014
2023-03-02,8.804712678975203,1.5754590958592478,8.96611532905794,5.663353728742106,3.414211435025542,1.6572341042487597
2023-03-03,8.824633814920945,1.6361559063485906,8.981182839204608,5.796354693363598,3.3158984936882425,1.8982834939571813
2023-03-06,8.743778351935301,1.4849892624323366,8.91669610507291,5.757778649285037,3.3068084501367205,1.9024972097143784
2023-03-07,9.01163758682977,1.423948177584237,9.152681445143651,6.310050297496052,3.347239691419164,2.115943635535418
2023-03-08,8.994788496761952,1.4305893571769701,9.135171580138035,6.180001981839941,3.3692597686654886,1.975484594617947
2023-03-09,9.12021816447591,1.4020366196045613,9.267146019331006,6.471946042709772,3.331093704615251,2.6606071028840494
2023-03-10,9.074554325955816,1.4689319776060399,9.22458892684562,6.472399351131216,3.507690403966801,2.3845071245846508
2023-03-13,9.135981509815283,1.439257402846585,9.341746741054925,6.611058312556764,3.463222459864975,2.355252324732323
2023-03-14,9.277514251710784,1.902682684468802,9.437068484490803,6.841593571567564,4.0705193432635065,2.260351366252548
2023-03-15,9.394650424653038,2.20220306823522,9.570141971181583,7.768114813739563,3.6818042207059274,3.871121456545218
2023-03-16,9.25678254552712,2.128243126070441,9.540799886760704,7.5911477363082644,3.4539370297462515,3.7746106583440446
2023-03-17,9.364594096528057,2.307849198502669,9.58221848446687,7.755024374461763,3.4031315616258824,4.25503175995548
2023-03-22,9.356277636388814,2.284806790929515,9.599574167019398,7.926315112180123,3.627401097406672,3.3988963863839463
2023-03-23,9.261677597385168,2.2745696826341626,9.487880653472558,7.729660368323473,3.283765594281037,3.2455908365375206
2023-03-24,9.306158028334307,2.2795944382272264,9.391426979032715,7.701698266760729,3.309179741258413,3.3812182767046655
2023-03-27,9.403014216619324,2.424158200917272,9.471225795981299,8.004271896152309,3.487575288667834,3.3951970972066388
2023-03-28,9.331125067495334,2.373023365053989,9.44204884975625,7.920723244200073,3.5198580474941177,3.2716288916463867
2023-03-29,9.30674924834077,2.374714758455267,9.427760585927226,7.840410396211234,3.6348941699864468,3.0311910198750067
2023-03-30,9.369919292175902,2.356135386073166,9.4825696377478,7.92784312786717,3.473317809939001,3.048535029591124
2023-03-31,9.380783204922496,2.596405122635241,9.464431843364027,7.9721312837186495,3.4780143792069578,3.2596286228157467
2023-04-03,9.60183573117096,2.788189044814906,9.709201798270561,8.289356648884198,4.141472139615197,2.775600126234947
2023-04-04,9.5962699767431,2.582311691786304,9.705970371110505,8.383122108183608,3.6222071825512088,2.135814028257532
2023-04-05,9.58456515055635,2.4288981698851613,9.707729450938652,8.344998957716472,3.687628587450801,1.539686964732865
2023-04-06,9.564507194524241,2.4727342762304096,9.717325871711871,8.320292427213536,3.5995249847119974,1.54128883113638
2023-04-12,9.531444955745215,2.4565286032691276,9.694907110217292,8.26554898660793,3.6188620975410792,1.3760000318275827
2023-04-13,9.542336858301761,2.619270289930881,9.7017921705482,8.280727297098656,3.612587476181032,1.0162879449406692
2023-04-14,9.517234726972768,2.2878580619352347,9.69774865337953,8.248996942133765,3.672144434060504,1.0644310372903902
2023-04-17,9.538357639621264,2.3199468921996647,9.744824099572279,8.265604866274934,4.077144775111389,1.247551363804846
2023-04-18,9.54172738820184,2.2732974900970775,9.749155543389254,8.277921868866118,3.975075377388837,1.2991720719519078
2023-04-19,9.53377584451637,2.240782365623565,9.60892965304325,8.157339960351054,3.9375380734589664,1.4589298864536102
2023-04-20,9.597686014340388,2.375548718857312,9.671538556164597,8.187582841506048,3.6591882015037585,1.5156070412147467
2023-04-21,9.606074946237934,2.1584120852942736,9.66763754729697,8.314567979955136,3.427710301992809,1.4880577092465819
2023-04-24,9.602200070885669,2.172149242819493,9.667589212503247,8.298189411976596,3.497902108079933,1.5098777119295803
2023-04-25,9.714466491175534,2.2259266505227155,9.782990331140876,8.51366613738854,3.354757000170172,1.6240284584898272
2023-04-26,9.767637041624925,2.2563328827069404,9.849340871518175,8.574947497329038,3.3351505826424486,2.3199621010995912
2023-04-27,9.722431451988896,2.2526944944752305,9.748158456074762,8.362940125952793,3.4392781687425633,2.2306772055921615
2023-04-28,9.66288284832178,2.250694927208404,9.7174587048479,8.240000904806186,3.477202719152798,2.157015274090692
2023-05-03,9.891879769680052,2.8854080820121806,9.925203709071146,8.565465454353202,3.5440391225466716,1.8901788733642808
2023-05-04,9.86351146643288,2.8922385381743765,9.905183209408294,8.522941282517397,3.532947707584579,1.8804712276897801
2023-05-05,10.039769106107618,1.7877532459739314,10.057366463664208,8.89845057237354,4.2103402920540836,3.0797348657588857
2023-05-10,9.852384167171225,1.5976384513130253,9.865631969654894,8.399606142046013,4.202112263376693,3.035406206050869
2023-05-11,9.842885795188677,1.5926403765261758,9.850210411022195,8.332868091484878,4.20278819602012,2.9654030254680053
2023-05-12,9.842766538287302,1.56474317489337,9.84271644385901,8.372528736396463,4.2607174855102,2.895942728263384
2023-05-15,9.866400409389794,1.7365443015689708,9.868869241900983,8.448754020796788,4.7349311347940946,3.0287936586955926
2023-05-16,9.820546255804492,1.7524804235610443,9.798812632580079,8.239656610389858,4.8236405409720255,3.030330051690076
2023-05-17,10.036182508219838,2.161631094401682,9.993019533259321,8.536099748260987,4.851032668607439,3.348835175603661
2023-05-18,9.891048920565026,2.1484032849018972,9.778828202527935,8.09651049312548,4.793368633976033,3.308020679313889
2023-05-19,9.858429279674011,2.2319746004789143,9.717340310421811,8.014719463356704,4.8237720780316,3.333883072405887
2023-05-22,9.846460098638739,2.2311355448520254,9.714135766062105,7.937939648629217,4.850482518163285,3.496844525743962
2023-05-23,9.739756472700249,2.282424702276916,9.647855025980535,7.67171320854547,4.712535182403658,3.5578393801899053
2023-05-24,9.670055296216413,2.282506151305643,9.595946659928812,7.609980291663091,4.726185670827143,3.2595051805044126
2023-05-25,9.41698180427265,2.187711074135805,9.42248407946592,7.217918696896621,4.292600303819316,3.214198654515188
2023-05-26,9.458812084466702,1.5589536409627105,9.467224771672841,7.314822612087678,4.544107630297682,3.6514911003130295
2023-05-31,9.607156387873605,1.6314530915410554,9.603900064822687,7.680425059623539,4.8418662386094615,3.854773346253691
2023-06-01,9.287151064803618,3.141178597898699,9.308549481331022,6.846140210024387,5.627458083074757,4.317141015887331
2023-06-02,9.408857246963509,3.1176443615441385,9.43944536667897,6.686345207013763,5.149563496379918,4.658432074099036
2023-06-05,9.368872983795114,3.4107168484616146,9.390306311792948,6.691551735247214,5.882967694366317,4.218397910275393
2023-06-06,9.254706983486,3.4239426577007186,9.314712191827475,6.133498848467316,5.703935008130604,4.300390252843006
2023-06-07,9.24708065366138,3.7095654684717183,9.298253034613138,6.427680541441364,5.867020387308686,4.295410534882538
2023-06-08,9.293926281496594,3.6684765837095923,9.324489827399526,6.591057825205554,5.7540613364792215,3.6908701022617376
2023-06-09,9.369480603863495,3.6377061580289936,9.382335659182525,6.757938362214901,4.749775597956451,3.740441454233719
2023-06-12,9.363103777772487,3.4771081794256773,9.40653124799683,6.774190241736562,4.932477854942122,2.5318926343452155
2023-06-13,9.454080010909557,3.4200988825236127,9.463316663034771,7.136413721620694,4.7790420631093875,3.220532934512756
2023-06-14,9.510192422731393,3.463017680705272,9.521497219903425,7.333575186928254,5.245874996806799,3.3907236522067286
2023-06-15,9.624542293239303,3.32238170626036,9.640545746409176,7.579198614236696,4.915298922992551,3.488561329401426
2023-06-16,9.396804766230881,3.3696640291466,9.459177513368216,7.132654089305226,4.810887022201201,3.4837999493045615
2023-06-21,9.342029508006767,3.0348974905027806,9.434562623518653,7.064638885765004,4.912669547017479,3.4540933330759285
2023-06-22,9.459721117443975,2.949547611774104,9.557336416759387,7.268112798441081,4.762442485093977,3.4139550832495407
2023-06-23,9.417017207405538,2.964870284903178,9.509834766512745,6.939085134056487,4.511611806843976,2.970904579759335
2023-06-26,9.47239017401249,2.9975558135525753,9.57291886894063,7.129463755257976,4.666564587417436,2.8676145047169626
2023-06-27,9.33455462448616,2.9432126616649086,9.363275430708107,7.123920923583904,4.707422883334785,2.1487152618344774
2023-06-28,9.431377413059664,3.135706898332302,9.432670685271448,7.4403385355571485,4.80660436162144,2.2624532067843575
2023-07-03,9.402344438555298,3.1561943367449197,9.398589770342303,7.434463461409649,4.762127495566195,2.0726870584411654
2023-07-06,9.389703800907915,3.1528259261370555,9.38993626114183,7.386854898561279,4.834554907585699,2.2726976998557302
2023-07-07,9.410554949607041,3.1607749446116515,9.412578338856122,7.436125241911366,4.858708838394056,3.150566617724617
2023-07-10,9.30743410454304,3.1773520652889276,9.28707330626951,7.2696896294215065,4.718924378000947,2.9405273251503083
2023-07-11,8.909181383947576,2.7520865186778374,8.952040528924757,5.476562401119086,4.833517406726904,2.9324763409111334
2023-07-12,9.055356604396556,2.414941472339512,9.07841798423293,5.177098795241841,4.94676789200373,3.347017911916217
2023-07-13,9.076628203265221,2.319050283835583,9.084516437560348,5.165251693010646,4.561249340953533,3.323780663699187
2023-07-14,9.175065338369635,2.2944033012021765,9.208619975850572,5.877346765354822,4.662523454606491,4.014171002014018
2023-07-17,9.078711358905673,2.3464974372789236,9.115704043712787,5.76419467316867,4.99552149507586,3.0811941508660623
2023-07-18,9.126351011507616,2.433484460726992,9.163166380162647,5.872567993174747,5.013293804437526,3.205775223502657
2023-07-19,9.104832430643638,2.282861524669109,9.142074093207187,5.7284651007839456,5.064027034578339,3.209471546531706
2023-07-20,9.072039192367352,2.2997014710059402,9.104826543467318,5.66962737207801,4.678282717446645,3.1792238757150244
2023-07-21,9.074829602470148,2.314598968236701,9.118452872440988,5.676893818496698,4.456190298954678,2.8994802117764618
2023-07-24,9.122225501509,2.47767792907503,9.157494368014834,5.911438669303379,4.29247576931705,2.877574882526794
2023-07-25,9.152261097605871,2.4405256534136037,9.189589854295905,5.9283628609307195,4.193249269060132,2.9199163945551816
2023-07-26,9.141315427855242,2.4337277412155376,9.182530156820434,5.88590234370474,4.310897492927723,2.933431369885762
2023-07-27,9.150522650828234,2.6560560240272073,9.230004299635366,5.792316088491249,4.492172536796407,2.7576263911873284
2023-07-28,9.170866327828334,2.4664273321792147,9.246917054143367,5.888535085620835,3.8201681031802273,2.645824103462474
2023-07-31,9.210454322699974,2.795999654044825,9.295916077703462,5.834694270586514,2.210615668643978,3.383037272780598
2023-08-01,9.266230549382474,2.6570173497017495,9.336318034810727,6.038138197329851,2.177481215963504,3.6216528192887583
2023-08-02,9.3231930304991,2.722714588940946,9.326457970361894,6.137224614792054,1.7620106968877611,4.814051475886106
2023-08-03,9.336545569146692,2.6952596704413025,9.362937913838815,5.971808990646438,1.8312035962156765,4.766752465011232
2023-08-04,9.327885839857963,2.8197742435310906,9.374276967178393,5.94784823898249,1.8871221863831444,4.53188701587374
2023-08-07,9.305773774700528,2.836602901382209,9.308486722150278,5.909172168747126,2.0543540572817984,4.155272446655601
2023-08-08,9.289726045748663,3.0239672156054387,9.232211590915645,5.6354548294666325,2.204400036909598,4.463835871920289
2023-08-09,9.327292148345078,3.3841098266062875,9.280349798758506,5.7851760992080985,2.2110380496112323,4.338342044338739
2023-08-10,9.303689379752408,3.4733490451622795,9.240016486134392,5.5454389600959795,2.1047643260298825,4.3690097475756975
2023-08-11,9.28372710510599,3.381043877404975,9.22760477671235,5.505448437321568,2.1624397674047873,4.275150166203708
2023-08-14,9.274100616704681,3.236900958537797,9.21899204501813,5.419660685651201,2.194654438335873,4.294143715368535
2023-08-15,9.374320436781757,3.452245175993285,9.291357304759392,5.685863294070052,2.270648476050772,4.200785211308174
2023-08-16,9.438490911398075,3.6629445151455458,9.358920603384538,5.707850509370807,2.1223721852969817,4.328412447890556
2023-08-17,9.393612179537078,3.668025424108347,9.330927164873918,5.784425936097438,2.1638786191866526,3.685188545987361
2023-08-18,9.330413938775207,3.212031166785519,9.241899845029996,5.623643876913086,2.138854934036013,3.7009739166004025
2023-08-21,9.309950630033855,3.0492515334913244,9.227553581136188,5.202548211770489,1.5293533606695868,3.7578314814263325
2023-08-22,9.279505329327028,2.97242433501436,9.190964403928024,5.073938433792113,1.5759478021922309,3.7250621579319536
2023-08-25,9.28244021541058,3.063568751663874,9.213348965168963,5.150652771391412,1.516287216145016,3.8306083007723495
2023-08-30,9.24980944480764,3.0473951193343027,9.192081234996056,5.138871234742302,1.5214293527036202,3.743886207526368
2023-08-31,9.172975743151765,3.199410442922808,9.149091438453864,4.973170225138655,1.575068020925561,3.9457296385375114
2023-09-01,9.233866180656392,3.6489632475616745,9.295933393514227,4.745856415164523,1.646964862011113,4.183077378144632
2023-09-06,9.187998479569009,3.647611042941947,9.270628668224198,4.626868706729518,1.8005797991600756,4.565376271748532
2023-09-07,9.176839505131074,3.6943047588285443,9.260661854395673,4.580256801095238,1.6586676815575387,4.531891598220995
2023-09-08,9.229649550275402,3.6093579190800695,9.33004485536084,4.722291374566612,1.6387469155625816,4.690672919237776
2023-09-11,9.135754197583898,3.513032253655627,9.333280410200528,4.552206573052947,1.1892483826993205,4.214341143148524
2023-09-12,9.272124261364386,4.335569432886638,9.501384262563676,4.370388647070093,1.2380849289471714,4.432276761135262
2023-09-13,9.20771217164501,4.3204150380575035,9.46015891957457,4.286776502066388,1.4202781497414774,4.3983912558058895
2023-09-14,9.322979436666829,4.5378374022764305,9.626316514721788,4.554316584128309,1.2804888397524878,4.609503855070766
2023-09-15,9.242989396874705,4.742597446723827,9.62627052964895,3.3989292510410736,1.4574365867757233,5.292616862988738
2023-09-18,9.166238394697006,4.749767488106587,9.54102017524859,3.337431613243371,1.4325336085986147,4.4183679092648065
2023-09-19,9.224194097395538,4.908083770270901,9.57070291869742,3.2140570703980575,1.329563804080362,4.338636763808759
2023-09-20,9.180941164475657,3.4350658398678107,9.566564172736209,3.758237266588116,1.4800409805822312,3.969343209060705
2023-09-21,8.996368315551473,3.363013652481382,9.575879491052284,2.6685905579781526,1.3842880784721696,4.706279932724877
2023-09-22,8.976898555758154,3.4827235173143767,9.54164136903056,2.8232282852127533,1.5763206473760523,4.685762366075466
2023-09-25,8.927903726305138,3.508746277838472,9.454445969725665,2.7193993017299025,1.5798665566437606,4.7753121379999595
2023-09-26,8.916431067219369,3.6052811975466432,9.419950864780573,2.600975071258051,1.4731734312758962,4.71856358974897
2023-09-27,9.124536269010008,4.575929166729502,9.60536254062515,4.273662135293758,2.070068359615366,3.5965526807316017
2023-09-28,9.168136058634593,5.107224608370157,9.608612076193667,4.919845340308814,2.0414065814571707,3.688407379702504
2023-09-29,9.102909258318947,5.0891601357310945,9.575944560272276,5.048964575895702,2.1657985347296385,2.773799990527879
2023-10-02,8.990105918345309,5.363325034407794,9.978972517919553,6.0380049453731734,2.7453837631396323,2.9441886652862146
2023-10-03,8.782828243401978,5.566259765965472,9.738305614069546,5.207706104624269,3.201234484987514,4.03450380784014
2023-10-04,9.458803819852294,5.3797909371055495,10.275201540136091,6.537859203136606,4.074605161274353,4.325164692709438
2023-10-05,9.257770342066753,5.412063726578133,10.22392774740805,6.52115469751228,4.084725665484664,5.087919069027246
2023-10-06,9.257304254615258,4.972639479519963,10.236132081553063,6.456338844095668,4.12437763768798,5.7344864939178395
2023-10-11,9.464572392990943,5.336051764182467,10.14733845900698,6.694681984034717,4.237174480769124,6.163025038855977
2023-10-12,9.483186311118734,5.345720833143225,10.224029457893254,6.659216151296135,4.228786041255469,6.364762588397358
2023-10-13,9.4543392845427,4.717164623976191,9.753192899934183,5.943800574790882,4.825507400273858,6.606859851314721
2023-10-16,9.492449317316439,4.884596197986309,9.701361438179134,5.728384115457345,5.165491479179748,6.873559053693462
2023-10-17,9.475831225222871,4.903500217046749,9.664049058923654,5.716264817941641,4.711425731377424,6.7713957546992445
2023-10-18,9.473894803110513,4.442761952530939,9.479819370530185,5.7263949601905955,5.275119935159219,6.475323178797802
2023-10-19,9.464567727003663,4.543254523534228,9.500312860318505,5.423912126509772,4.6305810460855374,6.7466133378129856
2023-10-20,9.475054903847132,5.6421442679547615,9.51758742511611,5.478764383339725,4.470315325678221,6.420337378074353
2023-10-23,9.294255525238471,5.537247645801362,9.389542893716586,5.295990745450294,4.453388834345255,6.350945372907869
2023-10-24,9.351161157404844,5.851070267076036,9.262410792317644,5.514950508959315,4.1060164227718134,6.737823793130894
2023-10-25,9.403855826852512,6.034433753919237,9.160789211483044,5.134431608243104,3.8115102022219127,7.00566070128115
2023-10-26,9.271297058183995,6.042395311270354,9.04965297134389,4.644595219352758,3.8160386937046358,6.980460424512743
2023-10-27,9.253611297735928,3.7285801020833453,9.125150161068492,4.577740551364238,3.858945088107903,6.405445461598233
2023-10-30,8.867961530983672,3.8796364345002963,9.194002167819216,5.202381371435085,4.358443107529512,4.475168967591713
2023-10-31,8.812022101381418,3.5686602353986534,9.037758192015596,5.153662922673626,4.108587088428102,4.351356503269863
2023-11-01,8.779504195295859,3.285672158048092,8.87916980621678,5.089130333302087,4.097814927038734,3.897586178973974
2023-11-02,8.716751477197237,3.0174979049277906,8.759699355491863,5.193733699531202,3.8223557030953574,3.181903551147854
2023-11-03,8.613233948550667,2.710382701515553,8.727374712447679,5.139420434945796,3.4472524925728014,3.102931072753817
2023-11-06,8.547307637202202,3.3075858718851436,8.504107287706116,5.024673150205609,3.4841178064015157,3.101019234011145
2023-11-07,9.091405010452858,5.2003817943770825,9.153235644506815,5.442094762150096,3.5727582946853835,3.116677592046781
2023-11-08,8.963791950513341,3.812023432916758,9.080006313468566,5.7645346030218425,3.4720905052273245,2.9899173350505106
2023-11-09,9.081210570092312,4.319932874170063,9.166423840811785,5.647504500157241,3.51397846573618,3.534977474382145
2023-11-14,9.118898537401364,4.427512554777508,9.21552694717805,5.753403302173562,3.708695791091286,4.266438714234536
2023-11-15,9.205111781148325,4.148239787969097,9.26234480378816,5.900697075699031,3.343209117646308,4.4431514608764475
2023-11-16,9.239036278588008,3.8223252474565927,9.340395171185934,6.152290055854791,3.2728720855425943,4.449409808155171
2023-11-17,9.191226913035052,3.781128610406466,9.307944600081067,5.572972810641834,2.7732063784984384,4.378465089640684
2023-11-20,8.97354536000746,3.686690031494886,9.222161177820771,5.127433418610695,2.532562124713189,4.370225312179676
2023-11-21,9.033728902233355,3.9211084761884245,9.30811573854574,5.117411125913505,2.3235096946627896,4.680710520259557
2023-11-22,8.982947075007655,3.526602492440983,9.244455818159851,5.140372706273598,2.3048716725522205,4.688269658340425
2023-11-27,9.043894861082405,3.444816583992551,9.327172248187129,5.397374503421123,2.090479078515967,4.6609643450497105
2023-11-28,9.086100022358748,3.4003080243832233,9.244114684281254,5.834740273925305,1.9607170885216962,4.25922155986703
2023-11-29,9.094235775886906,3.2811701134924895,9.237640734273922,5.850824035144704,1.8109926047497282,4.312161205540982
2023-11-30,9.100542557620026,3.121587031172357,9.23402191038521,5.822237650899385,1.5760820544418168,4.4666043280959675
2023-12-01,9.16872845101211,3.2068874881427365,9.288347877347203,5.882476697171948,1.911916060687598,3.7524424709319733
2023-12-04,9.123570759029255,3.180692068940681,9.268465564218713,5.759665756193186,1.938465121712359,3.6990161203793064
2023-12-05,9.111366422207738,3.0099813421016903,9.277632855466718,5.948822334559803,1.9884749887067674,3.6355174335902554
2023-12-06,8.87590001585255,2.9025657099300015,9.062060005272857,5.062764484237479,1.856765053273605,3.671537216391781
2023-12-07,8.851118170463579,2.5403822449557283,9.050162168892117,5.069171121138328,1.8535085812207104,3.6576780728829674
2023-12-08,8.87139593700489,2.589915862781289,9.037746467509944,5.131657826879395,1.911749309560401,3.5869415657845867
2023-12-11,8.854089923080236,2.5227863923766654,9.01809458786522,5.108929738863764,1.5778568688568362,3.5251482285068136
2023-12-12,9.095409566778278,2.500414197441577,9.301196710150945,5.557150073570342,2.30739608898198,4.126789554408938
2023-12-13,9.121271747632612,2.638652109542409,9.388751126474249,5.863772939171475,2.6076490042110376,3.5249708241218425
2023-12-14,9.386380454039067,3.3480152304019573,9.611739841369959,6.843920941271334,3.041718954339421,4.954695881278803
2023-12-15,9.374714926031565,3.313160487620133,9.62127989652597,6.885321209560139,3.031746378345455,4.972501760368288
2023-12-18,9.270429646948505,3.0794438403065336,9.330096525421805,6.452491044010002,2.9183664058322045,4.88060517500045
2023-12-19,9.26020342776786,3.3043284609882355,9.282848762964784,6.4626546851136615,2.7595326177169865,4.746469198902209
2023-12-20,9.233374296937862,3.5701484352652746,9.247459867602926,6.393464889438196,2.508211625451978,4.165265748271877
2023-12-21,9.226592444559609,3.4895668430828697,9.225878315133928,6.295599942740025,2.5434934635614432,4.003785541892813
2023-12-22,9.114195488943169,3.1643195802753397,9.168280436870395,5.955490705655838,2.587587421657315,3.9601007018953935
2023-12-28,9.089422234170286,3.2762216125174675,9.170763468641725,5.859545923987047,2.603004463775214,3.8962014273394683
2023-12-29,9.079737983379891,3.287340819065576,9.184870269073675,5.927112567689171,2.587911607469375,4.079970055122014
2024-01-03,8.811191187425202,3.35640262047297,9.060270482228587,5.877776073149046,2.549696893646767,3.608319111707672
2024-01-04,8.664949980487258,3.1131505843411182,8.715629821318942,5.762056741021657,2.8223087336688657,4.007370804258809
2024-01-05,8.169465247818685,2.9438536154492803,8.33271706353966,4.309232866820104,2.8238284973285896,3.900232425394536
2024-01-08,8.310100261182315,3.1501785644469797,8.344366500533768,4.204835497857988,2.5645471641289146,3.756753468769627
2024-01-09,8.379452037951928,3.4351118195807167,8.377964047805564,4.03855450786718,2.7397271455740886,3.6061543122506756
2024-01-10,8.275850921774646,3.4497988175918817,8.29131320851885,4.020367859714669,2.7672074735996204,3.653265459378709
2024-01-11,8.180788644496975,3.1518473868967427,8.090953832213147,3.916781214651756,2.657852750966394,3.022899567478517
2024-01-12,9.492525049460331,2.087797762414319,11.221185357610905,8.891764922973026,10.475779023158582,12.036768859599448
2024-01-17,8.830663417039112,2.0099820000138284,10.78479829403401,7.868906933484481,9.210071658443475,11.618978916430345
2024-01-18,9.126408542015785,2.745450231053923,10.751665599594235,7.8641894969462465,7.6631158835086275,10.672644539871817
2024-01-19,9.242112091804087,3.7431676343079925,10.531698934455873,6.635517292711522,7.351191151459672,8.447302529871925
2024-01-22,9.37854988352846,3.1193413606878124,10.674587721644272,5.385910433678624,6.084049476599951,4.049961303993114
2024-01-23,8.682278701329215,3.105146599631677,8.786756246640051,4.930901256859379,8.161120905028152,3.6076390648046517
2024-01-24,8.606752734254881,3.1754560017564404,8.69937249106757,4.885133365256057,7.464640604671227,3.7632674663481116
2024-01-25,8.84404129282376,3.3664305066042917,8.917683680650375,5.1350869856643016,7.411234530454069,3.8127368192717337
2024-01-26,8.773051166021661,3.3104863746169833,8.838386671980603,4.883170597954364,7.404365270163592,3.8648905466362327
2024-01-29,8.75326242836138,3.4802923275384683,8.856820518223081,4.776171256429727,7.443384747745957,3.5068717079815257
2024-01-30,8.768538469078448,3.3723864481907264,8.692224959335226,4.784004448933073,7.303207225408272,3.5176297405359915
2024-01-31,8.453865745847722,3.2811515549249033,8.456749664047297,4.308071320302594,7.109640668724842,3.177133584933793
2024-02-01,8.417810404702651,3.302575613426517,8.357293278130353,4.136352334157017,6.975696969077359,3.161030753863473
2024-02-02,8.514496151240264,3.3189553601391677,8.479933118367564,4.18293950801852,6.9567663380816676,3.1812057983371
2024-02-05,8.53361292011093,3.3218091666961436,8.494450803171285,4.088499445696764,6.870751075594957,3.1294865158035776
2024-02-06,8.536999798654097,3.2965064705897587,8.471511423949607,4.124801806970068,6.863910374337237,3.1106694683985876
2024-02-07,8.535353726287527,3.280575827213115,8.481687735993146,4.115672972588741,6.857877702041047,3.1590217298301084
2024-02-08,8.352982273711696,2.942103000687263,8.38238113742698,4.0021579263122975,6.71444607885292,3.25442952832037
2024-02-09,8.355921503231734,2.9171526152944716,8.389889994056162,4.054650485054327,6.623625761810795,3.213345635738174
2024-02-12,8.358947339016167,2.742440984729818,8.41540332283334,4.048237342756955,6.462639010408036,3.0497914099887873
2024-02-13,8.383953581112207,2.6530475839101046,8.436843296820296,4.07864057080512,6.400499261698528,2.845296930983565
2024-02-14,8.509655808360426,2.9239473883254874,8.467788238191941,4.003694501988099,6.444615792455893,2.943782698976616
2024-02-15,8.439009947683648,2.816863378604136,8.355977549958375,4.107282431387212,6.028267461699964,2.9509280926226533
2024-02-16,8.41554961190141,2.860494693478819,8.337917130423385,4.163200541348886,6.0399427750144214,2.911423408297825
2024-02-21,8.375720883483035,2.8312002314477263,8.301605070585254,3.98203567733475,6.078810680625846,2.97550149960345
2024-02-22,8.362717741824776,2.901568106980612,8.286647311461179,3.9921005141482575,6.0222679709301765,3.0789079634148453
2024-02-23,8.40207050472952,2.9176304085034523,8.327740447214941,4.105895359668658,6.03601967479143,3.0708058267911453
2024-02-26,8.276211625759718,2.888202697110918,8.240222957496515,4.0767306569542265,6.020580074721702,3.07372197215196
2024-02-27,8.194394682844019,2.8749861155844787,8.216519049291021,4.141673677997928,6.063766350598256,3.0786635755973824
2024-02-28,8.143282863943668,2.646535625779443,8.150940908515922,4.193519166339439,5.921106670400126,3.0646017071569442
2024-02-29,8.140046928486042,2.5579530493639147,8.193180192518835,4.0134443817720635,5.880431033503254,2.8901895075706396
2024-03-01,8.173072322874384,2.6891146983444654,8.146042832616514,4.125102841048801,5.918386924683943,2.9783199354529906
2024-03-04,8.05062369773392,2.7000119667465055,8.25921362128562,4.481071190013499,6.025837253973382,2.748053302366619
2024-03-05,8.00247750354084,2.646416179796753,8.090188358265818,4.389811096396765,5.836622105279719,2.539136063138407
2024-03-06,8.046644801069023,2.6461958828624508,7.929893504596769,4.487720128950199,5.820430375815746,2.481457650509587
2024-03-11,7.998784483692707,2.628398613566191,7.841717056817014,4.41111597035793,4.862594891717414,2.4649837278516533
2024-03-12,7.985870131522795,2.6350026578258485,7.773316329763948,4.217221865081529,4.701673390570135,2.4375885357800278
2024-03-13,7.794394472957219,2.0796497762799904,7.717704893028017,4.298915334257177,4.805352768320165,2.089111242699365
2024-03-14,7.85350612927263,2.2097320670220317,7.806164749861505,4.319398252103624,4.892176250445437,1.8002848387670485
2024-03-15,7.898055851303042,2.376771411001577,7.845950352293131,3.9453712276274993,4.972425889146842,1.8633596912357941
2024-03-18,7.945126042560581,2.496434055105153,7.969575354691545,4.232627811065872,4.826086123220193,1.8332309777238656
2024-03-19,7.919601633989095,2.501856408143342,8.018414427048809,4.010489232439018,4.892120238186996,1.7869993116554979
2024-03-20,8.003652802653134,2.5392396452665,8.046534417398163,3.7964929558523632,4.9623879796644434,1.7063574155534187
2024-03-25,8.072484398672989,2.544441382046823,8.021430641691868,3.828008700244832,4.984220096761044,1.7048431942677709
2024-03-26,8.043617249928843,2.5347351161897236,7.907320815581788,3.7789513985096854,4.951069441220596,1.6710881930921053
2024-03-27,8.075904885715794,2.657949571134305,7.810920289528536,3.7556008200220425,4.933713458173849,1.8628767760073235
2024-03-28,8.11259117280353,2.724307646366338,7.811272398765541,3.7378857051193335,4.949905738598385,1.8621522400849522
2024-04-03,7.899426671398306,2.852774145486738,7.462289017076357,3.7732249182498605,5.286265964969044,1.7756814820733122
2024-04-08,7.897292370248576,2.7887747486462113,7.453925542904689,3.7496081453743426,5.226629083150468,1.7574491402417902
2024-04-09,7.962984356312134,2.7355158008368483,7.402842082749605,3.574748289224807,5.331747594617046,1.5118119641631844
2024-04-10,8.042374603647197,2.7199719171568884,7.393334000065185,3.8375826072122217,5.105610105309205,1.667697054022599
2024-04-11,8.165451265322167,2.832449106398179,7.442218622205236,3.8908270937699716,5.410388962303255,1.7377304660197195
2024-04-12,8.214990013375488,3.0577656911772073,7.659000383393036,3.975101698344478,5.287143029505866,1.7508242304451545
2024-04-15,7.79816028159289,3.045698890093566,7.35116015631737,3.9677293929091437,5.291654126117998,1.955662138250508
2024-04-16,7.555317215837552,3.0057422726365175,7.2835777887133135,3.816173382909854,5.049207598470914,1.9133290969163828
2024-04-17,7.847135366679541,2.8111893380045885,7.637701069921338,4.382312402931367,5.2217191841705315,2.06259228670009
2024-04-23,7.661879105395168,2.2956682449472186,6.565330501986396,4.475919973755671,4.720808867841186,1.539412777339285
2024-04-24,7.501481185116332,2.452085892561486,6.2233862237439626,4.465177035379534,4.720705271443953,1.621387641906815
2024-04-25,7.238411389606135,2.0776922185196223,6.165789377876006,4.6231589741165,4.758578111716716,1.7018109755522055
2024-04-26,7.184085248674161,1.9935414047411097,6.032262558681179,4.687745991613311,4.799811210019436,1.7892776707339741
2024-04-29,7.5995797732087835,2.0162804928632094,6.148414628088745,4.979093273290016,4.008475418994753,2.155369746331511
2024-04-30,7.238635308528736,1.9046547416522195,6.179168874153869,4.992312430279844,3.805513582655299,1.9855472671082435
2024-05-01,8.092680560250633,2.091523256449497,6.263811100978942,5.936583104068419,3.965431737486704,1.7536491760447432
2024-05-08,8.00727755287016,2.0331893627058304,6.169442845789734,6.127708841761112,3.7459482838809603,1.8871441344403088
2024-05-09,8.018838143629319,1.995616680534923,6.253374005152486,6.1072000680494325,3.4680450098710236,1.7409614547381196
2024-05-10,8.062526261157137,2.1333855379425133,6.4500224303053,6.202018098990713,3.383435423530834,1.5906702122200465
2024-05-13,8.041869305650655,2.1501842935734907,6.575745785139826,6.14445745572094,3.3585935106036318,1.60690711805536
2024-05-14,8.516961029213787,2.285424364247729,6.816521460095816,6.794054070336716,3.8474479100118604,2.1094715202231034
2024-05-15,8.394308257175593,2.5938954534502234,6.369469480060264,6.578413282214163,3.8936511445895845,2.108844061221384
2024-05-20,8.487370944008894,2.569242370327085,6.628094483620486,6.888311735291456,4.01139475266469,2.17573125708333
2024-05-21,8.580295956882216,2.405451847769859,6.838797153525537,6.9704201544527535,4.277252827820011,2.351584812192934
2024-05-22,8.787862289264956,2.588818069189669,7.012391865714385,7.195535196270625,4.585100558300982,3.238916998020443
2024-05-23,8.542827251389154,2.506069738973482,7.015441411917846,6.383781351949977,4.39220093773532,2.8549992345537105
2024-05-24,8.400462117941062,2.7339274410596617,7.392049004232238,6.439575048378522,4.572124583331178,2.4184889921982107
2024-05-29,8.467744592126776,2.7445279099477546,7.3227640566932095,6.473862109952193,4.385235185709537,2.3359803385954336
2024-06-03,9.157970073900293,3.6965026703588344,8.188721773490883,7.244516454816206,5.568799722601764,2.4623989731492415
2024-06-04,9.035884055429287,3.89684974302712,8.205160108224257,7.110385112593334,5.598820857767463,2.4741928690131014
2024-06-05,8.805065979652246,3.976858709516982,8.194199036777855,6.985874882252097,5.436937105543362,2.6461228929062015
2024-06-06,8.931141681267935,4.413019908691351,8.364419869104522,7.076003984526765,4.954013491804846,2.595777721771427
2024-06-07,8.995293279544955,4.3280766902784835,8.35253873141224,7.071585570408197,4.821331716996363,2.6688229244715536
2024-06-10,8.787722794141994,3.1965119178167156,8.550992058185043,7.190764364399695,4.881715691546044,2.6260553872642753
2024-06-11,8.777639375286201,3.214960911860739,8.54388745526832,7.055860753696784,4.725528550166138,2.591646059928776
2024-06-12,8.726600739697325,3.2430919633159916,8.528542705501854,6.8741065336677325,4.762147760312433,2.5883971141848483
2024-06-17,8.725859161771188,3.478080201462783,8.534566434739384,6.90794782501305,3.509105103975491,2.4669089741105283
2024-06-18,8.809256780745123,3.4666171774778007,8.635008944820589,6.994726318371945,3.6247301523560886,2.5379734016740927
2024-06-21,8.51695640309288,3.463369875435316,8.2295458130608,6.812630018743346,3.0324287865063155,2.4101198116448526
2024-06-24,8.540604411331287,3.362164196040372,8.213977706177955,6.786483569778391,2.9215962909684863,2.283670768314274
2024-06-25,8.519765263768642,3.4641862608095764,8.22592178607844,6.787871039311214,2.9465096798729697,2.325186278971845
2024-06-26,8.500875009469398,3.1227094446373727,8.255792911767248,6.772456870912734,2.819729477746959,2.228619566080544
2024-07-01,8.343237775168193,3.3567908667446282,7.683110709123771,6.712663766301115,3.0734163626463586,2.301435665601635
2024-07-02,7.961142193332601,3.270317264294052,7.573472507366691,6.505102183245366,3.0479685567735486,1.7788729412962703
2024-07-03,8.092944424203301,3.2632232400634176,7.69950841699979,6.64344967504148,3.0771928000200806,1.8598085102522883
2024-07-08,8.460088708160237,3.622880489592813,7.937170447424198,7.11647709135213,3.5681638897085737,1.9198740998604746
2024-07-09,8.347099641860607,3.4068606614374386,7.878279948950609,7.300256418560834,3.6845448473484406,1.9447124510165448
2024-07-10,8.108872546206499,3.3231698995383305,7.815763027695694,7.169175092839658,3.6976454615647376,2.0281415669983223
2024-07-15,8.322727914681684,3.5356100227314022,7.867292308464646,8.074100573174535,2.8469001291234606,2.477405621059322
2024-07-16,8.214840444835932,3.6582101656823407,7.811714687996491,7.3729580122562846,2.741963167917344,2.0623830484373147
2024-07-17,7.1837753533119395,4.0769619537619795,7.55832394183718,8.06439199067085,3.1171378802495724,2.2494460061612966
2024-07-18,7.083884558205085,4.237316048752182,7.048938765251641,7.4529127176461785,2.9904136578698597,2.5339202134686176
2024-07-19,7.557655104102036,4.377299647846487,7.218937459241197,8.545043871037638,2.867802412657579,2.6817323117948266
2024-07-22,7.360183379522275,4.4690593602077735,7.043824522513649,7.4351143036007885,2.8775055191283188,2.841988678928111
2024-07-23,7.570941704490049,4.035054766949253,7.399743102940341,7.13117889397228,2.546550535398384,2.7587845264524327
2024-07-24,7.451068523532018,4.307688390691572,7.143972643149847,6.85174085195587,2.6968071044144666,2.6406108038796003
2024-07-29,7.167999109218475,3.9754390976863765,7.059327436547867,6.7218937951650055,2.8299870613962015,2.676680993248063
2024-07-30,7.113602139831669,3.718320211583466,6.928453721715926,6.5429437348133535,2.9778226337750717,2.7841400578516766
2024-07-31,7.3491628701159,4.18748707033784,7.201936507906212,6.775598220348086,1.389013698606691,3.4881500684379656
2024-08-01,7.569173175213947,4.074910685816197,7.2812681028320325,6.977635279113751,1.3710777404488377,3.787739093446755
2024-08-02,8.160835650090236,3.974664205148491,7.989651350902573,7.685694230210591,1.43982045472059,5.036102801036937
2024-08-05,8.188626508481333,3.8314501415706985,8.078422471541732,7.578180406586455,1.454773075374155,5.045303917361602
2024-08-06,8.14389167497559,3.632596453401391,8.092904097212076,7.619907410872493,1.4419474144109046,5.059504945942807
2024-08-07,8.263770162588514,3.814642127279414,8.334978139660077,7.632588905292608,1.8506681938537881,4.672507354559759
2024-08-12,8.385039656538074,4.064506828627466,8.751283841588153,7.852444344539664,2.100805195087742,4.240312173761869
2024-08-13,8.252675973462813,4.054810943864475,8.503103158436554,7.751002380530232,2.0994003787931463,4.014762599630859
2024-08-14,8.195177906924446,4.118598426554075,8.533386316494012,7.7295517429570415,2.112152840242863,3.7644174072045438
2024-08-15,8.094618751105175,4.073708530097383,8.380333752004969,6.984252733606069,2.1480534980545123,3.6784898661245826
2024-08-16,8.26530868594615,4.156587774196839,8.491413609074758,7.034223805252913,2.070345805375801,3.6066435892547655
2024-08-19,7.911491668666687,4.2403840367771135,8.385747841331515,6.986251936610864,2.0208096236869793,3.2521992135921196
2024-08-20,7.940154475523276,4.421808513211275,8.433741082407987,7.0034532273418195,1.712248449879039,3.435913383067492
2024-08-21,7.54267049003424,4.565650741113749,8.349621027177847,7.037299696106277,1.6641862358536599,3.200441483453842
2024-08-28,7.550610721497016,4.560378275227091,8.371259786684584,7.06257570198127,1.6576163572978568,3.2493560881973913
2024-08-29,7.55956611748993,3.990178080737881,8.32038923098328,7.048774190560194,2.149365623266732,3.262090083713341
2024-08-30,7.469995274348498,4.140822007890347,8.389254710205044,7.052256134392313,1.7958134353476984,2.866015674016396
2024-09-04,7.627406259674214,4.242958791446751,8.4574643285099,7.191920663690181,1.8034909762124112,2.8527033223073133
2024-09-09,7.494402635506403,4.256158988810708,8.39730952696022,7.226478822738116,1.8341333563166327,2.9220501966808867
2024-09-10,7.823109770826954,4.495603036644621,8.4492534944273,7.48092507200262,2.0074831470785925,2.9232308436124157
2024-09-11,7.843309717084266,4.666081651371303,8.52262961893088,7.644450343830649,2.0396802834064123,3.2347551172511757
2024-09-12,7.73301380008268,4.256310887517935,8.505009246989632,7.77451264780527,1.8521104014593524,2.8034369633467207
2024-09-13,7.925146297388018,4.085329010728523,8.578921426967675,7.64427194025329,1.9291436054242144,2.863253337140496
2024-09-16,7.686113771654146,4.1476220428754225,8.563614160932262,7.528066148035756,1.9037281333949327,2.822396009108008
2024-09-17,7.812797974423102,4.1532936909351745,8.652042039811318,7.679732900378695,1.9861427566975214,3.014806861663129
2024-09-18,7.54715952305207,4.237784793556954,8.518789386188264,7.021563211950689,1.9281182229561509,3.191969966301302
2024-09-23,7.538541860202141,4.765161811611729,8.602121160410684,7.016899654507779,1.5809613903888187,3.0813146421332482
2024-09-24,7.711636601253829,4.5962311809124134,8.60824176550664,7.297703269388545,1.5562531765577539,3.0690367704223007
2024-09-25,7.756134269443603,4.477027400914078,8.63424128373727,7.534648545747991,1.7626593851995611,3.166096893886568
2024-09-26,7.824947785171066,4.7029731664540515,8.758306539052906,7.711413226982228,1.7188938899212063,2.9397619252337006
2024-09-27,7.790695307381024,4.042579838582544,8.646634245747967,7.716854518421492,1.761952738496771,2.6981591316697657
2024-09-30,7.80104032903138,3.703246031253762,8.660930055882018,7.758978860900975,1.8223736151984877,2.694083956964619
2024-10-01,7.87717316973539,4.345448067815769,8.498438796004335,7.57460783256924,2.0165697053884766,2.8216580471010517
2024-10-02,7.820841761501554,4.371532523992214,8.482460579650205,7.548175651041326,1.8892312690802642,2.7335572227265295
2024-10-07,8.199044204135452,4.133721637330225,8.748190512899464,8.002227702273858,1.9839764553445365,2.779061156964763
2024-10-08,8.833703976198677,4.676448915001775,8.929979892375869,8.640270636289644,2.113720278982036,2.815853182846715
2024-10-09,8.849795895294855,4.7156078064036455,8.986797654957364,8.721847430033028,2.1130264955061113,2.4959372223877043
2024-10-10,9.011257645760184,4.536270188133014,9.131400419333184,8.947758568189341,2.0609881032197093,2.473948246495102
2024-10-11,8.962256116586776,4.346603533148465,9.102123142666041,8.602088670969465,1.995254933694527,2.455576795016723
2024-10-16,8.687169923444907,4.32346819323216,8.850542553079665,8.218425825874224,1.9578531829227088,2.73385846744299
2024-10-21,8.609613360159107,3.773374005231343,8.800609243043676,7.980905698354827,1.9173768282123065,2.8261492451998755
2024-10-22,8.834171746748575,3.7774405573690104,8.96851680132527,8.18456668553271,1.9772609254958127,2.7731951918607503
2024-10-23,8.857217759411254,3.675826955174362,8.980726417940751,8.241740345001157,1.898762808801474,2.804312586459529
2024-10-24,8.830987607194281,3.7012803403999928,8.915289108491029,8.229789549130555,1.929056523709553,2.8592417205329714
2024-10-25,8.883775119903163,3.810475034156724,8.898587204799638,8.28355728143887,1.9245779558453393,2.401118630053267
2024-10-28,9.018101403524517,4.148048135054171,9.006853345565045,8.63740204350981,1.977333067408608,2.44533158446608
2024-10-29,8.996610101929507,4.448352370018653,9.000886226349762,8.735664282341608,2.109119756854098,2.2476929798658785
2024-10-30,8.918414640096879,4.317325337857695,8.87495553751086,8.545071604453234,2.38904034084953,2.4447426717739233
2024-11-05,8.830576197347002,3.9196627900478322,8.7494956825978,8.355789461930323,1.7897422830812932,2.490699779353428
2024-11-06,8.55698313665665,4.441247701650375,8.649206972594945,7.484503595156192,2.1292661881231187,3.3676312631411043
2024-11-07,8.496900101194797,3.7659360231601084,8.680970627288632,7.457429019022214,1.973586637567539,3.3012477481070595
2024-11-08,8.440674832516963,4.1168565210568,8.741089573628289,7.252461784908391,2.1406107285273923,3.331277031340864
2024-11-13,8.4149977235729,4.098561153498729,8.733837352165342,7.222546855742315,1.926707487037399,3.243853621597827
2024-11-18,8.33926989935397,4.170700610987381,8.486893745297394,7.295386013566122,2.2000875792314503,3.0789111455319613
2024-11-19,8.249888862917985,4.1661526719549755,8.372570619946385,7.313269744109326,2.082545369054221,3.0839240610603205
2024-11-20,8.237380169331848,3.8214257680782686,8.37616385254022,7.241382406726739,2.2568782939458374,3.167102184386304
2024-11-21,8.391575059700838,4.160353078857709,8.536460648051314,7.727478183271175,2.4768754339176637,3.164199728378888
2024-11-22,8.249729240785241,4.055906370140355,8.487752474512737,7.567906443772391,2.347353765791978,2.943929318414131
2024-11-25,8.237687460332234,3.942902800350978,8.427471585401245,7.228710010931881,3.7770451228588224,4.524993468531046
2024-11-26,8.064078947099881,3.824639992329654,8.330281232232315,7.225112155627176,3.6393179437818333,4.313975236378328
2024-11-27,8.069181144908066,3.2207035769077357,8.315724321874233,6.973223645511889,3.0291785416138914,4.267514975658242
2024-12-03,7.959262581863302,3.7418355670778873,8.309601010913832,6.319452601232953,3.1557571067141392,4.166685692286163
2024-12-04,7.962781380715082,3.3842212050890885,8.264410918372233,6.525492771042779,2.8418852263947727,4.104089717228826
2024-12-05,7.845638489057585,3.4978557134707633,8.187811548060864,6.388758533005395,2.8078912960890765,4.039268959346831
2024-12-06,7.856078195183404,3.577751142562054,8.163175929713871,5.966229742194688,2.372809810739858,4.1161800459339135
2024-12-09,7.836221140907327,3.8251135824747986,8.089431615742459,6.109689444093679,3.0025696693968835,4.423798328403889
2024-12-10,7.833673953853559,3.5465395368384094,8.073583079544322,6.029739727227128,2.726697066077914,4.449989038061626
2024-12-11,7.804687420385519,3.5429535814749613,8.078968638712503,6.299565759972395,2.680825682793501,4.130450442699273
2024-12-16,7.75615181615165,3.4750435523911345,7.998760334171679,6.162334968772169,2.447884506674447,4.132794028345212
2024-12-17,7.759514246608906,3.56397381339937,8.057324291323441,6.294963125281509,2.3552813094199636,4.064845789258424
2024-12-18,7.746095385634585,3.4930543938077503,8.06026181841426,6.088739532703754,2.1910479477174523,2.7970625969348846
2024-12-19,7.724484096887448,3.4594789483685844,8.029139294474735,5.945484846105338,2.1610522175621796,2.5528276131245975
2024-12-20,7.547888584008926,3.215117474184557,7.919474971673693,4.811557132289784,2.1008310859025623,2.772752065338961
2024-12-23,7.451701868724187,3.389432072360025,7.791826937369784,4.739147622932793,1.9496058009523718,3.24801513309068
2024-12-24,7.468249765355146,3.2041183786273244,7.831783344710317,4.632680645030008,2.056731039088853,3.56797291018003
2024-12-30,7.472567695511565,3.4216777587334675,7.83775363634188,4.676562344232214,2.1084993113249406,3.5347254297759254
2024-12-31,7.47044460389397,3.4255424069868905,7.79212630291359,4.669367257131935,1.892824279019765,3.596298522449983
2025-01-03,7.4621083980308756,3.3674510651740266,7.619142865121461,4.743974907830656,1.9233986534006877,2.5911094083148236
2025-01-06,7.462202952637404,2.7351938661943187,7.638305593911695,4.682879236259481,1.8122122435269634,2.607079473391803
2025-01-07,7.420078328652473,2.8910585331887044,7.652815320721057,4.462645776798224,1.8711166546640066,2.7877995362088885
2025-01-08,7.452997145138494,2.761494919266449,7.618905584479902,4.6159375956063915,1.651379237879824,2.4821305023109734
2025-01-13,7.710834458032555,2.9460518825266995,7.694033680348365,5.036128590286936,1.6240832080311927,2.4953147115948666
2025-01-14,7.4362872403714695,2.653190575509758,7.532438517209027,4.628679444615947,1.8447205134695537,2.6385559906108247
2025-01-15,7.675173506797274,2.645172642066268,7.7454263014507285,4.9472016022174365,1.7922401153776413,2.7491026830860332
2025-01-16,7.567137297419909,2.722445326594569,7.673900450971408,4.29639512407067,1.8218902733247686,2.872008434939009
2025-01-17,7.692985782996128,1.8060174289629398,7.7890623698171675,4.432976579880562,3.3600299703238377,3.455195737536894
2025-01-22,7.528425979440598,1.584658852177312,7.891622056415065,4.4017867492164635,2.232550540138169,3.8010680946640636
2025-01-23,7.617083675537709,1.738184922796841,7.899498927786993,4.483673480211947,3.1003224046004014,3.728829968166279
2025-01-24,7.62460878897697,1.7531151037435446,7.8993860198162915,4.510329804014682,3.267149127577196,3.754737902795147
2025-01-27,7.798247523987844,1.7756929379480038,7.930675821781796,4.235664715515898,3.294665629803278,3.5242774583802743
2025-01-28,7.5674960539690455,1.9104088965454273,7.828458698087839,4.501919508595642,3.2910353828134973,3.512132602092444
2025-01-29,7.638428224728052,1.8834954570693785,7.892905824173705,3.7430674435036893,3.2921825118480132,3.549764935911193
2025-01-30,7.629330454291643,1.7259107391336865,7.804005446237949,3.2839100096172875,3.3486156648254255,3.564493121014156
2025-01-31,7.620994172384319,1.7041189434646515,7.792871162802331,3.2852313120056524,3.303404330088936,3.5124183368277513
2025-02-03,7.4775466411298295,1.6006143287840724,7.664291215654186,3.188650670926337,3.337982117165757,3.245479514746226
2025-02-04,7.458649225461972,1.6014846804169813,7.663586861642652,3.181427702017736,3.3558299576619395,3.1440040479155793
2025-02-05,7.534270510288316,1.7112006013370245,7.767291246252984,3.3337446857001853,3.187032619471919,3.2841502058999343
2025-02-06,7.52791648843392,1.701629054934789,7.796839535694372,3.330290509182584,3.2513699795225706,3.270735737079413
2025-02-07,7.513693704772745,1.6974164062943646,7.776636395571017,3.384083611076157,3.2513225861049118,3.19899865912728
2025-02-10,7.707927884178493,1.6629246684876475,7.943833412148689,3.54859037927431,3.3553181855748573,3.081921685550776
2025-02-11,7.801984676171151,1.6046764419890263,8.084073544352853,3.6809840340650175,3.6359180752169906,3.027171250886525
2025-02-12,7.947300850667162,1.5150818844031244,8.096669671518065,3.893701496614845,3.369569001821123,2.9569860516636144
2025-02-13,7.936255101099867,1.8442245996525515,8.041301452067712,4.247250719615743,3.6764853286373484,3.354108263250227
2025-02-14,7.891620168235221,1.8173849132712492,8.014559513163304,4.215688520114612,3.480073304237694,3.160211816669713
2025-02-19,7.896798360667215,1.6844420250882637,8.022640161347647,4.168538206810168,2.775652204454552,3.1695370264119966
2025-02-20,7.927746394226669,1.7909038940775355,8.035225687904449,4.188719736091554,2.8529460863057925,3.2340639532712046
2025-02-21,8.34563202838811,2.0868065952996138,8.445432016437968,4.43024493294499,3.6276147632862408,3.348593908184163
2025-02-24,8.369079563473047,2.267088779910672,8.541239861729892,4.519172693501464,3.9081970719097243,3.7301756425772328
2025-02-25,8.97573164679094,2.4368583376534616,9.097268840741934,5.385125759812584,4.710586234384395,4.251076698692052
2025-02-26,8.94640504079055,2.2962971504187433,8.965544434606779,5.363769775072576,4.670532691977715,4.227805771256717
2025-02-27,8.738717841638847,2.1076882121139433,8.643259565619742,4.996096459243824,4.021299914663608,4.016825423815051
2025-02-28,8.768034446594905,2.112041933245975,8.615430952619205,4.746938883239102,4.044915737596374,4.0502377022070215
2025-03-03,8.723300278638584,2.520592341935862,8.524490890632682,4.205470130776106,3.876539237930027,4.3996662580966035
2025-03-04,8.717011345969324,2.1891393337607536,8.508831840856864,4.253874568895943,4.006158026892052,4.3655757184083805
2025-03-05,8.809909702939052,2.1347488547514226,8.606016476399876,4.258086127613166,3.7249730530953262,4.3771438087478165
2025-03-06,8.76620307047479,2.117417950768182,8.578367069159702,3.827773523361781,3.3571836252021927,4.334031234065695
2025-03-07,8.648473589461114,2.093359699969268,8.554791017059161,3.7374639913185295,3.131013431287886,4.323520573508155
2025-03-10,8.73651689134064,2.2779034757691865,8.635703181949323,3.962352852556544,3.324149411511584,4.55946143847681
2025-03-11,8.732041820738115,2.298877162565083,8.635164666180373,3.954251025047817,3.3455144767091842,4.549902493635521
2025-03-12,8.886776843334728,2.0564447840964357,8.757237370127305,4.268785873616454,3.301760005874147,4.552510812632899
2025-03-13,8.909327990568068,2.411533967204795,8.799120494916421,4.025962503250239,3.343398507866974,4.639371941723762
2025-03-14,8.949520418250822,2.436164651061536,8.828857884021543,4.063084025916232,3.3673417835411983,4.760954331977668
2025-03-17,8.90880067497177,2.4718785444143685,8.852007568416154,4.091291787297276,3.211947040186456,4.932516412616877
2025-03-18,8.910986993171237,2.505696676384628,8.859277125757453,4.08359157783673,3.2316300680707974,4.958128330589319
2025-03-19,8.863266568412753,2.501716998840799,8.831195223839769,3.9367925555781245,3.2135512636657126,4.938569509416479
2025-03-20,8.835129346300866,2.457644527917191,8.796907382929023,4.22520230592607,3.248975028426976,4.512391005170622
2025-03-21,8.80723110609426,2.384572176953755,8.765304789457307,4.226975077324529,3.2675271919331927,4.496512538501124
2025-03-24,8.913089432342368,2.5035212193640337,8.869554969993798,4.335083616418401,3.384117003273159,4.855378520850212
2025-03-25,8.916290334748817,2.343506638836218,8.86993155453103,4.340273059178971,3.4292365952901473,4.786541217684935
2025-03-26,8.919366119713235,2.3074982004889444,8.83190255609817,4.473308029055878,3.3632701457105987,4.1443539027688825
2025-03-27,8.928432054491333,2.3229690825613565,8.837307355425166,4.392732012415736,3.2573567340130505,4.136250363007725
2025-03-28,8.821596826806084,2.373010496830663,8.766823871770768,3.9703406802296133,2.781681245468354,4.136643007090775
2025-03-31,9.072718981334075,2.3211639451162243,8.892322852989365,4.707974192266606,3.1416025245526225,3.57113601987785
2025-04-01,9.048610098000339,2.3175514325609177,8.86738792528737,4.67234981590511,3.1149955436158483,3.599770344813073
2025-04-02,8.893157602737142,2.1805209226681943,8.809339479125,4.323417306350223,3.128746547082436,3.638355024319734
2025-04-03,9.59255881212636,2.9118631808668636,9.430408815605452,5.064471778769186,2.5639551777333476,5.663594260405038
2025-04-04,9.92401341546366,3.4565917067778433,9.764963253987439,4.62412897392835,3.298176587566145,7.25534039133553
2025-04-07,9.899847208332782,3.520707844638519,9.739224595960449,4.548717216326794,2.2221120756500254,7.012616594860926
2025-04-08,9.968423440508305,3.7830527475411917,10.01559685545985,5.046968323768268,2.9670818582941183,7.393035066493166
2025-04-09,10.291711473547837,5.956789776276925,10.171571665887873,5.85826069075441,2.759757405996471,7.674323296043013
2025-04-10,10.553441161055984,7.189710092168576,10.423134127572668,7.892498134782635,3.9940818800959157,8.338749965596342
2025-04-11,10.606678685182615,4.972170465633983,10.449938662659033,8.063510836341594,4.148768945570458,8.396506418196504
2025-04-14,10.53077176881502,4.435527019916971,10.431354473725323,8.02904905803482,3.9520373733645773,8.245649571530693
2025-04-15,10.516100241899695,2.869136801862343,10.403482188321929,8.009376431340385,3.713258947493492,8.252645649229862
2025-04-16,10.438312834755566,2.835228043499164,10.353631057106234,7.954005283332166,3.405020618257824,8.018705695234587
2025-04-23,10.340097195027727,2.524469191206343,10.299666435057796,7.956489534479218,3.728361513671565,7.8017148946296855
2025-04-24,10.339718760484493,2.800656897262506,10.244736755678385,8.00286871200057,3.8927742061487933,7.76954929506982
2025-04-25,10.26827481769053,2.774180022770034,10.040172365174094,7.945331003431705,3.9404918818058,7.483172963447234
2025-04-28,10.220171923185655,2.766078094750183,9.874568373463655,7.730752793916344,3.919718921950414,7.428701037995723
2025-04-29,10.142978912488587,2.9113187790392328,9.645875513517492,7.680488527965377,4.041559642771802,6.98686453327121
2025-04-30,10.153261663684047,2.965725386545041,9.665015800959297,7.826001022403777,4.170967969945683,7.148410874849692
2025-05-07,10.24283596093577,3.1403190979601203,9.697754016091325,7.927723110395415,4.088871038132086,7.377210659610914
2025-05-08,10.340268419617964,2.382232699025383,9.807657422529443,8.192952395999443,4.019317202155333,7.666674252959647
2025-05-09,10.403643153507993,2.6179127713786703,9.934167082153474,8.232707262605727,3.776734713890295,7.869517815168982
2025-05-12,10.33506806809515,2.5599696817004043,9.915161386452075,8.066133174514674,3.020234752787822,7.852076530068558
2025-05-13,10.413784056366769,2.624420066333664,9.999325738459333,8.058722141225799,3.038813979953035,8.103383177220307
2025-05-14,10.407149231472053,2.467263306964427,9.966466560886388,8.043062505077954,3.044488615893241,8.03848044800282
2025-05-19,10.414229707787845,2.6992760219844114,10.036619186443508,8.156291805956295,1.966219060547525,7.972623278710074
2025-05-20,10.39088823928307,2.751800144891645,10.018907992720012,8.101298487226734,2.0871559048238972,7.808552283134144
2025-05-21,10.437131850832108,2.77793447042759,10.098606141271027,8.183749095305087,2.111336811432222,8.014008879986847
2025-05-22,10.448648802057866,2.811640574862641,10.103945558435223,8.096161921549658,2.3432294520724093,8.13492947896054
2025-05-23,10.382729700533543,2.9268044310971075,10.059850920712217,7.971801212498684,2.2531506608899132,8.066066871314286
2025-05-28,10.281746575879179,3.1846408636434913,9.939666055036183,7.547304672267406,2.4651299881024085,8.017781551789385
2025-06-02,10.204290996071109,3.059936902997954,9.845202945649373,7.5536153519829545,2.239817768640965,7.628013544724279
2025-06-03,10.235163082277564,3.125654964347572,9.892308883349296,7.6351236599634555,2.2285328326416405,7.714704041756547
2025-06-04,10.227681092287666,3.11133393802319,9.874089969956444,7.642136886182364,2.1359466314178026,7.723905569057614
2025-06-05,10.207508989265504,3.0835406009254274,9.866818668948772,7.637518014395737,2.1048316248639787,7.59232881941702
2025-06-06,10.301644220145194,3.2872331301781705,9.96124984062799,7.7162179167619245,2.087454985220697,7.817196013663853
2025-06-09,10.28914931077101,3.0599249247315274,9.970003354615294,7.798680851562149,2.0779479811509627,7.719809076268084
2025-06-10,10.165105776249602,2.2575558965239035,9.839282622116881,7.755335700017459,2.0233334913479175,7.434169731470186
2025-06-11,10.004808014725858,2.4382725239598337,9.691698850184508,7.484428611642065,1.8817498779580795,6.522226307561257
2025-06-16,9.973273261440982,2.807636395048378,9.646184501303376,7.5041031990758365,2.0288387285386325,6.000642805141836
2025-06-17,9.857895402759246,2.801970720642174,9.523483961008328,7.715977240494769,2.8215078046617084,4.186955494338355
2025-06-18,9.760336806722849,3.352832119481832,9.480159470709667,7.609188077290466,2.2764824795654413,4.201471575170518
2025-06-23,10.449017254923598,6.419085236604901,10.151660041199028,9.41438727692398,6.872305708096834,4.162559430155366
2025-06-24,10.537088920537625,6.118576231364457,10.372249123959493,9.519981513546751,7.140007261210514,3.860868071317976
2025-06-25,10.45118277183241,6.023802275480677,10.312802425811677,9.315456486846218,7.109869605262109,3.9235866300080637
2025-06-30,10.288564214165689,5.3084205408359715,10.051078285294215,9.03257358424352,6.008875557704347,4.111051466613289
2025-07-01,10.047370819114901,5.12032481207586,9.64544383967767,7.757919906596848,5.94888292404787,3.7641894879290745
2025-07-02,10.001215213337248,5.199963211897292,9.595209152562408,7.71624349458802,5.873186136189591,3.667108488686148
2025-07-03,9.947194884540021,5.197899050078745,9.526569791917067,7.548442030247998,5.853043135489268,3.7625847120706992
2025-07-08,9.921270031641797,5.105197423098558,9.513242023770266,7.512136057431601,5.7845476428032265,3.74450789448735
2025-07-09,9.911399266703947,5.054286538324745,9.509316776480263,7.5038246708772975,5.789136297849569,3.8173169951691897
2025-07-14,9.905104782246367,4.946488243858204,9.507196094640157,7.500709302939206,5.7836903142217535,3.610758364479725
2025-07-15,9.921939196155668,4.964420388204532,9.532355603122193,7.520252945066885,5.897981068033023,3.3414957209872846
2025-07-16,9.932555907201676,4.982172511099716,9.545475867165058,7.503764395804391,5.918650826253324,3.357326483131279
2025-07-17,9.832883544635388,4.839420022158386,9.428743036962372,7.322275827379946,5.681196412441444,3.348354066607301
2025-07-18,9.806213761961127,4.849289486625304,9.39983693430945,7.2508563023966275,5.248659532886923,3.2601766693631995
2025-07-21,9.724873520213668,4.816325652357125,9.361473746600964,7.234936827219868,5.208723693209187,3.3049230561837213
2025-07-22,9.608016167265598,4.375007078194726,9.202521925611217,7.378125718106933,5.072274912063259,3.396407804243418
2025-07-23,9.480806598527137,4.359529781898001,9.13224321215113,7.0459540677670764,5.040645423155765,3.3172751574310397
2025-07-28,9.446729191814018,4.335020365641484,9.160064879196291,6.9972650117740045,4.5450242323491805,3.399761208126543
2025-07-29,9.391081684352194,4.17009193127633,9.117240288399497,7.255863241164917,3.8235991468046016,3.237457827911927
2025-07-30,9.402827388602576,3.9508814724576276,9.116484304720506,7.314633037446893,3.9387999895857266,2.827617428135957
2025-07-31,9.40111002778283,3.9052908896420084,9.122642015760263,7.503704305278112,2.9611234372645083,3.0862707766395956
2025-08-01,9.432061210074313,3.6043217220630344,9.109443385939342,8.113388855332119,2.6705798765082034,3.1133263293158184
2025-08-04,9.42597572595407,3.6864386339224953,9.081886147560803,7.960221050335302,2.671137853507838,2.994708772686657
2025-08-05,9.41569259922777,3.667865001124541,9.065489759704615,7.90931955090057,2.631255365943917,2.9992242713284765
2025-08-06,9.46894102739571,3.7467967014713426,9.180550201541266,7.7466275601535495,2.6220308991909893,3.1500080362114287
2025-08-11,9.470682862559132,3.5716595075450903,9.174692440987679,7.576032124792376,2.6980648525089435,3.0025099206323755
2025-08-12,9.473104338273211,3.6570939519055248,9.179399611565279,7.5776854990193785,2.6739795389544887,3.1942096963973134
2025-08-13,9.44326030103997,3.6465116037916654,9.175396508984266,7.531534234936784,2.6449659157689154,3.1294236811420113
2025-08-14,9.497384180062232,3.890040886959245,9.253768331237067,7.66186107254235,2.685997393891426,3.1974130418416657
2025-08-15,9.529689497077678,4.4045201897103965,9.300782412398094,7.81498420960578,2.911444033064862,3.2811920116627533
2025-08-18,9.526755511180498,4.376194894259731,9.27698770891649,7.7983383584654495,2.8905275393814214,3.284252609312068
2025-08-19,9.503684506105474,4.260218206435253,9.25177299501208,7.786091753271762,3.14933170315228,3.2691004522740985
2025-08-20,9.530901899585166,4.285785607685709,9.290311990929132,7.838896116680673,3.190761142472559,3.279258646480456
2025-08-27,9.449128118334434,4.297175661370569,9.24218792367619,7.716093383603414,3.2349532470952087,3.2908213800829222
2025-08-28,9.428545867161843,4.2922220470481465,9.22768440049367,7.616976774084205,3.2020276179943647,3.3740606695026876
2025-08-29,9.423412110890032,4.233931559030339,9.233319266370414,7.632760697989607,3.1466264177007304,3.40338862515903
2025-09-03,9.328822741440842,4.859121569391654,8.823767285852558,7.377231666785387,3.070957045877805,3.688466282773129
2025-09-08,9.409773591072776,4.782311103417336,8.83059393224785,7.578011924921668,3.098073964389449,4.1563629285893535
2025-09-09,9.119095323865634,4.933437025621333,8.325382116746498,7.5696789071222605,3.115192529130247,4.464543981756607
2025-09-10,9.092628927472619,4.894398036901128,8.302165028991801,7.486196347454203,3.138411887314487,4.41779086950933
2025-09-11,9.157667815893005,4.653246925938366,8.30202170645595,7.730630276655124,3.2974274221595654,4.929019079840411
2025-09-12,9.176421587869429,4.449118876698701,8.438858172335816,7.611178068450967,3.275161179892383,4.940311478416798
2025-09-15,9.162591048730746,4.5514627868898,8.384228663214056,7.406907079860068,3.452249951755171,4.221007046635994
2025-09-16,9.10893558460728,4.467908389259545,8.282790290027595,7.151377495090698,2.783752434587002,4.006174693872448
2025-09-17,9.123422195469589,4.543956935112733,8.28262807939555,7.175367894256257,2.8315149783974665,4.067379866092193
2025-09-22,9.038314984170617,4.571195384197992,8.1706803181518,6.905284127463733,2.513265963791043,3.638597686219743
2025-09-23,9.048108718153273,4.554526465902433,8.21956443405349,6.980231421432901,2.07357260444842,3.5673295999341694
2025-09-24,9.051833665560215,4.721079735202081,8.271910052470906,6.807669456686099,2.286579264255991,3.5309584829826637
2025-09-25,9.04644053143627,4.685659842042789,8.261597819776123,6.736595895662128,2.2836933882649677,3.5221881033761484
2025-09-26,9.002303745682905,4.7994078512221146,8.243939733765437,6.654383852016636,2.2823056747531156,3.509942508403041
2025-09-29,8.937348274456872,4.983325161214302,8.194419118699544,6.2620492519047035,2.5363653396874946,3.527300239256938
2025-09-30,8.849914472192895,4.927082245607006,8.124701042535783,6.025829557598215,2.1967877242993556,3.544977486090428
2025-10-01,8.955144512198101,5.229482341846035,8.359366042795198,6.417628155650841,2.0636432395366,3.090002654247707
2025-10-06,8.934420466207152,4.869468741156768,8.348814249537037,6.58723237981673,2.386121611873276,2.939813672579337
2025-10-07,8.94241566467392,4.917859778649362,8.334048712300113,6.637384359265454,2.443275362165979,2.445442598622131
2025-10-08,8.875310006325462,4.705772134994134,8.286758586719337,6.557926621440992,2.283442454984517,2.5144323624293548
2025-10-09,8.884413520577686,4.280711696812382,8.297612011699256,6.583508462154558,2.2782848942500302,2.591087484879625
2025-10-10,9.118097207544547,4.585020088617283,8.56906808228396,6.895540689636852,2.7662096799776363,3.295739801647215
2025-10-15,9.03238526289384,4.75111635063352,8.582764079875977,6.97948463707105,2.7996147138902416,2.7350692964547156
2025-10-20,8.882145690682579,5.173583129434243,8.477438864129159,6.960780638438493,3.182685824146016,3.32009306838974
2025-10-21,8.847900030332019,4.652371766135529,8.493614952982375,6.991544770058276,2.9820586101841755,3.04141492344606
2025-10-22,8.851947193534466,4.6148404562615655,8.50269333845226,6.875876761613898,2.761991514671038,2.55681145944535
2025-10-23,9.26740185796861,5.896517964489235,8.94738201156242,7.912924145573732,3.547697087320732,2.813688261775225
2025-10-24,9.25505403974089,5.802337308705795,8.909688342207703,7.841688263848595,3.5793469947370333,2.9253128431537654
2025-10-27,9.232877359524354,4.542261288641207,8.876118269864106,7.377196039469713,3.3958331031899642,2.816676208182471
2025-10-28,9.136583414674815,4.6687387137829,8.76512134863169,6.8653597622292715,3.2764468247751384,2.8466734119863166
2025-10-29,9.2058942628317,3.928664192216106,8.844138731235187,6.996582647736479,3.0641581551816377,3.166768146873735
2025-11-03,9.139500965878222,3.3250861520417523,8.823182732885003,6.903227629098422,2.9504952482812468,3.283491549168597
2025-11-04,9.244239137962436,3.2690874831246184,8.94202387106225,7.061298505090086,2.990152326879921,2.619354056572552
2025-11-05,8.82236881420159,3.308647028799266,8.440730966649854,5.393647032963385,3.8023290751094394,2.7386639711542613
2025-11-06,8.835805829950305,3.0345651424803317,8.48517424792565,5.0053510231582665,3.820546923704521,2.4122841772401964
2025-11-07,8.827707607430971,2.944138609063858,8.462975860735314,4.881659975086013,3.7969186937416395,2.423939047962359
2025-11-10,9.013623713515516,3.100109144971567,8.43424144947067,3.5823016612103094,4.63531544750987,2.8279611338391724
2025-11-18,8.852361184257473,3.0778382076430297,8.541891844146498,4.036960869870737,4.157496115452974,2.9103026108437846
2025-11-19,8.894996967355498,3.7246678412275114,8.592120057513275,4.08605754126702,4.290886930554893,2.6490915710701852
2025-11-20,8.883834791727192,3.9001569421668916,8.624746482316489,4.457010225873401,4.2705108134936856,3.025386391610519
2025-11-21,8.940188525983228,3.464830673284578,8.669596150978846,4.536654915654078,4.319198885757179,2.9106073378059425
2025-11-24,8.75141053069259,3.38083438964934,8.332763335669528,4.211382416233769,3.947822101326517,2.8579905092860494
2025-11-25,8.58339445045582,3.539635000353227,8.331325351086404,4.333598775457354,4.0322849855817875,2.5087909976113916
2025-11-26,8.546783588588614,3.250318394983026,8.303458721111555,4.367178939129616,3.582570007721136,2.780675717458714
2025-12-02,8.534169340057224,2.8435321295385343,8.241321738453339,4.577028447726074,3.3323286755434887,2.7813948049694766
2025-12-03,8.50817267521743,2.8775813075130476,8.208650773334343,4.189426736180558,3.3732814056217415,2.6892207798309937
2025-12-04,8.45367047963651,2.888779518221052,8.168920568910607,4.132773525255813,3.369964532787815,2.7185928444126426
2025-12-05,8.458789178291303,2.9390509866650185,8.136384885712898,4.134270904858796,3.3214729953556437,2.7224396850814565
2025-12-08,8.511774428025452,3.013474028590466,8.231378391788068,4.400903066766735,3.2831034988365886,2.839210842680332
2025-12-09,8.521403746825454,3.297821960376398,8.263221899800389,4.475378411928838,3.3108512534750276,2.9313935193883975
2025-12-10,8.492428242171593,3.233149792821516,8.238501110175216,4.2167334381020085,3.1730574521007857,2.927268650369049
2025-12-15,8.570629651308456,3.6221481480585496,8.329269271208522,4.305810090886131,3.194778743927756,3.2119962499868038
2025-12-16,8.839500018934691,3.7102057878155623,8.54501594637244,4.694577875859264,2.6409989297573158,3.2714537310778447
2025-12-17,8.718462649505165,4.101566747125226,8.530857412261014,4.592325353634898,2.919853842494929,2.832166544788432
2025-12-18,8.738039224977312,4.1391393049117875,8.492411543374608,4.516008565506487,2.9199917501137356,2.892447131390099
2025-12-19,8.813104639768728,3.427467837364667,8.565684485880873,4.862984165480246,2.5667488145145727,2.568484001711844
2025-12-22,8.938864006221904,3.6047914042202276,8.624842867455042,4.970963902772056,2.269047332468484,2.8570151104151047
2025-12-23,8.934158387051248,3.0930449344861923,8.643078168904092,5.02522955506053,2.5667462508057053,2.869015381343728
2025-12-24,8.936247612446534,3.1069964233976584,8.642848667668755,4.987514658302588,2.5888859497123753,2.7831681915682136
2025-12-30,8.879597900007917,3.0781257982914294,8.57659182763358,4.842775706278294,2.593755654401804,2.7403159185668806
2025-12-31,8.82979684908303,3.513584955969222,8.445173366493618,4.685300221867487,2.85319595139793,2.9272779163535767
