date,to_wti,to_henry_hub,to_brent,to_rbob,to_pjm_west,to_cels
2016-01-12,8.171289776943768,0.6044526234379585,8.170865576050808,1.7196682438754347,0.4590714445393625,3.691919276625313
2016-01-13,7.038962372617085,0.5892756364031729,7.720736740104748,1.9627445510466022,2.8365825943686325,3.5260508323964177
2016-01-14,7.170459963059318,0.5053459763288434,7.088910732637337,1.0825635842931447,8.699374654991148,4.717849325036007
2016-01-15,5.693795645622264,0.3703098168399958,5.892775070923943,0.9967929475111917,11.057771169887047,4.429931622373428
2016-01-20,5.2009711908828224,0.34141031412203704,5.292465660571518,0.9402376908754081,13.794300074177452,3.9434757847816932
2016-01-21,6.40106319531667,1.2361959096811481,6.000444782692674,1.2140038513228313,22.328834439388682,5.648658665088278
2016-01-22,5.342021521449102,1.256302261918809,5.865578504349316,1.3574887103784496,25.5680519017332,5.341394666773708
2016-01-25,11.67808653255807,3.1649928891585817,11.81020382635115,4.399115411586235,9.623614116438853,7.798304158460707
2016-01-26,9.753215751088158,5.050977915585927,14.827189900121342,11.33105778226028,4.5642679128144055,11.698110553106554
2016-01-27,8.970612286468695,4.916460523308783,14.56777684827343,11.343225538463466,5.348933661071612,11.157032787869698
2016-01-28,11.373622689633619,3.8461379151713277,14.250879189748673,9.94800159843351,7.880862976086667,9.033003514548085
2016-01-29,10.559419471914895,5.1549019333789285,13.734738723747322,13.365575773412358,5.985928979873893,10.583263546785119
2016-02-01,10.331084804749691,4.466209455939839,13.748338766461394,11.88296067857275,5.68830729396968,10.049271687650185
2016-02-02,10.761243857070285,7.376318992590451,14.397806805458066,15.233068232476995,4.268171460622394,12.045964753120677
2016-02-03,10.738536704182954,6.665665145026135,13.858649420145325,13.59837150927315,5.062936873218294,11.327984479083325
2016-02-04,10.953068987320902,5.2922270126437425,14.076196112027638,13.624899618393867,5.888856380959812,10.503052243392997
2016-02-05,11.427125005138997,5.282478698638195,14.084829320514617,12.813767774249593,5.4859058781328285,9.236318489337362
2016-02-08,10.70132552398354,4.2932735610588315,13.638409322422106,12.57561374241394,6.491069428759264,9.181472069729962
2016-02-09,10.768724066795924,3.9800117838712215,13.860728926320455,12.575756690150593,7.31115795954301,9.302149894736482
2016-02-10,10.704156944768442,3.7943596942451236,13.46402850401453,12.642549330562877,7.83931523342211,9.586819223290043
2016-02-11,10.460404151117737,3.670076118984991,13.355042289676833,12.875009138359403,8.223263622785813,9.063847306598582
2016-02-12,13.917867303298385,4.767755336142765,15.311070319001049,9.113105888553799,4.450614364147794,11.834199616500918
2016-02-17,14.317721601871305,4.325607789439718,15.366748947033814,9.134658442259532,4.565382377361803,11.963666472661922
2016-02-18,14.07703580713983,4.16387028449518,14.852850555318689,8.674982965647539,4.996465625099433,11.317347134014918
2016-02-19,13.433476742516126,4.443637260348573,14.60928408573281,8.965695511041025,4.889398276188628,10.967230122330983
2016-02-22,11.450909762387669,6.491849193579687,13.95417160428591,9.928285764612323,4.471741107658253,12.093216968878835
2016-02-23,11.105913971049068,6.116259497404665,12.374629537468566,9.238911857702378,4.855769880804317,11.565619868121223
2016-02-24,9.194504513326603,4.706983255778883,11.480797477931068,14.699900541793498,5.728516514361529,11.76588287711119
2016-02-25,8.001993796917738,4.645932758609331,9.55446283851166,17.062297084649725,7.102028902009354,11.373743873464909
2016-02-26,8.595600701174197,4.860366180396579,9.87690757215478,16.616439647437897,7.7709243905893395,9.429169934265115
2016-02-29,8.525301874552726,8.002584166759204,11.598068953633367,11.489888186279865,7.2683366230493185,8.081078972596183
2016-03-01,8.596508181755492,10.081932480109884,11.919783232618515,9.859550558452634,5.822469475828542,8.199716499212146
2016-03-02,8.87928436104601,7.8114210168843,11.495920662720986,9.152170561210694,5.16361650198552,9.410391043980585
2016-03-03,8.935658605955787,7.127093714273793,10.933143527131127,8.998049549957033,5.825643157014626,8.976082893453338
2016-03-04,9.475598580090548,6.146145825133799,10.034222419231996,7.992881405800052,6.742436595959174,9.098626404087373
2016-03-07,9.308094431205301,7.666143634499297,10.48190843072572,8.049934199402236,4.3046860870521995,9.421146512807933
2016-03-08,9.201999730002116,8.186048861184133,10.359715310879354,8.0302492871835,4.152235873323432,8.940208972146857
2016-03-09,9.300575372634574,7.864255833128847,10.575245016881068,8.086217992307233,4.175436948250797,8.812510745912986
2016-03-10,9.213111396103269,7.448784933323284,10.291500228456892,7.742307648769735,4.300230858518126,8.713128443762164
2016-03-11,9.21063161885918,7.713792506289795,10.358832342325774,7.080260538172618,4.094945684730091,8.71189799852895
2016-03-14,9.393643029120225,7.503830811133937,10.24072795921027,7.1259584897253765,4.161306937009022,7.9271174502335136
2016-03-15,9.052765239458148,8.068235921724783,9.691284549501875,7.120418966389281,4.24589531469009,7.856522100625011
2016-03-16,9.569627574149278,7.606736990443115,9.918604803114553,6.656066879984167,4.355196198083002,8.172136677074
2016-03-17,9.766388121568689,6.59972729098238,9.35695262479127,6.9185493295267015,4.099519133437723,8.608842009268846
2016-03-18,9.614530566839166,5.943144286721284,9.619453255506658,7.025293450867412,3.773875582306698,8.726075577043074
2016-03-21,8.89238601256789,5.076160063352212,9.26594565998104,6.766996606591934,4.8232545027927065,8.892557228500822
2016-03-22,8.857436641812608,5.126785090595956,9.111359931962648,6.503414126368161,4.777557361447678,7.625407826918572
2016-03-23,9.536793615543965,4.14801500473511,9.56024559467807,6.367299657733137,4.154835509701965,8.108901245383732
2016-03-24,9.66084966489159,3.9767512215150824,10.000386987558748,6.198249750116237,3.8673526520173307,8.27568003886395
2016-03-30,9.557346656698952,3.673141591455733,10.213902385705339,6.058240097388972,3.870585541804124,8.276799244760582
2016-03-31,9.433578763289368,3.2429135429409306,10.023711361625056,5.618568224643113,3.137494402349039,8.065619260641784
2016-04-01,9.420249671412085,3.082763300408777,10.057886548573839,5.500727005484414,3.070684106666066,7.728425450013732
2016-04-04,9.68224913206044,2.827618201670571,10.098143597179716,5.368014675111689,3.1194767214992773,7.736462301906061
2016-04-05,9.646135742536215,3.0177037312324977,10.04827186025656,5.3432688963848625,3.173014591242788,7.507408396349105
2016-04-06,10.596111978817651,2.4597548224699213,10.100301769800396,5.082510784609485,3.086766984451448,7.982971307276482
2016-04-07,10.384460444632696,2.6516864915633485,10.06617896796025,5.0281714891286615,3.050545178368532,7.7056221368563085
2016-04-08,10.379920438235512,2.836621478285167,11.154714561887124,5.0788347720148534,3.2673688279004316,6.392270044794283
2016-04-11,10.345381067106034,3.0183083099461308,11.154621108630046,4.753445735374084,2.8073975934034046,6.110178081672949
2016-04-12,9.97584544792049,3.055457837242535,11.04791548027796,4.607086459080159,2.876587363918361,6.048620104442289
2016-04-13,9.774672721409363,3.6447981936301352,11.300931134557151,4.35276949761299,2.6760147228244455,5.901838587184788
2016-04-14,9.688378598492319,3.587362704091897,11.181932300408485,4.366002031215358,2.62915258269712,5.7772580171556065
2016-04-15,9.72894734311943,4.3852395019550166,11.378040150914002,4.846032100932855,2.6688791155703018,5.841943309854432
2016-04-18,9.935764592630681,3.4105799855797687,11.56260575244336,4.86334597550059,2.570736647925805,5.736470276215222
2016-04-19,9.849345563131942,4.266333768604319,11.871083327033501,4.457035565863532,3.318560101872929,5.470539270010268
2016-04-20,10.404495521908038,3.569147751134253,10.963430487707706,4.036148793314381,3.474654692324225,6.096623265787077
2016-04-21,10.329580617980016,3.4309885161725915,10.985243034458627,4.102387371185464,3.552560289297629,5.979989187790839
2016-04-22,10.367878281567165,3.3568463426000137,10.837134177555114,4.097959248946094,3.169389055575848,5.8721039931391745
2016-04-25,10.597894587798164,3.1141887160224258,10.8832391259143,3.8556191589190676,3.1694255419392987,6.118183694902542
2016-04-26,10.23452188293507,2.911856980238603,10.626191298981587,3.75733526351445,3.6632851483704614,6.282246006874587
2016-04-27,10.627231476245088,2.688049052734058,10.100843097427488,3.557856057907479,3.8047003533348147,6.827137430214322
2016-04-28,10.34204489535142,2.8328838683707467,10.11141500408899,3.5578033513438503,3.717181828201131,5.826553440425864
2016-04-29,10.008380742347633,2.708041910315837,10.119040243453396,3.529445600858857,3.5428334623194893,5.351259272945151
2016-05-02,10.351054098376,2.598314574895198,10.28030867848175,3.7616281199018773,3.088143443605283,5.621358603920513
2016-05-03,10.277626424175752,2.57037229317015,10.239129311044872,4.046724789961938,3.3244727713239963,5.828706884333429
2016-05-04,10.295400009460812,2.587630240054254,10.31964102396657,4.1111732764200655,3.109859440308501,5.524719353439189
2016-05-05,10.25072964749783,2.7647329452660614,10.410127514662483,4.001294831797702,3.092049129192198,5.3740539183304366
2016-05-06,10.233775248713247,2.7940881923316265,10.230965675086294,3.899962788180511,3.1963780614705244,5.383836205927563
2016-05-09,9.981212120949394,3.1614064544137808,10.017470842954106,3.8987709278572313,2.8627131421967156,5.166425428597843
2016-05-10,9.91294812175249,3.1591910488833714,9.820061023523037,3.856175328063251,2.9236327371757036,4.845663761283013
2016-05-11,9.625031581272982,3.484424546585424,9.955246015366212,4.235175416288928,3.0121815387340045,4.848287231035349
2016-05-12,9.531221123384158,3.1472493261036054,9.991547208435543,4.365075254497667,2.9888070344613182,4.79256038778626
2016-05-13,9.542342479060588,2.724767888818454,9.88498849449583,4.282129947412155,2.8850871981651482,4.65221373129277
2016-05-16,9.55850573816164,2.3463746447374443,10.175607952563746,4.274974444172208,2.859321912763964,4.990470005045294
2016-05-17,9.494969313191687,2.4362530550782857,10.086144306602964,4.27247002468132,2.8047512095097926,4.915979262414853
2016-05-18,9.522242645001432,2.4087597806192576,10.085313462708468,4.328158810807428,2.74758160341822,4.765043119040885
2016-05-19,9.27753235965067,2.479483876926982,10.45877533817105,4.427638877712492,2.6289045422897024,4.855501542500636
2016-05-20,8.881123545156756,2.177390682615434,10.564105458041626,4.3196555330657525,2.4816300561800713,5.0307864874854635
2016-05-23,8.76169546098874,2.728288287767842,10.001735377014265,4.338362998130289,2.5228451912387038,4.861390522002479
2016-05-24,8.707812891930736,2.558049367141191,9.737213622516913,4.348473439037722,2.4966099011862513,4.660506991076119
2016-05-25,8.68489920934699,2.4539304516582447,9.502338379586165,4.2452799120648335,2.3368102599582845,4.579983828561577
2016-05-26,8.689174859442845,2.37941222754506,9.512652932195305,4.2199950824484445,2.344099386155437,4.617187180452686
2016-05-27,8.479636795369238,2.1659104306979313,9.173102412589058,4.091712174185893,2.236060672094279,4.6707001573575955
2016-06-01,8.308755531701404,2.7199193453382455,9.42369755784868,3.693393075027002,2.1578603696793097,4.707107078506219
2016-06-02,8.311661183786482,2.7774234062197625,9.442836432408232,3.6063541759307167,2.012329866642924,4.730577921488179
2016-06-03,8.597029707008236,2.1683170785227897,10.179007736059459,3.59503828405718,1.642042929879269,5.536430810580208
2016-06-06,8.9153839034008,1.7905791061012328,10.083321689440213,3.7909827295968053,1.7245031830050437,5.974531029749261
2016-06-07,8.879780127619881,1.7546657025180563,10.01609005248944,3.7643498653468144,1.7550485638116877,5.94496771869349
2016-06-08,8.866359977753284,1.9980274705999224,9.64187847471906,3.974315467283237,1.7741450678584014,6.048579958359021
2016-06-09,9.098764298971364,1.880120952168568,9.774346058374588,3.8974492435049837,1.5847446566909469,6.2160836466792295
2016-06-10,9.524459709711577,2.005566986832424,9.918997364587405,4.587977842918479,1.7546298099920918,7.119988831330452
2016-06-13,9.42881929744774,1.938405663593053,9.694881067126405,4.842896760124645,1.908625933498237,7.454899110495046
2016-06-14,9.115306920172415,1.8372414004738602,9.650916786865741,4.921462842674173,2.1980758592834255,7.45276595107867
2016-06-15,9.109383960837336,1.7168392975478064,9.641567487338774,4.89436851035025,2.1737111849143234,7.131739412646628
2016-06-16,8.97939227478214,1.6198389963054762,9.827654294322606,4.503077609123803,3.0595586780761965,6.609166627582258
2016-06-17,8.74105255230081,1.6264658085089516,9.531506588537605,4.5486594674737715,3.77374998037277,6.138194870084843
2016-06-20,8.390700157031025,2.0286445000176974,9.885577416197894,4.3935149760784755,6.043309723697278,5.838305358173408
2016-06-21,8.246212304184422,2.0620286333601134,9.282394263893945,4.565900768768775,5.466545146936017,5.950487344557374
2016-06-22,7.901660829633728,1.8465063336342606,8.774777405671257,4.935544785398122,4.481472680774915,6.534751676907813
2016-06-23,7.7860388882111335,1.9080939539508697,8.404086584926665,5.442462106528036,4.208949524609406,7.286092434177242
2016-06-24,8.549872860460516,2.141120472073012,9.08301828625959,5.1085291676307945,5.351183037058853,8.410258158803444
2016-06-27,8.515779502549593,1.903284026224524,9.052441295251112,6.2597938093967675,4.102103079162666,9.642795580758655
2016-06-28,8.578897911349182,1.873596110684084,8.923540396412454,6.414500638778846,4.410893572164067,9.700358797688546
2016-06-29,9.028305572176262,1.8618194563001824,9.135296462193972,6.267470669064031,4.319801959986658,9.9733545474182
2016-06-30,9.1556798407675,1.9515095067033528,9.387457639754219,5.75837512302439,4.133421659928599,9.221861793721844
2016-07-01,9.03584079064107,1.9208080669264698,9.339371682772962,5.739087719321748,4.077602274035706,9.357105355688196
2016-07-06,9.180224567125014,2.0185080274534086,8.974325407734717,5.524973598259117,3.908020968434822,8.821650130214243
2016-07-07,9.359743298528295,1.7733555202800753,7.759767096251019,5.753748398786601,4.5431091831640495,8.502120470891116
2016-07-08,9.640205232768091,1.7323947733514589,7.609275836661175,5.377105498268347,3.9955120241573976,8.320924233164357
2016-07-11,9.27951932863645,1.5100534900290858,8.088176202122535,5.196300458579556,4.341590924519293,8.528346204950912
2016-07-12,9.544215386740408,1.6010079001825401,8.987966895634663,5.279433211395841,4.411822784445115,8.434586753813583
2016-07-13,9.43889691519526,1.6467437118002135,9.165879929845303,4.841577512204622,5.326234114698788,8.422259368177228
2016-07-14,9.391651830421331,1.6085037266518925,9.116560601740078,4.685849216551134,5.299045141029947,8.315162292549948
2016-07-15,9.301894861461388,1.8268121610826527,8.950267797557723,4.626216728252197,5.204673802048931,7.8157683698536955
2016-07-18,9.241316332523613,2.1384227961889546,8.255260329455632,4.630095017556796,5.005335144279443,6.84483173210404
2016-07-19,9.293023147568173,2.0770479294930144,7.625233651526034,4.609206386629908,4.943794404189903,7.046937769043382
2016-07-20,9.236364867854908,2.0643280440260297,7.684153723822798,4.5949774409372885,4.734245727397209,6.479146891862879
2016-07-21,9.25016802709734,2.15649588832373,7.732832740203098,4.797019180151966,4.709081383888325,6.452736550998014
2016-07-22,9.124260869536434,2.1805994035025793,7.4684150744820785,4.644953100387589,5.0650734161009865,6.441143758251854
2016-07-25,9.054584086255005,2.065361051692958,7.461698639005795,4.721096361684057,4.643563669820584,6.431957339709637
2016-07-26,8.766461028534367,2.111881952556551,7.451005346442616,4.687333938901287,4.633005457455482,5.864248863070666
2016-07-27,8.677619727284243,1.9964142246784666,7.723925319309427,4.943161245107395,4.341687252873446,6.168681919443155
2016-07-28,8.687102050077675,1.9459629467621105,7.926300226689437,5.107382102508951,4.696765207332441,6.191324735997437
2016-07-29,8.241235441226062,2.45884436458765,8.066506129518816,5.238831971552088,5.412120566466135,6.056883389070117
2016-08-01,8.841043910343368,2.198000349715016,8.103459537055825,5.386320719419095,4.408420885504285,6.313063239432018
2016-08-02,8.675765739163888,2.5289356855032383,8.11839353349581,5.289236809307222,4.411485005537493,5.8854999914823685
2016-08-03,9.120199839407642,2.122012486451232,7.933720432921345,5.9687076519199636,4.5839722722406515,6.31695648602317
2016-08-04,8.838545013347956,2.0752198129421178,7.814993264871506,5.473785446058518,4.360045388929292,5.96739736998011
2016-08-05,8.711210034182686,2.1374660975671773,7.8936794755553334,5.432369423799632,4.204727925750396,5.99356759062366
2016-08-08,8.470431107344156,2.273224486972534,7.892360106588707,5.304322446181854,4.027272298848802,5.977481712972405
2016-08-09,8.482907111934416,2.220651278150776,7.891756378099178,5.26364243295134,3.9883622436532207,5.930045662615233
2016-08-10,9.027382044123451,2.5074056325547454,7.768886812570962,5.434252081238925,3.888891426620709,6.409981382800816
2016-08-11,9.39999500790744,2.729720523053958,9.293003885126113,5.489865438811969,3.8297447436935195,6.288456238289908
2016-08-12,9.388840944548312,2.903320095931744,9.436228023114767,5.516999059465749,3.9334980100579826,6.136256742429026
2016-08-15,9.428178690270377,3.3904973274702432,9.110547329434327,5.694017132590861,3.968201501712071,6.0632748248245925
2016-08-16,9.381966196038308,3.0679241058934434,9.133226543688126,4.981985527501779,3.8919847566386037,5.665848439875348
2016-08-17,9.346176726451366,3.083918566517211,9.071476438717514,4.6184609111310895,4.1568724093102825,5.571746150168743
2016-08-18,9.117505174579113,2.832995930079285,8.72134092956023,4.332683370040232,4.0980454477621535,5.542871756983434
2016-08-19,9.021701525771617,2.806370053919094,8.678763500304909,4.440704006502583,4.119638837443235,5.443535483282186
2016-08-22,8.874111833467493,3.20301767871967,8.806147483596524,4.403075172596643,4.987152203407687,5.276806427254277
2016-08-23,8.867149562649294,3.157684714097877,8.746617009733841,4.297402189106031,5.042213179086335,5.42222347004832
2016-08-24,9.468552599616324,2.8251141021929436,9.220281151640036,4.0664409029000055,4.731760625232834,5.24190059988464
2016-08-25,9.679800460549979,2.7304686807092637,9.180922910003913,3.764500138299182,4.475234526599915,4.980339578641966
2016-08-26,9.389112231449522,2.275696672776841,9.023194042166157,3.98850700635567,4.62086125610473,4.812379815629572
2016-08-29,9.446696929751582,2.2924657622428475,9.050413195284738,3.9419245576443367,4.564408008674866,4.813557759227581
2016-08-30,9.570915774587375,2.2999761532395357,9.693907644414514,3.551446380814719,5.414851515739996,4.5760248195697
2016-08-31,9.453138916075954,2.5840992360826784,9.58604773611149,3.6212678102808575,5.678253608424002,4.631858620623295
2016-09-01,9.347631443546158,2.8487976558474664,10.070083901359483,3.636869670078676,6.65320833192663,4.131667430339468
2016-09-02,9.707205703024362,2.842978041620592,9.60160511593533,3.5632158385975354,6.160747560067741,4.17689735749829
2016-09-07,9.495701209225656,3.2251159197843955,9.610319018174255,3.4587692343333294,6.674605017622011,4.349286784799979
2016-09-08,9.555330112564013,3.13350690482795,9.727554972729331,3.924783534543099,6.596129805022694,4.0292397254845405
2016-09-09,11.980480245584731,1.910540104691057,11.690507816916293,5.708537337697596,4.601518001017237,5.459543756048087
2016-09-12,11.985414413717825,2.389403108706959,12.19237602063564,5.807571540262781,4.976486369677086,5.309343556899896
2016-09-13,12.00013271693018,2.309867759464514,12.07731946611983,5.778028263405562,5.121973597757839,5.4284631374643935
2016-09-14,12.299438017651982,2.801374817502383,11.815770210042457,6.176972065640542,4.695622721231923,5.717966447706627
2016-09-15,11.658190803668148,2.5774400619236193,11.047769818984461,6.560679073258822,5.131410227064747,6.408618397927639
2016-09-16,11.615911603347497,2.6655262193905496,10.959840002773499,6.549754915962102,4.879595904056566,6.076830290920328
2016-09-19,11.940260355929778,2.576082656144237,11.453750563208628,6.68815197370589,4.636553954742201,6.002771862293695
2016-09-20,11.580248628052258,3.17912820732259,11.348689845307277,7.335040938081515,4.917909646991105,5.49058743765136
2016-09-21,11.581336594348697,3.1872772272911316,11.124343374837808,7.13930283458344,4.986789233655373,5.387742195944505
2016-09-22,11.664620527979645,2.891565107825306,11.161756451554998,6.889176445465297,5.014381411492158,6.020296831222999
2016-09-23,11.386148262883507,3.056284445978515,10.918866483625715,6.851620038876866,5.112358724781157,6.096531339866124
2016-09-26,11.530409209014628,2.2266636536325954,11.036333746843885,7.692346830970201,4.219929489463838,5.77252803098013
2016-09-27,11.487879787589463,2.0849981492468768,10.909695340176285,7.600191210940127,4.383208135372903,4.207390375331283
2016-09-28,11.136335755156786,2.217697043958633,10.215087376944835,8.023416095466963,4.359238609274744,3.720116654106516
2016-09-29,11.523752383653063,2.923087554056016,11.246307265133785,8.914850316064719,4.2499490483681255,3.0185733028071926
2016-09-30,10.884162561146157,3.1037215579580164,10.440541122659049,8.658829856344658,4.93591105694703,2.8753217391893813
2016-10-03,10.660991166776268,2.770033024881896,10.23886139509724,8.875501289017036,4.868223190406297,2.829695829499481
2016-10-04,10.49710240427302,2.6727283918514755,9.826828864515317,8.41548614764638,4.652088895824899,3.0573103579414784
2016-10-05,10.605215593982527,2.3710655908580827,10.00718223627929,8.26373701852363,4.613105344808586,2.842392438933119
2016-10-06,9.245149437912403,4.910170304281906,8.788714408564498,9.392341827818873,5.0842478165308735,3.052592623762205
2016-10-07,9.20916888264648,4.973613732919802,8.858321987189179,9.167599888752006,4.958416964967879,2.8836949854888068
2016-10-10,9.584451886040624,4.676768739647206,8.37509010903378,8.344654233649495,4.727238197484261,3.2546835782619024
2016-10-11,9.435599097126346,4.572544620429995,8.235820147273207,8.488237969181217,4.43598033563984,2.8488945882173415
2016-10-12,9.520985403949041,4.498111118468101,7.789440358259451,8.274311829402526,4.206933715159568,2.7600032520553213
2016-10-13,9.129898532662365,4.299014619049931,7.710460208250193,8.132504542699259,4.333929862778757,2.872053793831029
2016-10-14,9.180542045736276,4.166652551794237,7.401478689280907,8.058047417294038,4.3810588969858415,2.8419415836650237
2016-10-17,9.08748305082346,4.149393372057616,7.458212119655021,7.692275452192349,4.957895421579213,2.6963405572777615
2016-10-18,8.938652360728172,4.150781821853342,7.421717192537092,7.510369064582164,4.818203059522406,2.5518132045246187
2016-10-19,8.871074028469964,4.266428493280492,7.109082116433595,7.061622663238697,5.179614304734744,2.607490951723527
2016-10-20,8.986231011817921,4.219513535377405,7.505371302952494,6.747787899454294,5.050374665000492,2.642130687142012
2016-10-21,8.71441211080437,5.501823280068405,7.081588494735876,7.376504694455704,5.172960778667688,2.5124671801702934
2016-10-24,8.763603467452326,5.590826397367125,6.9081521399021355,6.208477351790474,5.518350550591709,2.244511075674364
2016-10-25,8.713023576736445,5.182924112737452,7.212789680675335,5.4076379431179324,5.018977568441735,2.785167118582521
2016-10-26,9.028186797481554,4.814674638343952,7.340580504503575,5.62015510022727,4.73297027501133,2.7693764903939027
2016-10-27,8.066636746745667,4.243671640402691,6.81024401629476,5.020170298617969,4.6718074315926765,2.9609245093384065
2016-10-28,7.967188472094133,3.3081751528132344,7.964105729342273,4.317555857692434,4.843477685745484,3.362055042879349
2016-10-31,9.804970190417952,3.462844779786408,8.009254031597273,7.331150413665803,3.8309956915954366,2.7416140315129716
2016-11-01,9.460851855213045,4.037195950930095,7.751184381568294,7.341172480169654,2.9509270848797047,3.2752644857346325
2016-11-02,9.027127663798098,3.0092934811279526,7.901896199582638,7.868550693290725,2.897470529145668,4.096003934725103
2016-11-03,9.420408214956659,3.3976147735881956,8.72682514569739,5.827117441153747,2.685051608693449,4.214857930745077
2016-11-04,9.950993844374802,3.5177808573729266,8.931839318732862,5.446660270183696,2.7032062319785743,4.1223223135786355
2016-11-07,10.056192845315854,4.95991570218368,8.27277348501031,5.306437459891783,2.654419009347956,4.320293809177841
2016-11-08,10.014244475071857,4.881792708062281,8.273744545461538,5.358381330887084,2.588980039495849,4.43908518053192
2016-11-09,10.129956538876698,4.581938491618459,8.309803021315279,5.060441528627818,2.39955659449963,4.7396665052829805
2016-11-10,10.577515638491315,4.446116720854367,8.35008199940003,4.68291970744308,2.4301804719919513,4.5517080022595655
2016-11-11,10.21727677865502,4.7375758924503,7.869076440637744,5.746375621802124,2.4324306405551757,4.088528632128613
2016-11-14,9.292548848345024,5.714963543028937,7.6779932962139545,5.5874655928463355,2.8289662573734056,4.33763335600733
2016-11-15,10.010792043946973,7.714231806642974,8.230651335596042,4.555186003303298,2.2880939211533686,5.336406981264672
2016-11-16,10.847187529738655,7.0573284217150665,8.325686589795295,5.114904133680638,2.088073390299764,4.908900216474673
2016-11-17,10.53524728821015,7.012154891777588,8.410424464617849,6.365144207943254,2.162216128575334,4.52411675535546
2016-11-18,9.89863105884807,7.37138659426233,8.619140386079238,7.0477467139919225,1.7220367782919872,4.056954151100728
2016-11-21,10.883742628263818,8.825583398304998,9.6452579136605,7.341697146652513,2.541997414204487,3.8470805138605737
2016-11-22,10.651259933686003,7.779319572499133,9.17337396102513,7.012060415933674,2.524998789234212,2.9333472631446127
2016-11-23,10.738970698374517,8.722022066124405,9.215113773556036,5.7140789668328145,3.3058018989461444,2.431235363029194
2016-11-28,8.75871885415573,10.17034510477407,9.376912209554837,4.036259695598452,5.369948712453788,2.4165542336739656
2016-11-29,9.212737833071742,10.085137816678012,9.913756320083513,3.6716465348382576,5.493945815445635,2.723555045538878
2016-11-30,10.020905102161157,10.81764227751219,10.662797979204067,3.6637299333898845,5.613676389297656,1.421656568091371
2016-12-01,10.481421442029411,10.805418061329652,11.014318583891475,3.743374688295216,5.704986487116595,1.1273916378981785
2016-12-02,10.85123199317969,10.604917355666936,11.007641374029683,3.7049950154427003,5.534977068949886,1.1331791614214695
2016-12-05,10.275720210725686,9.915670370443769,10.45213804137205,3.834306903900558,5.148751130069603,1.1073087967861863
2016-12-06,9.950172855150305,9.522814830479916,10.281567675846196,3.769542436497936,5.115199731366148,1.071994369281106
2016-12-07,10.400434839561601,9.087222787935598,10.769073533684425,3.755617127436502,4.873226726887431,1.0309349894171354
2016-12-08,10.220161227103159,8.611270353309843,10.776318307577121,3.6738175671594284,4.8943210206313355,1.0443090723708839
2016-12-09,10.146875143904703,8.53743231753325,10.697915967842235,3.660807384205866,4.797240338157459,1.0682266133422824
2016-12-12,10.11513817735575,7.941770931570431,10.247578447456936,3.9287153711231646,4.698093821170292,1.2556509883236533
2016-12-13,9.939732098336421,8.133678227188552,10.008469057436116,3.947867924302551,4.751311463909186,1.3122851515712834
2016-12-14,10.171975104460875,8.100134970624646,9.858200286391684,3.947431482931472,3.999920114704686,1.2422779826207986
2016-12-15,10.516299446161026,7.013911299258141,9.621149411129428,3.3960604888783625,3.6224381682185522,1.2507191199954304
2016-12-16,10.027231342300906,7.041259099435028,8.845737201100874,3.6066418491355,3.928964146654142,1.5272398683953137
2016-12-19,10.020257634296158,6.992386270167276,8.76675181832591,3.491670814285684,3.9352746145744426,1.5134585853531446
2016-12-20,9.935926480131007,6.838683923093615,8.586818157106016,3.4017268671852654,3.891207333662757,1.5618000688487195
2016-12-21,9.880515710173492,5.990056002776817,8.579093257061071,3.449556722201356,3.6236575229714703,1.5617570235956741
2016-12-22,9.787222187698733,5.852321536482095,8.51657332475259,3.495229160833537,3.571356198585283,1.5652393644632445
2016-12-23,9.752006210155697,5.640089802237498,8.62412131608114,3.4202032369728115,3.2229136162185408,1.3772741514740598
2016-12-29,9.793532161500709,5.571107352623826,8.631417080502262,3.358749724090408,3.22085586675269,1.3645568426737587
2016-12-30,9.761419217284029,5.508924143352083,8.56918954817022,3.3119357444077493,3.2513963435289432,1.3812991232351894
2017-01-04,9.441742599511214,5.327523414038448,8.387377507932774,3.4166271600894547,3.639020860498682,1.7927528015604193
2017-01-05,9.413182804941135,5.358463132246875,8.13697847612932,3.3673733744428724,3.783644286160133,1.60803159721918
2017-01-06,9.360376963923985,5.234585071294403,8.117308069121615,3.321924409777928,3.7918188591781363,1.5965364562467388
2017-01-09,9.835086736643257,5.996585579266946,8.486130836295638,2.8880594659722703,3.0581169681140197,1.6174443597156583
2017-01-10,9.70691229762783,5.8839518700983,8.409829418678294,2.8426083947766414,3.3456733248895163,1.5673097471219108
2017-01-11,9.832053295201751,5.970938705793956,8.408897562343526,2.7790309884439885,3.400333344559647,1.6104862890074012
2017-01-12,10.144682108378815,6.284276080832697,8.674056866157283,2.754126790679099,3.2059067155022603,1.4848933314512296
2017-01-13,9.912313583487949,5.634224745426572,8.76834578416375,3.169898907784565,3.350866929103452,1.7275995471323007
2017-01-18,10.040581344175228,5.66562638067759,8.846144498037111,3.248232054807136,2.992120294914114,1.765280541003633
2017-01-19,9.914948007506819,5.545335586686247,8.842003095686561,3.110073147532081,2.819716491537557,1.6853660844568095
2017-01-20,9.848170849328193,5.299723859401075,8.314561321581701,3.1108208285006174,2.799769043011348,1.7132177926161878
2017-01-23,9.684324409927914,5.2837440315671245,8.207128781960005,3.1227933970008226,2.742035362233702,1.7786898961823356
2017-01-24,9.658264465399695,5.29860676413401,8.2298726748321,3.099996618821873,2.7295134500780454,1.71331241702287
2017-01-25,9.464990036842767,5.317043639881649,8.13024623923353,3.161793680861896,2.7913179648319706,1.917658192673451
2017-01-26,9.921964020233386,5.795453986016199,8.809305561251518,3.6557698033216344,2.5526452218995463,1.714612245155861
2017-01-27,9.738886097876248,5.938663337089364,9.0622041043622,3.416007834735692,2.6557850029368204,1.7099204049315901
2017-01-30,9.531568257558916,6.172431971630668,8.870741315565082,3.335749832798357,2.773946059682839,1.8260388474179268
2017-01-31,9.175367659652283,5.505798037976422,8.35127118147338,3.3361990249621827,3.389273448840091,1.6174484298860445
2017-02-01,9.78638959233506,5.60241270741448,8.73646643694721,3.79462059632669,3.2596920277243346,1.4792472466006086
2017-02-02,9.755750224071145,5.352877651002571,8.710165318328052,3.8253841442487535,3.590642062831941,1.5285705151984352
2017-02-03,9.851529276530911,5.3452387200362175,8.747644860088267,3.763893707566849,3.287902424681951,1.327140682661504
2017-02-06,10.05463605095942,6.080239799856286,8.843223935555818,3.8365278840718404,2.852527540610859,1.3768371195202949
2017-02-07,10.000635399615481,5.934213199861451,8.50078469180671,3.8416866674485832,2.5929413534879355,1.2477709124492622
2017-02-08,9.908528880563923,5.906210096567093,8.509105086869136,3.791926532578712,2.6251298954283615,1.2162277031623498
2017-02-09,9.776011927990313,6.0138036701403275,8.25953570718581,3.79566196628696,3.074860364376821,1.1113921244349363
2017-02-10,9.948070623339492,6.225422509841163,8.214221645894634,3.7654160378995916,3.121978925371884,1.2342322889488593
2017-02-13,9.985840959829522,6.605626174521536,8.37235453838372,3.864682294919046,3.4891659822054977,0.9737747076580762
2017-02-14,9.812476935247494,6.201562887871931,8.177111094253616,3.7155175782846146,3.3540590289984595,0.9646281271188865
2017-02-15,9.80071353136021,6.420406981316705,8.152829671336773,3.593790329404787,2.9142360337772515,1.2338052227467162
2017-02-16,9.967875721390866,6.5719228457378245,8.431639055435594,3.4843738231583177,2.617169651827846,1.4952986510291126
2017-02-17,10.069356577226415,6.667239536207606,8.544492096546621,3.7763397270734873,2.7183014471916955,1.358910697509156
2017-02-22,9.945273232605732,6.610771565311592,8.169445524717451,3.710733404014976,2.642088530806349,1.5318013023126706
2017-02-23,10.92156615266898,6.923212937387685,8.512850221172913,5.340974645702988,2.1454595327721484,1.4775446665107623
2017-02-24,11.030715538675523,6.322344598773484,8.930808206093525,6.338558356042341,2.316720649730166,1.5239947138785164
2017-02-27,11.070075108049823,6.04448847229052,8.941532972129188,6.30869968742708,2.286539938145745,1.3497761523852383
2017-02-28,10.960949874867206,6.0922671145107685,8.179399503225198,6.138554010241748,2.393312743979868,1.3290067669334695
2017-03-01,10.86342663981842,6.144863003934906,7.315588502490729,6.514430526359816,2.5811388945761977,1.539526449976205
2017-03-02,9.814190535828034,4.939622091015893,7.466703033227886,6.328885599379908,2.7770817025220587,1.6205745440496873
2017-03-03,9.510503548082522,4.315847767316096,7.489160686425229,5.943864920402341,2.738828864083281,1.6362602499680488
2017-03-06,9.256272063718896,4.681755853873267,7.6762391167453705,6.273617099349193,2.381950358199854,1.6995723902087423
2017-03-07,9.298935497797727,3.9586238361130324,7.939737979074355,6.2998689970591455,2.1691608109151974,1.4705621707549559
2017-03-08,10.548220319929014,4.8488268908003525,7.677769528812246,6.5247831593828245,2.4856721412002867,1.429216794520366
2017-03-09,9.718709419357808,4.730660901871651,6.827716079777388,6.3704947525883,2.6893475689919044,1.5574251611367478
2017-03-10,9.657052041626036,3.4372806884770513,7.018906658126331,6.372497778827911,2.4953466478197757,1.4407935974297403
2017-03-13,9.631217312623809,3.5933971608539914,6.985554674769726,6.362040905420657,2.655872902031864,1.407114580034339
2017-03-14,9.324855594115222,3.6390731808956116,7.04091929002426,6.1986827115174306,2.8440896200192634,1.4219860941709683
2017-03-15,9.596918493798436,3.1099881445545985,7.608663170915224,5.896450741480447,2.9938055286929774,1.7219939000736948
2017-03-16,9.721796689133244,3.2643597143778886,7.801925509984358,6.060835280092275,3.357511197658262,1.6730574749086937
2017-03-17,9.622831733528434,3.072603758899188,7.60431955421089,5.969114664830762,3.728985327120647,1.7117539593047664
2017-03-20,9.46302728664233,3.064509351109525,7.567242279701877,5.98631986892012,3.8548387339651247,1.7851108017197304
2017-03-21,9.438603844194217,3.2222160276584013,7.222248717844402,5.5816466889336,4.63391797794334,2.8349095958599193
2017-03-22,9.148019575850187,3.3785811850283416,7.2596593184235685,5.736866321113122,4.824737574715662,2.9647063250069583
2017-03-23,9.055956643215731,3.4149596583514685,6.752046794361686,5.814479839064738,4.890445827400395,2.9646169463248477
2017-03-24,8.845327098256611,3.441133290773396,6.715472534822356,5.941807190776949,4.914388431834454,2.7458847118674523
2017-03-27,8.93109879102512,3.3684827049127914,6.621048139952635,5.797744104438068,4.856503777775946,2.6421864921271907
2017-03-28,9.317726954994399,3.3954233066653887,7.113193847734717,5.6465577028340945,4.220770179839767,2.5839599468266305
2017-03-29,9.645535364732769,3.483250076938815,7.303012046536414,5.6895010926159655,4.104241242739134,2.440095381596008
2017-03-30,9.760235256852205,3.4438847432428603,7.160555475741106,5.755947598039259,4.122060367440054,2.472344354330967
2017-03-31,9.659479084127126,3.5745208805062805,6.681637463462867,5.633361054552224,4.198339844798379,2.432723036629349
2017-04-03,9.67984708411128,3.5774040470269646,6.676706667277204,5.650514911729235,4.197148316028854,2.42635615898771
2017-04-04,9.537839663746754,3.1557304040021292,6.499074753467785,5.626281844573178,3.937615137798728,1.878865566894148
2017-04-05,9.582886746951317,3.250837989523342,6.541325262153294,5.250981809018418,3.947695378319601,2.1469181769182573
2017-04-06,9.87698854994813,3.2458924743775577,6.4542934832078975,5.242799564398681,4.077787116865069,2.3041554322751163
2017-04-07,10.062208529914178,3.1412428272134214,6.544185687074754,5.282689549044047,4.165004312733486,2.227013083747753
2017-04-10,9.987589687373344,3.287149612904672,6.37928650443433,5.213180140151506,4.116097046481755,2.4806288951817503
2017-04-11,9.81183573150789,3.261911323583481,6.27436276046742,5.208377336271669,4.1454896638215075,2.350294945804952
2017-04-12,10.475446470557108,2.609608246275741,6.437177796339156,5.5889216779182975,4.229848495456349,2.4530974183827436
2017-04-13,10.472324540407694,2.5963857081610713,6.43979676869242,5.642620878892458,4.139339740474663,2.420121004465764
2017-04-19,10.804082855990599,2.428078298944423,5.630997574193952,6.55219815871088,4.062138721469747,2.508070494814859
2017-04-20,10.661880697474356,2.4196023150715544,5.603102964148293,6.500613009748467,4.377746773275798,2.814133426717937
2017-04-21,11.058962920314917,2.7805470253711664,6.195714987561558,6.880980725230036,4.0986684716115125,2.7595568237189414
2017-04-24,10.83812623979925,2.8830667052353136,6.080883890734108,6.4662066034334345,4.076618916074742,2.400462969528346
2017-04-25,10.952610116476597,2.818645907259295,6.230496436185465,6.249229146372613,3.913714824906293,2.559106758925117
2017-04-26,11.099766510892321,2.7012057182280835,5.660450932075712,6.023871292527264,3.855370424609415,2.4969088629793523
2017-04-27,10.76481832346406,2.5510029851564773,5.728558253278112,5.9623121803566805,3.929364384058948,2.307852791101045
2017-04-28,10.568057323506292,2.601691208309644,5.6800270270850675,5.922565073221997,3.8462901285481634,2.3865317600678577
2017-05-01,10.799728898754386,2.7103634991661596,5.221409302797961,6.287273124163266,3.8524616745022016,2.3081132645521065
2017-05-02,11.02629439839415,2.8867966872303104,5.113697051239694,6.271147514141407,4.624857473676889,2.285472209680926
2017-05-03,11.107456642827039,2.814676487602489,5.174838265778141,6.306517375178557,4.508483822672702,2.2850755709856507
2017-05-04,11.905832118269371,3.035434495689841,6.508560665201603,5.353454911210786,4.723294678317193,2.510456642782438
2017-05-05,11.805224623449027,3.0040708873598163,7.0676793185940925,5.458160004158429,3.9687430390616414,2.530417192373437
2017-05-08,11.57275477898888,2.8577625797903905,6.359649000417014,5.509860915333607,4.562339146886058,2.6491487083313596
2017-05-09,11.64673867967206,2.9375687892037763,6.417418420799188,5.476419343202515,4.460464939831521,2.5371085455391387
2017-05-10,11.767122591724446,3.1791760314668847,6.66957147871818,5.669476111595539,4.35011202297112,2.168201666693544
2017-05-11,11.733781206692854,4.236704923652577,7.096794437195316,6.030578607932685,4.3699187442090155,2.4698262706309575
2017-05-12,11.487285069669545,3.9747955303885085,7.0386042745190105,5.576258042972994,4.478847956607114,2.6626440017287885
2017-05-15,11.208313885710133,3.8120459889632308,7.597532853091123,5.790641783476526,4.114603637352965,3.629712455755026
2017-05-16,11.157462471418073,3.469455146145023,7.848952160046621,6.187014059242091,4.216467782363594,3.505784092236743
2017-05-17,10.815424710742121,3.3084748946929383,7.488193099742902,6.004671919343586,3.794000338075959,3.797157723907794
2017-05-18,10.4468932207531,2.84111703949968,7.185161818357025,5.996868281916797,4.477822724899016,3.445570290143492
2017-05-19,9.974637169142667,2.8078703499453534,7.479785100434488,5.558409377840466,5.270558123444716,3.423608767514963
2017-05-22,9.654987890580362,2.8306603748235943,7.314440918488991,5.023881199825531,5.774094028408733,3.4866610724961333
2017-05-23,9.382605784448943,2.8755308498946177,7.587883977108493,4.634269031175214,4.806718498685617,3.182622839890964
2017-05-24,9.190350679625931,2.8664543104398312,7.4901004105794025,4.724580983000535,5.383489447039345,3.3497490858547434
2017-05-25,10.337655986912436,3.432683174311246,7.376094497924427,4.981627240429805,6.6214996487341615,2.950485994812119
2017-05-31,10.863179850302657,3.186671324035808,6.6850348973577445,6.304669478845304,7.457426354238074,2.924624205673624
2017-06-01,10.250934846669136,3.0039285103441653,5.400309741471472,5.958014888067788,7.138513643926353,3.0761790637388615
2017-06-02,10.105269441529304,3.674378972888899,5.8490168801420666,5.96338448893118,7.202049524148308,2.9257248801572615
2017-06-05,9.611322876015,3.3195262587942698,5.870290512388325,5.376038598728994,6.97575447673745,3.1285401800669965
2017-06-06,9.200997497218651,3.384482934844272,5.685663758561103,5.105170805859619,6.745832325696829,3.0655596328622914
2017-06-07,9.743051398059349,2.210538564616432,6.040845194180875,5.5953519555589635,6.214022633968912,2.8291673767835643
2017-06-08,9.99330189079865,2.46028729504101,6.214985858258815,5.658785627169439,5.809288334823418,2.819878811470866
2017-06-09,10.335880950230875,2.4024095806899792,6.245188981593693,5.9207142066263705,5.958538503529517,2.8792531249674274
2017-06-12,10.352212908060151,3.4388886779716556,6.814964238698008,5.155933595254496,9.593725536404914,3.6573234060226074
2017-06-13,10.348438788216667,2.4674767816321257,7.020001023069551,5.848639959752977,9.201174926095304,3.9892148230998807
2017-06-14,11.428621040342712,4.54113631665794,9.841312038558732,5.831730451703954,6.004408944286826,3.9423946924273494
2017-06-15,11.27815485641982,4.5140583344633365,9.784501989594187,5.880943774254504,5.82145660218749,3.6371030367928583
2017-06-16,11.247575432758511,4.464752870639016,9.837924285636506,5.94132656235355,5.494965340710384,3.6078513189749324
2017-06-19,10.899970405859344,3.911180031495304,8.815316001373924,5.408963531144386,6.036734063994466,4.261653773125131
2017-06-20,10.434713905785136,3.1844564233772097,8.756651638992656,5.431539008628235,5.89465463872742,4.450193452627606
2017-06-21,10.549911638604106,3.1506221943043387,8.366592825151253,5.5825615004761575,6.000172498892458,4.291789130981555
2017-06-22,10.674137488876939,2.897847746105979,8.629814816003924,5.3774334914564,5.77483038304867,3.9059818326948084
2017-06-23,10.359482452517609,2.8674212616018937,8.112653255549331,5.092119965511542,6.228985185813072,4.490111616802443
2017-06-26,10.53365479697848,2.8850276996236452,7.959527436157995,5.069658398425925,5.323503982609166,4.255283410900336
2017-06-27,10.567156395235111,2.976645144951719,7.790630948502709,5.1275284516868895,4.60842034674426,3.70809487234694
2017-06-28,10.545411649984969,2.9017587826482854,7.775248635951386,5.302824034337478,4.227916929270601,3.9618445111530876
2017-06-29,10.762108178187967,3.1954117670056514,8.10855063180715,5.455970733170532,4.230831385164513,3.5180181755437965
2017-06-30,10.559873690539588,2.8810842188251287,8.03742820949949,5.863958391998597,4.464631986243184,3.549587529531186
2017-07-06,10.554178366623537,2.7452295943026415,8.018948465784836,5.875817820226942,4.295824533522343,3.381881929173536
2017-07-07,10.558105405160982,2.2309340572897187,8.310033765209932,6.390652116621646,3.544148435605193,2.6266151231007377
2017-07-10,10.553684088318152,2.221714339420083,8.260447467703296,6.357753776487233,3.450057797697809,2.407939218060982
2017-07-11,10.678196593109604,2.2449062316044803,8.316748793243937,6.387657680214109,3.6194442811912384,2.421860787201117
2017-07-12,10.091633090032992,2.4307054505312045,8.456890414791678,6.031911609363792,3.63230778470716,2.1776715181821706
2017-07-13,10.109942830327755,2.398320903157856,8.44322773607495,6.096667756270154,3.678198259174755,2.186121604660775
2017-07-14,9.667201459542214,2.3929698641622847,8.254741755186938,5.884965220006969,4.3328603784906194,2.4999319430040337
2017-07-17,9.627184565869383,2.470216983398497,7.9535215598018185,5.59111444734268,4.405092412573755,2.2952080501519423
2017-07-18,9.59946909797681,2.547702974848091,7.883764602362407,5.50156496140152,4.200485706700065,2.4255982908944134
2017-07-19,9.509440439708596,2.5275199024550052,7.880727744482853,5.3590119686707185,4.058523876347838,2.4711384348331493
2017-07-20,9.038805515404016,2.633687545697875,7.893571834744217,5.243181239468373,4.170313487821399,2.5286319321556046
2017-07-21,10.730606742064788,2.5626203244081123,9.080707713502767,6.62526919651918,4.013035088809832,1.6145581853090285
2017-07-24,10.557440891800734,2.651453737067096,9.090678180675242,6.716599702625573,4.204577255292571,1.6064450567186601
2017-07-25,10.483024033787446,2.4995346975237713,9.322069235638756,6.936003948040447,4.205411849781025,1.5411295929608197
2017-07-26,10.301332217251964,2.45404426283106,9.016264617023534,6.8303004674438155,3.743459457265658,1.503141163404037
2017-07-27,10.457636637694586,2.258347494559332,9.264785224188351,6.893850949856975,3.2532491998548925,1.2467982631960806
2017-07-28,10.744203168730602,2.1382627547330335,9.511682514398252,6.976360461489439,2.9885093351684104,1.3118675928122234
2017-07-31,10.362283959108161,1.8742051934465949,9.537764357269763,6.704863396508146,2.8744576771621877,1.3623046510862473
2017-08-01,10.510810614419631,1.9563870963918004,10.053288649051762,6.850086498412665,2.747159244068596,1.154411008102187
2017-08-02,10.282410230282066,1.8947279818578668,9.830195640803074,6.337616093770813,2.6014114695389465,1.4202434999856683
2017-08-03,10.091815972068352,1.9182499613691044,9.116691249851444,6.4296617161369864,2.617026329912253,1.5153103110038906
2017-08-04,10.427342362943849,1.7488177321781928,9.285690306794734,6.916679425970087,2.50071868041856,1.2838951231127844
2017-08-07,10.225536376683525,1.746974124843259,9.29636316581202,6.859405257187585,2.4614936746225244,1.4807697135296725
2017-08-08,10.18525967187842,1.7569491673853594,9.363342797793456,6.831465700608624,2.447228327352702,1.5041714883331299
2017-08-09,10.024264816433083,1.74160432342475,9.161333869505835,6.7583778211606145,2.417691883354952,1.5412089411352878
2017-08-10,9.715201684417433,2.0470711212714154,9.23413156152292,6.620088929376915,2.3135522774438515,1.949610143354704
2017-08-11,9.639687226112777,1.9457157625173693,8.895786052434664,6.6911564992922345,2.06096907652459,2.1029736242527814
2017-08-14,9.651206290498743,1.5102031210180205,9.00844282446628,6.8252944032450955,2.175411230374445,2.2716212883731046
2017-08-15,9.562422902654259,1.477252426121095,8.87904396947546,6.8306755270807225,2.188204388226391,2.3679442498666066
2017-08-16,9.7672596023398,1.445771885124758,8.965651549703962,6.971632409607079,2.1623771717154034,2.5491384164723443
2017-08-17,9.570025670808372,1.3786422622304801,8.930432148147737,6.853419101155441,2.1444970465428224,3.3050610971325534
2017-08-18,9.356945393193365,1.361224634523032,8.742002406884891,6.751556815215836,1.9805035661264698,3.3728545619877166
2017-08-21,9.425229632369344,1.6216022376484764,7.910539745134124,6.834993653848765,2.5878288408160475,3.6708802934040885
2017-08-22,9.181924729773511,1.6154541222278958,7.069788870290258,6.809880529982197,2.661019021939087,3.323465806861033
2017-08-23,9.696230454215312,1.9612092457241495,6.798568476767251,6.380261516609434,4.083497859360859,2.9366061499301193
2017-08-24,7.3929802368956885,2.1197546420947604,6.262068957308419,5.053452885527622,4.166313103744414,3.0731569038612534
2017-08-25,7.448547315020339,2.1450075624043015,6.327309581806937,4.8641277904117,4.1189912210249,3.108295836513333
2017-08-28,6.850805276362883,2.131369991029521,6.300067662596946,4.667014236129023,3.7308950145086617,2.913681302735379
2017-08-29,6.405507782605452,2.1753234257970506,5.941514695875978,5.128488640580186,3.881222430585725,2.784831141645785
2017-08-30,6.496926539784159,2.1455175125190147,5.574382427233165,5.41527324499303,3.985445775951557,3.1291604186752195
2017-08-31,6.330251714981113,2.2129094176558435,5.827018392121018,7.597597034016207,3.607485204503979,2.8230051398997094
2017-09-01,6.554899549055417,2.4815204308187417,5.527783209600295,9.924330669736408,2.7400406683665963,1.9584098069588645
2017-09-06,6.2788647491337,1.3335409524288024,5.444518740999231,8.97957741436378,3.4459412385256294,2.0880463303376042
2017-09-07,6.498777928487139,1.6780523157580938,6.082863856161798,7.471704904886848,2.940299151310438,1.9140399090033566
2017-09-08,6.362191137610428,1.6212572511936065,5.854494577565354,7.706975441634632,3.0058434608321196,1.804507027764285
2017-09-11,6.465397642579492,1.4568912195875565,5.48281589063506,6.512283438250141,2.7286989387698433,1.3435242511949275
2017-09-12,6.754664666080639,1.3941893656280069,5.946078409591922,5.723959726596008,2.7783599813993107,1.3898090303474238
2017-09-13,7.146421390775451,2.2044252516104312,6.555245893799011,4.9004172785585185,2.492691623889909,1.2950115594106395
2017-09-14,7.11729867373652,2.1994578074155684,6.521696696728111,4.785441394125052,2.5612240239547943,1.3133007142576814
2017-09-15,6.773698401773316,2.2692683895761436,6.3048739502716336,4.916463704116153,2.6390023961322857,1.439287682792014
2017-09-18,6.647696966614551,1.8589396289847258,5.66398671252029,4.913684782005047,2.6375279981826316,1.343668757010456
2017-09-19,6.539083282958594,1.9788098198355735,5.560290032592628,4.9776829097289035,2.6732348463414475,1.34848908781219
2017-09-20,6.417214999601865,1.9559146373345253,5.680581119094941,4.581658829351904,2.5507700500001156,1.4388906117182687
2017-09-21,6.517125548374861,1.8410340185732916,5.924609411500807,4.334445040735276,2.660924120481145,1.4746649967802634
2017-09-22,6.41312775403991,2.7753245476372093,5.331164275806562,4.306234377541801,2.43529461241425,1.455268286903148
2017-09-25,7.217467740721691,3.1750519197472813,6.451619066199824,5.375837634304456,4.906798049011581,1.8374225316178603
2017-09-26,7.556114678040003,3.0301458323053736,6.350660755179419,4.466050408695229,4.985427985772169,1.7919230446325318
2017-09-27,7.224054745841939,3.0069361430617523,6.374457102118512,4.388115837484883,5.367937527737998,1.9847491245394995
2017-09-28,7.32216563905384,3.065039819316182,6.360264420949965,4.2879220995581555,5.557141551685755,2.024121272676784
2017-09-29,5.917490397939679,3.2242091700975233,6.697242121188526,4.414255799329378,6.025147637838196,2.10541161870784
2017-10-02,5.354502249950168,2.829245974918887,7.098310831732672,4.341149211759157,5.852581370824155,2.538404434458408
2017-10-03,5.071332540665392,3.6900996673723925,6.397463632714456,4.015079595562448,5.622629264477507,2.5442789097192238
2017-10-04,5.0312222733864616,3.724577621176067,6.249589079500523,4.165600215628616,5.549653630337411,2.4277392436807634
2017-10-05,5.393035359449875,3.5994749079204524,6.7574945470332475,4.315691356930573,5.929169614661654,2.4953475247391887
2017-10-06,7.166082649545571,4.303776111176481,7.482896523443547,4.359071078350914,4.8446666504316225,2.046152965449142
2017-10-09,6.887791796953402,3.4100407568810813,6.646513795797357,4.073052920865785,4.846375108408109,2.2704402527750855
2017-10-10,7.521819409827736,2.4877581573484817,7.045086186790339,4.487806750227784,4.9462615378059755,1.9243355384118346
2017-10-11,7.121631388632893,2.365736296571208,7.063197906695092,4.184980684851908,5.059041089576165,1.6361626246685967
2017-10-12,7.173679297162931,2.3152025993956418,7.05962574752132,4.166535743921632,5.152112366819385,1.6462719633876022
2017-10-13,7.355102121572795,2.374058544364436,7.078398928260874,4.491995398762681,4.637174614886595,1.728981338092905
2017-10-16,7.612763921765224,2.591473555606035,7.357142137677871,4.401581684812007,4.274496646892541,1.6697306236812945
2017-10-17,7.609707869961327,2.534132621427552,7.333275004663228,4.419657128785805,4.20692277130673,1.6858743823040312
2017-10-18,7.61078902212351,2.6025394845414405,7.20982523750498,4.474649011610711,4.345935019249717,1.7635740101582715
2017-10-19,7.803940169927221,2.6251430025871527,7.2477484192492705,4.588124451918655,4.265696196079847,1.7735324351638624
2017-10-20,7.820637708385877,2.6546816483538165,7.244435251233235,4.598053049086636,4.244350834894454,1.7849698513824084
2017-10-23,7.5901908760709835,2.880439959036465,7.087021327585131,4.616212632660608,4.831970179499087,1.9423877999228234
2017-10-24,7.551775416105074,2.904748860175767,6.919921525206658,4.577122636134151,4.730171317393846,1.9315982797478721
2017-10-25,7.261991626398252,2.9619033711199894,6.730313311140836,4.386096194890936,4.3287440445130985,2.2076574258019916
2017-10-26,7.218825232001315,3.0695866754939645,6.701509701429379,4.329245712327926,4.365331702597733,2.2458611243854083
2017-10-27,8.4872139389996,4.324829509443513,6.764858060051153,3.5768933592349157,3.6627581877653026,3.5757287148841335
2017-10-30,8.475642733668256,4.04474302317436,6.649789134973727,3.216415384236306,4.053273587831909,2.850403538177931
2017-10-31,7.948146839538388,4.310055256263705,6.688973955004379,3.045815200463705,4.179670857765166,2.9087660245759093
2017-11-01,8.10878086717459,3.7510198232519443,6.695463941234411,3.190474893427037,3.7304420033087684,2.535734055961329
2017-11-02,8.009762562233021,3.953872958155078,6.792631913580078,3.1491028987117478,3.651445473911578,2.371999900712542
2017-11-03,8.227832331025278,4.02038982182317,6.683856167389751,3.1382235759055486,3.6392545699563628,2.4565629774779145
2017-11-06,8.69936401315116,5.330557017492675,8.111217739831687,6.202130254403959,3.6671309424143543,2.655989614431766
2017-11-07,8.741471999088313,5.179182430885991,7.970373649492007,6.110172387847066,3.7104780588914164,2.730945121693294
2017-11-08,8.509283430653651,5.709730726864591,7.673349531330126,5.8271409992731265,4.272402663125271,2.493905809397732
2017-11-09,8.65140722258428,5.549997495997513,7.279312724082133,5.094755980036891,4.351749637005821,2.611610777704765
2017-11-10,8.677954023135202,5.25938451966065,7.13742658482287,5.035503238892823,3.947361324697111,2.4053097217065242
2017-11-13,8.303750549814994,4.086802074636908,7.935789485083497,5.462635336680378,4.877961009549466,2.310607854320758
2017-11-14,8.235263028381,4.148256257599179,7.90483376881398,5.647536801216849,4.377638814763242,2.710483945022522
2017-11-15,8.52685775411209,3.5816520566425147,7.772687299323926,6.378510641305396,4.31830821463543,2.6613291575311893
2017-11-16,8.57336083010331,3.674698777613474,7.360053508880541,6.454653512273432,4.539616839701916,2.6096363202750865
2017-11-17,7.997307436593413,3.614548480879576,7.194480417837936,6.03866166553383,4.3417338905025895,2.7317419469609914
2017-11-20,8.125929596579281,3.5625841332010517,7.378989852103,5.75334207424019,4.132915794147174,2.6661176340676866
2017-11-21,8.173616625104566,3.522018315284233,7.147726395053984,5.446960170030483,4.170223258741978,3.2585160311529653
2017-11-22,7.792675323118746,3.482416769491509,7.227016018030547,5.218265529286472,3.916202966245985,2.844511814833528
2017-11-27,7.877791406435453,4.011360355782188,7.446235473222007,4.967158326230673,3.2167445510705277,2.8540029521703314
2017-11-28,7.7230990012409295,3.8940334523088356,7.103818941320533,4.975046073608745,3.603332199462065,2.829411076964105
2017-11-29,8.702194868178795,3.4304348844238723,6.552194709909205,4.509605178923267,3.5449980867539033,4.892161612203888
2017-11-30,8.593823657958959,3.479483331310068,6.5180022078338125,4.271963432793071,3.5054654365423397,4.765245734079916
2017-12-01,8.44443249595592,3.2356877483271838,6.181025101368032,4.116225794400783,3.0543940006117634,3.4791090600370773
2017-12-04,8.670457079536993,3.8112271772295983,6.058563771433232,4.651373291187329,3.0991933286774245,4.403122348556928
2017-12-05,8.606015440391898,3.5866130319394376,5.848582543053783,4.641220864002704,3.0663919787894494,4.347780728344203
2017-12-06,9.417468235254626,3.1362266156212866,6.428281191179265,4.4405795217633806,2.965563464328127,4.4942825111315665
2017-12-07,9.688571013142175,3.0570829168840077,6.619890120956433,3.8741754705566547,2.4396029739129506,4.056481246214742
2017-12-08,9.615654302752327,2.7946660075076384,6.871745427547713,4.2026636418452705,2.4543917692311825,3.9873444567372816
2017-12-11,9.194758599387907,2.6752319816806107,6.703808803499022,3.932472862846918,2.695797487713501,3.7488833716672922
2017-12-12,9.604070586615679,2.774329923636881,6.954839083459844,4.086143103260024,2.4790963749816766,3.3664314022192907
2017-12-13,9.515819655238806,2.5060730523937385,7.064193454356445,4.685484094112952,2.841665056028719,3.0322390127010856
2017-12-14,9.251865297276048,3.8042936237183373,6.474270690889997,5.709070366307784,3.938019803621673,3.093753410726476
2017-12-15,9.502094508285136,3.509585198862092,6.699813130789573,5.206151370522172,3.4201904362359112,3.501560435621768
2017-12-18,9.634649563703057,3.495252680520117,6.766754189351887,4.859731448681951,2.9269861223149207,3.262999666039455
2017-12-19,9.582053980254788,3.302194591541052,6.7881791689638975,4.524533502092244,2.7736351034947297,3.263869004025769
2017-12-20,10.136180035248714,3.326917347767562,6.885381721389471,5.053419471321787,2.7613776463404123,3.2712495732066285
2017-12-21,10.072902855591355,3.318706615331257,6.880892986215809,4.917228984704912,2.7067818555373138,3.2606075385637925
2017-12-22,9.876276133874127,3.5313483375290615,6.978566733943022,4.635127108152635,3.0877353920928905,2.9762226390433093
2017-12-28,8.865534243921612,5.080532519678035,6.907335893871828,4.544730475249005,6.558240476073574,2.628131180610647
2017-12-29,7.120718046011568,5.965825800447377,8.064913032232623,3.665238044837173,4.7914126354871795,3.6562158118747656
2018-01-11,7.2133887170682565,5.5682074587895976,7.5639377158808605,3.8794066819361746,4.527076032279209,3.581795179552055
2018-01-12,6.457808897928662,9.643848878944107,7.213312412305831,5.031905237778406,3.415626411829797,2.579422822037014
2018-01-17,5.716510661843625,14.977159088057292,6.0743984181462265,6.80102579920707,3.38930849375722,2.3629854523524028
2018-01-18,6.9921653291394605,11.807836616956147,6.575656411414658,7.049381330488351,4.446228033707154,3.5976249591661755
2018-01-19,6.962838105445837,9.635272951658704,6.696982617185977,5.174316085686107,5.18014505585316,3.4601243135484423
2018-01-22,6.872021892145354,9.686647620461864,6.813829927074996,5.489891595616605,4.957472611942563,3.4575152540816965
2018-01-23,6.894533801270401,9.196956809338703,6.755581753429792,5.51155431617461,4.621447684810042,3.2437325816983904
2018-01-24,5.9379283794542905,9.706437940635412,6.258264646524123,5.5096914412441045,4.68082111693686,3.183526144610505
2018-01-25,5.8656401758764645,9.744109756497581,6.119973039374364,5.414178397661566,4.453438139700988,3.0098652700087585
2018-01-26,6.0294567387637406,8.036225817034392,5.383200619516132,5.171703598466012,5.378777121539428,3.2745987675374786
2018-01-29,5.5967800824055685,8.12267384537162,5.09007882530467,4.983691806673333,5.450319038117385,3.487792465311775
2018-01-30,5.95495776139887,6.8581448152364795,5.018186002766968,5.2607617792087025,6.173012384618674,4.994323120118572
2018-01-31,6.142136383465577,6.935406978114332,5.111984184143851,4.965589494526986,5.665502615668686,4.958545876136141
2018-02-01,6.428555767289033,7.010918220934055,5.156243913312918,5.072404895290085,5.816535070241973,4.008100442906168
2018-02-02,6.249936109372038,6.037337319044304,5.208047874354721,5.121225255301368,7.348254382134102,5.995593502294818
2018-02-05,6.6956050575908295,6.711045583979744,5.009428314361083,4.983887287574604,6.037816616099576,5.90510342220734
2018-02-06,6.451275187963,6.275089279409518,5.029337362360124,4.739469394550407,6.2621703239251625,6.0556586277685716
2018-02-07,6.421272332406534,6.143960536460779,4.666064982457715,4.780280952165985,6.365801830499322,6.1660970823576635
2018-02-08,6.086246958471592,6.592788240912529,4.3351527397361735,4.771440770568706,5.945905242014306,6.148845037798633
2018-02-09,6.206753429497641,6.44770830712157,4.621254486105929,4.524177834425724,5.576686338321725,6.508829836017568
2018-02-12,5.858002114841239,6.258623384017354,4.677958542000979,3.5548965753391837,5.469531170011969,6.639788882303921
2018-02-13,6.011775534779058,5.943043086793001,4.69099714249077,3.733243348859261,5.274546932478612,6.674264014190978
2018-02-14,6.540023309112034,5.502102002917458,4.483110891106635,4.093639260574579,5.645417689824587,7.439940284561417
2018-02-15,6.623507556289464,5.424214884497764,4.461303667413051,4.048564935231556,5.490432559322315,7.650763173495791
2018-02-16,6.333457075484759,5.26527849884796,4.4440607710048505,4.047916510078856,5.594960869188991,7.928325591817424
2018-02-21,6.383955296902836,5.21144159703521,4.640899677859756,3.7589531147621886,5.325458270968281,7.429612690158854
2018-02-22,6.351843959716672,5.130354794375425,4.909013729261608,3.8087137188810147,5.4861996267589666,7.53003741664961
2018-02-23,5.991551264480038,4.872135596351422,4.618272004793857,2.731419333564474,5.28447421713902,7.273911467840879
2018-02-26,5.953943876079898,4.69907194772563,4.52071055280464,2.4832266970850503,5.4354796696399825,7.490982952123645
2018-02-27,6.13792930339368,4.643508594675555,4.312910514230501,2.571686862504082,5.591877100885877,7.499564225611993
2018-02-28,6.375184394523775,4.565269563719396,4.59228267994808,3.2093804881649235,5.4052771335224294,7.492264265120268
2018-03-01,5.844919602802537,4.160973411891968,4.297398804957438,2.7948236752590527,5.273500990845475,6.980654853914427
2018-03-02,5.855561940067308,4.163201739117208,4.2406262113623745,3.2958556330939044,5.199438109854008,6.6535667838913755
2018-03-05,5.9293529169655805,4.137021531321213,4.275823443326357,3.6663830368228436,5.224176200000735,6.459259899103206
2018-03-06,5.820105854178657,4.19702743369553,4.147491937966408,2.888273204890153,4.990229124392733,6.529837311597952
2018-03-07,6.096006325907871,4.07106612624771,4.669012303426066,2.429796233402228,4.8804276307959435,6.077101698537664
2018-03-08,6.162485461815941,4.033566153564605,4.70165075984184,2.4822298145142994,4.851117837846884,5.936885703106213
2018-03-09,6.552197444009674,4.0440467007037855,5.243538678707629,2.291460278504942,4.75858232057947,6.335679034229187
2018-03-12,6.623927570465081,4.050400822037492,5.640951279499955,2.1321585165842594,4.956032914508775,5.324936218806677
2018-03-13,7.203278429510189,3.3984009793074073,5.936070380353985,1.978172288525781,6.130889961920779,5.946792523052639
2018-03-14,7.169260952896935,3.4396239684328997,5.434170040976319,2.00421244568292,5.890184173302238,5.842402101029838
2018-03-15,7.158312670588764,3.476542309592397,5.5055167931993125,1.9743494342410741,5.610314503182803,5.705020885153902
2018-03-16,7.717461609944734,3.7643228544935607,5.965261155536208,1.9458565330539024,5.175232071976603,5.54981398090863
2018-03-19,7.772633709222617,3.7532034834772703,5.9751340281814835,1.925249892647163,5.175118830284544,5.63920722455837
2018-03-20,7.748678746538062,3.545249911317344,6.637405027199797,1.9700264893929935,4.538322628388758,4.830704671515018
2018-03-21,8.46093942735782,3.505654807634068,7.208996275732656,1.9005265894706078,4.585227322412762,5.008419532156018
2018-03-22,8.729211174343323,3.7354965684499803,6.435204915460719,1.9383196690899627,4.118441525371735,5.252788907934188
2018-03-23,8.498477941845367,3.728181816339482,6.621640673919967,2.0413837893199784,3.7965147804858046,3.6819990625780714
2018-03-26,8.252045765245276,3.81543864912263,6.228770623471671,1.9761340761280295,3.683097135566118,4.115880441028525
2018-03-27,8.017238546999465,3.6822486784788144,6.277241889560035,2.24572130389031,3.650961034845899,4.818279242438195
2018-03-28,7.840609743604556,3.65772823581,6.0826941137782455,2.033756906750685,3.577762807858237,4.842917957941103
2018-03-29,7.73841543288582,3.880700779876145,5.9612882159571905,1.970430427433443,3.501335112293465,4.9592648834661395
2018-04-04,6.932911037048491,3.6430366615174403,5.28222475661491,1.9358450646125422,3.2615676507272653,4.9853074944799145
2018-04-05,7.019519653319861,3.6556536428621222,5.1489244729019115,1.8907395649234584,3.234691631419532,5.361900178979258
2018-04-06,7.930526615538643,3.324217511829053,4.998350833854494,2.044648415201537,3.2824243754775515,6.728967224774035
2018-04-09,7.713592168293449,2.7688985616071577,6.738228973762848,1.857240110305667,4.406146477257679,5.240466805823522
2018-04-10,8.153799067671235,2.877734200271002,6.380000718814245,1.830671755384509,4.189504807239975,5.7305129724936235
2018-04-11,8.40230276744017,2.937784662621221,6.245436136088448,1.6364125790823838,3.6824424368542386,5.283753268136896
2018-04-12,8.028446240204499,2.874903246295851,5.647126909843759,1.4082084219343205,3.604179668330724,5.180019850236921
2018-04-13,8.22086500510432,2.82353631167274,5.60048180105962,1.453654760052516,3.192471373948868,4.980988867239248
2018-04-16,8.357943883186758,2.7421149584334947,5.3704852347822625,1.815619397209369,3.270599422923004,4.632666366611045
2018-04-17,8.186850213883446,2.7186011535490793,5.437418886971527,1.8154604820163325,3.0814621341038237,4.495900184407242
2018-04-18,9.341547117337427,2.4427992743957403,5.721449378122177,2.4519520628461096,3.169583444514037,4.3172948772844535
2018-04-19,9.249576063845986,2.4454772294539464,5.6638948097088715,2.3292748713577542,3.0504721039458205,4.5360485022965245
2018-04-20,9.276701044894969,2.4378880129097795,5.60116858483697,2.2038833287791473,3.006480859552415,4.6532304018686945
2018-04-23,9.314427518523184,2.394699526266708,5.642756037880581,2.102407621208946,2.959184830537007,4.661052419281799
2018-04-24,9.149332617398574,2.39767483038175,5.484759209115435,2.0861849089583164,2.9016590506448803,4.659729209313368
2018-04-25,8.86506777639627,2.3610071594594606,5.423222148942373,2.113027791313769,2.916610179121528,4.691132019367307
2018-04-26,9.05491685477251,2.3129534727202916,5.62843152653348,2.2545722620314326,2.8104724415342823,4.472192976708193
2018-04-27,9.098413754181971,2.2757315951486983,5.665771939602565,2.3586164875579665,2.842984667764561,4.282110776847921
2018-04-30,8.768600953877007,2.3332794443947944,5.813397043024856,2.343467406716593,2.809998200485346,4.1322658953328775
2018-05-01,9.196509119977692,2.290762037357874,5.931546933868585,2.725514054854239,2.667956778613327,4.004987640127516
2018-05-02,8.851628227121918,2.2384714001526143,5.661066473002765,2.775795366047007,2.693581835087988,3.902547707765186
2018-05-03,8.351076784298497,2.2113211246861404,5.419245808508962,2.7521499170924724,2.6423244331203297,3.8297538480160562
2018-05-04,8.908351847864184,2.004623613827324,5.346063226066363,2.813989981329325,2.6558794975421054,4.336437201842978
2018-05-09,9.817610246547725,1.7048962099326974,6.906444318323544,3.5098206702400714,2.499252103333473,3.900631475104292
2018-05-10,9.285983336508723,1.564682681299782,6.870864695314748,3.366461956959793,2.28903082472602,3.7959612053079166
2018-05-11,9.68749693288858,1.5282222533158472,7.081157159832757,3.5991940836754943,2.3313800223535277,3.51047125224526
2018-05-14,9.683334397674493,1.6294112514599703,7.089684277657362,2.9337628081832174,3.100141019470765,3.7553950260872995
2018-05-15,9.61195744220394,1.6185132800675666,7.077775353009795,2.9952340054578865,3.069687202874492,3.5593800142914205
2018-05-16,9.280150894258584,1.3398512616513145,7.309978631290317,2.87283563434347,3.75575362092318,3.155750613427901
2018-05-17,8.964916904153574,1.421598221243183,7.06114026137555,2.932598003905129,3.60395697705019,3.301757061550509
2018-05-18,8.842037062930542,1.4715950212164375,7.283530864392744,2.874332318671474,3.8412950698359967,3.3380325956257546
2018-05-21,8.947897271029097,1.6440981148881224,6.936959651783176,2.84801677112713,3.8694915398312433,3.5782967941280464
2018-05-22,8.748553866844,1.8441804460131124,6.825228546628609,2.8362199870701565,3.719281750996956,3.716997599758626
2018-05-23,8.650743769101831,2.1613554460778284,7.121156481893852,2.82816700044279,3.2619843421113566,3.6565224786746473
2018-05-24,9.169803761970389,2.1117230646437153,6.677814854893758,3.372001653687797,3.1537863307194915,3.7741395914298113
2018-05-25,8.577982248280522,2.018457252718203,7.116416092926092,2.997892515645186,2.837366681133411,3.2805416153761016
2018-05-30,8.339104577598594,1.7259474959885779,7.089151717807018,4.194575768354729,4.200307728515113,3.3301585133956793
2018-05-31,8.349467213794023,1.6330405525234664,5.36741112659296,5.493365009466404,5.311354736814134,4.321042780372625
2018-06-01,8.475117813425115,1.5431634234723546,5.435779223874289,5.534210710090755,5.202346787909712,4.268664876941032
2018-06-04,8.649433246082735,1.2407632281414855,5.729952320043069,4.965622323893876,4.205562166879894,4.318733503974219
2018-06-05,8.123892831929775,1.254852635758428,5.6979366703156655,3.942911706894316,3.8173228272227093,4.2519206141542405
2018-06-06,7.9582009056331335,1.2213747459799251,5.486194247661104,3.8207186504593333,3.6740818465833436,4.165672086139321
2018-06-07,7.31597848898569,1.858333032925195,6.663614276618013,3.459934897222968,3.5373992976128954,3.8463421096586736
2018-06-08,7.40476974015045,1.8988354533240122,6.594127153593324,3.4300752209839023,3.0695541093812877,3.8654703093211005
2018-06-11,7.375108356446307,1.7695263288938705,6.436483868562994,3.2854098711269226,2.862479348279534,3.8636586664867782
2018-06-12,7.515074548621366,1.779581267846229,6.321446178420288,3.225150609041884,2.8678909285674252,3.9026775002654133
2018-06-13,7.487237607804592,1.7858307262225537,6.277637697472003,3.211792878066468,2.6989152922497612,3.9155847927310936
2018-06-14,7.130766898837456,1.5492901707617024,6.231761746250041,2.739925545634383,2.4860626581360195,3.7158606905671188
2018-06-15,8.763306294027146,1.4758197639070787,7.167035063842623,4.049481956208457,1.6355058139947403,3.432261256699489
2018-06-18,8.60611767652596,1.254864184600224,8.883646488997389,3.569552830277045,2.924019917171154,3.077638729159952
2018-06-19,8.97532363913557,1.2523792147990802,8.896828914259979,3.3773400430449096,3.484791314891718,3.2257696355407592
2018-06-20,8.857790748921081,1.252635528372816,8.919641858600446,3.3785798513005396,3.534252172154695,3.1828775712432695
2018-06-21,8.334145264951792,1.3786274090037944,9.174759936775084,3.200631994563017,4.063063998393897,3.031560368657299
2018-06-22,7.820479829155246,1.5275438687885519,8.755372550460182,4.07043770271163,4.056168987719899,2.034835957289
2018-06-25,6.890165517654087,1.5990873543216766,8.336874180877425,4.568427299084045,3.4515424506115906,2.3255108074107613
2018-06-26,6.787430288337274,1.5107998699154968,7.361696401424852,3.8662567287499043,4.431100838172843,2.168316470096889
2018-06-27,7.667996352035708,1.4366267640370374,7.24474528813528,3.758256683602984,4.36230005588773,1.875897294358847
2018-06-28,9.38119756913702,1.568137110078229,6.739031618644948,4.411928037860186,3.4111070489896758,1.5344489507929937
2018-06-29,9.322455209455905,1.3414303889589585,8.001624505920045,4.843445503704567,3.8712709481371235,1.4120825946694413
2018-07-02,9.45227668961888,1.2402639693313566,7.870987508053447,4.255844068351119,3.6042953876908554,1.4928991470063988
2018-07-03,8.487755784745817,1.1637213362377754,7.659240518321583,4.16123948409554,3.385723276987133,1.478766013604721
2018-07-06,8.379263473772978,1.0755081745124906,7.319338116473997,4.103210640303245,3.604071728262683,1.5391091515028468
2018-07-09,7.220618901817274,1.0976395749515626,7.994772506498404,3.882361653406008,3.224647091290778,1.7881778572972333
2018-07-10,7.237456349665685,1.024263523809756,8.058742310674097,3.878914679758868,3.1606967572885147,1.8420898135669848
2018-07-11,8.54101583146618,0.9855825455626318,9.61020356136385,6.349089252805218,2.64805125547401,2.76180127197822
2018-07-12,8.190130877050528,0.9189609796529256,9.656625593008973,6.199884415403563,3.1654714312895478,2.5805597950659824
2018-07-13,8.12702961077414,0.9224381179906501,9.443627266376994,6.130900551055355,3.168573731013049,2.506210678505901
2018-07-16,9.570837123771296,1.1432428370344176,9.45874481585991,7.960248476444517,2.586184660477747,2.738040300452053
2018-07-17,9.709096424138252,1.0361538730285575,9.594034419731658,7.895091478362134,2.4744117805412693,2.5350646001325288
2018-07-18,9.780197399673012,0.9099652364612503,9.265530141360161,8.055035759451334,2.5538322156432334,2.567107516623246
2018-07-19,9.84675124422382,0.8516124854124767,9.222676537477815,7.911210499937986,2.3690081169540114,2.5891803676690675
2018-07-20,9.694087274056718,0.9010975179997844,9.491326744782349,7.828211472755238,2.2804715329757954,2.3515873930237556
2018-07-23,9.319072602220805,0.8322928309694554,9.13101169249939,6.698479146050077,2.4414590605691564,2.4164747094515255
2018-07-24,9.40081434562625,0.7083767067094072,9.093809427096437,6.49331388194835,2.288423342146998,2.0856913047127446
2018-07-25,8.99395199736401,0.7886003957462528,8.29543184301753,6.788190723107422,2.221813519176036,2.543341136871321
2018-07-26,8.850768076420325,0.7671911907363326,8.425722241509447,6.887965755608501,2.210356721522239,2.6638968923820245
2018-07-27,9.108571549153853,0.8534818069865557,8.114723451076069,6.675368539011369,2.1550878466075543,2.930102590548687
2018-07-30,9.054944768276917,0.8372030070959916,8.277556415212322,6.588296295636201,2.1822117421512095,2.569922788658404
2018-07-31,9.167898697200716,1.1050427845485526,8.360614910496244,6.238336240229665,3.3200724413508405,2.938062844898798
2018-08-01,9.779167271684676,0.9410733383404923,8.859725252921542,7.455940687255364,3.143149137167759,2.9086383084640084
2018-08-02,9.680521920506612,0.6979491623108235,8.963104382248828,6.847693013624749,2.862638447288013,2.983381534145735
2018-08-03,9.641954866120672,0.9428532676695246,8.65721552263614,6.502455352508605,2.5574392719643106,3.308835122666448
2018-08-06,9.34217419859087,0.8248678427833167,8.8134741663737,6.588844728198591,2.5325374947367494,3.1851330586420334
2018-08-07,9.264088005315958,0.9633082855038944,8.716407389689282,6.590210643511848,2.4621932731838214,2.8570425864348956
2018-08-08,9.961042378793186,1.1990898288555856,9.468232426058844,7.2443488854594245,2.549370467269509,2.867484775832324
2018-08-09,9.667731869513103,1.261105097824102,9.227743734608872,7.178081092452842,2.608899207288579,2.6304452550601765
2018-08-10,9.563264950655102,1.3827166086760767,9.312013703393523,7.122968019928234,2.462189695665057,2.442233804526328
2018-08-13,9.547967007563903,1.3720736043320116,9.292593597750978,7.105103730669484,2.506602886963124,2.526783370671709
2018-08-14,9.543967416039123,1.30668562235788,9.335011129757275,7.197555641804999,2.415139696889342,2.4333731097939553
2018-08-15,9.905074993688249,1.0599025846928474,10.51733909986441,8.472169554457592,1.9536500357862343,3.16344825780979
2018-08-16,9.622652038899405,1.0738792294059423,10.57626210008533,8.515159883738834,1.869791999998549,3.0634160911927206
2018-08-17,9.458032492881584,1.0532919258610884,10.472503655252838,8.408753357838686,1.940658192321082,2.9969887281967664
2018-08-20,9.175531553183427,1.000353440486168,10.589729329832688,8.888981586380607,1.868061008508476,3.2744434980604367
2018-08-21,9.28850028056092,0.9647407879645593,10.206286537245449,8.570709257664012,1.7823621652568604,3.2085303345424716
2018-08-22,9.466042280473411,0.9925308471503413,10.47280064946747,8.742826600253105,1.7756433609335671,2.8218820679872194
2018-08-23,9.465251223928467,0.9883388329686308,10.474171372379804,8.70225321555078,1.7449231782065235,2.7270230634302286
2018-08-24,9.315351123588801,0.9947729526883293,10.00097975636825,8.47730303096481,1.7466735598421768,3.233166779047654
2018-08-27,9.137150325574941,0.9614769529971738,9.691568681814557,8.285318506088599,1.7834715151546423,2.8079117776574627
2018-08-28,9.171211280528949,0.9420396119736663,9.083730894724338,8.289474268396908,2.0815920487370057,2.9406124277255103
2018-08-29,9.367696545785964,0.9367338394010197,9.025429188011422,8.66894278754865,1.9449132427198073,3.251256153679725
2018-08-30,9.306997800625219,0.9518629452461624,8.976846443911372,8.324746009461764,1.5403749186921314,2.5449788453932625
2018-08-31,9.329405170721426,1.115748647388572,8.356922869922714,7.250612593542599,1.6349054838696107,2.313679044024203
2018-09-05,9.49597922302324,1.228414884812773,8.390595103220411,7.525072667621273,1.5962509787027255,2.29455643919869
2018-09-06,9.37390547181348,0.8825609546787535,8.444127932259477,7.66206680557278,1.6556693331967056,2.392552667397709
2018-09-07,9.249790040147722,0.9284059479500636,8.440414832152706,7.691874422386572,1.8574596939507193,2.42123600137145
2018-09-10,9.06366451181744,0.9549299912094762,7.487945095602444,7.630772504919853,1.7809144432092119,2.3496882776482244
2018-09-11,9.486885061683923,0.887610414868952,8.029553365809123,7.795332384220294,1.7874223232219137,2.7154471058427756
2018-09-12,9.787356451393924,0.8595013702864694,8.23933533481399,7.200397826078388,1.7948711067452494,2.912654983454164
2018-09-13,9.784905355854145,0.6285830296344034,8.803913654146664,7.5391411649147955,1.5048083892322264,2.360393639516321
2018-09-14,9.750062418464779,0.6148047136846005,8.781281039920012,7.248696772501039,1.52852093139015,2.3538818128503873
2018-09-17,9.718128553969523,0.645982231891958,8.53652170216523,7.108758764334763,1.5999268093583818,2.371516419601701
2018-09-18,9.56848669822117,0.6221530300993724,8.69491471704685,6.993744922433713,1.5036893518994676,2.3568811698140255
2018-09-19,9.644307373415984,0.5939496966949583,8.961803546384935,7.136410935281127,1.5463790945297262,2.365145620327896
2018-09-20,9.370599314256047,0.6496128178131629,8.917587451206488,6.9381640859990155,1.4007652376165893,2.3488004883062463
2018-09-21,9.34951665316939,0.6846913621896284,8.948117134627726,6.899179088890304,1.4016975218360426,2.269567010419493
2018-09-24,10.432014148153149,0.8199582453750391,9.565631548686152,8.611137162482674,1.8531660623821888,1.485486853976827
2018-09-25,10.503337961282464,0.9240892341880246,9.625635972080696,8.594415551015732,1.7701181644601658,1.6218143832858243
2018-09-26,10.90154711550138,0.8759151491944932,9.233449767976202,8.402044410771971,1.6748957905340258,2.070537795129838
2018-09-27,10.759043240952934,0.8329105297392022,9.239685938113178,8.458502023627862,1.8616366961948054,2.058035935586115
2018-09-28,10.8414727313124,0.8395331474071511,9.381641961085961,8.367668650510565,2.04066138143885,1.8963463852149125
2018-10-01,11.700284309646053,1.8852713852108904,10.446520160523347,8.895688722954239,2.1215024578850477,2.37993418190995
2018-10-02,11.515027063181277,1.8709214558582896,10.286637712706769,8.724786933402315,2.172403020510224,2.337270547065586
2018-10-03,11.238976955681984,2.255082918344405,9.756467251965992,8.403609408539273,2.145116619641931,2.0438427928068106
2018-10-04,11.637727589642546,1.9852560454787487,8.716584918068914,9.47250911702756,1.7333583505927213,4.060142117150916
2018-10-05,11.316630605964662,1.5300978657964075,8.591028880188459,9.534954211496922,2.724512726065344,4.763102668028494
2018-10-08,11.036578190387552,1.5892891642030245,8.348661558320801,8.722396792480305,2.8886185002014844,3.921298815054795
2018-10-09,10.596481432748538,2.481526200569062,8.185565052791231,8.478358013580138,2.564740731237447,3.45695704898667
2018-10-10,10.707865426844577,2.3292316995283224,8.350788660199193,9.153306412537432,2.6212864633983926,4.699907198095954
2018-10-11,11.35334310140027,5.575847390308055,9.476267683652535,10.645064953347417,3.5814022764286637,4.553750296541259
2018-10-12,11.143686998507896,5.793098977639606,9.18875674396636,10.932851925153985,3.5759956355989906,4.906430994053044
2018-10-15,11.176179198917524,5.717822299746754,9.022109049283252,10.967595831453812,3.530724424397602,4.877809177623564
2018-10-16,11.206838128949274,5.852131733371617,9.1089861124174,9.660193450519687,3.2946818734442584,4.192792948829484
2018-10-17,11.836437526454,4.88844800118932,9.018330010137076,10.226075142660529,3.330781137011607,4.989166387978328
2018-10-18,11.755329891113519,4.965782896360751,8.455671268658808,10.162366912771137,3.103202452563325,5.494013927361354
2018-10-19,11.842493482145258,4.700672124632895,8.394684970414097,9.502596603658592,3.12438509055333,5.551032038522461
2018-10-22,11.48074901736967,4.410058386791197,8.452256668320487,8.891382648339201,3.0877886238473464,5.626943626763233
2018-10-23,12.281873961953792,3.4814935981685573,9.014252845817486,9.490314070081746,3.014216462486415,5.595543138176079
2018-10-24,8.981788920331033,4.604839663539491,7.99905781628393,9.414304099655725,2.5960082352717038,8.61081075304034
2018-10-25,10.163080539835677,4.196638834536933,8.621516757589335,7.898792504580932,2.8275099400288664,8.05395119816373
2018-10-26,10.051551407230198,3.5674302959745607,8.388333067706814,8.232532453454406,2.624532006770105,8.048344478323104
2018-10-29,10.010604989540601,2.8379715465131348,7.847369546976377,7.969073733021525,2.538917648057376,7.387206630157728
2018-10-30,9.30692164052997,2.6004805410706027,7.421211628475902,7.928755473266432,2.514987696295921,6.363160303142664
2018-10-31,9.153615007859365,2.399677720959733,7.596568822391103,7.861755032415931,2.462998054439989,5.805871241741514
2018-11-01,8.43403215303457,2.1673086050417973,8.251580820392604,7.175965090737915,2.441605627482611,5.418163426718249
2018-11-02,8.694537378871908,2.2973139237932667,8.066855771334419,7.166696739141894,2.40336483366416,5.491127162388004
2018-11-05,8.096072368424018,2.774714051911673,8.498401369445656,6.846523179087035,2.634776050175436,5.181618345369338
2018-11-06,8.071998013664707,2.5654144842492954,8.137549106299335,5.809587052764139,2.6933773245362764,5.286039263892607
2018-11-07,8.168830661170245,2.6264459897404575,8.243550706042788,5.598505171467796,2.720444381425678,4.871708693918969
2018-11-08,8.103464682241539,2.4641778963038248,8.234155847759697,5.602482130048166,2.6861865840989485,4.816263880377865
2018-11-09,8.095990769389427,2.7065847453229672,7.817733529942096,5.7775109087906396,2.898857990530011,4.878207814492132
2018-11-12,7.561505840682581,3.8028039214807148,7.569336215715546,6.063814627214943,3.0356786747149704,5.757415567665834
2018-11-13,9.660382258547699,4.441583569028734,9.503375848655516,6.405756439435628,2.717827805417326,4.511299563564477
2018-11-14,9.7281750371671,3.763101350731951,10.112318441375757,6.075506178123729,3.3491853707200256,4.135609766821975
2018-11-15,9.742424930290124,4.546422686744582,9.985140098002995,6.033230703346226,4.706841814323616,3.8149513146151595
2018-11-16,8.90821794778377,5.920543433747003,9.134070946613699,6.941965609261957,5.560862736395605,3.761306388025496
2018-11-19,8.91283393199895,6.239935228409828,7.773213446943767,5.833991367440107,5.834135541737641,3.0505294404914323
2018-11-20,11.203328298401885,4.954098515193955,9.820135983746553,5.960504493187333,5.322281423046027,2.853109764474217
2018-11-21,11.09048704093786,4.7494979042417285,9.49464126321385,6.9064103644468275,5.252493724798683,3.7791492434638507
2018-11-27,10.75370580433505,4.725262717026252,9.669048984798692,6.353941983182071,5.253091247806586,3.210387864829458
2018-11-28,11.248343458325136,4.271985281269841,10.597311741607859,6.5811306757322106,4.915503770436604,2.7921164074297935
2018-11-29,11.502751482703424,4.087813212744345,10.832347339183864,6.809664670552679,4.806605098647604,2.7399248207685396
2018-11-30,10.902805476731736,3.828240325111112,11.176529413478072,6.53305618390657,4.664242603878192,2.6419079030225205
2018-12-03,11.545023077738707,4.154660240953885,11.256496742001778,5.435182752612623,4.143167530915633,2.707171421666667
2018-12-04,11.058119252604179,3.455875797237503,11.049389881711754,4.746020144416452,4.148158030867331,3.7598533338848696
2018-12-07,11.644185800603998,2.8628716687099653,11.850506296597482,4.928099269359465,2.8399867906328793,3.414548081660022
2018-12-10,11.733685450621335,2.941540503295986,11.834543541450264,5.422603794016871,2.475206111154162,3.109421330971085
2018-12-11,11.618629303561967,2.7929020960231052,11.667038827402456,5.409753212541228,2.3746282148701465,3.155950283618934
2018-12-12,10.889798079586768,3.0169396704262272,11.115850603602205,5.360128462546939,2.8309291051958323,3.0183593605040304
2018-12-13,10.703680843494496,3.0673745357914393,10.644583957892984,5.501041710374696,2.8799896172827837,3.233920576480363
2018-12-14,10.810132769664792,3.9487737231480415,9.70597519206835,5.6241020373156445,3.0304630017045273,2.783157354545485
2018-12-17,10.10337650886292,4.210133022236792,9.222487456914452,3.759053191516813,2.534901025940665,2.9832076561186764
2018-12-18,10.251605684145865,4.1305851048268725,9.868755898146647,2.3338892392883004,2.2526863020258636,3.1867329468888017
2018-12-19,10.221297148621238,4.110017569861726,9.69704143827007,5.171001882352383,2.405798927420366,4.079751365839683
2018-12-20,9.799732194999239,3.8365399053243228,9.885400456508249,6.523635589268703,2.244983533228621,3.510292785662602
2018-12-21,9.817791087574395,3.6620616332404503,9.860860547343277,6.678607688749888,2.1211871364749335,3.4973136081314067
2018-12-28,10.026001870529972,3.243160259767258,9.499035959281768,6.4656572354247,1.6051918463551196,3.4409256062664206
2019-01-03,9.166080432796704,4.967120250521472,9.309162506476362,6.1694069070548885,1.0514851813591464,5.345298969571094
2019-01-04,9.274943458869439,4.75359998210978,9.23421969132242,6.3093994679564425,1.1731512931788424,5.440712671826529
2019-01-07,9.073577783146368,4.554522949330383,9.007209938164438,6.088812914324578,1.0437877034862468,5.172253056140726
2019-01-08,8.977259004978917,4.2959838968549455,8.874568304407727,5.919144988589076,1.0321263644212042,4.8328272626069095
2019-01-09,9.394654260406076,4.921028191072781,9.872369693562748,6.177134052141192,1.1719027565225582,4.318692219467599
2019-01-10,9.363394013163882,4.96569911985912,9.895465565380853,6.127550278242333,1.2107180293133328,4.241635539256838
2019-01-11,9.554405100175584,4.873787538335132,9.755957506551548,6.072165312580768,1.1548033279973706,4.136065026870951
2019-01-14,9.46823531165171,3.4532546465075664,9.788348978849143,6.120253116910895,0.8376862017811497,3.4393833577684476
2019-01-15,9.529941949575589,3.5767488088514523,9.445294518134617,6.2381744392769995,0.7013949916196601,3.50960766032067
2019-01-16,9.471737122349142,3.4058670967874995,9.323503443053243,6.260563902286637,0.5707728275817133,3.420033434943663
2019-01-17,9.439545648647918,3.2730458033841665,9.351256656667287,6.143246721813167,0.5564958411640952,3.4284030841422486
2019-01-18,9.892752849963404,2.8922113434886896,9.659106904735538,6.430386791558724,0.6197702822314651,3.1568213135975003
2019-01-23,9.540385911836394,4.404808586045781,9.284420951785625,6.585658830460523,2.1755382165208057,2.338250303297301
2019-01-24,9.448961099346233,4.185603450396471,9.190366081858718,6.350317505862951,2.2290329309644696,2.4220669492191185
2019-01-25,9.356256606970138,3.9187230294260966,9.167334222823639,6.458034982168093,1.7870132955104774,2.3347988793856023
2019-01-28,9.797854456380291,3.8656686640910194,9.703836154124138,6.532097014537235,1.8237766297971119,2.1617690663840246
2019-01-29,9.75665453931498,3.881341407673533,9.614144303846171,6.3852614907822565,1.8234891520541805,2.191255075804945
2019-01-30,10.083719402739112,3.336540253240385,9.374353098069562,7.137213439524057,2.278878916497721,2.178608327189935
2019-01-31,10.041237161678238,2.8184922040255636,9.413174892418308,7.0995053107428,1.7926715717545025,2.2008475307862505
2019-02-01,10.409903198170086,3.1364289751222127,8.534509223347323,6.757656403346631,1.7367114893063456,1.9229796946084028
2019-02-04,10.00869508719371,3.23664466950108,8.451705890784146,6.685409941784001,2.2481157552872406,2.1009572192434693
2019-02-05,10.124153616336748,3.1658094572768043,8.581669770992182,6.657886382232461,2.2607506728835713,2.0540417435314966
2019-02-06,10.139402075207112,3.1115383327099693,8.664908940825176,6.754603051250122,2.292995208296413,2.077890699153497
2019-02-07,10.234618389250365,2.899228222435829,8.835756150583917,6.8661858210034765,2.1565380993648318,1.9686649642510432
2019-02-08,10.213392424163155,2.8896905731023845,8.696290590101016,6.824484870258495,2.1221169019686625,1.9599153265377016
2019-02-11,10.15693964278915,2.868380217028129,8.699941443133218,6.824731116148597,2.1267013978817713,2.005154988935026
2019-02-12,10.186919705053151,2.8354133259226697,8.701381166527208,6.671088239068301,2.066426769926864,2.1141743951962684
2019-02-13,10.19170855660531,2.8436925792927226,8.68407479178759,6.782075709841486,1.962718121468961,2.093725297465754
2019-02-14,10.21127036140206,2.851076226699062,8.706052896750483,6.744130893812295,1.952117769045782,2.066930606971808
2019-02-15,10.39758080502274,2.8870194170441716,8.901880314289729,6.69815221719184,1.923990678862029,2.138603028399755
2019-02-20,10.43067814156106,2.8243099004227723,8.957794135845708,6.66432768093,1.9393178307239225,2.1539480200179724
2019-02-21,10.215804792130188,2.5008640809538965,9.004789718898342,6.749258626203125,1.8008725543920079,2.069166081115222
2019-02-22,10.083873472533503,2.4938260528808525,8.930510462081248,6.595401856653223,1.8280938849651596,2.1032193625697784
2019-02-25,10.76126292362465,2.7286643286876817,9.596199128951637,6.64282940165889,1.6735544346415552,1.8812365301322
2019-02-26,10.623694284871183,2.652248441457115,9.641678854949596,6.598906459581138,1.6377019204854182,1.8839649764057516
2019-02-27,10.111287643145223,2.478227002448006,9.520513641331853,6.419071204504175,1.5189446650107703,1.8576181745652287
2019-02-28,9.936019130007779,2.475921804493662,9.478330583145501,6.419527213457545,1.5099876254218325,1.8035005870358594
2019-03-01,9.779457811358297,2.9080352534793334,9.381138973692318,5.770389785996809,1.6114817308490366,1.8451661153828718
2019-03-04,8.680363619249688,6.978718096115281,8.53376151926109,4.700890420923751,2.518603403866047,1.5901382754735665
2019-03-05,7.998678536295198,9.913903486329493,8.239642411281755,4.796966691106195,2.089445906746793,1.4605536596808077
2019-03-06,7.993149176639334,10.091764271534004,8.045460725865146,4.819029662784213,2.0827263843066897,1.6183585051365525
2019-03-07,7.775452419339794,9.940613751658269,7.74788490151897,4.9612125264576274,2.2622182147436907,1.6260091755873118
2019-03-08,7.710429476750143,6.3539632328578755,7.52102313289647,4.907389172979136,2.076115654254353,1.7367757743252905
2019-03-11,8.030798373168233,6.022158821554889,7.556962118351873,4.625407282363797,1.8345153783089856,2.0973974059460034
2019-03-12,8.101506517216384,5.615291260980752,7.623556237619248,4.745627323303329,1.8481895609167964,2.0338998360101854
2019-03-13,8.28570547303862,5.526851989284867,7.701718660600999,4.8488953961581815,1.8056360440743324,2.0724153673832997
2019-03-14,8.21289825738762,5.3390519583908675,7.759007571164628,4.8709503501776465,1.7352286143499225,2.020350060621453
2019-03-15,8.195485012868987,5.280943402988218,7.762674972391218,4.842100229903736,1.751575396277009,2.01917548195657
2019-03-20,8.300614559086977,5.24215380253036,7.485845788748626,4.766502539707251,1.6500118165697464,1.8035899137267535
2019-03-21,8.115600042444397,5.099657080495109,7.307515806435791,4.710839848350279,1.6532245564892338,1.8693589425420247
2019-03-22,8.47476865976204,4.463736388395376,8.341272961749022,4.746138898520944,1.411606262010003,3.3675156707524194
2019-03-25,8.44835447065081,4.4767430780214355,8.232375476437724,4.727118003928944,1.4251525128978646,3.313163668102494
2019-03-26,8.739967240323969,4.343232074808269,8.097197803881238,5.1472982088921855,1.3732646487071156,3.4838551293952413
2019-03-27,8.762984486887625,4.390709169571846,8.078887640571596,5.110674028382249,1.3731944695443958,3.4671644307488645
2019-03-28,8.721635260343017,4.415694340558017,8.017409016723297,5.047518911336181,1.4130546044537562,3.4612327267422973
2019-03-29,8.81179505721913,4.335095928228426,8.155136571439277,4.880888262253577,1.399564866988064,3.6797426922906626
2019-04-01,9.106661288760524,4.004839068082787,8.944718592631366,4.294397935777764,1.4664465914761615,4.253333907253409
2019-04-02,9.11853890110294,3.9794098778120275,8.850796142023635,4.262108203860458,1.466220730774568,4.026121887699796
2019-04-03,9.11739616617737,3.874105452154525,8.34997221638942,4.245242103314188,1.3693783921416385,3.8787886200043826
2019-04-04,9.114431935928403,3.88861121137354,8.297971153768966,4.262284295958315,1.3771798025342008,3.8122048608172885
2019-04-05,9.26737686318967,3.8174569733928667,8.041347261087074,4.54120176815317,1.3757379903880835,3.905957832853376
2019-04-08,9.59152873512412,3.8787145409158654,8.340387329404008,4.149527485696917,1.5376481387018266,4.360487651356943
2019-04-09,9.572441501145075,3.7564700631300556,8.317350512836034,4.028183468508619,1.4727179318019201,4.337534749537549
2019-04-10,9.933068149415101,3.5774403077474237,8.40411858693984,4.265785257612947,1.3003280233724563,4.657315071125528
2019-04-11,9.892877859953485,3.481107551811115,8.464268556841533,4.2968491712102725,1.3004675177928562,4.581039265877817
2019-04-12,9.804674213709204,3.435988213046185,8.42170824343149,4.1169683916092135,1.2692317310679768,4.549141852256862
2019-04-15,9.912999462284391,3.438221484918193,8.408620441590257,4.1859674114758345,1.1372987495003317,4.511702270939398
2019-04-16,9.925111132539055,3.410924652754843,8.295686327093987,4.163488433310412,1.1143429961406677,4.496700277028402
2019-04-17,9.881337593671953,3.532099954554744,8.207967641274225,4.153292588246923,1.1581249353649976,4.451087011190084
2019-04-18,9.868575615486348,3.372137486712114,8.038975330520785,4.065604044423099,1.0913345047688539,4.411822072938058
2019-04-24,9.84003386531007,3.356839832290411,7.8889833216420975,4.103446798026994,1.0260042846485646,4.340783866813578
2019-04-25,9.806574787644125,3.159235350268101,6.533651812544229,4.269021782721448,1.0595611409141503,4.326281679244903
2019-04-26,10.213688819570212,3.0001005337477147,7.382784660379382,4.7192402735382535,1.193010692032781,3.708801142301042
2019-04-29,10.098276978214383,2.878449634071487,7.503292555105504,4.5105856522011765,1.2174152794011017,3.6406129112841543
2019-04-30,10.268595654071893,2.7139895041524404,7.813196505638875,4.912461456844837,1.2933010307966546,3.444363570764643
2019-05-01,10.248682976351839,2.7222932648130787,7.799154201656173,4.898830606173145,1.3356000599978934,3.407839531627621
2019-05-02,9.93608172120922,2.754828646987047,7.504433961220418,5.083806655794837,1.179237044947253,2.905864382157695
2019-05-03,9.947813008608493,2.4873079058289504,8.163038105663064,4.685255018616474,1.1472431056066508,3.8993238648579656
2019-05-06,9.95174872542903,2.523024654665751,7.904127934937797,4.638539768260871,1.1324652492258058,3.8156142342800567
2019-05-07,10.155852074056057,2.4334527434117184,7.970270400862045,4.855583605772728,1.0950963936903886,4.103650079346094
2019-05-08,8.574221037111824,2.37125972756553,7.945383710683694,4.85429789102869,1.052658582846655,4.194319828061562
2019-05-09,8.48327290181485,2.3649635358400514,7.996478343636745,4.869244754510056,1.1662769261488293,4.140653959026336
2019-05-10,8.265987211592694,2.3575832749166508,7.346851700692138,4.561755326972588,1.126681422817614,3.9927470502767624
2019-05-13,8.346108521376967,2.3443322508980233,5.875290647373061,4.5393029483382366,1.2270505602528108,4.856116080687475
2019-05-14,9.266272207318702,2.1821956509566918,6.263919013081572,5.4890770690566315,1.216057357695105,4.955540937508496
2019-05-15,9.118131344610346,2.1630361769876982,6.297110562956664,5.490975284382155,1.21112710940011,4.923650959216528
2019-05-16,9.283902396851532,2.2122038581062653,6.6815436681495735,6.025377139394366,1.2744254825872103,4.623465918527919
2019-05-17,9.159537452804821,2.046074530041675,6.777514969632438,5.9546716479857045,0.9856444903560023,4.212642600104595
2019-05-20,8.454327762900041,2.2187764101286014,6.7158669251499825,5.995369425205684,1.112395638469436,4.300383472897374
2019-05-21,8.347269530035595,2.1847174554978293,6.363708644969876,5.972572555529773,1.2947526824985085,4.160575124890993
2019-05-22,8.93010946980625,2.3569244180014843,6.630928602033657,6.4261556825726,1.3791716448641076,4.2271451221941945
2019-05-23,10.900862745716237,2.0183224206018275,8.410869068913135,6.043101564139437,1.441247844319049,5.686797429339933
2019-05-24,10.834584286542052,1.953763121668332,8.280696919361434,5.987955574133147,1.4868265067555546,5.7730845585894786
2019-05-29,10.757108734052245,1.9210909825317497,8.30807361404219,5.732258540769532,1.4143079823203433,5.71831548907459
2019-05-30,10.499147465058812,2.0029593598358875,7.830149391129619,5.941020702596865,1.428525981910302,5.797279787953954
2019-05-31,11.877422603565357,2.5271936643477693,8.206440416069588,6.181174560500197,1.3863849279239744,6.122139930945077
2019-06-03,11.375511237016005,2.691035921171688,7.9926577697611245,6.243195918350732,1.5528483499025434,5.658462543383997
2019-06-04,11.155171670139069,2.7270604230180555,7.973102301053057,6.070375902798741,1.4646119004895617,5.015087093600499
2019-06-05,11.338849255536248,2.633477168709229,8.543588932971947,5.7455432297836735,1.2615378147595429,4.748555270717589
2019-06-06,11.625568734795522,1.8928792436037085,9.289209628252896,6.873941507791194,1.2589181260375448,5.107811517195987
2019-06-07,11.961527172150808,1.7682758743101747,9.534283867358864,6.814343261554559,1.2349412790914078,5.592597810758672
2019-06-10,11.9280840811247,1.803320379464285,9.527380230962102,6.787714402596941,1.22086374207623,5.438875483848466
2019-06-11,11.89499631369077,1.8353871794096681,9.4593457042773,6.816036574191462,1.2396473588638417,5.455854286528106
2019-06-12,12.685816678153145,1.6676487042605288,10.174168965631148,7.603489596615545,1.1255063050134593,5.6353845976115755
2019-06-13,12.58772136990968,1.6379286069793275,9.960829483409258,5.822891118185187,1.5714468516666689,5.778116974177149
2019-06-14,12.269085205258987,1.670415773125881,9.811912972357677,5.708880639588309,1.5768849412234367,5.370946387077264
2019-06-17,12.472003287530564,2.0038686152094436,9.728500859741304,5.408020334654178,1.9625881459997532,5.6938786567538315
2019-06-18,12.609042000070795,1.9684480506481694,9.372028353049506,4.915058208563013,1.9156402108672532,6.501943188857322
2019-06-19,12.604255403009665,1.9519280193358022,9.29805708838289,4.8445352557447405,1.9330645935403992,6.425028974651656
2019-06-20,13.475610137002905,1.8330906455173934,10.317519276647008,5.297598355199427,1.8281261334954022,5.800195543070568
2019-06-21,13.101811307249404,2.0505930405303667,10.140622238405617,5.067810671554638,2.0228211603785056,5.738839096669932
2019-06-24,12.831141256295915,1.9548528407318428,10.444284197818005,5.256226779136791,2.439268887819625,5.826619245958742
2019-06-25,13.258695658626019,1.7836248713955207,10.548494135321084,4.123904149300002,2.351079074334663,5.808240721993474
2019-06-26,13.625307121756677,1.7206420123264972,10.44027626064126,4.335143040028345,2.3165689081209897,5.9951238291003035
2019-06-27,13.447579802324418,1.8019285192045504,9.99139283529037,4.2561128840037785,2.4574395161604277,5.525298306433729
2019-06-28,13.241051217744669,1.8681971431183626,9.824854383101792,4.281187070902155,2.467000731008443,5.509107366630825
2019-07-01,13.195644960268192,2.220232060066109,8.643851356775956,4.323414623895154,2.490088827054125,5.823451005200738
2019-07-02,14.132016364649353,1.8022949271995419,10.424148413697814,4.336950586927918,3.1171585605880163,5.303267570032788
2019-07-03,14.19050170842236,1.7946964334076905,10.185603581942262,3.9805400706767933,3.0672505898872786,5.2722449598888845
2019-07-09,13.81187046763966,1.8655684925773224,9.986488644033999,3.98593360211509,3.037095330918421,5.239686516079443
2019-07-10,13.594111516047477,1.8854539030855768,10.618324994248422,5.060590519384914,2.664129601610832,4.415309695365803
2019-07-11,13.40961537058053,1.8847489430687923,10.211038877987358,5.152103472693114,2.5952119034303593,4.49259855509202
2019-07-12,13.386147921635994,1.8197448543198937,10.301868510111756,4.967800902532892,2.5498455919457803,4.5301529038944945
2019-07-15,12.949250259446496,1.8123733757409666,9.880496278654368,4.600939472898752,2.5547463118377025,4.3335421411762445
2019-07-16,13.268596241504374,1.7686938236584406,10.021638324552795,4.519462244870013,2.547787776564118,4.576081841472314
2019-07-17,13.276132451237524,1.609378384887733,10.99936738950728,5.029663971152432,2.5597336031434366,4.128046586291421
2019-07-18,13.294906491436285,2.042115567971457,11.747193535378576,5.400997675225085,2.2442485454304624,3.6145245525209737
2019-07-19,13.060318981237657,1.5903450271573287,11.598734979197049,5.324474211299181,1.598810228622442,3.6471614466623747
2019-07-22,13.04451163361203,1.494965141648824,11.32058604926747,4.433628495783498,2.321017087942969,3.508917623306092
2019-07-23,13.245261974252122,1.6853175432944287,11.678893461787665,4.667058320893652,2.6465093086076235,3.769936072495615
2019-07-24,12.80615155914852,1.3233259635199983,11.535488534629387,5.027666622104835,2.4626325369326962,3.8291578185458235
2019-07-25,12.389782169307205,1.4139277171915248,10.917235108888661,4.813971207247662,3.0077343271216415,4.106197434467997
2019-07-26,12.13749478167167,1.3803092168000706,10.395004440677821,4.171615997478376,3.140425734991681,4.066356865304891
2019-07-29,11.99259165269521,1.4043793797493747,10.362867594084571,4.1607864285456815,2.897296812328241,4.0179714089441
2019-07-30,12.00388940845574,1.4475010352837547,10.155000220466489,4.44211532699064,2.671680726056349,4.036876089290755
2019-07-31,11.991581003839535,1.5942510323261014,10.445075195121145,4.520623282760213,2.793709933784207,3.64468863543189
2019-08-01,13.853599425093906,1.6235740148351552,9.590487395416584,8.155522626699335,3.1692746259825895,3.400076781631297
2019-08-02,14.765656887926616,2.8058401326031475,8.98625803015931,8.529898814548092,3.020348979612649,2.7547976710773767
2019-08-05,13.854560850115687,4.151901448458463,9.754074938053245,8.391205909884299,3.15245719360087,5.023787641189748
2019-08-06,14.350377406323895,3.8509801127185477,9.343679399642458,8.029056337830319,2.9126278828083296,4.8623287325612585
2019-08-07,14.70824838088847,3.7348055184578546,9.963160105162777,8.36543383143733,2.86731049040224,3.786259651656447
2019-08-08,14.971615353116116,3.420448727888468,10.621826367692918,7.441856362228035,3.523185200669502,4.15300549823059
2019-08-09,15.449801731097674,3.2492846429040285,10.464122665078706,7.860111208296659,3.2351333992695466,3.699923252918732
2019-08-12,15.633947706546609,2.751199747721115,10.26990550207993,8.082130973786661,3.1460182852704612,3.5157348501103023
2019-08-13,15.939686988736737,2.8751230195838846,10.739240906069968,8.574735806607135,3.017901086835323,3.459475041678452
2019-08-14,15.567078745236346,2.2451468318046657,11.930345003060006,9.00039061082647,2.9191805441089884,4.7325914570154355
2019-08-15,15.32943770266131,2.266015264063944,11.38138304017506,8.965344752690958,2.558109596068068,4.6384879380392166
2019-08-16,15.117235882963058,2.2201463166451068,11.306452303388182,8.752258183415016,1.9419356309606395,4.613023911639057
2019-08-19,14.951823304835877,2.162831586332233,11.497602646341194,8.505895479665574,1.2890733015746818,5.113233057605503
2019-08-20,15.188830278133532,2.035568886715668,11.619028043941091,8.374799549044072,1.2320780537041147,4.957839292216147
2019-08-21,14.618570561091737,2.0952721504422622,11.272605189290905,8.158356888001501,1.1078608818317532,4.8264134745398515
2019-08-22,14.624310801035497,2.030803737704036,11.279768834553295,8.136745564918293,1.0878490515156345,4.725360127603008
2019-08-23,13.515870209983047,2.5913586120857794,10.377922262873518,7.504477663620111,1.7102411909881914,5.073939060004442
2019-08-26,13.466507780054847,2.6624712884380806,10.32395801464905,7.456206912074113,1.6371031422477627,5.126053817193954
2019-08-27,13.703420684110812,2.2573679078688165,10.321119061924145,7.824639026598759,1.7980070986826415,4.521264271958577
2019-08-28,13.170455938476502,2.35848749657329,11.236270670879078,8.443581477939764,1.5816654942483763,4.087696305460305
2019-08-29,13.45319743133201,2.183497592186025,10.499674021983255,8.305889735595583,1.6376715106414288,4.277292142013581
2019-08-30,13.534484235536297,2.0798991638345012,10.130454821963282,8.270257762193006,1.6762577582709124,4.3166920503618345
2019-09-04,13.484498476729575,1.9644049546520328,10.981169631344052,8.622666544458326,1.5627266857441924,5.1365849693589185
2019-09-05,12.573098164821879,1.7840395277146317,10.812646141542855,7.228923503661092,1.4691749189632006,5.2437942042131835
2019-09-06,12.625677414442016,1.7575567789147521,10.583280355576493,7.11772744021981,1.4566676982287141,5.245442019379842
2019-09-09,11.848331600943972,2.7593577182255467,10.115064550567778,5.623180277591047,1.5129353463594046,5.253316966517537
2019-09-10,11.526759601237119,2.9038552625189378,9.524689013476266,5.75993308076562,1.9076548093201897,4.989399779423607
2019-09-11,11.612260867638811,2.8006879377322718,9.379570138337538,5.7690936634659336,1.8394282344569357,4.261143808407364
2019-09-12,11.568396771636039,2.459335644190935,9.621329801013522,5.435016009069108,1.8189752560307249,4.293899752708849
2019-09-13,10.9148289974377,2.2889492598809977,9.306512845215579,5.42105489865251,2.008631541128168,4.251711213313961
2019-09-16,16.863715321602196,3.4483253490241506,14.022088461119088,6.342249602474072,3.162407069504112,2.0936686895387138
2019-09-17,15.378492491010109,4.873394065853158,13.220511712037451,4.8283430837700445,5.344926466704304,1.5700571455988392
2019-09-18,15.197324464422936,4.993005213443012,13.414402537620646,4.56898587006504,5.5252906534901305,1.52437034316793
2019-09-19,15.076050392621417,4.714176585430061,13.556405850961704,4.405257398949347,5.727290110964696,1.503568311346757
2019-09-20,15.594724641500592,5.0032210861721405,13.076093843884387,4.589205669363618,6.220718980010115,1.4165505495376838
2019-09-23,15.786349322053352,5.118352755651698,13.42269797109713,4.445474155647452,6.424028765823714,1.3964656792105734
2019-09-24,15.680971278814022,5.02359473558478,13.34750236328194,4.483179747358962,6.225563790644575,1.4625755877615794
2019-09-25,15.753166879216025,5.102086031574407,13.330829241185468,4.551106625176046,5.653529449229513,1.415339137903543
2019-09-26,15.37750388819041,5.064989238464772,13.128145884421647,4.458905438466933,5.707097748449601,1.5109561424786995
2019-09-27,15.350245114037163,4.43143394317263,13.04237666396917,4.488329679173419,5.750155930118582,1.4625151255391469
2019-09-30,14.512334646186872,4.283177863450736,12.327059584198294,5.581179801133295,4.036393889856549,1.2921766921505429
2019-10-01,14.405331803296425,4.389055891483808,12.239376092091588,5.405390087765951,4.162518924390064,1.4317234896016995
2019-10-02,10.29466281226743,3.2565797410831396,9.899542838036298,12.275484394042849,5.710310939116165,2.3205822325295813
2019-10-03,9.998146788082543,3.6254093062116586,9.673603613241873,12.49124405167725,6.201835968871794,2.271246006230432
2019-10-04,10.195066073281899,3.594130835643194,9.382385586398193,12.540793223647817,5.288847219155392,1.8435741361875682
2019-10-07,10.748534798582128,3.9460409151144074,9.858971973748039,10.136230286075952,4.80581078104355,1.7441608725584368
2019-10-08,10.094011305735643,4.089481713640574,9.229788772336809,10.570297702495397,4.691937691384205,1.7162228956516665
2019-10-09,11.076310247669532,4.1592854496483485,10.527194210904332,8.91312611476755,4.485056254225738,1.7275456369459172
2019-10-10,10.89675168684886,4.244259894098468,10.572349509368683,8.049688972447461,4.584625867834256,1.8581692891249446
2019-10-11,11.132779598782397,3.7294349705534007,10.896921605859992,7.638093318878831,4.404358065741668,2.300187526313267
2019-10-16,11.163257091575138,3.5305428699866748,11.022308472081884,7.413968270479376,4.235199218770761,2.3668637553192373
2019-10-21,11.19662504227125,3.264336894417197,10.876707174339893,7.475128289789794,4.128702790008508,2.3192771652520445
2019-10-22,11.014657683762517,3.228488535397086,10.696929186969905,7.296308357621772,4.075008860306828,2.2715867406663555
2019-10-23,11.32740699531361,3.5544477643060457,10.343055107113665,6.835086253968366,3.8009798876053247,2.1956256263215828
2019-10-24,11.447876638774202,3.5279553364917224,10.437792222996437,6.586922982516367,3.75610129303454,2.317199654720962
2019-10-25,11.155518874686317,3.3710476632936657,10.281617093309048,6.552489731124893,3.7650418836607855,2.3665431861993826
2019-10-28,10.432655760842417,2.8683839241657885,9.172082197375609,6.75731293511499,3.6931593296067713,2.0979246011404107
2019-10-29,10.428282261711958,2.2368903252783827,9.131113381116565,6.800638739339347,3.3667046472790507,1.9988599225823005
2019-10-30,10.434408792627973,1.8664974626349362,9.263328135391982,6.588187521462989,3.3071298347053655,2.383038808790466
2019-10-31,10.176278576936456,1.7283584154138554,9.052116550352833,7.081766008460654,3.4441863405546154,2.222797493093929
2019-11-01,10.267883990549667,1.1884529678107085,8.950488299794417,6.9811924423200225,3.251657852843074,2.6906645857953215
2019-11-04,10.011338311187377,1.8109182209868235,9.201893989326733,6.836340304036903,3.7819490209077826,2.612718476856324
2019-11-05,9.887120367515996,1.848801229449304,9.105782946106961,6.56077869004169,3.7633104969103197,2.551627461950501
2019-11-06,9.835211602935585,1.9191955428811875,9.08490670787045,6.4845633871859825,3.7272709145728817,2.5711691872916425
2019-11-07,9.76992982017297,1.9301647412547733,9.055553129634509,6.262273670273589,3.4163442386984655,2.5609441366381898
2019-11-08,9.801934359966182,1.9248937956604522,9.005384303773399,6.322808839128386,3.4631201687859328,2.5489733496530165
2019-11-13,9.707774876069818,1.805644057188081,8.882439333234924,6.604101914844499,3.065779256947243,2.5974829176587573
2019-11-14,9.70787791171492,1.7443248000662457,8.856614291471553,6.541566318526448,3.020523973021318,2.6348925385352566
2019-11-15,9.484395773354127,1.6139742667885628,8.68479646586837,6.768744600692187,3.4296697215100185,2.796984254565025
2019-11-18,9.50403191723518,1.778069037573952,8.68112689634981,6.599470531750602,3.6311010861613053,2.7962956484153074
2019-11-19,9.425160210738685,1.9077540222492584,8.570940370854052,6.586224633059834,3.378464757758609,2.440402830401191
2019-11-20,9.480097602019155,2.085983642919209,8.681222902913019,6.221355748056279,3.6113180974824597,2.07549992584079
2019-11-21,9.412999807423601,2.100924271862113,8.54283166990637,6.062836353355068,3.5482230087891047,1.8726959738702826
2019-11-22,9.434779003821548,1.8302437597481493,8.528196138883857,6.538661863835935,3.7829037557260894,1.9386233949270582
2019-11-25,9.584674676693803,1.6234152437397305,8.497422487392697,6.495553366199435,3.691735181105862,2.2456978682434663
2019-11-26,9.641918273048326,1.49114673865758,8.454179789989073,6.221511256531838,3.1462769107212516,2.420263523538996
2019-11-27,9.426132992976507,1.7748015332156883,8.295305517289542,6.189629899844259,3.408541593570785,2.3593220256312497
2019-12-03,9.356865022438168,1.530376409786512,8.281136664244652,6.250557893711446,3.2389701853317576,2.584286593038121
2019-12-04,9.69565013756185,1.5685759913484791,8.633441077430568,5.653151709566482,3.1960416062714767,2.9438218430309786
2019-12-05,9.70372470312426,1.5839738685656004,8.639386873281968,5.594609129812206,3.167146059883273,2.9438726385015452
2019-12-06,9.731595337750962,1.5670470185059273,8.660066858427314,5.5276532980630835,3.1777447632984646,3.2391988807465375
2019-12-09,9.627883444158961,1.5227781828733225,8.563544307776107,5.268392203771454,3.1381972270544067,3.0852728459848584
2019-12-10,9.679933076753548,1.5566558891612257,8.621130566955484,5.162698306773624,3.036611484914135,3.0404560502984643
2019-12-11,9.836694605965972,1.3722578284039721,8.75692389626147,4.729611553010057,2.6925445331936935,2.340252478969768
2019-12-12,9.687449162541965,1.4355917106134617,8.724984127102756,4.62810462022511,2.836335085206624,2.4697728825484377
2019-12-13,9.75206823147002,1.4231861023127215,8.82506408003996,4.524828750318427,2.8555949584722558,2.4659817819360406
2019-12-16,9.80187216898675,1.4083012448225147,8.938410726886064,4.739444035218788,2.952290371117309,2.6012892558260208
2019-12-17,9.80834032269199,1.3651593131993416,8.920732551554874,4.827912774107664,2.9229738677492256,2.6934027058988748
2019-12-18,9.64979257824615,1.2884300933249715,8.808975811492301,4.50215501896506,2.6745587458129516,2.6976601807876572
2019-12-19,9.61941866949081,1.2867690721740488,8.799267337598092,4.38041506217748,2.551823506254651,2.6555659092715085
2019-12-20,9.5272920010054,1.1817472244248561,8.731270317999519,4.387557353104915,2.4946869389102306,2.3558458166097123
2019-12-23,9.359877750560438,1.3508302930000085,8.556648792122163,4.105577883085324,2.41658954977226,2.2826019053629873
2019-12-24,9.385120653569954,1.319433607332086,8.58887331192663,4.082124521093873,2.4261666231011874,2.2664220721608195
2019-12-30,9.038198926012658,2.1873732416867204,8.38634756045474,3.627151444165561,1.8887650853426141,2.0849194517542764
2019-12-31,9.097333464436723,2.21542265894291,8.403219237612678,3.745546546419574,1.9156839787372795,2.0747148343384922
2020-01-03,9.30530721164339,2.0676430578478304,8.547434745245223,3.5783057545909767,1.9275958437248348,2.0699391873907733
2020-01-06,9.206683366663317,2.0475886630486735,8.491153788513797,3.7541842358484163,2.136142980928198,2.097452987968686
2020-01-07,9.154040349063203,2.2417296395563984,8.366517498153284,3.726067233284306,2.110631453329644,1.890766550697735
2020-01-10,9.19241061220915,1.8438186265725207,8.439488735558477,3.534285198811706,2.1406893453701836,1.9682842227594424
2020-01-13,8.562422885842237,1.6137010516603194,7.981878057046438,3.2204392292581043,2.5261186569326872,1.2065255534495372
2020-01-14,8.503798709482265,1.8424535366919736,7.987760789638769,3.223469117356366,2.4398606594343266,1.1746615129059574
2020-01-15,8.749240946964324,2.222724921236248,7.956323107669442,3.221477896981891,2.5474846581759194,1.1573727942996215
2020-01-16,8.69780678249971,2.3286480635226927,7.9554460372682,3.244620235424891,2.571141130312062,1.2475188785121272
2020-01-17,8.55378373830681,2.3038555790337365,7.7449635648142605,3.172453599191431,2.55115415109108,1.1931434013779385
2020-01-22,8.762102524952198,2.640479270157194,8.111461926797757,3.6694134233467843,2.6885386712646713,1.1175571309521386
2020-01-23,8.431039949698421,2.3899574022639296,8.08272560258885,3.3481096547295977,2.714996094414394,1.1452030557576578
2020-01-24,8.942104841147652,2.57869104114527,8.29244359562201,3.1803398812345414,2.5643273768203745,1.3076076337280178
2020-01-27,9.588159908987102,2.739545210903793,8.270289115793025,2.76075408434089,2.435535016655997,2.5075023373433796
2020-01-28,8.937167145611527,3.420617663264926,8.0760014287467,2.780852456624775,2.294663031714165,3.394206597955359
2020-01-29,8.760898060342418,3.4967093621874024,8.024369270164394,2.740954408806584,2.2791006615610363,3.4693756852044437
2020-01-30,8.609364905586192,3.55064103325984,7.701860542438418,2.786295874433995,2.3861028504495767,3.5688254829926844
2020-01-31,8.598036695317699,3.3089713352313126,7.4367176731079825,2.6686154099854367,2.362921531051992,3.4391758723259542
2020-02-03,7.960556468744254,2.8874307998610482,8.199450564854924,2.2257480734793407,3.5215642831125566,3.40338174709295
2020-02-04,7.817785165015278,2.2263437471424914,8.595759880045224,1.8815360468711682,3.5435392678343063,3.900382662344807
2020-02-05,8.400728641072307,1.8965412199625682,9.637847061356851,1.9148863661790971,4.0407892963816225,4.770554424117379
2020-02-06,8.267563448812254,2.0746417929145093,9.531885006159426,1.9086159994025778,4.113136040300745,4.894882760114298
2020-02-07,8.522929563761657,2.1424437981071818,9.440588190384618,1.8463719989731897,3.9019051908971405,4.50154623627544
2020-02-10,8.427396997987206,2.200724458727743,9.363321545768182,1.8305394643898243,3.753187710254167,4.563011407757176
2020-02-11,8.377781550279979,2.0301773973455655,9.291090299549603,1.7322125657807348,3.6053779914276,4.300913987912164
2020-02-12,8.885127938842436,1.9782771460011377,9.73102376904112,2.055197648592492,3.4769421789283164,3.8710223757913647
2020-02-13,8.890470678713962,1.9572268229028318,9.687533107685374,2.1173099183501445,3.4109423170438653,3.946642322862043
2020-02-14,8.79245638229267,1.7489871730758926,9.665835929054543,1.9166067705784904,3.5776973237602943,3.989448526896498
2020-02-19,9.212370198238327,1.8771710665885435,9.876712401250147,2.620630481392361,3.173788407590885,4.536546628952267
2020-02-20,9.12025951957962,1.9283999759602395,9.792238806124846,2.5216010520514955,2.8296624748849992,4.419984626010845
2020-02-21,8.888291715336413,1.7756429420224096,9.600837910680513,2.9132987075367303,2.5874364083606625,4.586946573173681
2020-02-24,9.91606465651023,1.5752786341066287,9.953398073986834,2.938501418778783,2.892682602924999,5.931910180117728
2020-02-25,9.71887570954358,1.431661441734444,8.760894245197884,4.659617691680566,2.6748870900496993,8.311278098049238
2020-02-26,9.513251912127958,1.577585156330345,8.703880298201579,4.488175218199038,2.760883199682263,7.859093206522747
2020-02-27,9.703514114084614,2.9727118211137604,9.004393003967522,6.7045359414452195,1.7231382527951238,11.176817820736618
2020-02-28,9.031419266102938,3.106792258143354,8.739843921435794,6.74587492773207,1.6961952801603546,11.572553183006066
2020-03-02,10.762524171548895,2.420570531794519,9.962142553630557,7.934786384013449,1.4233957126152885,11.127724024470316
2020-03-03,10.386906019981941,2.28484012370088,9.832287018433444,7.653763668305021,1.39350016588989,11.062460574541399
2020-03-04,10.406429346008325,2.2629631284969105,9.136306237895715,7.530780484715586,1.244899877682961,10.683934348088576
2020-03-05,11.090867869734554,2.052955417113787,9.559671378552531,7.473525730560387,1.2734805481131557,10.8819891951131
2020-03-06,13.517895548573195,2.957022081834291,12.088401007882018,9.613840514123877,0.6356851547466199,10.668176152614189
2020-03-09,18.695607258600386,1.019950325129935,18.024034232914385,15.131327615340581,0.6656833627247088,14.687284787811386
2020-03-10,18.12357697507795,6.441384832568816,17.372950297008334,15.146954898634656,0.30131612935025603,14.061429411446376
2020-03-11,18.090735923520565,4.11136057668182,17.494006371449874,15.253084866995179,0.4033772969696388,14.194690692435843
2020-03-12,15.368405407073219,5.388763092510261,16.99090534131748,15.78360528257268,0.48534210799236477,13.567197911738461
2020-03-13,14.851343691530095,4.234009337117934,16.410737972171734,15.05976784616571,0.5360799640670877,13.148074527378574
2020-03-16,14.433589986068275,1.747412766277015,17.20621691828015,15.623275578148819,0.3043660188129553,15.956570171132725
2020-03-19,15.518662705416547,1.4044497856756415,18.41923637451787,13.595856222018428,0.30161283718500204,16.57979585393071
2020-03-20,16.32385749767762,1.8217486330674548,17.71885465268997,13.4478969628313,0.9271437705295371,14.009003954731119
2020-03-23,16.528289186178817,2.0442364163590354,17.653209796397128,12.125787555812833,0.8558484238872456,13.892060607844584
2020-03-24,16.7225261396805,2.238962228040245,17.704048192647786,11.113490828761686,0.9382530085667083,12.115544428796307
2020-03-25,14.13161815104855,2.23252076469907,16.806817142912546,10.85326119550785,0.9581165270720504,12.777968575407145
2020-03-26,14.644700927116254,2.960689380056579,16.776334918029793,11.637100699697525,1.1156316074974952,11.44672290591676
2020-03-27,14.632145355799027,3.028473907303049,15.623629558548783,11.618874131686026,1.2715148921902564,11.983586823732239
2020-03-30,14.703490238243468,3.869565018502934,15.603967913064965,11.550021734091947,1.7515374434497708,10.361065705414669
2020-03-31,22.021622550545413,5.784218780491106,9.841971459838613,9.368847061260587,1.2887991939605437,9.054011678908903
2020-04-01,15.307918395189924,5.436662502956044,10.861936872026504,9.05731367868289,1.8198091862189478,10.330143288912305
2020-04-02,15.14593458316005,2.7463457517958774,11.605927401796015,10.851604165520344,1.8130529221550375,9.390083331667958
2020-04-03,16.66476132017374,2.4804966270769833,10.921499543600367,11.189050355983094,1.427651752421,8.958228191888828
2020-04-06,12.699960153688247,4.722981809239525,8.742988062082901,10.259031033529924,3.2389483665085224,8.859008337465864
2020-04-07,11.270965596805413,4.592514098311752,8.857882229553914,10.159000503605368,3.0308545799850077,9.027885052993469
2020-04-08,11.048710694878631,4.532184724877418,8.46651692820174,10.161865052239126,3.1223544360102733,9.027995819799207
2020-04-09,11.009545600444733,4.511300299725712,8.430559195012865,10.100185690997845,2.9357721818794076,8.638955554232162
2020-04-15,11.045645678060483,4.446038968293844,8.16593923607812,10.032387650790394,2.867283930698102,8.709950254345898
2020-04-16,10.908521042038354,4.221952865790218,8.211341584830413,9.523002879937259,2.9077955696578837,8.425066943128423
2020-04-17,10.411373972267068,4.048635497885082,8.208939905691642,9.377469139394966,2.705866679419026,8.600549882876612
2020-04-22,11.567686910323259,3.4778839968363155,11.175106969995461,9.580113487316488,2.569665034395254,8.284240229744459
2020-04-23,11.418986149003437,3.4832112316982795,10.898217239328979,9.250548529919053,2.5250204156332887,8.405874722590703
2020-04-24,11.472513681022631,3.675106740675384,10.642950173587598,9.139185731784204,2.7022340706456647,8.330579409963828
2020-04-27,11.847408712880734,3.548243481863459,11.065653766129346,8.850831556128869,2.556156398378958,8.01223028589849
2020-04-28,11.8154445088352,3.394856397431558,10.971914859082451,8.728441164389977,2.5877488646138445,7.661136090741736
2020-04-29,11.886380425621416,2.9330331823732365,11.1914475899073,7.771032193803918,2.4828843619104997,7.924440246205177
2020-04-30,11.684906071166017,3.135960237991076,11.136518409294064,7.674819533330098,2.640075582935819,7.761371423321136
2020-05-01,11.168053945919475,2.8528161513752406,10.8624729455544,7.81461723165883,2.6533933942802697,7.7589953930039535
2020-05-04,11.070825171269943,3.016954948595968,10.801055212469956,7.7021056933973115,2.8483134262775933,7.558782531825646
2020-05-05,11.613429106818991,2.735022609693582,11.20385076360921,7.6332419932489755,2.6501360027711343,6.8508720976454995
2020-05-06,11.283259596887026,2.70322830585687,11.321557783771889,7.854245353890355,2.7729156826891663,6.831324392091631
2020-05-07,11.241273990355753,2.719140460635764,11.215094279262106,7.7657146825779675,2.874632508053613,6.7669524492580395
2020-05-12,10.943080326137327,2.8431615232633844,10.980312519184295,7.55607049308819,3.046424364157154,6.929977954614355
2020-05-13,10.90307377854735,2.9581836208225023,10.766960732473223,7.538056128757673,3.0561660555357992,7.113814113328568
2020-05-14,10.942690058471038,2.9521195376477833,10.720485591149796,7.437012587340245,3.050353542336842,7.116656101443813
2020-05-15,11.018850694748787,2.962894422618071,10.77383171452864,7.527578545685756,3.0336355456543598,7.14998615771009
2020-05-18,11.032882634684645,2.81183143800674,10.963225503819615,7.679500223139967,2.2089646901229685,7.325697631344517
2020-05-19,10.868268622335696,2.553025967704416,10.886189704467519,7.889903837414291,1.8596198856365653,7.320996419706734
2020-05-20,10.895491209875866,2.563035067077944,10.93998927378271,7.813870622824791,1.853005975891057,7.338566092704698
2020-05-21,10.633057722537709,2.621839467866742,10.972028970535476,7.734987890505438,1.6683559682713438,7.264816957152882
2020-05-22,10.62939465310375,2.6291084302840013,10.96234506524767,7.703118971928078,1.663763119626873,7.269310242010248
2020-05-27,10.471404932358668,2.766274187990168,11.002168715226757,7.8485175732645835,1.666472869114133,7.049511862302545
2020-05-28,10.393787133323954,2.7959463979001953,10.94653666592338,7.783300084494873,1.5972684523681722,6.938259843165782
2020-05-29,10.416063341160838,2.4255163813319416,11.01955735024337,7.935609056684303,1.3669737085646154,6.7741484225903745
2020-06-01,10.002832278795237,2.7150949398250503,11.32165690541108,8.142008203039433,2.270140349655677,5.831733512544328
2020-06-02,9.913314140527966,2.6409748760178613,11.440921752427016,8.027107716666311,2.202385781412356,5.9005802255417015
2020-06-03,9.956792674794615,3.62580122670809,11.081657443579685,7.930038459283742,3.132852057907409,5.394348406121534
2020-06-04,9.94572447590476,3.5711102041351825,11.018514408783645,7.877220896380128,3.1751362385862794,5.309876653595572
2020-06-05,10.047631906351347,3.845580345740622,10.930782654017811,7.772878395639853,3.356797487768219,5.487200883566857
2020-06-08,10.091810959426649,4.221734234607209,10.785609113192164,7.628513080038172,3.3418947344039185,5.192450267837484
2020-06-09,10.151315791912822,4.3329612894336895,10.671950229289221,7.48834056724544,3.1171566315619628,5.223073392030712
2020-06-10,10.114308284311674,4.318619171738264,10.646572402663335,7.470172350871692,3.0905697705540454,5.234119330309404
2020-06-11,10.119952864668036,3.617320075770904,10.759911477379639,7.3041666293361835,2.913811243438643,5.471105077394541
2020-06-12,10.059749291385993,3.795443813787014,10.811303245074443,7.227929766325134,3.132072201113088,5.3564740638723976
2020-06-15,9.982283041413782,3.782205635096806,10.786893217049341,7.330803348082259,3.1195215823809406,5.4198974073198345
2020-06-16,9.78331700582397,4.231656316923314,10.948295828229696,7.436871280756346,3.5035462307011986,4.94230439647144
2020-06-17,9.755705327114962,4.009122348145126,10.915552711566106,7.557352988010053,3.380454673932722,5.083063097089461
2020-06-18,9.759439477774007,3.9222138107030866,10.92230952017988,7.596244082089445,3.190920574116627,4.964598055721601
2020-06-19,9.759734565626795,3.7481725207538434,10.904458664605876,7.5579557541465645,3.0798244975826896,4.978799553761246
2020-06-22,9.733594063527134,4.015085847560839,10.654683103260446,7.475875222436972,3.6597717499429545,4.756954466580537
2020-06-23,9.698019289848473,4.012929650008187,10.638640017328886,7.463718839835178,3.660240395734417,4.749379469650709
2020-06-24,9.730105236720595,3.734626846000838,10.738298572449667,7.536427488822695,3.508758491721799,5.019611885222334
2020-06-25,9.699809694268687,3.6696375372310848,10.76924564565904,7.536321970529784,3.3851657383837495,4.950706416293937
2020-06-26,9.683309654497235,3.5684663523624724,10.800404128168948,7.533464452506737,3.1154182573555698,4.991143294825865
2020-07-01,9.664609660682407,3.6697510082425224,10.849770910489982,7.54559122144287,3.293726866755714,4.909509385820503
2020-07-02,9.658325884112239,3.1544429413046378,10.942939340034245,7.422804267421896,2.6945561109014786,4.823809049830063
2020-07-07,9.619858384409175,3.206765883656807,10.93526053444513,7.384145192504982,2.698353624554811,4.816982771039861
2020-07-08,9.619225853637056,2.956431890399554,10.851942164426731,7.265671717586035,2.767571082214334,4.716695740678611
2020-07-09,9.602612810693497,2.9780562696520647,10.869366553939493,7.292447734429935,2.8894231300943356,4.615517115057651
2020-07-10,9.58556990718739,3.151944607447797,10.985765285243266,7.2746139576726785,2.9536008807739456,4.6211813063502545
2020-07-13,9.55910996434426,3.2614571783358066,10.92766295338175,7.19183979062912,3.0346310019692067,4.662753198212936
2020-07-14,9.47415200798754,3.2579041112637057,10.947499502275022,7.18153314096157,3.018586633523292,4.756807886552916
2020-07-15,9.493381010088184,3.2204784483270097,10.984584026286356,7.111842775719445,2.968325879012962,4.798939852343133
2020-07-16,9.549671207380749,3.113470977181535,10.950161102565444,7.159441166937614,2.9278717883168475,4.862804602539737
2020-07-17,9.462378175280888,3.035531795962783,10.871611088411923,6.980227656710748,2.920464924696923,4.7953699190753545
2020-07-20,9.487495135364103,1.883446691107669,10.786812204037865,6.8461725678875816,2.34423830686134,5.152202967425268
2020-07-21,9.387301993154937,1.9499969434694675,10.89055154097393,7.004841297079023,2.709086261545392,4.800037527403809
2020-07-22,9.387976934170483,1.8736312558198556,10.853905604305709,6.993979150362196,2.6220097031100305,4.8155639319843715
2020-07-23,9.42131362771354,1.8044695856783772,10.866020768852088,6.685303019468209,2.6344331235343907,4.945110152975283
2020-07-24,9.390063271306621,1.7781028864940964,10.856614581032892,6.653027292934287,2.57928665118089,4.827449200499543
2020-07-27,9.416076082594872,1.732942182496224,10.677088064872587,6.5508840617991595,3.1867390865588185,5.253809196272158
2020-07-28,9.463848203800692,1.6500938277177097,10.657814992318878,6.355819075740883,3.42857836041926,5.56613575826312
2020-07-29,9.48586514364437,1.6624808008206167,10.694926940196204,6.210931809643166,3.387553334588056,5.5371228553752205
2020-07-30,9.537741107520437,1.6520819202900476,10.737852333951293,5.866290484029093,3.237949428219217,5.420186656290454
2020-07-31,9.535084347077133,1.3524359493459202,10.687030986630129,5.753042262735703,2.772433507844348,5.245223210823099
2020-08-03,9.541387508191391,1.2297799784432961,10.72151030753698,5.943092725537656,2.6761453254904555,5.360116635444669
2020-08-04,9.403027692664025,1.199896812844057,10.656294591616879,5.814807568934828,1.9722163338107688,5.041859585049567
2020-08-07,9.3900074509802,1.1748250091235979,10.672798749466509,5.900238117264641,1.972257498446328,4.803953883751457
2020-08-10,9.502289946044298,1.1664433749494367,10.503207376325145,5.890468169352073,2.0982722474472713,4.9082141507152715
2020-08-11,9.425620151463795,1.196349501528778,10.576263217297003,5.959698790674451,2.0082647733088694,4.726846345322872
2020-08-12,9.471304884208296,1.2241741502440153,10.978586573987847,6.295492151637165,1.9011628526046025,4.956476565897109
2020-08-13,9.49033961170966,1.216799791294182,10.872206909095349,6.177984704891337,1.6965813906941944,4.866096475726972
2020-08-14,9.499562475790832,1.159911689784802,10.795802958721046,6.146114402409579,1.6831055169857299,4.724702661539983
2020-08-17,9.621416572454931,1.125785426655938,10.615395942521408,6.2887474470366245,1.602471735513922,4.9012542543345825
2020-08-20,9.638728583209346,1.1547614376371491,10.447708609969993,6.083165043618183,1.670114006051615,4.8394750839464225
2020-08-21,9.557894971148544,1.3301652253874492,10.414015294496132,6.108687890060164,1.78125829849487,4.733655803831034
2020-08-24,9.520102621276694,1.6567622485031501,10.198634251269606,5.761378567041279,2.0855796182450055,4.966811118214482
2020-08-25,9.441488400825056,1.583333898620163,10.200712450891157,5.622207882994858,2.2615173171661396,5.381182162972427
2020-08-26,9.462143501280822,1.6128298989188734,10.191726582399598,5.564355608572754,2.2527944019561836,5.151093274746362
2020-08-27,9.406449318893191,1.7008926447318142,10.189225111141843,5.6007765825157465,2.312329209653839,5.019104950354758
2020-08-28,9.349108662251217,1.6842428031167092,10.353806291373447,5.9449894925833915,2.438758003185961,4.9419961839977455
2020-09-02,8.968241945327055,1.424525820299231,10.229366748350314,6.13525588881119,2.484169124413338,4.979072193043303
2020-09-03,8.728292731176339,1.2721180804536083,9.94364928776509,6.07411080023881,2.6294777334770054,4.7900505213239795
2020-09-04,9.059562998367076,2.838915522655394,10.415498289232675,6.883659978547057,2.7992353887826376,5.014073482935424
2020-09-09,9.245119838567868,2.990419534533499,10.016116297076117,6.572134268632669,2.3172320219782643,6.797165237324197
2020-09-10,9.784287041581466,2.360791794481926,9.873592899786692,7.015736381696315,2.7777371444279937,6.331185656408349
2020-09-11,9.720756729572008,2.45426985633053,9.793849860798547,6.961980484964831,2.7826487087610303,6.076222189148253
2020-09-14,9.667688917415125,2.470631572422016,9.632637847310084,6.624895564264985,3.2001210653732186,5.325529585595958
2020-09-15,9.63702430760686,2.8933994875729603,10.093533870002373,7.24921381759436,2.647273179401296,5.4463977789081035
2020-09-16,9.509291651379675,3.1008506441632755,10.17556082378042,7.066012394361944,2.847050372791521,5.314936164142686
2020-09-17,9.344983870935385,4.333681030522296,10.059971549506034,6.868464083043812,2.7895439260023913,4.873883778831047
2020-09-18,9.467362395437432,3.89590445820431,10.057007504113107,6.782262879838782,2.716450089278103,4.697257850662454
2020-09-21,9.308296162552812,4.448886948936789,9.837146205954962,7.52704078002455,2.3283169602896963,5.28828750642125
2020-09-22,9.23133781577653,4.256793335357358,9.77156113618286,6.725649103645661,2.3650941083208568,5.239136102260624
2020-09-23,8.936283277003218,3.99982055642627,9.658760181783661,6.7369128556039435,3.0646859239686113,4.6757106017714785
2020-09-24,8.905510183466692,4.122490183367623,9.604636951348448,6.69926159369356,3.0821206625359494,4.595864518928365
2020-09-25,8.92185113116621,4.117632668416341,9.387845657000357,6.69981754820531,3.0773992145711375,4.572254348614092
2020-09-28,8.938413770031943,3.0662458337950595,9.158053551410918,6.950290687108851,2.6677193122335687,5.020306061551601
2020-09-29,9.000154733820521,3.8222092065195556,9.038814646506713,7.031958145032536,2.940968066177972,3.867008066940721
2020-09-30,9.182699749636532,3.361787687001381,9.04821665534932,7.163063635606927,2.900809323175172,4.28437356886631
2020-10-01,9.059031505271257,3.523922211994216,8.970924567814569,7.123789337352857,3.0913469497249157,3.7897036476413515
2020-10-02,9.31751617677686,3.356625544913433,9.163725065067338,7.189036744637704,2.771200220408051,3.6206485198636558
2020-10-05,10.72679213184753,4.812808384942948,10.215945813598188,7.704430526299035,2.164112792996161,4.246405579782336
2020-10-06,10.743397960615239,4.3069610496537996,10.36013183238368,8.122700976596727,2.1183481940096653,4.338041921024149
2020-10-07,10.308836178624263,4.111145626373847,10.321976569127107,7.653469787205583,2.0897224700789105,3.3333155490992525
2020-10-08,9.234715083011968,4.8551762554492655,9.558519921683482,7.497150040777562,2.175804743567422,3.5266728663035907
2020-10-09,9.103286405011813,5.915585947013995,9.463449681224686,7.142189992110279,2.1207125703820995,3.556940960874995
2020-10-12,8.974132504547683,6.350698289311032,9.332064972145352,6.961610696577854,2.41742992884561,3.5772233855289564
2020-10-13,8.711722394795219,6.260104678558062,9.135543117040733,6.840335098977879,2.8783561346644704,3.572387160426103
2020-10-14,8.809955863933117,6.219123471186976,9.277113914589256,6.644432051644681,2.8976135710834074,3.679587514169105
2020-10-15,8.79640785752447,6.276373896467988,9.263726394780939,6.6101381064979075,2.9536129091558467,3.695480815743265
2020-10-16,8.981649105781946,5.680088592831898,9.413479064331993,6.739612607321525,2.877754846037315,3.6389109616103976
2020-10-19,8.964122472381595,5.65722207874088,9.325976528118808,6.633329912144362,3.024596832280866,3.5474278618887745
2020-10-20,8.966803503697573,6.1930617024879,9.20807069215377,6.6492320950413,3.332307526910838,3.5969499622464505
2020-10-21,9.064994250886159,5.692861562117517,9.624943467748322,6.964853301140689,3.5378562675641523,3.5114479306689357
2020-10-22,9.275221334718411,5.473471075483064,9.75964940907714,7.217840964708773,3.4117967744222066,3.3387671024942374
2020-10-23,9.264932870109817,5.4837261556220005,9.720850907838885,7.2104885784945045,3.4100370150845865,3.349598942401279
2020-10-28,9.304072368133783,5.749407004619548,9.722112162077172,7.21299414970494,3.4850646142702666,3.430783722946433
2020-10-29,9.223933070775802,5.765193305123948,9.584308905390463,7.180130798474571,3.4867128358445334,3.251151487048467
2020-10-30,9.180483675424242,5.617838807727971,9.600828480159725,6.775520449306608,3.511549147502944,3.006009008363236
2020-11-02,9.173280814756906,5.433550513099502,9.648188027674475,6.400797842356862,3.5005169396956526,3.3188565480760026
2020-11-03,9.17501756401913,5.362548932658484,9.643692310620791,6.331732478005944,3.555074932197057,3.4370256346133665
2020-11-04,9.182121808007038,5.5383814994600895,9.617706545840498,6.5531701736634815,3.9856764290857196,2.91772041975984
2020-11-05,8.935179061693077,5.54795215199088,9.343621308542035,6.454000115100939,3.984816531722959,2.726403721703702
2020-11-06,8.902778025542215,5.320350073303556,9.386451717503755,6.463577926335996,4.006126536270843,2.0451753925687917
2020-11-09,8.747421953535442,5.501550796759898,9.45158766056079,5.271888198237627,4.385658577204502,2.2967977601398033
2020-11-10,8.676345452108947,5.186452196185399,9.433950594320038,5.188709711771886,4.4308470269221765,2.3617046758220774
2020-11-11,8.623615661557809,5.268209037412058,9.207567249737854,4.9854600152202275,4.637245862979002,2.7993573159521
2020-11-12,8.483375687130204,5.243881842370742,9.142686902777696,5.069484972878228,4.592698060795608,2.9469111238396
2020-11-13,8.60122237027563,5.134445100519248,9.215401423631276,5.134017133529068,4.400813634093772,2.79966617537824
2020-11-18,8.567249427602748,5.251688185272598,9.213648369528372,5.107931232502279,4.454079864899713,2.9028905688536852
2020-11-19,8.624669185027974,5.074172911414654,9.49856574797444,5.412130504453729,4.3490739608860425,2.7018550740115983
2020-11-20,8.639826933785459,4.8761195750696835,9.675902179193711,5.506174213641088,4.248090163043874,2.5037553503158634
2020-11-23,8.581069685650055,4.844567807792675,9.719237986829302,5.528721307798066,4.242402477751926,2.8109180950119423
2020-11-24,8.446519912717887,5.451707688738236,9.491051467690324,5.564053134811661,4.318026657376826,3.059589557165887
2020-11-25,8.468939254647637,5.013370050430162,9.421784773671044,5.556047534254827,3.978568651041949,2.9768623164283454
2020-12-01,8.59156319558407,4.862627165956591,9.270748974753939,5.65498427633311,3.719054091729964,3.137217199036724
2020-12-02,8.689016135601092,4.597163771744745,9.373042315494816,5.741893218534691,3.4531082002614215,2.7643883431323477
2020-12-03,8.576324634416018,4.925719872090215,9.096501247016631,4.524887342242362,3.7081260537340435,2.7534503715001786
2020-12-04,8.782541962145133,4.791179530575705,9.41350444687327,4.644642324493951,3.8673377911928486,2.3639061307668645
2020-12-09,8.730334047415434,4.407870339280232,9.251943088025724,4.483908598136701,3.7170821664679092,2.3949297704146204
2020-12-10,8.952150294487893,4.575913648790363,9.515114012939852,4.5676871996741015,3.8532725595292376,2.173741552005102
2020-12-11,8.929596958300623,4.186815629904941,9.39625882712586,4.580632079759705,3.3483717371857122,2.342430289876537
2020-12-14,8.860833365453445,4.56774849627984,9.382774448501511,4.59617144852524,3.734579859712909,2.3869994088875783
2020-12-15,8.748875685072717,4.308248679684516,9.306627303496617,4.318972160908632,3.7411464776757444,2.8031279766348525
2020-12-16,8.71661623749643,4.261526775137791,9.226440247367302,4.176173339212835,3.845091802111851,2.9875786900299075
2020-12-17,8.70840184885021,4.231641781054668,9.22306670309998,4.155743524261282,3.898171852560513,2.9843984742860985
2020-12-18,9.084968532854612,3.7024661845153926,9.357003994742163,4.747398009415501,3.5007121546073567,3.3448233192746684
2020-12-21,9.278539350035338,3.4171011954861847,9.433894912667188,5.175949566101116,3.7072230916418962,2.897465374550297
2020-12-22,9.197266603812423,3.4416288192915387,9.347713979750138,5.11958649731936,3.641619580444692,2.863582795332235
2020-12-23,9.334340580254016,3.092052441784856,9.592642856449162,5.320831225412523,3.3043642057389597,2.778293534678442
2020-12-24,9.395904642493067,2.999169887464594,9.630036908347,5.294481692341534,3.4049338781937037,2.7181190695253523
2020-12-29,9.293448994510063,2.926632803674521,9.578242313418535,5.178344730617053,3.3564374902885312,3.111609328602995
2020-12-30,9.336102406480178,2.6606211214975195,9.533400734517791,5.342648539255756,2.9616881211536565,2.7782427149888247
2020-12-31,9.294567533179558,2.547628501919384,9.522103311710413,5.393242807045342,2.90068139946044,2.6836268956643283
2021-01-05,9.445820859927597,2.5841116583374553,9.653482526215907,5.6169043238801315,3.22704947498705,2.9372317002417603
2021-01-06,9.302868493347876,2.529945115724743,9.449866120004554,5.474559795558711,3.541713596178914,3.620017197886133
2021-01-07,9.128099314174177,2.3919318462583052,9.273108954823659,5.4279344015809015,3.302410193527905,3.8599181540008836
2021-01-08,9.086762131698096,2.369897851435613,9.207818507141894,5.330934772683184,3.37936205187858,4.022535043480233
2021-01-11,9.192775368913138,2.464594658853127,9.595203568156933,5.90857297746755,3.1136754687239474,3.523500093726989
2021-01-12,9.923440284422076,2.8569725999374853,10.20572659104334,5.968155720601945,2.325092259717515,3.7455582852249223
2021-01-13,9.978248005377852,2.9606909041359537,10.228684260792258,5.723324428789241,2.3511103009218677,3.8024252152448015
2021-01-14,9.939606543004231,2.978986483736806,10.186734169844973,5.726680506560068,2.3442344929049916,3.7536417705257175
2021-01-15,10.127274582509019,2.55526990129795,10.362384748732515,6.305635974260717,2.3840891554140655,4.527657701657284
2021-01-20,10.107269530341844,2.4390618760117073,10.362084745653961,6.375341392420594,2.414289375320211,4.1470798587405415
2021-01-21,10.088230600868494,2.465298541498212,10.34656718556719,6.535069066874338,2.6013024732188104,4.157748249754062
2021-01-22,9.658704631379809,2.491348733900217,10.145909331699286,5.46269158900722,2.6453257787301823,4.299849169064609
2021-01-25,9.495338998730045,2.5926712989551848,10.101470138626219,5.495703628173826,3.014621914612832,4.4155467841870815
2021-01-26,9.477117995606884,2.5619803686098135,10.097394907416312,5.4977876529353615,2.9972563452181045,4.441229938445017
2021-01-27,9.226031794505637,2.5014594647686406,9.94780492489783,5.717230722076642,3.193136729865716,4.996512559904518
2021-01-28,9.13037423959218,2.694748212896407,9.9147042022242,5.4544051701613085,3.373844347252149,4.864225815961955
2021-01-29,9.05326256440547,2.2666751921362285,9.70384998741696,5.3751971073874225,3.3452537809972243,4.292387363498949
2021-02-01,9.56298524214388,1.9849096887903375,10.011837064665057,5.690460306365092,3.058206958436127,4.678026841106521
2021-02-02,10.289085485229661,2.884861870442068,10.502351101241844,5.898409974301944,2.355862739571172,4.621853123285561
2021-02-03,9.89633387086815,2.900093931920735,10.278965517194711,5.606648093679425,2.0674348324343934,4.424316108472735
2021-02-04,9.843181419172367,2.9198943969046414,10.264638410055694,5.5925665379029725,2.0127679186939864,4.383195744980667
2021-02-05,10.122644362804971,3.0062750402337746,10.301277442102826,5.804352522855752,2.0998590335121636,4.231560502989244
2021-02-08,10.260070475624461,3.0373790592900334,10.291024030001031,5.920326595670683,2.001650895468225,4.120811310038423
2021-02-09,10.266981591371385,3.0472474072229283,10.296597296978176,5.863035543738772,2.0315765315109036,4.0872898046497355
2021-02-10,10.107064143051932,2.911965031872247,10.194278198066794,5.7284283934419,2.1597768748155444,3.987859903116784
2021-02-11,8.876428957941167,7.547952977327848,9.488415659747298,5.4381799718328665,1.9464518933267707,3.440275683562294
2021-02-12,8.8321806234173,8.7582339508232,9.16977208553922,4.599840709257987,1.868496593344086,3.4052581613656834
2021-02-17,7.409936825164164,19.142485294447166,7.878888445979313,6.124274071855488,5.068024841091385,3.3567399838662504
2021-02-18,6.889448729786479,29.03211788221543,7.398922609884488,1.7326925356910883,5.19742610328882,2.1579439276391756
2021-02-19,5.2350670545444205,28.468928556575804,5.449753535678933,3.2850931961904446,12.790903989169118,1.551306172074433
2021-02-22,7.489328439472826,23.47197408833536,7.4592528285728585,4.504434745784236,10.35383036005551,1.958297297453133
2021-02-23,8.53298673073754,18.9277157283143,8.541645929255514,5.6475669323856925,8.394758546572477,3.3076027805526227
2021-02-24,9.503400173566268,15.926795770604864,9.522909944479807,6.023610660418975,7.465870818946403,3.6121237956850067
2021-02-25,9.666368445635763,15.475134151664705,8.879649408925628,5.689537919182171,6.632830609161696,3.6077835206482742
2021-02-26,9.992055651841545,14.873729332320195,9.037332428313261,5.666312578196376,6.239321963570991,3.911529434943452
2021-03-01,9.914826800055076,14.503835964270785,9.042359930536513,5.5188181381459165,6.156720184544717,3.9277258534522574
2021-03-02,9.567268681622968,14.355074959523137,8.981450666847499,5.874191851454186,6.306352369066996,2.5595917166352327
2021-03-03,9.93180835505106,13.85226745068077,9.223131799542129,5.740761058375239,5.877679025274619,3.0024222138953043
2021-03-04,10.434521585363688,13.28186198661624,9.650013572644802,5.907208646018323,5.731998961849732,3.4481179411366045
2021-03-05,10.65554170024604,13.085475331339898,9.956307227324157,6.296615932777324,5.5010789358597485,2.9363344091711743
2021-03-08,10.516486767273951,13.03747224212462,9.646322145449197,6.359959556580994,5.605314768646305,2.7418131977892686
2021-03-09,10.267975227119969,12.266321474313274,9.696014362216163,6.193974061559068,5.825694829060693,3.113150967305008
2021-03-10,10.265331445084113,12.260732531686136,9.705531191465221,6.144715699852601,5.789094642104839,3.0564812071699716
2021-03-11,10.150884461640523,12.126860260038368,9.587669181539363,6.113469841575288,5.791700068199848,3.1290688588956965
2021-03-12,10.077010096450993,12.108584363383821,9.552491697573492,6.14522242842579,5.688187279953298,3.029728581989118
2021-03-15,9.999226078768544,11.595023571845756,9.50907540161637,6.1607155081941185,5.427939006157689,3.0086971161020934
2021-03-16,10.048712843641484,11.557195480966035,9.515593376856584,6.103081324666033,5.252689226304033,2.880901606688598
2021-03-17,10.068940250621761,11.543029540045124,9.533449971487789,6.132275587597754,5.218567370583261,2.9414302886076418
2021-03-18,9.718659378881748,10.74230198128452,9.806997241337193,7.450053963821353,4.576887549692813,2.690064770530602
2021-03-19,9.758144439103404,10.549211563893882,10.04519876271493,7.433702642804953,4.235592533764074,2.453336212105985
2021-03-22,9.717730381271506,10.399713227052908,9.983400028595472,7.395600811494746,4.253713319644986,2.582078129770593
2021-03-23,10.125704033985746,9.981588110153663,10.611024689136203,7.9860325821860405,4.0416308157262515,2.194631133041893
2021-03-24,10.35789854926411,9.56817394463945,10.59559870371957,7.8154994480011375,4.290060043208462,2.3885719551694327
2021-03-25,10.647720751886043,9.351423219352153,10.818368086858646,8.006939617558212,4.210402152016303,2.1247603839373372
2021-03-26,10.78964849829723,9.073135669594024,11.107686748743966,8.484165507976256,4.166844967352126,1.705915373374158
2021-03-29,10.72737404087747,8.93879285778772,11.091195295879096,8.446189028059553,4.185082514469475,1.8017455832795328
2021-03-30,10.717306673304208,8.825480595145654,11.08479176267197,8.474091251758287,4.186887168227928,1.9514384904357733
2021-03-31,10.757728990547568,8.81206154291336,10.666790975858383,8.259977155105885,4.11360263337248,1.7819522042370046
2021-04-01,10.877159352548134,8.497738478894547,10.511506670606048,8.356195545217904,4.07710387322486,1.9807001748317195
2021-04-07,10.853627991997676,8.29907363439269,10.502596925027712,8.062130010742,4.14443596395203,2.117568764766871
2021-04-08,10.848439333616911,8.291468061923272,10.508022695519022,7.986607399621811,4.052632441565872,2.026186902701623
2021-04-09,10.855395982301653,8.234318208432454,10.505248698704746,7.972272069108473,3.952880111467429,1.9633221689141909
2021-04-12,10.830934330462656,8.157268294002597,10.508998214196545,7.9514620619425065,3.9487013433826696,2.009461700623529
2021-04-13,10.829882072213772,8.150583245820812,10.53352416287938,7.998498131541016,3.9416998304933557,1.9657202408224734
2021-04-14,10.993376205490321,7.987396628599991,10.626206089811484,7.9128536945098675,4.0940500643749305,1.914083920801313
2021-04-15,10.962943105645742,7.961027110665484,10.58833989034934,7.752985469630167,4.074772615416352,1.9775752723744413
2021-04-16,10.947258135451124,7.939783537741395,10.573621286849722,7.7300280064941385,3.9492170593457367,1.8617019157364911
2021-04-21,10.940928364615898,7.938057924672602,10.483631269729669,7.771457195574132,3.358311789189981,1.6797640842582098
2021-04-22,10.896910064451063,7.940115077537096,10.42470680589166,7.811339137668841,3.3109907477201603,1.6802943367225875
2021-04-23,10.899156181378272,7.791379671144187,10.400636967014007,7.6882832973710435,3.391710056197404,1.7605255826911543
2021-04-26,10.901088391038016,7.757167608062043,10.386258194476502,7.614558763684684,3.4597597312208053,1.7412225883958763
2021-04-27,10.90572554927445,7.7580920341177695,10.387751153438092,7.562325441589024,3.5217506516236043,1.7598027534434826
2021-04-30,11.13937279857034,6.904237494347196,10.334351607943093,7.647478871669482,3.232912029650988,1.5759905963062444
2021-05-05,11.154553904360478,6.423915954997817,9.970152442572513,7.63843448204323,3.023658159339698,1.5917253029507787
2021-05-06,11.36446729349727,5.8935128411003825,10.070490379695215,7.916952067939284,3.016114898273481,1.5391717821875632
2021-05-07,11.312471380068002,5.893653704482773,10.065518918332923,7.9124577947348556,3.0517838869061618,1.552102846373386
2021-05-10,11.271643726911513,5.749561590452518,10.024235841837632,7.863064447421891,2.948986260697619,1.7467921351568771
2021-05-11,11.248243240088536,5.769745754740974,10.024421754615153,7.820235694344267,2.9520588864943593,1.7394958145601418
2021-05-12,11.140791604113444,5.645151848383996,9.943836665467993,7.7324164068479675,2.871557753225621,1.8813784450030662
2021-05-13,11.119237205423559,5.537458028127124,10.172788332552168,8.247119714296375,2.426929269036441,1.7225666603539433
2021-05-14,11.046470646170947,5.43657769765403,10.300326258945487,8.242154610133657,2.2786387381588225,1.8130828927047649
2021-05-17,11.074890816986148,5.426637554492321,10.245827601427871,8.143371265777773,2.2655646393562843,1.8292466247462078
2021-05-18,11.028403588046217,5.420241238517452,10.250550756418585,8.094010130038924,2.202276625212916,1.8140537867961661
2021-05-19,10.907364721914389,5.300953309055976,10.407027805756185,8.33630772411066,1.8221754631196685,1.509879290949869
2021-05-20,10.889900642303902,5.1305380957244,10.479030909476435,8.326277333544555,1.7188934001406773,1.484754393100122
2021-05-21,10.974283578999575,5.006818381253654,10.526489929717238,8.505831012768894,1.6380108979046903,1.5242762629881799
2021-05-24,10.905209009099393,4.880403660023608,10.685913718013884,8.608783361105347,1.6503975225067764,1.485914932509332
2021-05-25,10.89300968120073,4.876558212242322,10.682163477689729,8.601442399539653,1.656956484559957,1.476800058571148
2021-05-26,10.920565827700424,4.672461829587095,10.629687534224134,8.614228690855478,1.7627656811676589,1.5215375225463255
2021-05-27,10.888879251746912,4.555461791968128,10.64456065415951,8.619154091069467,1.8034440182302085,1.472724245547106
2021-05-28,10.812789077982288,4.44617112797284,10.681861466738049,8.181211674327708,1.6996542250758289,1.421922457076021
2021-06-02,10.718135875620385,4.433990300617185,10.709377344467915,8.093662336815168,1.6848918991034856,1.4528475803745
2021-06-03,10.709832837574718,4.35861595866741,10.720226889211338,7.964170524051276,1.680760119269694,1.4297120360178217
2021-06-04,10.687660211321544,4.256891189701084,10.703416161101154,7.753497447894822,1.7149136947059551,1.436243949614413
2021-06-07,10.604389027917582,3.863802675211416,10.65174775189347,7.585166191246401,1.9255219257316714,1.4421160878527537
2021-06-08,10.587975318185302,3.831388553163606,10.672288032204579,7.572687314510275,1.8987294591597739,1.4347465025731274
2021-06-09,10.604492763522133,3.8146625342147686,10.721640361738949,7.679224137221486,1.9332506319728882,1.3863096994214932
2021-06-10,10.58915470865585,3.8466608816658625,10.711732432514752,7.716620734898697,1.9987501783797361,1.3878078284861373
2021-06-11,10.493472365069497,3.8525238929351535,10.69503595419426,7.420062094756315,1.8522285720323477,1.4278797056789527
2021-06-14,10.411429988693081,3.8334350565383883,10.697897251165257,7.240080377218725,1.8870007931399588,1.435277892020211
2021-06-15,10.263233016398475,3.5700547023435334,10.574819112256625,6.629288081243089,2.2500162571135425,1.7446938510922754
2021-06-16,10.268930884388874,3.569565647619827,10.539768937213754,6.525714286462317,2.252775851948896,1.7517389982786382
2021-06-17,10.393494424487214,3.502907562519821,10.559343937086807,6.430085704291046,2.097877805615892,1.77041484256333
2021-06-18,10.382302145260347,3.429993527814523,10.458177254027733,6.063584711332896,2.0319630721076862,1.792070949502117
2021-06-21,10.437385793162184,3.100447244212862,10.306004426970953,6.326965710167762,1.8541937360329293,1.7059970399452153
2021-06-22,10.151961992592817,2.8480336092216985,10.479551216259859,6.0096878616297404,2.0171456864616464,1.6649216289140012
2021-06-23,10.06425594332878,2.878920793229715,10.519970953209679,5.7788876309016155,1.8407879163990726,1.7353244991198464
2021-06-29,10.008259116110796,2.836739482493504,10.458064913469405,5.7626111304707734,1.7774505802819196,1.7363122003938856
2021-06-30,9.757943967766527,2.871176438565017,10.204020191070446,5.786103501679019,1.7778113646796896,1.7609051067181933
2021-07-01,9.434771125117736,2.541042788698352,9.903703188832365,5.734799211705771,2.9436739895828326,1.8528858264928487
2021-07-02,9.495693299707709,2.538806688379937,10.01134983124257,6.042194284552541,2.9421430349355995,1.7030478555368191
2021-07-07,9.517355630845186,2.4238344290120524,10.202098231954595,6.509229504237936,2.913373325240526,1.9627344001637717
2021-07-08,9.502422112350908,2.1086765543946875,9.9333711060217,6.595171497498879,4.018525082320621,1.9394500272818138
2021-07-09,9.431868913923422,2.2137538979725977,10.043937670230656,6.666722597436614,3.942591760950048,2.0920795873942963
2021-07-12,9.442159819218473,2.2091570826824616,10.059804268638901,6.51074525658417,3.893423243790213,2.12713552279609
2021-07-13,9.378269107436122,2.113927731190429,9.996788959052319,6.453378543515647,3.7107157764633616,2.1609500512829007
2021-07-14,9.816842837234871,2.0576638321431844,10.827194567236255,5.942457114750423,2.9751327240414125,2.6241747536512223
2021-07-15,9.81717203672452,2.0657315802060814,10.846488674332662,6.003746687265347,3.0018686022153407,2.7418880401991976
2021-07-16,9.863224854910253,1.9950547292708176,10.882430544234802,6.03237175100838,2.974534968663036,2.8762623420559965
2021-07-21,10.538560137239426,1.9739110034493652,11.456198207968876,6.812759634664249,2.942383925313482,4.169616983166431
2021-07-22,10.61319514637693,1.917873276088633,11.39930711836238,6.9360659074410185,3.089191272132511,3.979562230665207
2021-07-23,10.619889799723941,1.8934622338733202,11.369587833926088,6.481783319423065,2.9564361925946394,3.9907523882574423
2021-07-26,10.509939073231777,1.779549191267608,11.333402660249979,6.324069302893977,2.7949834645949525,3.7394302511318
2021-07-27,10.369371582759575,1.7093971094683267,11.138947470955467,6.153443574527114,2.803669325810663,3.3721538822642803
2021-07-28,10.303313873929339,1.6635426173619277,10.891665833448625,6.149116295948563,2.865948272684406,3.323149649195482
2021-07-29,10.429768884112445,1.6685556869143856,10.941755016609745,6.165674527922704,2.8279995952678068,3.32181512347503
2021-07-30,10.278122110285684,1.670250905236224,10.772164347773204,5.95990606757501,2.7387095579997354,2.977044843868976
2021-08-04,11.042625298382958,1.5148960244866263,11.331914589252717,7.118727114663631,2.5753430782015343,2.6290568176793556
2021-08-05,11.045828237155925,1.4998972089109202,11.391525593376095,7.326875294090772,2.549199966715284,2.3901472915487516
2021-08-06,11.192196910083155,1.399701527009789,11.542779130865588,7.518710429682792,2.809164638199278,2.495202165697417
2021-08-09,11.217690730114384,1.3463740311444445,11.503327504463584,7.731686157708757,3.3020460636520848,2.2025513817115816
2021-08-10,11.347401607126173,1.3169174115173359,11.617384581956335,7.309038583415468,3.434027852917487,2.239144273455888
2021-08-11,11.165530765256804,1.2458958627289445,11.318668047633453,7.261835670964559,3.1345522039932354,2.1850567260183937
2021-08-12,11.199839009072683,1.1536135113593102,11.438721734605311,7.347597180359425,3.362100329849651,2.237244371483255
2021-08-13,11.04296214857508,1.353418043407369,11.340250747258073,7.303048609172147,3.2818797872225542,2.47731009057397
2021-08-16,10.959700685726737,1.4396619553302754,11.449154538473017,7.509169505177062,3.0256079920767047,3.0546272133083696
2021-08-17,10.999101392689866,1.4805632130028872,11.500912732847139,7.715157398705306,2.9926759551933095,3.4033301194349623
2021-08-18,11.126275452279259,1.4506137120544196,11.444648244119461,7.987741571371164,3.0476542951512626,3.034575603279229
2021-08-19,11.723058147330526,1.3970904497431362,12.006803348026123,8.780284738178327,3.001857304920169,3.02313161094504
2021-08-20,11.273844646397777,1.3011711790151093,11.566854387730066,8.352951536433542,2.830855586880998,2.580842868109101
2021-08-23,11.540002203230463,1.0629086917162873,12.202980187601419,10.049025444428588,3.230566458116339,3.3667977906271407
2021-08-24,11.673452482645642,0.9628014202414752,12.253901783292926,9.94874876145652,3.0885521122335686,3.5197583045963725
2021-08-25,10.986782930666124,1.2837324493568225,11.866319717563924,9.040876082257407,3.880872673828774,3.7295293135387855
2021-08-26,11.099097042754629,1.3265383291182893,11.961283013159454,8.767688221812781,3.6123527904010833,3.871810060311389
2021-08-27,11.292783383578268,1.427337153955751,12.148116090545601,8.193197580412482,3.6602353251301416,4.110190614430207
2021-09-01,11.044027588892462,1.1774257433493676,12.153717232100576,9.288361979474441,3.8880250824057527,3.7156414595022818
2021-09-02,11.132167327889952,1.1796872586204172,12.225032368453414,9.355796004528615,3.824218680182721,3.710426061619215
2021-09-03,11.342198688624626,1.2622589298274423,12.198682103065032,8.486271066352012,3.3418736619099056,3.7893820049873685
2021-09-08,10.162022367754009,1.326843098283309,11.798647264963238,7.946530427570238,3.6831863846036463,3.4795539448162365
2021-09-09,9.968973419951746,1.2809156966070396,11.6045663335462,7.8834427054111105,3.8773530918839687,3.364209002084482
2021-09-10,9.683119356351513,1.1945166407948367,11.362435465966954,7.5040480324670815,3.558847987973936,3.029608941474199
2021-09-13,9.558778270185526,1.1414504388760054,11.221454437863313,7.295684860153176,4.568436275749081,3.056581807196601
2021-09-14,9.63112326016895,1.1519587935926296,11.236133521097562,7.169399838266749,4.457964413386967,2.874677963777352
2021-09-15,9.45536699620938,1.365709630234076,11.039179365463966,6.368133884796129,4.543044332658615,2.859155398979457
2021-09-16,9.252964369624129,1.579401924630319,10.801513510716077,6.114662272790735,3.515272474220158,3.304369833862486
2021-09-17,9.301174875921502,1.692151959165696,10.58812222832887,5.805081846615558,3.8851363427944725,3.1223949172838954
2021-09-20,9.53195243492663,1.9629966207994842,10.446412420388084,5.86570129629552,4.265947364201751,3.7108480947956566
2021-09-21,9.572122238767664,1.6952114233924676,10.511787914657019,5.644777344649907,3.6733819007887507,3.619566936230928
2021-09-22,9.699927906739532,1.5877328389728624,10.56440815436734,5.517562977996508,3.7096422119936023,3.6121250842621926
2021-09-23,9.657762926213278,1.5857897908823915,10.345253781438839,5.181745199532676,3.337563257802726,3.62654649356573
2021-09-24,9.635978140544905,1.5867384856471805,10.230324820436255,5.115698865411655,3.4757566461158924,3.436602604765889
2021-09-27,9.754383790488125,2.00295761884744,10.266357746647765,5.085914111660537,3.286744363701612,4.016486810900536
2021-09-28,9.661282887655732,1.5822202372947052,10.254377608934332,5.04303854754385,2.858850637203403,3.2568294103176263
2021-09-29,9.80988362674695,2.0446369630621186,10.31758461127808,4.6047052621306355,2.6770544881846807,3.7671912953330406
2021-09-30,9.89507370117252,1.8636247167627777,10.378359825647069,5.0661028034188496,2.773034197764559,3.801859967644083
2021-10-01,9.861255538027313,1.8808135720801016,10.349416014342209,5.029773233802974,2.759574318259332,3.845847482076122
2021-10-04,9.528535424622335,1.797152676233895,9.84022257990255,4.679573172950289,2.9776781515398887,3.2474093434619378
2021-10-05,10.066118885736945,2.59661306682968,10.361718870123562,4.620736206663567,2.945551913088577,3.1257006716428655
2021-10-06,10.329376095387524,2.8861700037998244,10.610881485680926,4.697894252176515,3.0371427066603762,2.905070227841287
2021-10-07,10.198265749986959,2.2496097610497015,10.443440253238423,4.405987358636319,3.3627580302298568,3.138574338915806
2021-10-08,9.883842761911051,2.3475922282718185,10.53833838422124,4.375312161947946,3.3619325735489665,3.0781024836478967
2021-10-11,9.933845644416754,2.0426779583722947,10.61981614681452,4.104068425373612,3.32155224792602,3.041336593897052
2021-10-12,9.635617252297102,2.166207246944929,10.252033774520227,4.155451665588514,3.654818247861219,3.5190755423702367
2021-10-13,9.291062983719549,2.1150492952979736,9.662836015126157,4.105127712519781,3.398021682788839,3.4175312420441544
2021-10-14,9.359798321217568,2.1830414110187473,9.59629993949431,4.1643524327416825,3.379124299926049,3.5325129682959555
2021-10-15,9.124868964331105,2.1402051868263237,9.338674062721722,4.611858776080013,3.4022676072058258,3.2364856503603083
2021-10-18,9.012692226662548,3.019839572299501,9.388945332143221,4.353350450727434,3.73316564286116,3.3384888262441863
2021-10-19,8.999907366224681,2.8762236936883383,9.38971010895935,4.202334273808483,3.871014154559164,3.2751553217530596
2021-10-20,8.94534810781233,2.931550405963812,9.377073031019096,4.187035283412238,3.856678532434708,3.2070925872996443
2021-10-21,9.047993051192627,2.69405372337077,9.509234939181022,4.335727300461541,3.6052518392931776,2.8660268790424843
2021-10-22,9.400842751783026,2.5352734438323608,9.78712790500215,4.4473412839152795,3.345458293776545,2.1934158606462546
2021-10-27,9.309691929603153,2.2675428039700924,9.310075247719384,4.754115999552979,3.483729109972376,2.229813620719271
2021-11-01,9.65682302510651,2.006887763107923,8.821425073865788,4.715386696818892,2.9597321792073434,2.52623298494547
2021-11-02,9.61700247504667,1.9852814068159752,8.78917144996907,4.8922362187214015,3.0030778570729946,2.462274489894478
2021-11-03,10.36558055412205,2.064196574021924,9.436633236598736,6.524888845195207,2.5509443059365124,2.1033294980482213
2021-11-04,10.400911014440524,2.2057388688250117,9.28925854577705,6.846933867517829,2.5669233002418044,2.037336460339804
2021-11-05,10.844734068514256,2.162762212544622,9.55246688441048,6.603692084857353,2.492952168575506,2.2068137309300853
2021-11-08,10.802708283487993,1.7845353678832165,9.498758523156665,6.372575117757736,2.8650565808361264,2.33662457899921
2021-11-09,11.53867290653267,2.6694383531028465,9.224662252173324,7.830352973287358,2.743182168056148,3.0587717630261597
2021-11-10,11.435148097094897,2.1274631137623623,9.460914288140268,7.554447815002457,2.674466431559362,3.327773216526003
2021-11-11,11.22827297339002,2.7931645051686753,9.292939225367792,7.645697833818265,2.152528297617029,4.122109207940803
2021-11-12,10.765243555766915,2.6023642497426485,9.285643215874446,6.162729271913542,2.243439167324655,3.8593953321597927
2021-11-15,9.875036463479008,3.257729668577776,8.724025515074908,5.932310863879227,2.332755869478792,5.206113591941132
2021-11-16,9.8875594049532,3.309295976302242,8.831467574336267,5.88020089712028,2.4108815663440883,5.0090485795682556
2021-11-17,11.471255849933863,1.2046091349670125,10.625428151971276,5.274278826250582,39.55196455418265,1.378069577223326
2021-11-18,1.099099816627999,16.917685032478825,3.012782007205205,1.9413964218197897,50.07246424342392,2.1724877639807283
2021-11-19,0.6658508616668612,18.77025276845361,2.1995600763889733,3.339036297922244,45.743784906864626,8.502932845766528
2021-11-22,1.1486999942243583,19.572778557889816,1.7307620453670574,0.6700861492956354,49.70132618245409,4.328481508602686
2021-11-23,5.417896971663324,14.73835102437697,6.357765188848283,1.9151860735515769,31.85070289493297,3.89057285942693
2021-11-24,5.293444506542128,12.819508152862255,6.771973541549632,1.8751981025103774,28.76135038486733,2.138630192991265
2021-12-01,5.52451161825012,12.457813675123882,7.408308881292954,2.1219444320218197,25.67473532324541,2.544625005033409
2021-12-02,5.735756635868182,12.397515943296598,7.1780699951568545,2.5460978914978254,25.350706129376363,2.4384297789090015
2021-12-03,5.661039614966318,11.633192047281417,6.948027773593143,2.5933245414907917,25.38334190515015,2.422906192917638
2021-12-06,5.958267756006159,11.197303022921313,7.666179250246667,3.007073796140249,23.92159068107857,2.3162574154426796
2021-12-07,6.186293672041251,11.023356285482896,7.542727022730779,3.1119786697725194,23.401503810392143,2.701997629075242
2021-12-08,6.250780451800117,10.89528398320162,7.680600922776921,3.160834852830959,23.188248035289064,2.5597226175952446
2021-12-09,6.584724760988867,9.285417191749312,7.953936350634497,3.3377745338307387,22.3865833830159,2.7728340836305416
2021-12-10,6.615918591623079,9.447531185909188,7.933596826930643,3.4204383725431278,22.480406625590646,2.5113711341946843
2021-12-13,6.720140441270888,8.99975765793725,8.012235481017694,3.2981706904617205,22.335552970079096,2.566118310767568
2021-12-14,6.680597838210317,8.680664529392697,7.891806062509392,3.2774488388569805,22.329245336866876,2.65823320122839
2021-12-15,6.638481135194823,8.668630654749348,7.879163726258308,3.2373915426995037,22.417999338283266,2.637468695206291
2021-12-20,7.3551616143118395,8.637651859343938,8.557655309326401,3.5234690362774117,21.337063468976414,3.122704380719219
2021-12-23,7.39464652274057,8.53033446546163,8.747906684523155,3.7359628906545166,20.969609734609726,3.2163789989348213
2021-12-30,7.476321764225077,8.377200079777419,8.879095434027674,3.849963178702359,20.300958701715945,3.0187023971480706
2021-12-31,7.626686074185412,8.264601405098519,8.938533353403788,4.137567100355396,19.869375629997624,2.816289707755006
2022-01-03,7.577070372586359,8.321127197839054,8.877775849853009,4.1012289901414265,19.97719675092311,2.7190525562311234
2022-01-04,7.61031898722758,8.119261032588627,8.733436563700566,4.225224955661477,20.05850480918825,2.5249859823568497
2022-01-05,7.346874566311652,8.238508503291587,8.311693302928985,4.171855137337891,20.433543157850817,2.405769546889358
2022-01-06,7.328658832195263,8.005663733950415,8.138158612766306,4.178300101360089,20.71514954405634,2.2491235082427785
2022-01-07,7.3451860467342405,7.8925786851532385,8.06480900198367,4.188446307779397,20.868864001852923,2.2406039827765993
2022-01-10,7.48882124439143,7.222890541322939,8.198592607411637,4.251284087531621,20.20747907051928,2.021681856719069
2022-01-11,8.069394588025249,6.873943793773779,8.44610721088382,4.698894809548232,19.025008259603265,2.368745941260871
2022-01-12,8.175598467638734,5.747053111271715,8.601413215784211,4.738407654632822,18.530649509867597,2.5821899573262086
2022-01-13,8.203656024877498,5.801592932186836,8.57477405992469,4.718078193103127,18.40035741754605,2.6404266975577553
2022-01-14,8.382266346845503,5.657985675651393,8.86469831093081,4.594852951272098,17.717590663727457,2.676194695805149
2022-01-19,7.9996111517741255,5.370243867915839,8.893743720825842,4.641814284212768,17.03338044138624,2.4682329091177624
2022-01-20,7.954576893476731,4.663485667835199,8.819482449805209,4.665992478914301,16.336781974624888,2.6100483556830514
2022-01-21,8.14580149251806,3.7571069796737078,8.426652283806176,5.340109023856342,15.10820566077257,2.9830271522763163
2022-01-24,7.266805177265457,3.9403264272498872,8.097063311998314,3.732643223837957,15.458541683846144,3.0452323255087728
2022-01-25,7.261791773406578,3.6239254706490382,7.656895722077995,3.8659411896882063,16.532119646098792,2.627404103834898
2022-01-26,7.299860407999193,3.5738490629238524,7.630911306559451,3.707941531303339,16.209799604637645,2.6508010330846137
2022-01-27,7.3568982844326305,3.461731343612153,7.60321804918575,3.02000963904193,16.205302439647973,2.8128787960343313
2022-01-28,7.503615174781111,3.2471345256006496,7.146903190914767,3.5146163336896374,15.462718579129051,2.5876756613743925
2022-01-31,8.049925222090385,2.903586946275612,6.54123054575894,4.227347811427573,15.21605111980599,4.348736344951905
2022-02-01,7.87782152030879,2.807432510323027,6.419280528113479,4.064102618826589,15.74459962641462,4.043299876260478
2022-02-02,7.692486260431593,2.416488611720865,6.176400907982263,3.996325794166394,16.380285252830557,3.9525143006733026
2022-02-03,7.4217359279677835,2.2653252256819854,5.863907353638775,3.7720853365296882,16.352180057998414,3.787091390311955
2022-02-04,7.804908491889404,2.8002504690355328,6.403291462893871,3.807082415197423,15.614935216235184,3.6587381268028576
2022-02-07,7.851176462143614,2.1532046468248502,6.741495958972952,3.8704049794695403,14.010878394254812,3.743236710539479
2022-02-08,7.757162780400051,2.1806892248236824,6.745274238436458,3.7502265656486826,14.015166111543477,3.640093246809354
2022-02-09,7.652368149586986,2.057491471812608,6.808620594915731,3.5839128496351793,13.798371009593737,3.345307941428033
2022-02-10,7.775684173937546,1.9232571252268533,7.058785544062444,3.35184176304101,13.279220125417114,3.2274580684697054
2022-02-11,8.11534422063703,1.9360808297894512,7.381077474850574,4.146557346342533,11.878695070387856,2.571349344600084
2022-02-14,8.143887589274549,1.6544223630850767,7.787045095790318,3.9825729554386036,11.747835460635459,2.4913162838631266
2022-02-15,8.899176130137317,2.0805262476537116,7.816225981083768,4.429045544920839,10.772241795328481,2.5563326886821502
2022-02-16,8.009248048667585,2.035708408535673,7.8096232751748005,4.304411027460961,11.12480894029934,2.6132677099827695
2022-02-17,8.019866656374111,1.9064675612316968,8.100626308010238,4.24335665385163,9.974617477868678,2.8130263133108215
2022-02-18,7.780301418748409,1.9533258811977483,8.07052998051506,4.043950023160159,9.728569059044597,2.922889740036522
2022-02-23,8.276567368979293,2.1676842836950967,7.56175560919939,4.796429308611657,9.512762205246732,2.9950245264849884
2022-02-24,8.025423083351772,2.102688806888464,7.948990892614013,4.711167474254724,9.683530349166608,3.2950168757645635
2022-02-25,7.936157614652231,2.0944922198536218,7.848071142993619,4.623847349064936,9.820135048233412,3.2842409584538803
2022-02-28,8.592831300583907,2.3574053743903476,8.47340893171001,4.220996794800125,8.785087386965802,3.2035662612824773
2022-03-01,9.498694936142648,2.409137432231621,9.210633455179986,4.793918392946322,7.824482599077672,3.0331775695724352
2022-03-02,10.349748647889097,1.6383740498850052,10.187414329281657,6.3527326790725445,6.582653534891449,3.4598808675721813
2022-03-03,10.639058062944253,1.595992695194054,10.584522517382755,5.732528864720133,6.413745650607281,3.4777663925311892
2022-03-04,11.196910392979369,1.2226286088303728,10.635552893224354,7.87918497067713,4.984425948025545,1.851182119850986
2022-03-07,11.035905527630556,1.2137375490826237,10.600304771997697,7.769134871915928,5.01145062283837,1.8793275658868793
2022-03-08,10.879762754659035,1.0389234959820248,10.498458475613441,8.084154776632566,5.097838612702695,2.075785032038526
2022-03-09,11.614199551833165,0.8039756744266491,11.200024150225097,8.572859096227026,4.796039852786488,1.6629623171964703
2022-03-10,11.32938053221688,0.8235163901599285,11.076080488259905,8.349269010532685,4.903197783547543,1.8089337769887746
2022-03-11,11.358018683771318,0.8074041141217366,11.230787634538792,8.36225814485809,4.922140973833087,1.8456604022793421
2022-03-14,11.838210322038814,0.5649348003351576,11.760961650748264,9.439013387791652,4.106758974967578,2.6323862568476613
2022-03-15,10.975885031382576,0.629610449787175,11.478474930487408,7.984875611276556,4.099049842853388,2.9316721688004144
2022-03-16,10.769540988114917,0.9287301006994578,11.40451024849819,8.24623441995422,4.010098871986351,3.4484019379279807
2022-03-17,10.940579630812692,0.9241117115120158,11.552887898867391,8.036662638958509,3.9657439843100053,3.3287846622077715
2022-03-18,10.851399553967198,0.9240684540663661,11.45011178645474,8.162923550250026,3.9540863238656017,3.118884840358245
2022-03-21,11.187018070442784,0.9043122748570664,11.711922357470712,7.5290032896419765,3.6434552616322073,3.1366040863889335
2022-03-22,11.560633513172151,0.9897383657005543,12.062461923500791,7.163123218250078,3.706185816030439,3.0119840409302974
2022-03-23,11.249836596913335,1.0761992860601441,11.854193166533804,7.339513573949911,3.5470933214882145,2.6682127014762114
2022-04-12,11.67485681061068,1.0412185976698685,12.303050617561995,7.3781842072802455,3.232297266188594,2.700913618035287
2022-04-13,11.684880574791832,1.0746939796256607,12.367074269865585,7.38445809575119,3.2103767641945926,2.7949270393306023
2022-04-14,11.742811906022327,1.0429622215724188,12.422225752275528,7.373904815915904,3.0231544949384186,2.58891204287948
2022-04-20,11.499121475302806,1.132293875339857,12.233531647678817,6.868651212870323,3.1863643784658593,2.6439817809893778
2022-04-21,11.616405262584209,1.1938493614252497,12.384376297337086,6.704771892047806,3.173944174509711,2.680324947611993
2022-04-22,11.691936460981834,1.2355453713480589,12.50487116810506,6.631795319331078,3.168145285808919,2.7331884088274436
2022-04-25,11.90392760466843,1.216930907446347,12.767002232925122,6.489013686173661,3.1124010269387603,2.74412710011346
2022-04-26,12.257191720836891,1.0262704367466384,13.1119613285479,6.424843651974709,2.987726048008225,2.210652675983852
2022-04-27,12.168079047074116,0.97971037578752,13.016864470839868,6.333681394290643,2.9151487137419814,2.1542669321268932
2022-04-28,12.21984940654209,0.9767043574845554,13.07376098359707,6.512498487783657,2.9071034598420495,2.157315809494074
2022-04-29,11.988625007179953,1.1846755181116848,12.62084382877754,6.446696157502237,2.9185499208938595,2.61756939168933
2022-05-04,12.254176838422302,1.5841328851596967,12.983550862975902,6.835012716918968,2.9799851025079076,2.8812239151571073
2022-05-05,12.16795234818415,1.4953723222693949,12.911281315636147,6.7679948009308575,2.889102090428023,2.7943137109108673
2022-05-06,12.114692447145856,1.4794612321740583,12.866847187051334,6.673092445107891,2.9357461859853715,2.814457340225997
2022-05-09,12.818863018391388,1.6370581710902128,13.324256148539076,7.1727483824870575,2.651430861484757,3.5950129955928927
2022-05-10,13.071209527615755,1.9727458679947407,13.761072962248221,7.370096281190005,2.4874480363037503,3.126141405234843
2022-05-13,13.184404104150628,3.126118395115968,13.415208898946299,8.84615729801442,2.041911805659541,4.427903824948332
2022-05-18,13.152241126199108,2.8548937935978658,13.33181105697851,9.107745014945706,2.003491961155072,4.5852341863828014
2022-05-19,13.252248817661853,2.735122738645451,13.36201272680919,9.299560571456803,1.9965615021043768,4.42422195470401
2022-05-20,12.832552931466756,3.3451998470419095,13.005647190290945,9.351995780655553,1.8044313888954981,4.19884565330887
2022-05-25,12.57332724368703,3.151646224806696,12.677198521509792,9.148374336252454,1.956178710542069,4.105558234039636
2022-05-26,12.715927514115593,2.8866170460092917,12.814137276781445,8.98782643331906,1.9599879028953031,4.327386103030939
2022-05-27,12.361358757356392,2.499444733741507,12.633536724109467,8.179809549296474,2.134571734801812,3.9110521482479155
2022-06-01,12.418340970605513,2.440402108792548,12.95640982087462,7.982444351029707,2.129531590390952,4.046933028663713
2022-06-06,12.269163963863354,2.465370116251377,12.634681798680553,7.59410537630479,2.2396640264286134,3.8275413577157913
2022-06-07,12.209049124390306,2.1967415332684053,12.638199332449474,7.487392533118192,2.2577117222499514,3.7342627484007296
2022-06-08,12.21793717659547,2.2256150241487305,12.627428570219749,7.402533198866185,2.201415499084288,3.768816153776159
2022-06-09,11.771172715567547,2.883130416248594,12.23291070643925,7.630875167080409,1.8960033600850135,4.2415070473114325
2022-06-10,11.645698825038727,2.314268111445831,12.194550149620554,7.586046708545953,1.8825108429135948,4.158078017846745
2022-06-13,11.328569344585718,1.825828924677303,11.707274802433483,7.92067767911594,1.7181567037444518,4.9437310510767976
2022-06-14,11.387115101468963,2.4048004520225263,11.555564260868467,8.084171213183536,1.6941147242337973,4.7350486610683085
2022-06-15,11.404456468640996,2.4301511512361373,11.38061103384634,7.841018794009841,1.6364443673703264,4.535780790366998
2022-06-16,10.732439720851483,2.149060536188481,10.910799711346733,7.5978484808395335,1.6510140773656905,5.3553944190838605
2022-06-17,11.16201450147647,2.150982535569923,11.091997368150707,7.30141108045676,1.773276898729163,4.832165032775252
2022-06-22,10.973888747595737,2.0347489655299738,11.231634314461395,7.055300507792434,1.8223136569754086,4.549757862268886
2022-06-23,11.007386119895168,1.9752650427090994,11.257251630672991,6.98337837263097,1.8452655918006544,4.454247284609769
2022-06-24,10.824456105323959,2.021119662304057,11.019821600254481,6.704748138030976,1.7544793141513917,4.602386392281699
2022-06-27,10.691635157850236,2.03841850775313,11.007671064765036,6.344445631488363,1.7328621358544887,4.674115155472365
2022-06-28,10.513141317293213,1.8657787919553155,10.820786408951337,6.186281230710136,1.9230762761073568,4.883572365295053
2022-06-29,10.47061835194503,1.6840769806354405,10.799247759134786,6.487973242520735,1.9613434699207364,5.002272467773243
2022-06-30,10.548615964796918,1.7402558356613325,10.468068039145228,6.7267824780095795,1.9586304808239214,5.055394007633812
2022-07-01,10.347982814245002,1.5663734591343477,10.267572620049304,6.614072260425953,1.832679966296937,5.034812499776201
2022-07-06,10.185825671646606,1.5563286400200032,10.263261068358403,6.645711045838144,1.8459024497781824,5.002677675973094
2022-07-07,10.203570758807116,1.5296763525084485,10.443193925175716,6.755080699714983,1.8507818608484679,5.821798983813461
2022-07-08,10.17470464754222,1.6080287899661965,10.164378286693312,6.925450469606176,1.7126837234232417,5.983767295891969
2022-07-11,10.126346964672859,1.6140396924127831,10.061463193246748,6.91264386511097,1.4705549589405418,5.2596738672792815
2022-07-12,11.053826093816527,1.5062814140567315,10.982737279837202,8.15198074694741,1.310009257574211,4.758391746605716
2022-07-13,11.059356960490696,1.5043227881344619,10.899934300768415,8.128377040127868,1.3098443570400315,4.622870370928186
2022-07-14,11.027332119659993,1.5325349115346738,10.882628018018822,7.955884926323979,1.2862157915174939,4.497474059589432
2022-07-15,10.930730850240806,1.4403296840888906,10.922044976552632,7.786486708028945,1.2832627131591297,4.046048333817674
2022-07-18,11.612169921649972,2.2524696112628013,11.704329321135658,7.5960463477360145,1.1709158495974907,4.008048985416525
2022-07-19,11.13068827900308,2.3776977488374667,11.65154728009203,7.4411688832653065,1.2601407209261024,3.4500157162588914
2022-07-20,11.054703035337795,2.400192963537736,11.53536293053908,7.371973097063306,1.3101166356242644,3.357702571866809
2022-07-21,11.395612073646882,2.2067730021968806,11.576639832115447,7.89851253080445,1.1477914154470656,2.8736909656137626
2022-07-22,11.578644627609954,1.7889276440542314,11.396832621939645,7.622304272267943,1.177410877856753,2.876680129229601
2022-07-25,11.609100704889071,2.0217141371064766,11.173080673282465,8.13410660983278,1.18150087395494,3.15795177671937
2022-07-26,11.37274311473593,1.8774480303004086,10.973535631817613,7.644640414546171,1.211743901455418,3.2571737433334973
2022-07-27,11.477144625538996,2.346808576231624,11.065058765011251,7.570132141679682,1.2712052224250054,3.0754022037903668
2022-07-28,11.697595334211295,2.3459019926017084,11.003001158927146,7.54972582345503,1.100941740109764,3.076632400961728
2022-07-29,11.637475483177111,2.486280611153981,11.210943264130854,7.269830089626608,1.059887268441001,2.962898985822173
2022-08-01,12.09077303408212,2.4277035583659177,11.762789540470516,7.602456253587896,0.8793915745629266,2.749084667955661
2022-08-02,12.165681870951373,2.396952038814778,11.709558762364702,7.607557765218526,0.8639105898499496,2.9080257172974022
2022-08-03,12.277298991845306,2.5401315314787305,11.894400001143275,7.952830876153821,1.1724943999084247,2.5437676984999196
2022-08-04,11.693014114125276,2.2232183700336434,11.773329800216104,7.853281452800732,1.137907453548163,2.575424988196134
2022-08-05,11.632198032350148,2.1961147338397935,11.824018937701235,7.916596126313063,1.1018032230075432,2.5256199987433523
2022-08-08,11.628708102286842,2.415207468891258,11.718381119783176,7.878987420680539,1.012737789768085,2.4304327624943114
2022-08-09,11.418869842131166,2.2718250220309026,11.803671268737142,7.575867621195413,0.9581815565231558,2.502882076705524
2022-08-10,11.600366852347006,2.119419653951171,12.008632968792464,7.812128971868437,0.912793191678098,2.7537070636645087
2022-08-11,11.530082405272063,2.1487200987878095,11.901355291046386,7.760638787322726,0.9276549615576816,2.8599666235622436
2022-08-12,11.496570185489352,2.0571153811327254,11.651690272824803,7.538290634649209,0.6886714256804982,2.838163328313764
2022-08-15,11.534255160019356,2.0666368834421687,11.653088042281022,7.4211066493301585,0.6676600503858913,2.8985651485863424
2022-08-16,11.665813354080854,2.1078617283067795,11.843665234967062,7.273268069351315,0.6572023811849866,3.0158418722125364
2022-08-17,11.699035015623766,2.0576452960406093,11.786345386779702,7.386247772819929,0.6357532491463554,3.178757861060934
2022-08-18,11.525985645136842,2.2271454426785926,11.626929567037743,7.347888590611671,0.6159761849261111,2.8017187791165856
2022-08-19,11.158562083725128,2.011488496101623,11.36044371288048,7.2703825874206816,0.6139039622104955,2.9476738915688028
2022-08-22,10.697054984335319,2.0192774608292647,11.470087560494202,7.30485134298137,0.632902325545189,3.2416735896518
2022-08-23,10.779607662322618,2.1932120407191076,11.476146890651501,7.241449212225458,0.5488750394584833,3.0079142416350657
2022-08-24,10.69384686586566,2.4139562627091142,11.121292567885474,6.815856195125829,0.5441890144075349,3.0199990014599076
2022-08-25,10.676286198121266,2.575438977488433,10.890419623853512,6.678594917687131,0.6996890677810027,2.8822881741123427
2022-08-26,10.43013399256162,2.5590877974805912,10.954574162132586,6.734494899989513,0.6962771670055933,2.846665614141434
2022-08-31,10.638559596397167,2.0880357763009227,11.048667085377836,5.904914157678886,0.8503005642323332,2.8034492250989342
2022-09-01,10.765205182393977,2.275432439598694,11.712637587577113,5.395097370281502,0.7489081908777248,2.7547458973608383
2022-09-02,10.240277242697596,2.302154174575747,10.954006000821515,5.376275075707294,0.746202871881335,2.7479880692738434
2022-09-07,10.884904615090315,2.340905163010737,11.02007565389439,5.89092712901823,0.5155298294207522,3.2503968828212826
2022-09-08,10.918427596797628,2.269314957487778,11.11254947059212,5.74746265755284,0.5455123284456576,3.2629722420450364
2022-09-09,11.139081036210522,2.152800661939234,11.357572071379304,5.3368633676412776,0.6658739305823447,3.550265407692057
2022-09-12,11.002244798224607,2.2050966005669506,11.20372484449292,5.409169367029332,0.6879890433859375,3.520359906722781
2022-09-15,11.116112773750928,2.0988654492638257,11.451279239062773,5.577834747843721,0.6870136443436999,3.1257563974226685
2022-09-16,11.183571513989788,2.0908426738994272,11.540995013457676,5.60317317928163,0.6859500372167334,3.1447391684551427
2022-09-21,11.03113298343643,2.109770044773396,11.413236192715408,5.649823043828813,0.6943983435052759,3.063155599217032
2022-09-22,11.188652920705033,2.0009468944434503,11.668980512636795,5.532431510716265,0.49641365116549113,2.8922392272873947
2022-09-23,11.90292351140853,2.479766864096622,12.28797453039273,6.289212340343593,0.43422578890600266,2.973995463521917
2022-09-26,10.2273894838165,2.1562864561284365,10.231481977840458,9.461450544031115,0.896325758382995,2.891606055184439
2022-09-27,11.28330487977374,1.9744168032741871,11.779558318952235,6.39247282671942,0.6973421575466247,3.57878409763062
2022-09-28,9.855833608932537,2.889571881215789,10.005816977840308,7.516050562279829,1.8387607966008856,3.203914414440867
2022-09-29,10.277396065519088,3.0267568819659494,9.940977843234206,5.554814342919939,1.7738060699589164,5.115802585344675
2022-09-30,10.561178479091634,2.6466144300471357,10.33699473210896,5.190709049852321,1.7551260563438549,4.798933496791114
2022-10-03,10.542690137189277,2.0582973030384775,10.00780934753601,6.027805339505849,1.9646798502572727,4.565884707776929
2022-10-04,10.448225227963372,2.112123179125704,9.794584546876704,5.671398970624615,1.9105779899352193,4.799646356028592
2022-10-05,10.315053304753631,1.9086654325365808,9.850955155470606,5.731082363394421,2.1399296419251814,4.9645048982460915
2022-10-06,10.348613194179283,2.8904234803346545,9.704154178599245,4.964811899758309,1.9669512554394106,4.961501349232872
2022-10-07,10.938220409974816,4.273431330706178,9.683574281316744,10.046700904755502,0.8486194657341758,4.3558845151810965
2022-10-12,11.227371707616634,4.339136295735235,9.833603217304683,10.04944149293395,0.8718318309468195,4.008941003529565
2022-10-17,12.001951338403863,3.428584475815882,9.7947867914698,8.726031222535171,1.3000668966242643,5.034373683037798
2022-10-18,11.174390838482731,2.523583358008121,9.06533423969757,7.54082121195288,2.1307454555514287,4.4211722655712435
2022-10-19,10.901615546991302,3.106909612947378,8.891779369764484,7.020997567871068,2.2391480231571763,4.560363262630849
2022-10-20,10.85267975063313,3.5643080660327566,8.848846713173968,4.51051552267663,2.464571945231038,3.6377509974219
2022-10-21,10.554813050912704,3.224680256124499,8.885612136506682,4.411916162047808,2.4716103050995066,3.25500091756288
2022-10-24,10.554930030479893,3.157554355536942,8.885519460202952,4.441505876573628,2.4755758175205753,3.20510520192034
2022-10-25,10.521574546681004,3.2630408738546777,8.79345222632846,4.447556761312957,2.4389052594050145,3.3407664447813787
2022-10-26,10.466652795648317,3.087940885218199,8.77753269014618,4.443327881154233,2.3817037213789267,3.592573332492917
2022-10-27,10.391049419297824,2.9883796334399357,8.679023558046177,4.445582418303245,2.3863875053803163,3.5107896560497136
2022-10-28,10.262495108249862,2.9296543398690758,8.593477432558275,4.405651066852915,2.360853400424982,3.4876248179378693
2022-10-31,10.272411851222744,2.889944487908308,8.620351892575249,4.279710695263184,2.3317134855907935,3.4677895300219532
2022-11-01,10.315813552232225,3.150276411974275,8.643958069072252,4.101230498701009,2.2706459379638666,3.328347575124576
2022-11-02,10.058646836315875,2.967446802222991,8.659532977573319,3.84853223879766,2.367110295404762,3.1231869225149977
2022-11-03,10.031546173492277,2.927228258027901,8.690568241022119,3.915200795040191,2.2932095388503733,3.0169156617863067
2022-11-04,10.07028761398082,3.340952385220693,8.985707746831164,3.8275360154276257,2.140336252151424,2.9077031587869726
2022-11-07,10.031456146871962,3.600074803459236,8.841878143111016,3.7400828606060568,2.1354487865318847,2.8318247869919673
2022-11-08,9.806795301606734,3.1236132833248846,8.708194069106076,4.11972785389477,2.197438899594325,2.596470232379135
2022-11-09,9.977804485435207,3.805868951412583,8.996406919769619,4.162922708557322,1.9737028137157164,2.4244345206017277
2022-11-10,9.528163544209415,8.187892584092383,8.724769481172794,4.008101296282346,1.6347180803600063,4.594026960144297
2022-11-15,9.219997954496217,6.270071026227581,8.514127328816487,3.619931087697801,1.9220653822781373,4.066767127633299
2022-11-16,9.177340179661494,5.4229860076188325,8.457975365605064,3.6829425880188396,1.8298242539180796,3.861664377234403
2022-11-17,8.752844170797784,5.646850397573989,8.217115645306867,3.822255064859339,1.610601452613236,4.019876851301498
2022-11-18,8.480001544601652,4.81131356026354,7.87564478039307,4.715434473020816,2.5900843253088945,3.2995023953131866
2022-11-21,8.438438082070169,4.110781418430675,7.827346927107513,5.104799455337651,2.698248938194873,3.0791956898023147
2022-11-22,8.744184604614885,3.997309553405859,7.9769558344126645,4.510523198252501,2.62796487850823,3.1818676455537265
2022-11-23,8.812206035445287,4.280002481828682,8.055808798489524,4.343084788423065,2.1321294397047166,3.0663669632683965
2022-11-30,8.91353911641555,4.745183684357671,8.069087977290023,4.121431041618009,2.113525650142815,3.907622960100911
2022-12-01,8.865875945557576,5.10589203258627,8.012257166693251,3.966522040165001,2.053318548500351,4.058852823269198
2022-12-02,8.96873764580704,4.210491624089848,7.959429533306572,3.4923830584510704,1.8379251815871116,3.3910241063972073
2022-12-05,9.194615433439827,4.756174153865002,8.200505396811877,3.178085047259229,1.756953787533801,3.7675849134699404
2022-12-06,9.194451496666362,3.8585139708565603,8.535000103314427,3.6261763596533605,1.6394300934367816,3.80550793124211
2022-12-07,9.423543071650904,3.2489602072443944,8.753063976876348,3.8761749978312885,1.5403238069678544,3.7456707656772483
2022-12-08,9.278384960815917,3.390220393678408,8.583370857154868,3.619806876940562,1.0934405409769161,3.732478681714524
2022-12-09,9.250451880305507,3.222514937447707,8.550673582944489,3.5746868715317515,1.0733612445958645,3.6596207384125923
2022-12-12,9.277531582220236,3.448892070694398,8.472559618294467,3.3331323838768245,1.4015405341879152,2.8322315459840044
2022-12-13,9.304511266319256,4.125672721612243,8.33542516762008,3.2094027575011155,1.475403537019084,2.73713506221349
2022-12-14,9.159561755084377,4.55731633531843,8.162234624401812,3.202178707980232,1.4259039790358494,2.6305473311869334
2022-12-15,9.057955418918862,4.478879952517347,8.169680011828126,3.050506572006482,1.5648878850083612,2.7318870415418637
2022-12-16,9.101397609657697,4.3776949158985685,8.357025657997779,3.019377983662134,1.5579480412509026,2.8454767959066465
2022-12-19,9.077478229965182,5.238943093501099,8.242337152231533,2.775294017175648,0.9273802607286109,2.6886384747752015
2022-12-20,8.552999062146851,5.39593375048159,8.080960135663062,2.868448696942553,1.177623753836421,2.867813061708246
2022-12-21,8.954837353261716,5.218971029401875,8.062418102302322,2.7890891294546063,1.458181035329801,3.1806848541705826
2022-12-22,9.23213956765701,3.898087393413983,8.991541765605964,2.4551225803890167,1.8523642548258372,3.5570323177513816
2022-12-23,9.306440505070812,3.671248130379832,9.494939766413431,2.7962780661231146,1.732176324871517,3.2649228051775245
2022-12-29,9.062071926608775,3.4892463817693087,9.375754159215255,2.6538493068696156,1.7691948430989035,2.9053846207701164
2022-12-30,9.012807060672888,3.3559447385795345,9.26088311355212,2.8295914323466214,1.7063084391743182,2.9202485207311355
2023-01-04,9.54045965726017,3.1070376734934975,9.86757609384023,3.33715894920123,1.6880217439754743,2.0847768301617497
2023-01-05,9.199756212621665,3.210099162931242,9.037867458889444,3.533781901082722,1.751261850414193,2.0555992575352993
2023-01-06,9.183357404041042,2.95525791401283,8.938145198150512,3.0631057998029156,1.8419623918771888,2.136401921862191
2023-01-09,9.365355848193017,3.0340836383527825,9.12460061031514,3.0291330221407047,1.9759787409607599,2.2005850559788636
2023-01-10,9.362263409065719,2.8867958551978785,9.294361015422028,3.1393265215781505,2.1102685083294492,2.2608722039920592
2023-01-11,9.72050103141113,2.8699058500916457,9.61431115814577,3.418898211929083,2.124872184770756,2.4970736636802973
2023-01-12,9.669494862633654,2.862366247393807,9.634651922214163,3.500164325635217,2.0173203059275093,2.6176347125715465
2023-01-18,9.732111253617646,2.8090992736793403,9.671692398479598,3.519003597310394,2.086745420774901,2.6432891273902324
2023-01-19,9.606321970489118,3.0897137264032817,9.643359956828768,3.6389718185468247,2.0173082610570785,2.4801329534144174
2023-01-20,9.903294505762561,3.1072230255085747,9.89631162506044,3.5952064266408548,2.2747895605349826,2.682979778191992
2023-01-23,9.514202950868478,3.5972277065030442,9.698811973840813,3.4707905950350653,2.8956591509137746,3.3016924104627328
2023-01-24,9.78344683018213,3.104887128340898,10.063146551574393,3.3393178628385147,2.9805441849319174,3.2318288724618505
2023-01-25,9.65751205885194,3.1407420892280586,10.007204277581332,3.2880086696876547,3.0002440086329316,3.149782659160312
2023-01-26,9.79147649510842,2.8229397954279682,10.206351317032281,3.396702782866891,2.938599672398869,3.0787686002377854
2023-01-27,9.403312247819708,3.05495205048034,9.9980696493981,3.262392901076705,2.928851901433971,3.083926802622777
2023-01-30,9.352631672964932,3.166555598960217,9.925905961096941,2.8759391174618583,2.601838822373039,3.2405553698523306
2023-01-31,9.372848210064182,3.2728515705493417,9.277085358256373,2.8548497069496896,2.6977558273389506,3.4414031996522563
2023-02-01,9.5267780653265,3.061979958559929,9.47961285680792,3.2416442612050123,2.3546267486268997,3.038316542948198
2023-02-02,9.481695309175285,2.974468392545454,9.36875362150735,3.227311824409586,2.342405758089979,2.989221418649118
2023-02-03,9.444795852792957,3.6760032463635426,8.947365995334762,3.3552941731624393,1.141576898335589,3.066455592613469
2023-02-06,9.208574604451313,3.01771145103006,8.4193104553449,3.163333496480064,1.6084869700685511,3.6530134811883737
2023-02-07,9.841116977768802,3.131384608933289,8.989664430066563,3.61354549344237,1.8454132838651087,3.2607084118104184
2023-02-08,9.779260237824069,2.962005644288462,8.952631230018508,3.510418796283865,2.202256913514933,3.286566043769503
2023-02-09,9.812465725464508,2.8405817925538663,9.061184290470793,3.538572827459537,2.2535155670570055,3.3602237315294823
2023-02-10,9.799793825834994,2.806743078828896,9.156679429439972,3.620681817838806,2.132767295199763,3.3480704815259776
2023-02-13,9.784180701899281,2.81617037658101,9.150277176445709,3.652596992033502,2.0932774467561033,3.3634647015265213
2023-02-14,9.687866375703193,2.77189193744124,9.132125537269284,3.58961560935089,1.9513867097096274,3.1855833511200213
2023-02-15,9.457871548382416,2.8330251042159436,8.952688834605622,3.5538205076497165,1.7161025089588742,3.1123070825922787
2023-02-16,9.397033120597523,2.7818712973630606,8.969189961051983,3.658512751066077,1.6502646969052701,3.1291175724943607
2023-02-17,9.7007567029984,3.136241958898759,9.01164834302361,3.7634631517361457,1.7268860725059174,3.182902491932373
2023-02-22,9.76305634992296,3.0219299825051578,9.187025188991987,4.140579731323014,1.848050519105012,3.157905343169885
2023-02-23,9.847858488374516,3.0176367690501418,9.420732549736933,4.3772490175671805,1.7741284797232044,3.0957520511397885
2023-02-24,9.691291614819937,2.4371751693753887,9.28182996080267,4.26638862120413,1.5436929163278659,2.7789634170220086
2023-02-27,9.616106487014823,2.659900690897678,9.198402153712497,4.212668449939375,1.475267050846435,3.084880142800086
2023-02-28,9.615549056555677,2.6281578204505034,9.24347452695306,4.315090568764702,1.4430916049291789,3.0917862919499233
2023-03-01,9.610962508500677,2.5951297384346037,9.167024381228842,4.269327278958257,1.4559389725555263,3.0956212083090535
2023-03-02,9.674680275554381,2.603591260831639,9.178989463503532,4.240231108691134,1.538530685079655,2.8450635782484546
2023-03-03,9.722981215873586,2.5387124219511317,9.126212999474488,4.147106955031332,1.5195538735894984,3.3979417755631403
2023-03-06,9.61161465647911,2.479445948501067,9.068338397145501,4.132974297602909,1.54939915263414,3.270775576213954
2023-03-07,10.063733629164242,2.330435881020447,9.42797746382856,4.801823089849529,1.418854593886354,3.3186761762591686
2023-03-08,9.98675881494074,2.300412356399171,9.341309136332375,4.6724427683414556,1.4318065492807952,3.352566153905791
2023-03-09,10.19384149581221,2.10254523485567,9.530228793390098,5.448694420628357,1.3727162019965398,3.605021506937678
2023-03-10,10.060055920579403,2.294049108503167,9.499820591255547,5.448989958968511,1.320128289330693,3.5096282414528166
2023-03-13,10.09683492050508,2.231429777082132,9.574934540383143,5.5975222214477816,1.4067399657371802,3.4390573257155403
2023-03-14,10.737830472114615,2.2714464526755687,10.43622057347053,5.7975920049734455,1.6681636088045628,2.8784765897152895
2023-03-15,11.558572392818057,2.2368439969753076,10.485957081928985,6.808732533032804,1.3361967338343235,4.061733216471077
2023-03-16,11.251103485003066,2.3095030098895335,10.223305494320124,6.66199560159571,1.265709224170893,4.0339041677774965
2023-03-17,11.317189838751075,2.4231771112717904,10.335069289388946,6.916282920213003,1.2443599610572675,4.431770354858634
2023-03-22,11.37782676041781,2.1528982358307878,10.382907124261939,6.995520106066457,1.4479150237487157,3.836203939982756
2023-03-23,11.300798101892456,2.0228561649997885,10.165101993661251,6.848166427279043,1.3036331114731607,3.642588933328215
2023-03-24,11.260892807503128,2.0706685459106495,10.229808584762639,6.651070272054821,1.2723109891902358,3.884524530896581
2023-03-27,11.57314020146112,1.9504548864698084,10.70881670604154,6.970098096258975,1.213624032619624,3.769308572693614
2023-03-28,11.397077843602338,2.0303315587535287,10.543431701824721,6.829852386073529,1.1916563866274803,3.8660575887645527
2023-03-29,11.446113718634129,1.8937294960750528,10.66529997886934,6.856760178571982,1.1499909342833514,3.6038258723620857
2023-03-30,11.5120587175498,1.8408521114653114,10.63020541106926,6.963029500645483,1.1225472655854791,3.5896272770788276
2023-03-31,11.549055106179535,2.242312835902947,10.359488748939993,6.968489689872112,0.9546466273360976,4.077401448432419
2023-04-03,11.4318188306873,2.2411087766542157,11.321520108698655,7.964213761179057,0.8942581158644826,3.452735895907057
2023-04-04,11.39244848848118,1.8803939237713452,10.97020303594106,7.849579404730065,0.7932349314332029,3.1398355742754087
2023-04-05,11.284267038156164,1.6891926539460738,10.964297896305508,7.715403240279272,0.720193872660659,2.920152579932637
2023-04-06,11.300356497481795,1.688833311003914,10.984356819621722,7.768360468333415,0.8159634410715192,2.6578030480160795
2023-04-12,11.192038964243272,1.6732102669383704,10.987761104503809,7.699289005097221,0.7944618681909729,2.596530576234574
2023-04-13,11.239478516084027,1.526313817158431,11.16585715196535,7.7505171841845915,0.6500773469638695,2.4407580206449397
2023-04-14,11.12511249348862,1.6686288812525782,11.162102561617493,7.580586654232161,0.5976787823858687,2.3543044827954698
2023-04-17,11.17646466472902,2.2825937160561325,11.327302312805932,7.4978399260227535,0.5894258377814136,2.31980317918913
2023-04-18,11.137883197775531,2.2573871432344443,11.306233408605607,7.51604450152274,0.6038724270013729,2.294929061755326
2023-04-19,11.461016963310946,2.0953347449721753,10.809000060079073,7.634093429981767,0.6215584539857544,2.3162921311171094
2023-04-20,11.552977131356736,1.8548433837245824,10.709883365443469,7.7635863716323605,0.649434298816548,2.4764268226131496
2023-04-21,11.579440752077304,1.6254561279532398,10.823737964975185,7.841992936054968,0.5744075816989361,2.2174252072640677
2023-04-24,11.638557636881936,1.621911539205956,10.840319563171597,7.877044078287212,0.5660972490315533,2.203977691616258
2023-04-25,11.674806659644716,1.5637578601991258,10.788826493871467,8.086239859716166,0.5388226121181006,2.5633815833380997
2023-04-26,11.887332872838208,1.5924402892696365,10.92450191459651,8.086065820819154,0.593642644992339,3.0193874344052722
2023-04-27,11.951397553572187,1.5805705553365301,10.84348534284107,7.778162053876642,0.5795507812538366,3.023013615946141
2023-04-28,11.807717105843407,1.6119170892683645,10.846720198193216,7.586587198180157,0.5805778893516689,3.0717358975909437
2023-05-03,12.063480333000342,1.7310320616212238,11.408823865425697,8.353328750625069,0.5276721216945335,2.617837878660669
2023-05-04,12.035195519672309,1.7204585299255986,11.40651096731299,8.288030984153261,0.5305248639729587,2.6165725667701922
2023-05-05,12.300531372271129,1.5924855261110944,11.624441238000763,8.77052697609512,0.503692317566005,3.281737115888152
2023-05-10,12.031387823734894,1.69736022226236,11.504402788279862,8.081152875561346,0.49063940680272683,3.1478360829715264
2023-05-11,12.244826568617357,1.4712654721309413,11.635894125357355,7.876672414728066,0.518448228798607,3.0396890860777273
2023-05-12,12.093279890874486,1.6187692855436548,11.382630553903885,7.772803376722696,0.7395496304977879,3.172382369667224
2023-05-15,12.084743811162868,2.142349116265585,11.338968518682988,7.87312521468444,0.9330248096140322,3.3120812967363116
2023-05-16,12.163703854509789,2.123327292253957,11.342587896614821,7.5796485066940065,0.9245167585168931,3.3316822064081024
2023-05-17,12.73222310961116,1.8318113182581273,11.613766634746689,7.901103471374577,1.2316631586100246,3.6162330357523533
2023-05-18,12.6898744597765,1.8505925749545016,11.405561526087048,7.364305846500279,1.2259528938814397,3.479892913210501
2023-05-19,12.693145994090019,1.9081949217876388,11.332324681382131,7.250165173755018,1.247663760673623,3.548624272680499
2023-05-22,12.557085235203736,1.9423329248451935,11.233461208060206,7.374769072845176,1.3029587143904695,3.666390946744554
2023-05-23,12.116277583136307,2.0711445311063117,10.996704360691878,7.424662116598675,1.5006929605883421,3.5026424199752193
2023-05-24,12.077712620723487,2.02797985588164,11.03654504330774,7.3461196942116045,1.5734446558737532,3.0823773804472876
2023-05-25,11.824375806959841,1.8680804176757233,11.135045648056854,6.795107080696842,1.2754616305350797,2.8538240291811676
2023-05-26,11.840945868092865,2.012197638031756,11.073512651409372,6.787640055246922,1.085346480675814,3.1957691463439186
2023-05-31,11.924283216116201,1.7028304625632558,10.984419422708852,7.367499123562527,1.3888249108044446,3.8517170529687577
2023-06-01,11.766283276778386,3.7566984687925427,11.13794271535982,5.725866085568317,2.072855296590914,4.067972609929841
2023-06-02,12.149358789582182,3.4606926623272543,11.631431339442713,5.478147084291198,1.623064719308994,4.117593157726987
2023-06-05,12.206646861646062,3.70255687519996,11.612710940414187,5.55949067808766,1.727241626944644,4.154166501646089
2023-06-06,11.69414045055072,3.4015471678811693,11.238859592907419,5.83586372390113,1.892025008657855,4.068749998556833
2023-06-07,11.428332369208398,3.974601291913769,10.951630737395705,6.556848325843145,2.0319195996802706,3.901678296337541
2023-06-08,11.64891769232336,3.937316459528508,11.177459793316949,6.454410834784663,1.6455614637560991,3.4592157128426373
2023-06-09,11.706446184342333,3.527781382921837,11.223242644757292,6.563321095511562,1.3254566942101327,3.2914298337369163
2023-06-12,11.739082218894657,3.3200228013722484,11.320259583798501,6.515032966585973,1.311841227900351,2.279065137667167
2023-06-13,11.90899232431389,3.1443335692403025,11.281883019892613,7.181766221117264,1.4096170465273226,2.5468920946193925
2023-06-14,12.408850291769626,2.674509648797315,11.548896550283809,7.436958567092766,1.3537356033912855,3.0419304979470745
2023-06-15,12.622877615524956,2.425066491827586,11.811437198079744,7.525720505399892,1.049155029038042,3.1362717726692892
2023-06-16,12.326260405456638,2.6154734681514857,11.750479807473896,6.85924985109412,0.9987043062683479,3.1028195311121998
2023-06-21,12.069717242394743,2.7134743364833382,11.622856321430602,6.883834910875978,0.9763918198088657,2.9766167568930935
2023-06-22,12.188875027774754,2.725880548426455,11.750621204792749,6.895678159017025,1.0126129735282208,2.8374475992228567
2023-06-23,11.90795128536101,2.6407294014108076,11.518505661271943,6.203534210896852,1.0909513092046648,2.951651911335977
2023-06-26,11.572318628188526,3.577487976132023,11.243160880104114,6.720564805452184,0.9155878523272506,2.6773875616939704
2023-06-27,11.528227539070093,3.159854660344232,11.1135932456921,6.559803719051328,1.0780286372213566,2.1815939842332397
2023-06-28,11.696929298426783,3.2423834174532282,11.260700481928195,6.900708661692882,1.0568631690235475,2.3515660721017295
2023-07-03,11.677179094046508,3.1564127997688245,11.328929050516999,6.86048281180052,0.9123704234762959,2.2910323814503823
2023-07-06,11.715562119404034,3.278645424985175,11.392731787158437,6.713586573380927,0.945023967459019,2.381023621801918
2023-07-07,11.954665689367905,3.0834233882786184,11.55641050648368,6.473714101439062,0.9634335831199733,3.3976616624156204
2023-07-10,11.813009969367107,3.114921532259683,11.34916777599784,6.332856459449956,0.9355649648294903,3.1554801067701628
2023-07-11,11.36437755895136,2.9036674576884356,11.082934812381474,4.2745283047563865,0.9896557640634406,3.2407006824662
2023-07-12,11.471750142800923,2.4672764858082172,10.927697465334363,4.746558811309592,1.1230189491294194,3.283298805748282
2023-07-13,11.453651800594955,2.3755960943521006,10.817124806285287,4.748557805860876,0.9424890743343073,3.1930570408969903
2023-07-14,11.773305766965706,2.1950746957395406,11.351758159064524,5.163564425760917,0.8520293758952172,3.896397413971821
2023-07-17,11.572791799753388,2.2006863617108627,10.958534494257314,5.379176112995968,0.6960893214765637,3.574545068813878
2023-07-18,11.538180478471212,2.1564406046378566,10.86508084447828,5.624252365139106,0.7763547868145815,3.8543297939711487
2023-07-19,11.506030243273885,2.113518651065488,10.838463065670455,5.500041695378479,0.7700040995666697,3.8036739754589433
2023-07-20,11.36633174642408,2.436166653188408,10.751786330372752,5.247875499818501,0.9073703556689202,3.294170586607629
2023-07-21,11.287989153101535,2.4149934628432512,10.723312433608804,5.1975489032085,0.8589122811525574,3.057689538461021
2023-07-24,11.383869232072604,2.489712189099789,10.829109524846409,5.450188991910838,0.7226064061164607,2.9634007756999945
2023-07-25,11.465984594227644,2.3978481187061806,10.92055129085042,5.444306521043612,0.7344176509160083,2.8607969541175464
2023-07-26,11.46792132974989,2.409939865854151,10.944870875932017,5.398505547923265,0.7207648724133894,2.945802040536725
2023-07-27,11.426543026811851,2.2067642878427605,11.080501744366904,4.985131995501313,1.7153308948184842,2.6644260416244756
2023-07-28,11.451378945558611,1.7841087963674376,11.115938266087026,5.226819094361589,1.3454774208549847,2.3150154831848013
2023-07-31,10.55516324550131,1.6211523735973454,10.211384459692496,4.706990847016753,3.3894874132612607,2.246538927390196
2023-08-01,10.561110214447607,1.7141673178914703,10.068540643870975,5.19328836441413,3.378687797831694,2.181043828021195
2023-08-02,10.504933599546225,1.6354772326293547,9.868372488023128,5.188024950267149,4.929719443268769,1.9591246636332382
2023-08-03,10.674589033927134,1.7350836552119497,10.009128716772011,4.933578378260778,4.63903321805732,1.9730952030709643
2023-08-04,10.633155280061487,1.7443025680009587,9.995808615539682,4.950255264359972,4.567291623074531,1.9979811407701977
2023-08-07,10.58798679394696,1.8067329932082987,9.898773187085828,4.98104644970089,4.2140891235391145,2.081033523436456
2023-08-08,10.691799114338279,2.1570838438013364,10.001633122155859,4.599955016054362,4.602559611522563,1.7965648826938743
2023-08-09,10.786862842327475,2.4486809559973954,10.169765576901968,4.725454861531488,4.455712313482111,1.739831416627511
2023-08-10,10.79936305665648,2.4549713945673624,10.177345967333743,4.3989919196368925,4.444961234632635,1.7606343719235251
2023-08-11,10.817320459414233,2.283337789729704,10.21752246391936,4.359420562893214,4.491749713948788,1.666063140248075
2023-08-14,10.862290741610765,2.153887219023374,10.252553152735258,4.296725467489532,4.473533079139826,1.5994627996174626
2023-08-15,11.183591756978373,2.1595493176469676,10.338963564061446,4.489150579088985,4.11003942562546,1.9939252555621991
2023-08-16,11.44158910736183,2.1257295604430237,10.515573652923138,4.450924327799094,3.7958094447802293,2.2893650791791953
2023-08-17,11.258985710922131,1.9816869493683091,10.454128631416186,4.451281255277271,3.766734387884687,2.1132409349222114
2023-08-18,11.060912337454639,1.8497490944901533,10.190385538250712,4.339959349082833,3.7840475412063257,2.0227638176555556
2023-08-21,10.847341756344376,1.5144649395087715,10.012191446620479,3.429309945654881,3.999996324971992,2.2731843854272755
2023-08-22,10.856448365076206,1.636372386358877,10.020846625319477,3.2004805313651836,3.736354713266843,2.36733984079913
2023-08-25,10.834207629244018,1.662847257020287,10.048197887050973,3.213295947737721,3.9526687408050267,2.3456887586941626
2023-08-30,10.890244137866489,1.655942817830952,10.10597497997234,3.1944222937872784,3.626920492013946,2.4199678726392837
2023-08-31,11.176598010804488,1.869028647327161,10.260112268339768,2.866181251182167,3.2913078421045143,2.5522174893720737
2023-09-01,11.413996288885153,2.18290755685309,10.475570720284397,2.399410312746832,3.7173823951899574,2.56539420309313
2023-09-06,11.207263227669086,2.2458023378168543,10.296327677046536,2.2578440689453787,4.254983965128846,2.8368416917665837
2023-09-07,11.115989147793398,2.2958813074887527,10.243290390848518,2.189884965036032,4.30435987479562,2.753216513266756
2023-09-08,11.137619408909574,2.18931380679962,10.178348253714006,2.275035262315646,4.835562834615572,2.6048839677288678
2023-09-11,10.62905253826267,2.1360419558968022,10.121205003146256,2.1568141791508233,4.82169135348227,2.073057930402026
2023-09-12,10.889693486229945,3.002720894124646,10.453957193451592,1.9541537098710389,4.584520262785067,2.2647827475049436
2023-09-13,10.62914053453183,2.9192367677381443,10.243051369947866,1.8898924665483374,5.018768487977082,2.3936424101475766
2023-09-14,10.539759689248925,3.0654562311041356,10.289089542644549,2.0696142403065276,5.507551165852102,2.459971763460372
2023-09-15,9.850983231608419,3.0967937751770642,9.691361457934667,3.41299783752973,5.312669235268206,2.3960345365349376
2023-09-18,9.458555242420134,3.3467058982281954,9.364140222104758,2.382485012209899,5.314266125038003,2.7792066891579776
2023-09-19,9.69357950183476,3.4419743027094847,9.428074689935416,2.317599201313682,4.81701161241032,2.886999116447375
2023-09-20,9.248069100422976,2.3412567372110114,8.920970957082487,3.78479004939876,4.760863212764475,2.3342425764310186
2023-09-21,7.949196030032744,2.1674873141626585,8.984754114768895,4.480747201192936,4.375347065272213,2.7368883028308884
2023-09-22,8.043274751768694,2.219159063817725,9.01470596670645,4.913927042000891,4.39066662761519,2.5048412888584095
2023-09-25,8.025488323202788,2.218300919392328,8.952211876149741,4.987385118780387,4.371266462961791,2.411021269755864
2023-09-26,7.800732779786092,2.2468949325961938,8.796980197887379,5.220010544501025,4.37650630570877,2.2932504613500435
2023-09-27,9.00261243639768,1.8107327320698363,10.25645936050052,6.601117975289195,4.007136880151141,1.5680517675970174
2023-09-28,9.741846517826778,1.8191615129204457,10.707363943314327,7.029569005497422,3.726780764012,1.5089103010959317
2023-09-29,9.596128999740502,1.7708915376856484,10.325733067327036,6.753484623401455,3.531751479417037,1.7785873479038612
2023-10-02,8.7842026145598,1.7002047525257857,11.400931562733184,8.883573347193897,3.7155737104342816,1.5754948570247358
2023-10-03,8.669966574249958,1.49679916576968,9.545053822188207,11.536252360244788,3.562546224981985,1.7202198734543075
2023-10-04,10.249409117291622,1.3246574541996903,9.715780777343069,13.010929703267164,4.1517460964635875,1.5989022056492033
2023-10-05,10.03058013556489,1.2522754780630863,9.729290369543028,13.477667668749275,4.4459905420182375,1.6517570541386142
2023-10-06,9.822398654507333,2.252378930018817,9.999712770286314,12.86653265315472,3.5095789357047154,2.3306768477178754
2023-10-11,10.585810156788426,2.755198084695176,11.854179440596972,11.711433519142,3.176449484636233,1.9597734339814046
2023-10-12,10.694895590888839,2.784901284199646,11.702813353724494,12.05158007772465,3.0365766789840927,2.0349343975824534
2023-10-13,11.471293500838874,1.888284854946141,11.592281454429243,9.912377751984138,2.90079542310712,3.5358316495270103
2023-10-16,11.713259416718621,1.6558195269717988,12.491786531498635,9.17052217895259,2.973677588568254,3.8407763591025397
2023-10-17,11.653832050722785,1.5960892961747204,12.002646790967889,9.282013445399484,3.0762423561994026,3.631642865747303
2023-10-18,12.103954236979327,2.296280855708318,10.939279616758531,8.417209623259792,2.829019549068747,4.287570318544537
2023-10-19,11.917010958840947,2.2358718208639883,10.827649600961715,8.052256531090253,2.767179144392445,4.509273565115344
2023-10-20,11.788400595059931,3.4258238631380054,10.035870557534723,7.912660469690885,2.412609396704949,5.428838801881813
2023-10-23,11.42242607369782,3.3581299089382934,9.798434342948905,7.742119658658033,2.341488082253288,5.658772950963503
2023-10-24,11.261553532354753,3.783259588622954,10.030039955117243,7.5334232128538625,1.8763830385598015,6.33877361415194
2023-10-25,11.289919724024992,3.672530598847836,10.301439010170265,6.817600789209266,1.9292980971608846,6.539893084587715
2023-10-26,11.039120732690947,3.6617665177192857,10.164415465140069,6.450922169199969,1.938358462448007,6.549856331170101
2023-10-27,11.135172002226392,2.5724294898879783,10.431293019375733,6.067980523663224,1.747505144437789,4.995092482367013
2023-10-30,10.350737602488227,2.867387903148653,9.531520328295958,6.546184777968602,2.585508218945091,4.096254749012962
2023-10-31,10.237470570377676,2.6124474533000357,9.099310185164976,6.505102121113265,2.7360535595148874,3.8416631536964267
2023-11-01,10.162597479403535,2.292015667256901,8.753891227493101,6.537945109903251,2.9000762632686974,3.382351851550045
2023-11-02,10.053713736613792,2.1853743203567535,8.263167273814943,6.657674042740497,2.6752511124629197,2.8567612054023956
2023-11-03,9.854272484170599,1.9698249042342242,8.313478589656867,6.5834389222304885,2.3695039114301655,2.6500765510639677
2023-11-06,9.77267684809523,2.4410782513374807,8.268776933094701,6.318106566255646,2.275330536341819,2.8928418522868498
2023-11-07,11.199037066364134,5.100088632279333,9.936321998695286,5.562469291546239,1.6501052373146472,2.1285308720193794
2023-11-08,10.759156947538806,4.162385696945487,9.631449481010476,5.806306900753459,1.7064152745104124,2.0166498394397028
2023-11-09,11.170385311862539,4.878810057803496,9.67890083399479,6.23757090880851,1.6418798057874273,1.6564808070929526
2023-11-14,11.39260323220901,5.194352533081224,9.831978260525302,6.086906554966142,1.79256504659383,2.1920702194807906
2023-11-15,11.535657405065644,4.624972982372766,9.791578913449834,6.394387257926737,1.9703054812363414,1.9858519870760463
2023-11-16,11.674535016091966,4.182105119689406,10.302434681957973,6.494174386988534,1.885337048859259,1.737742393195953
2023-11-17,11.43565078844424,4.075792433141963,10.093557422554548,5.750465065934787,1.8454001058340774,1.804078586393924
2023-11-20,10.867344140885855,4.056066262553244,10.026726567641058,5.521043129618114,1.83443060151622,1.6070067226121736
2023-11-21,11.022274949889187,4.255620487401116,9.898288722001459,5.771524286195596,1.7818954663445685,1.654980545971452
2023-11-22,11.003649281480072,3.7756491109685872,10.071563243816106,5.815367466764681,1.6201209478253025,1.6011693719199729
2023-11-27,10.839674782075344,3.3516915390905733,9.95636784915513,5.775439500783297,2.278333141366867,1.7631948077776813
2023-11-28,10.837747609962264,2.7448478718656446,10.282973885050335,6.0474162716916355,1.9298300718384322,1.9423859429289518
2023-11-29,10.878450877541242,2.590024511204179,10.358986760748694,6.075342645694093,1.7966267502100044,1.8875929236905176
2023-11-30,10.990690433612771,2.325433690255023,10.360752498618616,6.0959271521996,1.7270819615029485,1.8211897964258075
2023-12-01,10.808892918340385,2.221138208082555,10.227903122518585,5.7024534775464595,2.169120369659631,2.0812909491459455
2023-12-04,10.751958159897447,2.228856488589433,10.20513924839634,5.6064493080462015,2.093454048590656,2.084018136953423
2023-12-05,10.668010368084746,2.1414453596548646,10.208435289789989,5.707751093945322,2.0921554150649855,2.15399785009307
2023-12-06,10.444561427640892,1.986815278453293,9.987084035717393,4.9880611225443126,2.0562438419165607,1.968826778685821
2023-12-07,10.282541824871027,2.068743458516022,9.900073774020276,4.942778077100823,1.9143792355417297,1.9135039895035508
2023-12-08,10.451797687568018,2.000299466511757,9.99943544634246,5.02410725051395,1.9012569623280757,1.7525101562562464
2023-12-11,10.354742941622991,1.9115065948677918,9.932264637288421,4.998873068652267,1.7565611090191224,1.6529573880989543
2023-12-12,10.481879842254628,1.713154471400182,9.637400051999458,6.869881042405061,2.2067484547001768,1.9792923285725592
2023-12-13,10.118354587603115,1.7286821377007247,9.266544351032103,6.569928149896725,2.4697052498020327,2.991853275118924
2023-12-14,10.77108616409749,1.2453199233768106,10.25051361902849,7.541331767862075,2.682821017317971,4.695398811017702
2023-12-15,10.824106485098946,1.2519000783379715,10.214872799688116,7.57479199353502,2.6885709112750753,4.644482390516423
2023-12-18,10.661655591639148,1.6351571751948495,9.94676550845727,6.88765182170319,2.6103949514200306,4.189807589105014
2023-12-19,10.741184021645525,1.661052108858585,9.962696195671489,7.023893233320254,2.2576161854167407,4.169595408541143
2023-12-20,10.613210946564587,1.6866207751925766,9.770469349817935,6.992291766849804,1.9451663882652588,4.110165636277953
2023-12-21,10.561869622074868,1.6809555303246626,9.74168942106896,6.747336322683456,1.9910749241147163,4.061990730704024
2023-12-22,10.225731914584605,1.4555214711482727,9.624913723437382,6.594266073469964,2.03974589700035,4.009795255656878
2023-12-28,10.248627674745565,1.615624562611201,9.744170674097555,6.370611238804012,2.0461952141499355,3.8699297660229397
2023-12-29,10.319608434628973,1.5657518439060232,9.823207056529322,6.423913322347278,2.0081138138993575,4.006348830488754
2024-01-03,9.986855686914161,1.6554785931190346,9.626361300281172,6.442475770768568,1.9959862464098126,3.556498771137495
2024-01-04,9.813389016350179,1.636604448531992,9.34194405188515,5.942717951440063,2.3034012667634776,4.047409930125787
2024-01-05,8.89584413210321,1.6212803224824563,9.21467088390528,4.640551879727702,2.2917544922223105,3.815228005909891
2024-01-08,9.03813566230146,1.9007364049048958,9.120529502701665,4.235922796356587,2.3918974829865842,3.6435596076683936
2024-01-09,9.269488278682376,2.4888265183790854,9.734212807162281,3.893289812037724,1.9511652685375396,3.239981186231154
2024-01-10,9.158446989846153,2.5649996747456587,9.71848677399396,3.8122222193828215,1.9580240700419027,3.245624012567877
2024-01-11,9.027775026808108,2.163393205442656,9.255873176950166,3.642903782971285,1.8749681540665568,3.0562100504647582
2024-01-12,7.531150893300729,34.15692348782313,7.1958835350715935,2.4740510393027844,1.4222902654946754,1.4255217542236938
2024-01-17,7.447718596497147,29.572919844137456,7.835834713683273,2.3634564739942263,1.5856811295570707,1.517790461576087
2024-01-18,7.416645063317483,27.017531143188766,7.613155801954878,2.2521290820931092,3.013836515432222,1.5101766870041853
2024-01-19,8.529828828749057,22.71331249708346,7.508400284080693,1.4568372796859206,1.7603320496436592,3.982278695368285
2024-01-22,8.009454273705755,16.97786915450375,7.240801953051524,1.7394203841726406,2.2024831392503716,2.5223712754481915
2024-01-23,8.740880745521617,13.248699718389892,8.33347111525838,1.5903001921129774,3.1437602546602257,2.216730748350036
2024-01-24,8.66464982102911,12.527874816404811,8.314204708152616,1.5598598991502122,3.30301305210813,2.2250203665094133
2024-01-25,8.666037295993782,12.216650263686033,7.500943673211952,2.938455958853605,4.122948138364525,2.0421784853586384
2024-01-26,8.877255822270074,11.720728151369038,7.624059584936419,2.9633602703613757,3.8962331553269283,1.9927136431095986
2024-01-29,8.85215816022078,11.650317307515481,7.3851824745256165,2.842619376829808,3.8173058917880365,2.2692197754004235
2024-01-30,8.989426891643246,11.470356889413196,7.308291436489657,2.758198529058827,3.729279916053341,2.1824376288234713
2024-01-31,8.636945763420057,10.837254104449444,7.710401705700716,2.1105998218940436,3.5435434753797477,1.9478676679371476
2024-02-01,8.651247400179187,10.919894493436793,7.453541983532985,2.1617138657719286,3.223913884027613,1.9404477264088598
2024-02-02,8.792717322683838,11.029825439655546,7.436605254611624,2.285112225506841,3.1909251851720017,1.8991108465544286
2024-02-05,8.818479245261793,10.998767948108016,7.411381721509028,2.2672594588298587,3.066053626549196,1.876667926815769
2024-02-06,8.797295610000118,10.813987936209452,7.487046888299935,2.3060293185565905,3.046671477008269,1.9533681128249938
2024-02-07,8.762916221039555,10.841401748014093,7.485873784036638,2.3216814266272663,3.0308752454348995,1.9874412688012286
2024-02-08,8.283659772577003,10.54261175304244,7.704224117845748,2.102623315868838,2.8397650811518313,2.175615904825671
2024-02-09,8.292179970968887,10.295780196443333,7.723455756585664,2.083095960996151,2.9091924113210266,2.250881698870605
2024-02-12,8.29087866598407,10.175669081192082,7.717008303216634,2.1328067912965523,2.6970062866424187,2.0640902814013504
2024-02-13,8.244880137979747,9.909450175672635,7.650494700858911,2.113480844657802,2.823225785089376,2.056749581071354
2024-02-14,8.600576366697846,10.010939728185178,7.425302879579057,2.314037847194513,2.744325035399814,2.198302571242056
2024-02-15,8.56473235611949,9.107924501824222,7.333150598991576,2.4239488154704447,2.9397326661621594,2.328839923388086
2024-02-16,8.653797718853118,9.137816290904171,7.407097288329745,2.4272685905466216,2.844442372502485,2.2581058993285996
2024-02-21,8.5742097830201,9.08898648045228,7.404921459939911,2.1792819357972024,3.008915925784685,2.28855845808588
2024-02-22,8.672444834339066,9.073271465926732,7.363655888139813,2.1995411518609918,3.0882464614536604,2.247049807039588
2024-02-23,8.936532610743376,8.881741021658206,7.644620260785551,2.2546222532539666,2.8366766851365632,2.305969390121489
2024-02-26,8.883744885488971,8.865939223805247,7.64076705206402,2.115150314357509,2.809958498513454,2.2601100099658304
2024-02-27,8.605167835606887,8.983750041314869,7.52533179102656,2.1262319262762324,2.864962699151428,2.464559158537107
2024-02-28,8.577146308366533,8.764599129747532,7.517736252311504,2.1015938378330676,2.7960221999507744,2.3628892139261377
2024-02-29,8.432497229321886,8.660787791828913,7.481120688676221,2.1935262560297115,2.640493066209393,2.2668200611486298
2024-03-01,8.492820289185108,8.500520414775204,7.109930263244695,2.8682254712356747,2.578896738970212,2.47964637761021
2024-03-04,8.368810183639452,8.958018792724753,6.664171898062565,2.984029473751054,2.4606986181171093,2.829082065824615
2024-03-05,8.421700756300874,8.544220545658877,6.608509304844593,2.9078633273785552,2.324464845035479,2.697892527199926
2024-03-06,8.67658559447469,8.559917417890752,6.853949276125303,2.641036647136223,2.1003861534406885,2.5804672547361185
2024-03-11,8.580120249401583,7.798555950778645,6.701278931329026,2.5244555693812916,2.212645125069588,2.3905389180427745
2024-03-12,8.595671183340526,7.543044244337714,6.710414077359304,2.506640059966364,2.1295569493264552,2.2653463962139186
2024-03-13,7.939755183589292,7.525798955868194,6.638257991810652,2.552703456202362,2.1303416946667393,1.9982712054046967
2024-03-14,8.05214082749732,7.547361177553687,6.629977973151177,2.5723720242462,2.0752101680710697,2.0042001169528256
2024-03-15,8.208799429496397,7.598373830857446,6.452707455505236,2.980680489354922,2.0072940395143437,1.6540791778795285
2024-03-18,8.547907248910372,7.766845812523241,6.479153279863912,3.0533895332682195,1.8477664778694225,1.6080180119320442
2024-03-19,8.49435282032661,7.762134205770025,6.450229692778135,3.029171271089822,1.7665899993581295,1.6270032621400345
2024-03-20,8.16821744110713,7.853733813400747,6.445553690752489,3.0239571208715805,1.7783642211028792,1.7848389291531948
2024-03-25,8.166376413486098,7.82934727757731,6.493200428495956,3.0361206807912837,1.7348304369919723,1.8955531763427107
2024-03-26,8.146795126125065,7.700690766430166,6.43540664215335,3.0993818850846697,1.6832462282786602,1.8212615664508325
2024-03-27,7.854444857500148,7.411710641176204,6.283046241945431,3.3436579518315397,1.5249048393909728,2.679201268737552
2024-03-28,7.950738483572952,7.552702961340035,6.228111410165762,3.282721865359798,1.4682796772948203,2.7155605040047193
2024-04-03,7.665705274797985,7.687789999797459,6.558109853204576,3.211403618794702,1.4865491448500432,2.4401043078088454
2024-04-08,7.641918622753391,7.6354333927862825,6.545255410057531,3.151387200359501,1.4960237201867104,2.4036606844226687
2024-04-09,7.810291240867675,7.67149989381362,6.379880359637569,3.2678380349988863,1.4617246529350056,1.9284159056508783
2024-04-10,8.185419610630246,7.024663613877674,6.416977395637519,3.586498630019299,1.5832185369080118,1.969792500340543
2024-04-11,8.429932726140125,7.47869822172995,6.393222025037654,3.5478011902236744,1.5954402526805431,2.0339711002065886
2024-04-12,8.07946154588606,7.933654532552761,5.93406242877082,3.6596118679829615,1.7872533496754308,2.550781321373195
2024-04-15,7.8897422661369285,7.9282014006217985,5.605685862995524,3.959763307402662,1.8310545038637105,2.1956176442608593
2024-04-16,7.732547214699445,7.470545939607239,5.7272415076528675,3.65003037246411,1.790005260222179,2.25297706083869
2024-04-17,8.277683545055202,7.512566412028744,5.430794754598442,4.269016414523859,2.067310336990023,2.4052781852111864
2024-04-23,7.922445177967773,6.32079944842807,4.9621588004615855,3.897701176133809,1.9819096655579014,2.174005202715786
2024-04-24,7.822937246925787,6.258852543066293,4.822039048287511,4.043220792154066,2.012786062375784,2.0243875573426515
2024-04-25,7.677987738789391,5.783368365721138,4.505211647867376,4.628745854402183,1.8335713619287357,2.136556078678357
2024-04-26,7.555222554555709,5.442655967406395,4.360539143482469,4.86745517205356,2.0170458513521026,2.24380539561293
2024-04-29,8.125470361700904,4.267505742410945,4.832111597077525,4.988053366113264,2.2811705258358868,2.412901739638503
2024-04-30,7.994462124449743,3.866188492052523,4.855236660195269,5.052971335440282,2.18646749488912,2.1505060973512773
2024-05-01,8.240658316834692,3.5008511217221,6.683197651770343,4.917454729984327,2.6859964229375737,2.075520692029905
2024-05-08,7.994442556275857,3.42504053060555,6.6566293929206894,4.759768372652281,3.1026900326739955,2.032140136319736
2024-05-09,8.073206920733321,3.202949632842502,6.801925140088543,4.8106616465062855,2.9242284806970145,1.7710635411076445
2024-05-10,7.62214484090716,3.3415585893881086,6.389344903128347,4.618190213946873,3.721702089374516,2.1291173274015454
2024-05-13,7.44489299127595,3.328801026508606,6.309600312538649,4.494341178026612,3.9858062962338443,2.314315664160238
2024-05-14,8.211246072451651,2.692956873482164,7.870138897378252,5.823840589489012,3.6060375534080813,2.165660367919862
2024-05-15,8.07704181361395,2.790575296912021,7.639468862312726,5.6165830358496445,3.6275161961140907,2.187396473908785
2024-05-20,8.141312575516146,2.696057929108941,7.987686699091795,5.990679395910253,3.799772132275175,2.144636811093633
2024-05-21,8.321210054306471,2.7543008797161708,8.250910039303685,5.763308343938911,4.17607420988288,2.157999225495203
2024-05-22,8.420817961118143,2.721841362951309,8.7070975331074,5.763572228424207,4.871179831911486,2.92411605924852
2024-05-23,7.494088170173918,2.6423322784134116,8.21281008259803,5.502413286708065,4.4367469768739545,3.406929131752118
2024-05-24,8.34490876202397,3.1499091705609605,8.279326554528739,5.642841565859656,3.9125626084725105,2.627078525695035
2024-05-29,8.486711663976557,3.2753129409654416,8.157052382019854,5.44399168942265,3.9253289433362966,2.4417165733041055
2024-06-03,9.587512465532363,5.214097376022775,8.611750923792046,5.825098356873704,4.351683406113869,2.728767139982471
2024-06-04,9.741679341722921,5.118544120319274,8.785274100334844,5.642489917288954,4.359338309172043,2.6739669572165283
2024-06-05,9.598643373381103,4.981937722037396,8.833283207395759,5.489214795220971,4.2964287615729475,2.845550747040567
2024-06-06,9.874323436548531,5.287538029274571,9.126554401437806,5.589266609176801,3.8207950777665087,2.6358991029626244
2024-06-07,9.803615528660755,4.9048995826080075,9.103134000732734,5.001279999494982,4.349801858991621,3.0749179426236917
2024-06-10,10.025409996913172,3.8801072478262904,9.331830697546554,5.21768676864917,3.8268502544928324,2.951877247925751
2024-06-11,9.998860939084809,3.8213021616206695,9.275112626012302,5.150232860305539,3.757650205084484,2.9063643140991595
2024-06-12,9.967172250249982,3.7641300135911124,9.112477462136889,4.95014385640101,3.789269319722466,3.1396939145787264
2024-06-17,9.546432845902553,3.517303496401904,8.82186510910101,4.770066918860906,4.175142220063623,2.791657110742424
2024-06-18,9.590739313334781,3.499825706376425,9.15330122031162,4.8396210479035195,4.294513074308896,2.6903124132103957
2024-06-21,9.474016791663725,3.546639259945811,8.72094751289165,4.760676538870884,3.2437551771818858,2.7190154279295626
2024-06-24,9.46400062424078,3.2833487619324955,8.878470066062222,4.626586173652599,3.3646782795515846,2.4914130371710823
2024-06-25,9.390326669746011,3.270230746267531,9.025508090691337,4.714539601527518,3.274088985175068,2.594746215405212
2024-06-26,9.265598900075267,3.242602143031729,8.688318900612684,4.66838355275845,2.9312169195978366,2.904062864538289
2024-07-01,9.276533481031878,3.728994018797747,7.816580689287078,4.509732451150624,2.751470132808535,3.387344372509839
2024-07-02,8.778261193875107,3.735074977162014,7.61650147457977,4.250144386716141,2.857992518916482,2.8989010950590237
2024-07-03,8.962901327548755,3.6135163515989817,7.533096857239989,4.237744085733845,3.191216167442425,3.0976522770163677
2024-07-08,8.682301729665612,3.4287653031878214,8.833899092812272,5.0629565613416805,3.6377235258217326,2.9790085132693065
2024-07-09,8.414123075716214,3.7560726866722223,8.533745828769673,5.089423922440001,3.795737788513818,2.9726506670625468
2024-07-10,8.614966401751145,3.498340481979099,8.6370665826177,4.809973613283301,3.6465787746822724,2.9358417405297264
2024-07-15,7.355320878334935,2.4170785839518594,8.76578734961353,4.348291621495191,7.300346832645669,2.9372113031938647
2024-07-16,7.147797260606222,2.362035654112734,8.689565807049965,4.015772666842852,6.948604630402897,2.698293508111042
2024-07-17,8.10008200868979,2.8486024619002603,7.496627415127563,4.186309310016593,7.317465102593412,2.3009508276651935
2024-07-18,8.409404189646349,2.4862682731821537,6.6719647046377375,4.419109113144816,7.307301512852129,2.0533381677303804
2024-07-19,8.799566670464296,2.776241743978083,6.239291817839356,4.91948313625207,8.63912246868417,1.8747649694617934
2024-07-22,8.665782886173643,2.6032881565853114,6.219123232463992,4.521888678965164,7.997385370253757,2.0202074394590523
2024-07-23,9.22936625840038,2.0372738304048825,6.373808928799087,5.677384668218551,6.1475967066193995,1.9768231377604344
2024-07-24,8.722928023910923,1.9022835838526577,6.325639917225602,5.990796106132954,5.388537282316393,2.761703404184843
2024-07-29,8.593805781315172,1.4844874833940296,6.293792681333104,5.597033056276327,5.750444751130492,2.711763739812863
2024-07-30,8.861165162512007,1.442578541443492,6.225366547576385,5.2326168288205075,5.867695939800889,2.435859479417886
2024-07-31,9.061841346823522,1.3862496005135412,6.0824766436333535,5.533938861239316,5.490679751538861,2.8361622320041042
2024-08-01,9.703966519424034,1.418498863694247,5.893612339282659,6.221707848051501,4.742148414851897,3.081870091567185
2024-08-02,10.76813743425343,1.2452220837188943,6.659752033481226,6.711932342766219,4.7267067252522486,4.175018072637413
2024-08-05,10.877641086227515,1.331919866059365,6.705832686708146,6.349213154921343,4.632261960270919,4.279887766728684
2024-08-06,10.797199304234562,1.3509122016124013,6.623004321707682,6.334905459959373,4.56152451173775,4.323206197563495
2024-08-07,11.074006908347329,1.2880612461428464,6.662305448080596,6.6658863613063355,4.943196810891528,3.935698108465522
2024-08-12,11.531599285162583,1.1772945963174946,6.919541213782348,7.139633667550886,5.025080175033157,3.6012431022965052
2024-08-13,11.095709356374748,1.2720024022690586,7.0457805604083035,6.903365546141692,5.043176593584936,3.315720975939344
2024-08-14,11.252958986708242,1.2044803583968662,7.0718161800225205,6.535907584374378,4.840451149870062,3.547670381004917
2024-08-15,11.104034767527024,1.2067684386945479,7.07729080994577,5.73815438777299,4.741118173338175,3.492090553714187
2024-08-16,11.239657636289307,1.1249164797485278,7.486318528567508,6.220749201219683,4.419710252038639,3.1331711712375623
2024-08-19,10.933551291719377,1.1370801233118326,7.370026083649777,6.2167345412799335,4.356227311723747,2.7832649689806126
2024-08-20,11.005644749565299,1.1326721425736024,7.344602505828664,6.252446676084364,4.47706426479955,2.734888792579408
2024-08-21,10.973745737746,1.1360157122237369,7.002321848569842,6.422017923663227,4.3103133105988825,2.515455140937935
2024-08-28,10.900979502051939,1.2125725552743383,6.950391235151019,6.42300896812086,4.360354109606716,2.604490560680343
2024-08-29,10.456969073750317,1.2862092566505463,7.40372586758513,5.889851802908805,4.809203386749538,2.4844039391070107
2024-08-30,10.257550641602526,1.352384982030195,7.294824751956873,5.768792575400522,4.730001807937588,2.3106024772725924
2024-09-04,10.514607028614284,1.440045811581366,7.609961509797169,5.858664341741708,4.530401896040102,2.222263754066143
2024-09-09,10.622309920814708,1.4468971039013454,7.482688255941846,5.89043455020714,4.448074281417018,2.2401294147309088
2024-09-10,10.889950444389159,1.7182679418674571,8.362518707484808,5.699902453508712,4.376572520078763,2.1323932972636035
2024-09-11,11.124754375786774,1.6639439075365636,7.874473391702526,5.99657004388082,4.389674149375115,2.9014908635928927
2024-09-12,11.186706384718152,1.350164826342726,7.5516489486982925,6.116633255211501,4.084692690205223,2.6345478420257047
2024-09-13,10.773420684201279,1.3121130433113841,7.81265643931791,6.528231487243169,4.168961455016303,2.430682508812169
2024-09-16,10.6149134115361,1.3322655726504151,7.8110976631838165,6.199658073162841,4.284289985626725,2.409315559840632
2024-09-17,10.835835570579881,1.3959286196958336,8.05331573462517,6.401133575327599,4.057449129576722,2.5551535941037353
2024-09-18,10.651764488984943,1.410402541692237,7.761202904139943,5.947690801863989,3.955954538905116,2.718369828419204
2024-09-23,10.480351222310277,1.7370713726852838,7.737227847737741,5.700354590301578,4.206894072723379,2.723101413496139
2024-09-24,10.633020481713436,1.7329229581540482,7.785549859772473,6.303837697670076,3.9309180457869632,2.452853720944487
2024-09-25,11.016777335261892,1.5640951276901145,7.777594589822865,6.314858810831929,3.850366295063808,2.8071156202584695
2024-09-26,11.300450421364758,1.4646882274334416,8.138532709391486,6.295643962269504,3.7844454913198207,2.672535721036151
2024-09-27,10.83681694566693,1.2640002887079616,8.084687309319266,5.980852807548314,3.674746880151238,2.8157715489058543
2024-09-30,10.6120201384521,1.364713603888936,7.857100768211976,5.896063537516318,3.707928953071375,3.002825848090542
2024-10-01,10.25670217583397,1.4170937402935495,8.840691294432371,5.342004638816757,3.8028838562794243,3.4745199129581983
2024-10-02,10.298206983222888,1.4052835997061992,8.766249287383973,5.345821720369391,3.724091551208305,3.3061458661013376
2024-10-07,10.973944278313704,1.09745498117171,9.57876462671357,5.609185095332095,3.680893189503818,2.9059794979134046
2024-10-08,11.35230158729628,1.0182191861608274,10.519864970773796,7.170133984226124,3.5585899845376763,2.390867168700017
2024-10-09,11.251100995545976,1.0292211758191616,10.545263315716616,7.080995531820278,3.5121791742125654,2.4642523114681087
2024-10-10,11.578397381518746,1.2065526659293262,10.901851516323276,6.978972452756689,3.012584793489102,2.483264361113395
2024-10-11,11.288275779875468,1.2231157015169452,10.736987937982834,6.905767874434993,2.8463397226346125,2.463416175637153
2024-10-16,11.28556827542044,1.5001045641134765,10.344906920287935,6.866865777114632,2.293931023394802,2.479941585665365
2024-10-21,11.103285322707046,1.720844612671246,10.170586246399449,6.298399952465779,2.2264756758109088,2.388436570146709
2024-10-22,11.41482171102959,1.5692636161034612,10.598277432920929,6.473977700739159,2.225327025561423,2.2334844219775642
2024-10-23,11.596771548330592,1.5571596550569593,10.804684913925874,6.33926055175957,2.0968803901766013,2.063829813538931
2024-10-24,11.656189724152384,1.5902734047946379,10.622449857625691,6.4664263462008655,2.0084842065338893,2.121821310150921
2024-10-25,11.864834305220635,1.6037018652517723,10.525350420156352,6.2353870716878985,1.969444798323842,2.0033727655565063
2024-10-28,12.45789804513226,1.5575055498164716,11.406081597786354,5.9720673338016335,1.7632140866282324,2.076302966363286
2024-10-29,12.508609599736047,1.6865032386598091,11.531767980777799,6.047437545926985,1.7683039304454564,1.9957034218134089
2024-10-30,12.49614779310864,1.6508457749855026,11.445031530261849,5.7913333156058036,1.8862955836677207,2.2198961349126134
2024-11-05,12.344829571292449,1.210296215062473,11.436788009769414,5.5462913654416175,1.7622449622681058,1.835516070523622
2024-11-06,11.525748662244135,1.464168296462326,11.321017381408874,5.598815075323295,2.3908805692695174,2.3282088726142383
2024-11-07,11.163113991873216,1.7261711528286223,10.975130775391529,5.419860101609074,2.4206334053901046,1.9711607292477986
2024-11-08,11.296089135052176,1.7374466806034807,11.469699355299968,4.918922731995182,2.3681378637837533,2.2326747052441402
2024-11-13,11.135388397016486,1.6359904707526944,11.327013009278645,4.959192508048601,2.4390666770141958,2.1438531315038922
2024-11-18,11.161962988749297,2.205285094235291,10.611340933078727,5.101757155584138,2.133871795454317,2.357031026866509
2024-11-19,11.073389824608997,2.228291064866585,10.350770696155399,5.144923826380269,2.1844013583937785,2.2865745586381845
2024-11-20,11.08937127430156,2.287913417527108,10.18705756252788,4.902737285474506,2.362535886625483,2.27071724855268
2024-11-21,10.974921721813999,3.0911406172148213,10.14226899168783,6.09814434956549,2.1688817422154134,1.981584709680025
2024-11-22,10.74590046689771,3.3265159458973996,9.938379855548266,5.989898734862622,2.019006978076297,1.6328756321345341
2024-11-25,10.577898685151515,5.074637555673495,9.87602586273997,5.472130868711898,2.927337458833501,2.210780017295823
2024-11-26,10.448120377927081,4.971928991608597,9.72145401362008,5.383240521959645,2.926211006180198,1.9464505961535814
2024-11-27,10.401043536061527,4.158247854943283,9.778886520356407,5.054379851324167,2.4761781536524103,2.0067902901362604
2024-12-03,10.648869758451552,3.587958328572684,10.490090668065033,3.6486586781829478,2.2463823611308404,3.0306347656852175
2024-12-04,10.695727216530523,3.466829213713187,10.16381868683451,4.073542964745667,1.8351739922670935,2.847789144751802
2024-12-05,10.52401634567355,3.1955583052414767,9.989396448586962,4.112387593360941,2.2065153323780913,2.7393505137895
2024-12-06,10.251934284412053,3.2951811001341595,9.794629693282223,4.263396873270281,1.9938457920867476,2.4532371231423267
2024-12-09,10.018204238576043,3.85554014653048,9.525880290859494,4.599622302042824,2.403354147962285,2.8842226550479135
2024-12-10,10.01507192076473,3.687575059052593,9.488915062842635,4.323824421739597,2.277358960661785,2.8674769765416204
2024-12-11,10.207325494620676,3.5604649096068495,9.311275466840963,4.645862577223457,2.1808770494676923,2.631646028278519
2024-12-16,10.146234364004052,3.3743170748346265,9.293303679541038,4.491501871579345,2.3687250885867246,2.2988871279605063
2024-12-17,10.102210517377632,3.465057623545429,9.45183165982889,4.576710152819108,2.406130975690718,2.0939616460298405
2024-12-18,9.850300428256713,2.8530198006966287,9.339907199720962,4.3576114318880865,1.6136411540378723,2.361781660612431
2024-12-19,9.788001987666394,2.8670613977734125,9.285288923219861,4.180693001815931,1.5365467767963512,2.2148749292509318
2024-12-20,9.071999489701012,2.6469323463373553,8.938050325092851,3.6398854572310846,1.646602157723226,2.4241515373129574
2024-12-23,8.881577731031726,2.280554998619303,8.700173613480674,3.840165752556118,2.4346747507385245,2.4325825890034958
2024-12-24,8.723824661709129,2.3022689179666287,8.611446936498206,3.6076167729929125,3.0699580637119364,2.44642073011286
2024-12-30,8.709328515144309,2.5023369268189395,8.64034389580616,3.700825942404482,3.1113608361126737,2.3875900596334323
2024-12-31,8.737397239100002,2.4760693685289104,8.532182578712026,3.624640057558642,3.1713726332674423,2.3049414952291087
2025-01-03,8.824239990518244,2.4404426276103988,8.074888596151386,3.5761728461383018,2.7903512145101375,2.001090022944059
2025-01-06,8.681691197946764,2.4024088718037167,7.965761144560212,3.2458896402568587,2.7061479822472294,1.9359745291068855
2025-01-07,8.492475771281969,3.1131632476780133,7.861218685576866,3.2021052705794992,2.4322404105299587,1.9843107645870477
2025-01-08,8.676622876493543,2.436527278138619,7.755193990183744,3.1313897652817873,2.304732116828288,2.278378957756052
2025-01-13,9.478171951383024,2.0574898282611334,8.670474563741573,3.1674133897776144,2.25076438802107,1.8821324096362055
2025-01-14,9.147624616079936,1.8700531521980757,8.53129525561588,2.8800837177959155,2.3111565005918173,1.9936590395049525
2025-01-15,9.331465946050264,1.8946451622379827,8.606447094220384,3.5267889670327364,2.226031739824665,1.9689379416293544
2025-01-16,9.15991513124407,1.752717298051848,8.711554931431975,3.070650750832488,2.1260846567963507,2.1328541389636007
2025-01-17,8.560225530868001,5.595637119551996,7.548858198427168,2.4860259267590945,2.5881651116325473,1.7573559822787186
2025-01-22,8.493412884367833,5.212351531900908,7.863602068116896,2.03311380295535,2.2400322996553093,1.5975996850553749
2025-01-23,8.670592953585398,5.594542830943581,7.713364322188203,2.016826458137953,3.0669762776139695,1.5052905366310636
2025-01-24,8.768077547683204,5.505614725775264,7.67098369339548,2.1082211431785844,3.30283148334243,1.4535981535488685
2025-01-27,9.041669229281519,5.946732284679537,7.451163688360306,1.2004397882101854,3.463618374260387,1.4556007226251593
2025-01-28,9.312241157950714,5.135643952437872,7.685042008974134,1.0811235559822996,3.5950097834204535,1.8023906833384153
2025-01-29,9.128636737270869,5.018623469646403,7.545901763202713,1.2678706518609602,3.454012967506905,1.5847988077461812
2025-01-30,9.217471175039345,4.858836820971285,7.505972427725599,1.1129795308025492,3.1550724034150748,1.5059330771662938
2025-01-31,9.217758773629546,4.807694694141044,7.487768693257219,1.0886846449297476,3.1224466964812994,1.494684755134801
2025-02-03,8.962175029001903,4.412492772219151,7.214947347815884,1.2048397586192843,3.256602640550449,1.4635069401997327
2025-02-04,8.872630837323308,4.400291486781096,7.1962868325415466,1.2985440252126168,3.1974102563315436,1.4398190369267407
2025-02-05,8.873491119534021,4.385045078635767,7.5228890705427345,1.3484462558393788,2.9366898671579658,1.7511284772404931
2025-02-06,9.038569284794503,4.2953218140021034,7.582532305826274,1.2522387010807934,2.975661627179834,1.7344575719641355
2025-02-07,8.971226459169303,4.290778282647019,7.573383313512607,1.2208689536937805,3.0252490202206737,1.7406453337030854
2025-02-10,9.094315597953115,4.053198645472424,7.6517302762901345,1.4238359233009348,3.5193511993146966,1.5580845728834631
2025-02-11,8.960387965080914,3.765024177485915,7.84768231140245,2.141958617397314,3.2704537072193856,1.8493012440955823
2025-02-12,9.289227035291502,3.6747719699937065,8.052301534555953,2.1384928554596376,2.921279991956858,1.7032355694302745
2025-02-13,9.020068469937911,3.7986642150692767,7.910799839388798,3.173709600935402,3.1412027419971733,2.0551805969948878
2025-02-14,8.955151216878264,3.755511214042197,7.877418950019405,3.0450363493403594,2.8693727422681206,2.077047763143445
2025-02-19,8.817155111979536,3.333874635437765,7.682729975936668,2.9540280261638223,2.9524704795243975,1.9773497557376525
2025-02-20,8.813065258180972,3.522565315794285,7.602552419663696,3.001908060836533,3.1370552815880526,1.9524594158136697
2025-02-21,9.387341483477543,3.904197635165526,8.597729068716706,2.625586526951181,3.465124739574447,2.3043447906556787
2025-02-24,9.282576244045774,4.314691802771174,8.762841200334826,2.5302552559432887,3.82578837164681,2.6188007383601626
2025-02-25,9.99366619352381,4.518753399850043,9.51879539648188,4.231716406529899,4.435326452229475,2.1583896694602718
2025-02-26,9.98690247167745,4.480203625623158,9.338921137650091,4.2046045222890385,4.327933173014969,2.1317899338683812
2025-02-27,9.663873177675704,3.7658317657394598,8.858638785169637,4.388364465901353,3.89110187619248,1.9560773464163776
2025-02-28,9.733319458225738,3.6309355919404545,8.691659685560309,4.493288802717399,3.859422729446003,1.928973387612683
2025-03-03,8.804897660114642,3.4825778287956575,7.978049742916798,5.411462937362622,4.399853096865099,2.17321787195505
2025-03-04,8.90874939182397,3.35553738476889,7.9474858370974735,5.27637261475547,4.326467855425172,2.2259777509123446
2025-03-05,8.700409334699312,3.3035491060985507,7.828254121302471,5.824271018147916,4.090874636606876,2.16351980669154
2025-03-06,8.829234743212844,3.3432452512216084,7.895214727937804,5.392831054544817,3.5161936910920493,2.0042570050232262
2025-03-07,8.515800502398085,3.2695544346987866,7.831202932762001,5.231179997830756,3.434544308869967,2.206340126044522
2025-03-10,8.892011089941965,3.3638807650830422,8.161748290938732,5.320391987452164,3.4614938142168152,2.296561303971369
2025-03-11,8.860256554141332,3.437589998203927,8.17890038837683,5.290695548619641,3.408049529204789,2.340259626329573
2025-03-12,9.344772198503422,3.180059575861666,8.39607175320596,5.2837293863955965,3.2700055102208077,2.3488772654945165
2025-03-13,8.902914657005304,3.5849995188191173,8.388401035764536,5.102592032001515,3.189877818177811,2.959930343761974
2025-03-14,8.932841221342697,3.5759805243863885,8.527665406384259,5.050225889606865,3.1823588625290853,3.1368511905196996
2025-03-17,9.16489750749225,3.355292569621021,8.726548859996168,5.056995097886929,2.980248966123241,3.1844590267832964
2025-03-18,9.172155858949482,3.4140613781907803,8.802553918024525,4.86743165365018,2.95903088656004,3.3340770764351624
2025-03-19,9.117955625422466,3.4121810181960313,8.7661930093207,4.815200855340033,2.906243630690373,3.2673179807840387
2025-03-20,9.271551696122485,3.338444370345576,8.696254003993442,5.074035549193909,2.861531188532131,2.834432788483204
2025-03-21,9.244164518707267,3.345214617888663,8.62964316270943,5.119795763212082,2.8420252648287625,2.7672795529179637
2025-03-24,9.46770484430664,3.363032865024605,9.04456147626622,5.042908642898466,2.784852060513989,3.1576848732320513
2025-03-25,9.464364461137853,3.3420858528925717,9.026676486647792,5.0344709160272485,2.7724605978778682,3.045721085686792
2025-03-26,9.24101204799905,3.336832837161667,8.657038092147241,5.182627292900555,2.641287487233494,2.9809011963936984
2025-03-27,9.243630761542613,3.3283044692325774,8.64875164265394,5.145217258510121,2.475493650980744,3.033649818994368
2025-03-28,8.832284629375062,3.1954024284819504,8.390243861151854,4.769285483034567,1.9751423258242584,3.687737400328567
2025-03-31,9.40853859324544,2.9022341726076224,8.774502369019011,5.583768763528405,2.2239096808121657,2.8139649369240995
2025-04-01,9.363905103275108,2.85524146457081,8.553166611384215,5.660652239602513,2.3046610681907773,2.8830386731592363
2025-04-02,9.019024018042069,2.81753995149965,8.526585947468162,5.500558424641022,2.242873467648863,2.866955072982959
2025-04-03,11.891350841022216,1.7768884282945967,11.506498800621948,4.360178768409632,1.2671351409149194,4.424800046242932
2025-04-04,12.679096682445797,1.6937273893077902,12.218176479572378,3.906549707179822,0.9804906606631766,6.845173409890002
2025-04-07,12.292845283960887,1.5757447571974097,11.998163287300024,3.9259882463364817,1.2802491704060819,5.870234790568621
2025-04-08,12.243353803563267,1.3825580872592316,13.065579645749077,4.135000544028768,1.562962369867952,6.784703841596592
2025-04-09,13.507355003008657,1.2189603769036754,13.362819911630647,5.033629792544029,1.1249452398131927,8.464703984606322
2025-04-10,14.799050922903326,1.4263190986164427,13.559975517747132,7.053908366077072,1.2998608984903255,10.25250055743782
2025-04-11,14.192431771562296,2.0217344321751525,13.124289746797745,7.041265007241957,1.2019874088514368,9.055865646955604
2025-04-14,13.682184548705223,1.6789022115230166,13.041862142493791,7.2608429717556575,1.1804538226022656,8.780143568307453
2025-04-15,13.21589469262692,1.585131609683458,12.53156640278155,7.086852373651055,1.2958235864696448,8.048731594935079
2025-04-16,12.859731949653698,1.5728590839292733,12.374097997863723,7.104727269460358,1.3550530474654934,7.7384341838129975
2025-04-23,12.479690296511409,1.4693512603614678,12.396598314886498,7.150132332351458,1.4564771431294792,7.698549416832023
2025-04-24,12.723752286498168,1.7411017925277736,12.100103908156429,7.174301379525069,1.41048227255726,7.900562987379861
2025-04-25,12.746306371239447,1.8063133748382976,11.54848083134314,7.190383557486453,1.4333616889021867,7.726777230509879
2025-04-28,12.803757843760453,1.748686275299079,11.25622245566784,6.962674408754541,1.3895170978674747,7.779133063912585
2025-04-29,12.887983867548106,1.7769034982097551,11.05202376319452,6.966467740110808,1.4182639231946996,7.30744311679582
2025-04-30,12.989529330662746,1.7393456367311693,11.038631849147587,7.2117088159514395,1.5181713408808548,7.431995745013744
2025-05-07,13.102688923297187,1.7535912488600314,11.290737998911231,7.473559334121499,1.5808446956864195,7.273291682249268
2025-05-08,13.009443498621039,1.41995283800983,11.464368289417758,7.6601809647656545,1.3781948386501153,7.476961962822816
2025-05-09,12.940185597509396,1.4888272179624942,12.010871584205924,7.846431375580996,1.0590185219396586,7.489348501506671
2025-05-12,12.43598981946979,1.3427952905439557,11.83707895026719,7.337887677043779,1.1870624616945158,7.607829394599459
2025-05-13,12.531630322459486,1.226231294378146,12.037347833800238,7.275787509350562,1.17847861773658,7.988973581833899
2025-05-14,12.481302237483739,1.2432767944792238,11.972919219922602,7.201579352562335,1.1933876433963708,7.8744454204526235
2025-05-19,12.197357898764876,1.0605844295292561,12.100334269574612,7.056135779806088,1.2693971786022145,7.561449505152599
2025-05-20,12.097154104162248,1.030432336335746,12.247199881714868,6.885293873084188,1.2953697407728375,7.603153116009611
2025-05-21,12.246058100950338,1.0098771018818935,12.422083767404473,6.942525500394304,1.2398788937757124,7.762343884848168
2025-05-22,12.37061288397709,0.9511180944860994,12.616178596349606,6.7030219270566995,1.197864018287853,8.09976026778099
2025-05-23,12.422460313838405,0.9975345580817789,12.535707701977643,6.542072977709733,1.109609598196128,8.053018647242066
2025-05-28,12.638220071524275,1.12382379059572,12.39584691900851,5.96127356183892,1.0515936297072075,8.26551173404342
2025-06-02,12.437871977031591,1.0837981175866873,12.159142748180228,6.035541516029606,1.1341876987884671,7.680335452450051
2025-06-03,12.431081035259524,1.2545053832697974,12.306955923071586,5.949110139370402,0.989428918410229,7.900406064954537
2025-06-04,12.328863593077008,1.1809034450695828,12.096324216426664,5.893038865046211,1.1778107925454806,8.038153174760128
2025-06-05,12.280821783540297,1.1890176990636214,12.043285896339029,5.902381516680607,1.1290341807950872,7.948005641397803
2025-06-06,12.514719044630104,1.649594076511481,11.967879275563135,5.692018895391428,1.0662684695504798,8.280516344951211
2025-06-09,12.597509724973436,1.309345726719091,12.088334273553032,5.8238827544522715,1.1083562758929946,7.988086743508201
2025-06-10,12.195588747268756,1.2511046396823766,11.645330726887051,5.830257882013208,1.0336972035028407,7.518804018371717
2025-06-11,12.145372115642793,1.3165271856391179,11.331997445410714,5.64984623950906,1.080005430576762,6.499435769253151
2025-06-16,12.358132108995198,1.42505596665925,11.409716374389667,5.719354789047156,1.1051113033435367,5.943308348114226
2025-06-17,12.555523533773966,1.4077163435324855,11.501771605476337,5.940145386846491,1.485718837860861,4.016914916414435
2025-06-18,12.422855114444054,1.2051911459369975,11.794125933432303,6.074809968743665,1.4363088855019708,3.747179480881781
2025-06-23,14.12969324776437,3.9739707994569904,12.833897118778586,8.295939760761089,6.104237545738662,2.1312764754040034
2025-06-24,14.099938589267595,3.059237100587468,12.99445632740543,8.971649011433627,6.590078725250197,1.833411367992497
2025-06-25,13.917717357413032,2.990461811627693,13.031278883937835,8.796022769718503,6.561862353930569,1.839357018613515
2025-06-30,13.556917283605896,2.437643607008875,12.86854507843808,8.07371658321359,5.954237473124386,1.9095036234662113
2025-07-01,13.660268332847332,2.4278204750545505,12.237553842197228,6.6068150101701235,5.434755488636694,1.9169186405362932
2025-07-02,13.645202209069838,2.4432165206803913,12.117287880654148,6.555744265238104,5.3885450708231994,1.902929750795022
2025-07-03,13.618005295324707,2.44036439699426,12.119129622245724,6.446871685480741,5.311339319102615,1.900023285195749
2025-07-08,13.505067532699819,2.4005724466583205,12.070239804104004,6.439788064154509,5.261034415158831,1.9041988104573193
2025-07-09,13.530084224245241,2.325120967872859,12.20258799528885,6.410874309230373,5.270825654228351,1.8457873945393424
2025-07-14,13.438537488545242,2.3153839689673568,12.089753587356341,6.385729616410608,5.189009315178406,1.8355331259274594
2025-07-15,13.322558606438891,2.2815714507192477,11.977482430179201,6.356981994568525,5.396686988357959,1.8431634513057533
2025-07-16,13.340113614521185,2.3452966430372015,12.000386653815939,6.308231657370295,5.422936470213902,1.822980951696923
2025-07-17,13.065985332012675,2.2741894353451735,11.781652096597218,6.09520465151564,5.268666083875136,1.9671753108389998
2025-07-18,13.002590315665891,2.346174192628847,11.68017961800345,5.945509729218064,5.040905010982396,1.799673821043988
2025-07-21,12.786928282970372,2.360444948624994,11.679454881573756,5.963109204191138,5.06670553047955,1.7946136479447186
2025-07-22,12.79427914994523,2.1646993061885094,11.719719089320634,5.923208482215387,4.683512845997088,1.7469347318183022
2025-07-23,12.601329859818676,2.1076017103314357,11.73031368140395,5.516167356503217,4.711279269893946,1.7097623629789247
2025-07-28,12.50834791740647,2.081398776978649,12.029329239408058,5.629605185948599,3.8764873923267404,1.7586963768330042
2025-07-29,12.426369482562501,1.9673607104247057,12.062741651372114,5.700614818442092,3.2471157759097236,1.5911316811983305
2025-07-30,12.25690765652458,1.954087344279274,11.84606346016365,5.608673595944524,3.3668320951084163,1.5186794689288463
2025-07-31,11.703750928411175,1.740259039082905,11.346326289708793,5.4033614211419705,4.196831670002595,1.5896121040198812
2025-08-01,11.5437561242726,1.7012657038247205,11.725877162174939,5.7835026134149095,3.8214760542256605,1.4672437213199976
2025-08-04,11.52110038079371,1.7396729468913816,11.61042756282181,5.699343398762756,3.8230861053021665,1.4267377893953361
2025-08-05,11.646774039995677,1.7549700596771134,11.592919906251746,5.837781600455685,3.384985581030866,1.4714153608188008
2025-08-06,11.855298141236675,1.7190281005996624,11.651389013719454,6.241662673051731,2.986432503926195,1.4611439934305712
2025-08-11,11.652096940348335,1.8268291392339189,11.42047854885009,6.178290723771418,2.840159481182599,1.575786875639242
2025-08-12,11.711401695005295,1.7818423402273889,11.566830795475376,6.186286091510691,2.813398095256362,1.695713618640082
2025-08-13,11.654214592336023,1.7682569274546756,11.566303515631512,6.092604313413596,2.7940541631373903,1.6956587336904103
2025-08-14,11.713865918137236,1.8312723046786328,11.95808934096172,6.586555519498984,2.4674009398530594,1.629280883404353
2025-08-15,12.066147602923152,2.106030202005571,12.197488192744954,6.827382577296077,2.41813915940662,1.627424619143192
2025-08-18,12.017575865071725,2.094141088563365,12.04050641953493,6.780195015922753,2.5699438259120853,1.6506944065107962
2025-08-19,11.887603006410849,2.0409403514962974,11.999295514831253,6.654028047077252,2.834121787549526,1.8042109088857672
2025-08-20,11.960649406264418,2.0637910356714992,12.026166605727502,6.666466119600529,2.8259421477414874,1.8729000888282537
2025-08-27,11.99221703480118,1.998635387889508,12.130290154363246,6.472629332496016,2.7967770536276824,1.8398107509851045
2025-08-28,11.996804133597863,2.0505969242262965,12.080103831732687,6.373155596899708,2.822443313654512,1.818413576173846
2025-08-29,12.04138362123138,1.9578577470123815,12.130797731288638,6.383658123993456,2.7527025716995577,1.807038881914739
2025-09-03,12.016923772900602,3.161132512478979,10.727640376387859,6.7103008938368305,2.6192648934513083,1.9131041430657933
2025-09-08,12.347514954782284,2.57574560875223,11.279554948630667,7.109303371434726,2.765965131252644,1.7770434297858888
2025-09-09,11.843861095120479,2.5187898002430598,11.514436218665642,7.160998850930933,2.741740925372399,1.7475029939100717
2025-09-10,11.797568358265563,2.4992651021528274,11.419782994042633,7.041386764475721,2.787859998348054,1.7857278803587766
2025-09-11,11.930396507984495,2.0739088521088394,11.40960290744573,7.440012984781828,2.9442748618773753,2.2718171127441527
2025-09-12,11.931004014334034,1.9593644644075905,11.424925353881207,7.620497790699503,2.7516422668583935,2.2036154734833686
2025-09-15,11.71467744701222,1.844547037729553,11.057639364801247,6.962747848826761,3.0126567178647075,2.5861781608513525
2025-09-16,11.650330669182901,1.7391879185691055,10.820175208571143,6.529760544091965,2.7902187079290113,2.271265839100443
2025-09-17,11.690833934489293,1.8054422832198027,10.883781228931872,6.581171128813227,2.793106706864686,2.2699346664049087
2025-09-22,11.540906431453502,1.8407531321480282,10.560018989721316,6.308109031754685,2.5141256356644233,2.0734252432529723
2025-09-23,11.458578433026341,1.784112946777374,10.574007176206475,6.443142851112598,2.3327960655028828,1.850695771299014
2025-09-24,11.688752268779139,1.803301368991674,10.688181670659718,6.038864388545495,2.3269517519543315,2.1239792082276074
2025-09-25,11.678279524628609,1.7799799318284997,10.640961980862366,6.006758959982548,2.2933467918571444,2.136848391399256
2025-09-26,11.78857962671452,1.7999821079256353,10.84648090066697,5.766287336463425,2.2213632525674503,2.0695901415052567
2025-09-29,11.999218326619612,1.8112574313846277,11.151931498865627,5.141017113770504,2.3360242739046355,2.0013587406748488
2025-09-30,11.765476084650565,1.63468686734106,11.045118204401257,4.954475286611202,2.2651759671672154,2.0043601181523782
2025-10-01,11.653721280431258,1.744399796061332,11.325035392156769,5.504175183163237,1.7504226419591336,2.137512652502753
2025-10-06,11.38693419021842,1.6507153488838744,11.286040533566132,5.284267482378682,2.167818019970036,2.2900955461531556
2025-10-07,11.317649303493747,1.5682610626696902,11.157765680538844,5.314107136783416,1.9975969146165486,2.365046377574709
2025-10-08,11.053303586543414,1.5154798229511304,11.022352532722714,5.287026888950885,1.9753733405253862,2.370105995200265
2025-10-09,11.16853801152046,0.9865120109086837,11.177834106251316,5.364457102923843,1.8626090282344243,2.355667810534808
2025-10-10,10.859346277497636,1.7324870126659657,11.091932315097864,5.447820105369909,2.653602483879917,3.444487355196207
2025-10-15,10.896377913563095,1.6628899893484188,11.117438045410964,5.257733248153216,2.5570948515103313,3.3889002928333167
2025-10-20,10.149312594339522,2.917624563361402,10.586222311551312,5.22795462779157,2.3152342680402946,4.80037885013613
2025-10-21,10.232255371404218,2.3442748373413442,10.678824926241255,5.038238538555704,2.349016220465875,4.366295159130046
2025-10-22,10.195377964453852,2.1395281957169314,10.659169172488603,4.927141210135083,2.230492502459047,4.012451678725058
2025-10-23,12.541006560077017,1.6970783340222468,13.2034526287211,6.091230461074655,1.792172554796993,3.0606707899979377
2025-10-24,12.498123872787252,1.7071590399924768,13.193799532504798,6.03293067438834,1.7437056767696024,3.1377089959513125
2025-10-27,12.10360441398388,1.3265794537443771,12.230109119924002,5.640368762807267,1.8183411504611706,3.1219593679511255
2025-10-28,11.943858154053418,1.336383466915353,11.992820492511521,5.402851735899611,1.8193943113479847,3.0636153153522394
2025-10-29,11.168195023897729,2.2091777903675633,11.40436088039717,6.317918989880925,1.8580380801429246,2.2485153713885357
2025-11-03,10.894119979858866,2.120400953511353,11.065105787948484,6.2014895918257595,1.714119417942204,2.429748546266582
2025-11-04,11.296012025607956,1.608969870542835,11.133137322083561,5.655590465232968,1.4887458692422324,2.943699827982312
2025-11-05,10.113992813566515,1.5900050633027074,9.752517168551327,4.875508280641315,1.2582482006923226,4.916115362123608
2025-11-06,10.006593757027867,1.4767063116660817,9.62802727399946,4.860148013691286,1.2993672104174532,4.322884777657126
2025-11-07,10.004400338614019,1.4706601012713592,9.574577218101414,4.844794933413907,1.3037472129238763,4.139159989695586
2025-11-10,8.535817936874379,1.430622994496239,9.221804264529906,6.857026835162123,2.0786813681911007,3.4695991512633637
2025-11-18,9.584878575684181,1.29763489200444,9.978363306055945,4.948542268037769,2.2186944532325743,3.5487373371995923
2025-11-19,9.48419324737022,1.6175629388835675,10.066595586494268,4.950965115041267,2.422510867891379,3.695993153307677
2025-11-20,9.965798985758497,1.5236963317291297,10.01840867927479,4.774870256408318,2.4619620492561443,4.416909344761296
2025-11-21,10.072020363502709,1.4372558234803232,10.142970632295727,4.772546451207005,2.3157503186166366,4.100532900361455
2025-11-24,9.873181773309424,1.4076784909541507,9.708348032312086,4.675236794522173,2.026587063046294,3.7911711287136662
2025-11-25,9.807180015492134,1.5251856215387012,9.712202022167906,4.649831856854641,2.0042230123081723,3.630407032184437
2025-11-26,9.520310157104747,1.5889243503164472,9.188875219114172,4.731497655958724,1.445894124862864,4.355483861635705
2025-12-02,9.368035815012941,1.584303824911206,9.208839583492635,4.847103857529894,1.6662806474354974,3.635211407905962
2025-12-03,9.285367659905654,1.566650838698088,9.06796780551877,4.809895079575516,1.6731370095321163,3.4433152844679733
2025-12-04,9.28481793506997,1.569556231195999,9.016096834861694,4.72816253282465,1.6400476952636283,3.4940202400085014
2025-12-05,9.351526844272984,1.557346394628025,9.007735134020058,4.641524766383921,1.6755396881620015,3.478735808498127
2025-12-08,9.569468894772372,1.5282161174050437,9.321294122387135,4.824069477055457,1.677385816954746,3.359409828112888
2025-12-09,9.784294995789057,1.8605373610853775,9.399602048838956,4.74412292895317,1.6750112647581916,3.336502192369759
2025-12-10,9.719559675370766,1.8077654723307857,9.418078373703144,4.554343871425963,1.4667345176575715,3.3146567752519345
2025-12-15,9.601928465149566,2.259138772874144,9.375895320990084,4.5488027898003365,2.31817390335574,3.130692903206352
2025-12-16,10.464827632869843,2.3947416079370174,9.644719780114068,4.406662242275083,1.6464534527261467,3.144347573894955
2025-12-17,10.168067698932903,2.3199367140406877,9.744122674327413,4.26972399898289,2.055407113820575,3.1379743497051993
2025-12-18,10.203549365566532,2.308378951107363,9.605696878534717,4.335482899895367,1.9962560678898196,3.2486733572802318
2025-12-19,10.229664336029602,1.3119778880556747,9.535093162352988,4.886056380545739,2.0307882128390244,2.810893964897904
2025-12-22,10.294894518854381,1.3550716633808986,9.278067722925902,4.980568438550296,2.2298977784017606,3.1270245014395903
2025-12-23,9.759874463391185,1.889856864919637,8.930590714329009,5.007648188840425,2.6030732519988056,2.9402291941724426
2025-12-24,9.74761726427428,1.950124769697914,8.90482538841792,4.946532810125272,2.52945280563238,2.967108464948359
2025-12-30,9.684904674861118,1.9446703195302357,8.849930442445423,4.863931968068843,2.539814620911394,2.827910779362906
2025-12-31,9.497406339943451,2.237714905679716,8.12658538652585,5.447874929517311,3.0781751508920316,2.8665725486065017
