date,net_wti,net_henry_hub,net_brent,net_rbob,net_pjm_west,net_cels
2016-01-12,0.7787847766343576,-0.3063985593798464,0.789282922518411,-0.6391988903306631,0.10890784780013263,-0.7313780972423927
2016-01-13,-0.04034567277119816,-0.23777420052043352,0.5484622058692397,-0.9457027842159003,2.178589055206385,-1.5032286035680875
2016-01-14,-0.8466776244311793,-0.7369933082269612,-0.7841399938159874,-1.4487461737191103,7.223463310518908,-3.4069062103256718
2016-01-15,-2.7699894542736283,-1.20338682232665,-1.3834841329709588,-1.512743984622646,10.107435521995976,-3.2378311278020995
2016-01-20,-3.522734754900111,-1.2452100573638991,-2.6084440292758106,-1.365119958857782,12.78782581981304,-4.046317019415443
2016-01-21,-5.556097602525332,-3.8404384958195465,-5.200193479713357,-2.1818233962266507,21.366925795641578,-4.588372821356685
2016-01-22,-6.147313974464376,-3.835795466655389,-6.092988300575958,-3.468688790711586,24.72396382801576,-5.179177295608448
2016-01-25,1.0273132743352047,-2.7990514785050604,0.7608735085413674,-3.426255354604673,8.90972554939321,-4.472605499160056
2016-01-26,-0.7238720507904688,-5.512960779937554,3.532462869196145,0.6660088293354143,2.648661251512789,-0.610300119316328
2016-01-27,-0.8476273928412166,-5.44465953028286,3.3887174765287433,0.8070274751346975,3.0954474683107356,-0.9989054968500959
2016-01-28,2.274825638582234,-6.845059020109499,3.1288818858862655,-1.1013061543401754,5.1832977831065055,-2.6406401331253253
2016-01-29,0.4376622294202175,-7.006872203387214,2.3320808316980663,2.494191030515628,3.3030732875073556,-1.5601351757540503
2016-02-01,0.8046887723364406,-7.180837513704732,2.884231462511421,2.0505610378085244,3.146163600173231,-1.7048073591248958
2016-02-02,-0.6086779847570796,-5.7230197346861535,2.584002238533145,4.557725326207267,-0.20547907643610142,-0.6045507688610705
2016-02-03,0.07145232260448608,-5.876908840941222,2.402855481734356,3.2672974305556775,1.1472446926837176,-1.0119410866370107
2016-02-04,0.4843765246262919,-7.379503901360847,2.8745977971331484,3.6435658873049963,2.2190130686351455,-1.8420493763387338
2016-02-05,1.6762758393848625,-6.470454368142767,3.1331382597112487,3.086382551742469,1.5950690563464365,-3.0204113390422496
2016-02-08,1.052901596965384,-7.307705031773204,2.684948599206466,3.0620615854306124,3.4033895074018936,-2.8955962572311567
2016-02-09,0.8403377668995944,-7.641170883273752,2.7722959852822395,2.851406447698853,4.009893528972038,-2.832762845578973
2016-02-10,0.7420954034128151,-7.686422098468514,2.3180070350429673,2.76837547814044,4.484861359409235,-2.6269171775369387
2016-02-11,0.3477934906601412,-7.955780528588205,2.012947000125884,3.397211759009993,5.297895540050183,-3.1000672612579923
2016-02-12,3.8163752725899744,-7.210718375434726,4.325256820416261,-1.6540080204337961,0.8358430622215756,-0.11274875935929174
2016-02-17,4.1658205428029,-7.622839017928453,4.3754142848248705,-1.6061530848519805,0.778125075153643,-0.09036780000097622
2016-02-18,4.377545111314724,-7.664251924871764,4.2470839913372895,-1.8989815263221814,1.540815605041168,-0.6022112564992366
2016-02-19,3.9308825753560317,-6.854008649808258,3.972186533938327,-1.2864010914160708,1.393027778113976,-1.1556871461839968
2016-02-22,1.6407087675763439,-4.639618513942502,2.954065712539858,-0.8025194181636461,0.2585594261990902,0.5888040257908482
2016-02-23,1.4589577328801546,-3.878773896338127,1.5686883940604908,-0.3031648066827639,0.780913278954559,0.3733792971256875
2016-02-24,-0.7305406464699615,-6.716911108750726,0.11803407769037122,5.976893862274155,1.291561470895262,0.06096234436089887
2016-02-25,-2.312507731032012,-6.671612686025555,-2.0046311851825678,8.450413530682992,2.8917400043429176,-0.3534019327857756
2016-02-26,-1.72920522910713,-5.2831813679557404,-1.6213141323178952,8.284019808981244,1.8096043312380052,-1.459923410838483
2016-02-29,-2.107663582643017,0.4989824134499985,0.6564561500784141,3.056646114160472,0.6751970641515257,-2.7796181591973976
2016-03-01,-0.877195975116587,2.7779137853604743,1.1715718535126207,1.0774703764609352,-0.9595326050675999,-3.1902274351498434
2016-03-02,0.4737977138509937,0.6186096943045216,1.120365987147439,0.6084163554713875,-1.3658163627451776,-1.4553733880291642
2016-03-03,0.6130960444418303,0.09714203901356466,0.5695758348793447,0.6011945874954172,-0.44021338237681285,-1.440795123453345
2016-03-04,1.3745408936624433,-0.611165345652406,0.38861327414952385,-0.5120929335665849,0.6951666911482963,-1.335062579741276
2016-03-07,1.15787373752757,1.0994824203828646,0.8122106479738544,-0.6111425109105859,-1.5946621426041503,-0.8637621523695547
2016-03-08,0.9936643817546411,1.8332807514088216,0.7107560482263366,-0.5668708499970059,-1.5608341651952555,-1.40999616619753
2016-03-09,1.215314597167632,1.3348340153890597,0.924380835834242,-0.5100523491995776,-1.5118426717182363,-1.452634427473118
2016-03-10,1.1501990262416868,1.5640153389597975,0.9376516031966808,-0.8049189644523906,-1.2795146918452627,-1.567432312100511
2016-03-11,1.1396193173425395,1.994555595837304,1.0039593673410003,-1.376977768340205,-1.2915990607225538,-1.4695574514580922
2016-03-14,1.4229702848844026,1.8764734435803403,0.9829797450975679,-1.2967962348138586,-0.9098081877970348,-2.0758190509514236
2016-03-15,1.0563822895239081,2.6727996260469506,0.4713917411728339,-1.3157248504890307,-0.8878438595065674,-1.9970049467481
2016-03-16,1.6004681180268987,2.1622667401490663,0.6239565669279621,-1.850638216782209,-0.7306158631659825,-1.80543734515574
2016-03-17,1.9720238124727176,1.219122751028829,0.07639284985252104,-1.4690483875788711,-0.6209896221591062,-1.1775014036160911
2016-03-18,1.7757755391033259,0.8274953861240775,0.4777904828309474,-1.3499281186411203,-0.7132964966981254,-1.0178367927191019
2016-03-21,1.0775865596920573,0.09572152458729644,0.13585702413300105,-1.5045169039711963,0.6424615134364249,-0.4471097178775931
2016-03-22,1.1350099666201627,0.1361253893035128,0.04877913197245398,-1.8036405682171681,2.01589383266517,-1.5321677523441242
2016-03-23,1.5825075512387885,-0.2538918241403678,0.23893405783698896,-2.0598885802058335,1.591654087410368,-1.0993152921399432
2016-03-24,1.6968403629164932,-0.5406033672020754,0.7315101338693442,-2.342304721750325,1.3286332778922234,-0.8740756857256606
2016-03-30,1.5216545637845726,-0.7096713151617453,1.1089723945894772,-2.5838173215771194,1.5430868152281967,-0.8802251368633804
2016-03-31,1.377565694112496,0.5139572919372135,0.9019607154453162,-2.742873032884999,0.9519645487544635,-1.0025752173644928
2016-04-01,1.4529854684732344,0.4545396974528786,0.9916653612662394,-2.8129685553077852,0.987665795286178,-1.073887767170743
2016-04-04,1.8116745115294517,0.1730030837162535,1.0746330119577578,-2.954354511392311,1.0193165536562274,-1.1242726494673922
2016-04-05,1.7740099100062237,0.329528660846234,1.007562701218875,-2.9396571329003534,1.169104396251175,-1.340548535422145
2016-04-06,2.6863986540408735,-0.4060862413035231,0.879208428468532,-3.350801067843597,1.0972879910390527,-0.9060077644013473
2016-04-07,2.5591951948091083,-0.25844144080617326,0.8940436690395579,-3.135356701752915,1.0365587207010938,-1.0959994419906698
2016-04-08,2.4513407018300954,-0.15005623795295975,2.2021601300398004,-3.501777088433072,1.023671034777601,-2.0253385402614645
2016-04-11,2.3844029810190586,0.29679932319458846,2.2158042134487346,-3.4103730910093972,0.6021292826342117,-2.0887627092871917
2016-04-12,1.92598104004783,0.3384909886957459,2.046622907257472,-2.9889989948196654,0.7009955748545496,-2.0230915160359295
2016-04-13,1.7033949668472648,0.9875431020595924,2.267217028409327,-2.905886011643352,0.4967232655604614,-2.5489923512332986
2016-04-14,1.6315696516173297,1.1026437907540871,2.1524001409639766,-2.883606433233088,0.4752626754046605,-2.4782698255069615
2016-04-15,1.4929106298678931,0.6749329995795512,2.1762026134062484,-2.183313559597516,0.2478894742181441,-2.408622157474319
2016-04-18,2.178079833771206,-0.1598416534417315,2.5026275948012717,-2.2859633821304675,0.20619932748290903,-2.4411017204831893
2016-04-19,2.059055899679832,0.30058358756722336,2.631217861497184,-2.7531918660080903,0.4130353584356743,-2.6507008411718216
2016-04-20,2.6133633513415457,-0.28836219605939206,1.8509299866788425,-3.235719567611259,0.4982614562974872,-1.438473030647228
2016-04-21,2.5636957200691786,-0.4564424264465936,1.979419202046003,-3.222182895844032,0.6436175950616927,-1.508107194886251
2016-04-22,2.5950721569794615,-0.145050317779849,1.839140150979004,-3.018346986864202,0.2709578242329025,-1.5417728275473115
2016-04-25,2.746287541469072,-0.0797360428797873,2.0407263464343774,-3.5501473133082073,0.21194099950074463,-1.3690715312162034
2016-04-26,2.381311447345425,-0.3615924023558055,1.8552739890980519,-3.1199817131714247,0.5361615747116426,-1.2911728956278816
2016-04-27,2.7812887067687075,-0.5786871054418956,1.39258452726075,-3.2696759862679228,0.4826960537846574,-0.808206196104293
2016-04-28,2.659018351673148,-0.5300343898065161,1.5015859645533762,-3.160029453142832,0.6999941663456966,-1.1705346396228693
2016-04-29,2.6085142929590903,-0.6357814773323076,1.5512423742932828,-3.0981179787806417,0.6925268134008533,-1.1183840245402727
2016-05-02,2.820653271210279,-0.7083685306548646,1.6091192002483297,-2.8649850595975708,0.16099969584064722,-1.0174185770468176
2016-05-03,2.7443473533214995,-0.7328344334800416,1.34033479501759,-2.675809117337156,0.3795522934221811,-1.0555908909440799
2016-05-04,2.793680320237166,-0.7102171584420653,1.5735130904305734,-2.621687385917845,0.2421825424392101,-1.2774714087470382
2016-05-05,2.8094772350355246,-0.5450228361757108,1.7470638892265793,-2.782079683575054,0.15721545223760636,-1.3866540567489434
2016-05-06,2.741419254565347,-0.38774626289948744,1.579642438397201,-2.709066971918755,0.05330434354685787,-1.277552801691158
2016-05-09,2.3655204996021917,0.9057457651079055,1.4397589101447714,-2.7230066917520577,-0.17699239661703725,-1.8110260864857715
2016-05-10,2.3940882549147053,1.0854234487722287,1.248329976980612,-2.8608579200753694,-0.01471950834429503,-1.8522642522478794
2016-05-11,2.1070890497436245,0.9596617474459319,1.2635364017082367,-2.345771971646073,0.12207103283858523,-2.106586260090303
2016-05-12,2.0424210289741955,0.625560096571165,1.3755566689090308,-2.1770435268712767,0.2475824615862563,-2.114076729169372
2016-05-13,2.0748417347846564,0.185560787300024,1.297617039167239,-2.236308723708661,0.4086218391907148,-1.7303326767339744
2016-05-16,1.9726973002681811,0.1732998680232689,1.597051032211695,-2.4662131451499834,0.4330349034951029,-1.7098699588482633
2016-05-17,1.8996534278097297,0.37813592209305913,1.5025014658119193,-2.369212739830755,0.40966503536375054,-1.82074311124771
2016-05-18,1.9380458142964843,0.20537192644897218,1.5342523248170252,-2.1869118994792194,0.452509946139938,-1.943268112223195
2016-05-19,1.8109084742910628,0.08086496289510325,1.8015103425017802,-2.17845111647687,0.25803208127179555,-1.772864744482864
2016-05-20,1.6005371683463618,-0.021600161440749055,1.9701658012601975,-2.2970888723979073,0.07484520852975018,-1.32685914429765
2016-05-23,1.509905593948453,0.6107330985382133,1.4629728248417493,-2.2706911127103746,-0.07896985603199091,-1.2339505485860496
2016-05-24,1.5160515244063548,0.48866959319027936,1.2937967756690512,-2.194761364680403,0.06723857557586177,-1.170995104161153
2016-05-25,1.5102940098495292,0.8310958190231756,1.1067772870480397,-2.3943523349179383,0.3314234212777394,-1.385238202280548
2016-05-26,1.5279833345323066,0.7885898862518339,1.206367565550451,-2.4877305356659623,0.26825354239034915,-1.3034637930589827
2016-05-27,1.3687928871532913,0.6509878615285103,1.0491510471136305,-2.2001346472848446,0.3237107832113504,-1.1925079317219387
2016-06-01,1.2242914926400585,1.4270071805319735,1.2171825314869853,-2.721175294998198,0.2694023270134682,-1.4167082366742916
2016-06-02,1.224971403652444,1.6404565053827183,1.2487317900532826,-2.7362260355839796,0.0890271417591737,-1.466960805263641
2016-06-03,1.2642330440161835,1.0756040071188024,1.819099943868352,-3.1871351809171733,-0.315362386016512,-0.656439428069648
2016-06-06,1.5516670460865454,0.6571991023815411,1.7002467854460992,-3.1766490376246144,-0.4265860645213453,-0.3058778317682229
2016-06-07,1.5573056398757972,0.6077156572856159,1.6314547789780445,-3.19548428545798,-0.22984658536238678,-0.3711452053190962
2016-06-08,1.4182228688002603,0.7548487848067609,1.1692107062155621,-3.1082005074141845,0.00042548596536828853,-0.23450733837376436
2016-06-09,1.6221626599412735,0.6404050431568182,1.3156406869556179,-3.228950950224981,-0.17493332292043795,-0.17432411690829142
2016-06-10,1.5030520698521297,0.7598637576800236,1.1364846348154227,-3.020423722995611,-0.08920336460698453,-0.289773374744982
2016-06-13,1.3513407716782773,0.5280434470306941,0.7754448237641949,-2.7325487216058697,0.12475326127589126,-0.04703358214318776
2016-06-14,1.0943941330470341,0.37053597467701094,0.6146312470447732,-2.5034460651031214,0.47360622066138647,-0.04972151032708272
2016-06-15,1.1190802099001846,0.25268907678821684,0.632040632039736,-2.5325918724326826,0.5973758743441786,-0.06859392063962932
2016-06-16,0.977312959597576,0.09450375579454295,0.8356611343555596,-2.8061009620929163,1.383658736607163,-0.4850356242619229
2016-06-17,0.8633128567985997,0.16079946962451208,0.6434037579715426,-2.8189447949630377,1.9513506598926844,-0.7999219493243057
2016-06-20,0.4346459658419395,-0.08353650570429583,0.787706647718144,-3.397942171643031,3.8265986197146824,-1.5674725559274396
2016-06-21,0.3236445976941953,-0.08393135482651459,0.2587919532328655,-2.4955659589686263,3.268212563131933,-1.2711518002638558
2016-06-22,0.007689579949570202,0.22270764623092032,-0.2003147471969271,-1.6332191796876616,2.140199318364355,-0.5370626176602604
2016-06-23,-0.16572834338725517,0.08328178195525049,-0.6102363106475508,-1.017879734191255,1.69953916997498,0.011023436295828581
2016-06-24,-0.3489255201521857,0.15188267845558578,-0.47509297074479306,-1.8995238517793727,2.603721755183038,-0.0320620909622793
2016-06-27,-0.7242584123192035,-0.2009698966259963,-0.8808303077526443,-0.9690091942188221,1.9401255924198089,0.834942218496856
2016-06-28,-0.8552922931495495,-0.26383911397232684,-1.0761938166434142,-0.8425289323969603,2.3286814707605648,0.7091726854016933
2016-06-29,-0.5994855733394644,-0.5460722292426097,-1.037405342367629,-1.0934616625686395,2.5348887164721097,0.741536091046239
2016-06-30,-0.32997031313809444,-0.3188704430493998,-0.6728670898780447,-1.322934555372055,2.128381562542914,0.5162608388946843
2016-07-01,-0.4959174371430901,-0.22446327543336908,-0.7506700013302279,-1.2439935224866971,2.0106942139369792,0.7043500224564081
2016-07-06,-0.19023706148353803,-0.12013613991485395,-0.8432638327103845,-1.4030544684429156,2.2691075900757953,0.28758391247589365
2016-07-07,0.16693203413995406,-0.1435627930871317,-1.8403068393676394,-0.7740214974932798,2.6280595222762457,-0.037100426468148484
2016-07-08,0.5624583835113395,-0.4630033422453048,-1.8307561432669557,-0.8241299712549113,2.126795321625461,0.4286357516303605
2016-07-11,0.16465536474649412,-0.8536261699800876,-1.354656298829795,-1.0332591613853035,2.5286157900026938,0.5482704754460048
2016-07-12,0.33254270959431054,-0.7653231145268946,-0.5975057252261617,-1.4258146131694387,2.1864820631404105,0.2696186801877811
2016-07-13,0.13662341970748848,-0.8766215404532358,-0.5739958084715528,-1.614501365997996,2.7395376705207015,0.18895762469459676
2016-07-14,0.11896917834129717,-0.6931752511958822,-0.7122896121126736,-1.541239814755321,2.6590708192017325,0.16866468052084826
2016-07-15,0.05557291721312474,-0.3262894468490096,-0.7805510879470958,-1.4712778089380372,2.4389880395038213,0.08355738701719773
2016-07-18,0.12142631247961155,-0.3152891898563639,-1.0259808830056443,-1.3526495675931836,2.233586224778061,0.33890710319751616
2016-07-19,0.15845041653864556,-0.26349686422437557,-1.4532870622631142,-1.291062983271413,2.20661089693507,0.6427855962851892
2016-07-20,0.2215366693323677,-0.17490798226554327,-1.359583486915791,-1.194478206142473,2.059598249911596,0.4478347560798497
2016-07-21,0.12049136522612258,-0.057689895449700934,-1.403215912174951,-1.189298838043844,2.166401786358722,0.36331149408365615
2016-07-22,-0.05330690514173142,-0.12601326684631253,-1.6832784226970352,-1.247936007858402,2.765047155292662,0.3454874472508216
2016-07-25,0.1620000123522587,-0.22720424557818486,-1.627435656097096,-1.1966727417005076,2.46923892692308,0.42007370410043876
2016-07-26,0.001375992741845522,-0.12790015057176385,-1.5531157572779177,-1.155078668134534,2.664132952090437,0.1705856311519316
2016-07-27,-0.07917863389115354,-0.268457933343456,-1.3090134828840077,-0.9701240939742792,2.2988917092779246,0.3278824348149705
2016-07-28,-0.22491140336123294,-0.4050762193498205,-1.2495573377053182,-0.9206576143043907,2.5635541820921888,0.2366483926285765
2016-07-29,-0.5754417770920046,-0.420542064743064,-1.3593794176715654,-0.849698492401334,3.2043686453596343,0.0006931065483364307
2016-08-01,-0.09910271968439588,-0.3492991041673408,-1.132420199640599,-0.7481541518589667,2.3004109785798494,0.028565196771447532
2016-08-02,-0.21991684964844538,0.24397769686706683,-0.9892523040184606,-0.8776452251944029,2.223288387127768,-0.3804517051335212
2016-08-03,-0.004668689048816788,-0.46758909913607694,-1.3895870512128576,-0.4890774952234871,2.5386664713859384,-0.18774413676470125
2016-08-04,-0.18767836828279272,-0.46981562728392223,-1.0902628661901668,-0.6455961259216734,2.4302105585442764,-0.036857570865718614
2016-08-05,-0.32225345320937393,-0.3733629387154491,-1.0158690541817128,-0.6449104671363299,2.282953571157015,0.0734423420858521
2016-08-08,-0.5775629123739225,-0.25655871278389775,-0.9280580121080808,-0.5087628672945677,2.1484486862584937,0.12249381830197592
2016-08-09,-0.5596974633636691,-0.25438755896837595,-0.920219718623251,-0.5218803091347857,2.117813296898854,0.1383717531912234
2016-08-10,-0.18960074797362836,-0.34962930644165624,-1.2140116317411778,-0.5323647538509562,2.089545656052838,0.19606078395457605
2016-08-11,-0.018018041859829026,-0.009555793780076982,0.024177296276938876,-1.1952211218394648,1.0732150797544304,0.12540258144799754
2016-08-12,-0.10494532538406531,0.10323150104318835,0.07760904809094349,-1.0966408027861032,0.9971797027329998,0.023565876303032418
2016-08-15,-0.25116894254715305,0.5634076831386912,-0.43941697545316494,-1.0323308909057447,1.3382308854418419,-0.17872175967446768
2016-08-16,-0.16213800697407876,0.40164970794768573,-0.3818679649539334,-1.3694508081049337,1.4146445421885532,0.09716252989669716
2016-08-17,-0.1228844797546067,0.28166388230237605,-0.34840924378674387,-1.5935723978394103,1.7061992618390716,0.0770029772393146
2016-08-18,-0.4611651349374437,0.1878986483119367,-0.7456721025303352,-1.400901705203645,1.8455564780102351,0.5742838163492516
2016-08-19,-0.49702555627682266,0.1596294503378468,-0.7248033338323587,-1.3126598603177575,1.8895120505295258,0.4853472495595774
2016-08-22,-0.7616967903946552,0.11009652734926823,-0.7081352766064626,-1.3412711677976201,2.3683697036913824,0.33263700375808103
2016-08-23,-0.791667346849545,0.135039239530248,-0.7617456686229893,-1.4861432208794723,2.480636704675128,0.4238802921466309
2016-08-24,-0.4310539185269171,0.2384543905465053,-0.35143474726962864,-1.9454471165611622,2.573925236615771,-0.08444384480456346
2016-08-25,-0.0835381426752555,0.21563608177472293,0.00015608948686995916,-2.0439529328539647,2.212951027874802,-0.3012521236071741
2016-08-26,-0.3992919182672754,-0.08754155706933897,-0.1634442784279191,-1.4775133444031328,2.5101822733193386,-0.38239117515167464
2016-08-29,-0.36399423563266176,-0.09776691851161967,-0.13274740179601707,-1.5640928060948416,2.5729222588568215,-0.41432089682167206
2016-08-30,-0.2747730210812236,-0.3684089960134549,0.4555838475931324,-1.9397314980754001,2.792758316541548,-0.6654286489646122
2016-08-31,-0.1573335562834277,-0.3908560819756599,0.45885001213663834,-2.102918159049335,3.1336333127842617,-0.9413755276124789
2016-09-01,-0.4733968438984526,-0.2587313849123567,0.7296207758840687,-2.481550698739576,3.471516500350373,-0.987458348684056
2016-09-02,-0.3135489742135604,0.44762692461505393,0.17941876169429705,-2.643308098053113,3.3972243977059553,-1.0674130117486271
2016-09-07,-0.6441745656770834,0.43800461343305885,0.09685393771428785,-2.8349158505582666,3.6526109296112197,-0.7083790645232124
2016-09-08,-0.5676258643655103,0.4910343571014715,0.14578886448051165,-2.8676594798337507,3.808856106285162,-1.01039398366789
2016-09-09,1.6330359375425818,-1.0242987616760215,1.7260933409333568,-2.0907073653195836,1.0957541422706294,-1.3398772937509644
2016-09-12,1.688664386548604,-1.6207500130528092,2.3392172568052985,-1.838488666467284,0.702145648285283,-1.2707886121190963
2016-09-13,1.6358577838766202,-1.6437220835973414,2.18905791605261,-1.85144990187844,1.064806394990149,-1.3945501094435908
2016-09-14,1.85355176136067,-1.1349231425168642,1.8811751284454505,-2.0051467457571066,0.6483891538937581,-1.2430461554259136
2016-09-15,1.3191216840297226,-1.5540283914208306,1.2474696073675453,-1.6458931319749652,1.5171626653945407,-0.8838324333960141
2016-09-16,1.3896347536501494,-1.2766954774531474,1.2729732494220407,-1.5570599056156853,1.2846464455218713,-1.1134990655252324
2016-09-19,1.6908135632660475,-1.5220182962698727,1.6762445201513998,-1.4604740477973488,0.9204018114219821,-1.3049675507722105
2016-09-20,1.3077259320726888,-1.3397712506070207,1.507009596723135,-0.9742425298592279,1.4833899674248268,-1.9841117157544055
2016-09-21,1.3045664834791388,-1.2705919430233417,1.3799720075699629,-1.0219809386917929,1.6164956450351502,-2.008461254369122
2016-09-22,1.4255311493864937,-1.4808954207185154,1.3478985129925007,-1.379443141520441,1.7730753588537893,-1.6861664589938261
2016-09-23,1.13249289458388,-1.0957108976193326,1.1126304154334612,-1.4046740321040536,1.8887711848461661,-1.6335095651401197
2016-09-26,1.5953733997964061,-1.5174886765446574,1.4197909582681234,-0.8405472984016251,1.1847045978185275,-1.841832980936772
2016-09-27,1.809093592236751,-1.8587118943888683,1.5513205312719354,-0.7510823038490786,1.152605768860537,-1.9032256941312644
2016-09-28,1.7742351274864596,-1.6156515537470497,1.1666265676253058,-0.2608502024891308,1.0179661120438106,-2.082326050919398
2016-09-29,2.053430871522739,-2.0129596056066497,1.886388307011675,0.18497006611953815,0.5013267578878802,-2.613156396935188
2016-09-30,1.445525250509185,-1.3545259304079331,1.2149444081835536,-0.007061626303221047,1.251292733528186,-2.5501748355097718
2016-10-03,1.2854667276782727,-1.5549505689203085,1.092742246551289,0.4275238644804418,1.3463118174482127,-2.597094087237909
2016-10-04,1.1366509486649647,-0.8306190502227397,0.6757367012327613,0.02133213762113506,1.4676080828401186,-2.47070882013623
2016-10-05,1.2584372538666457,-1.0884388144532853,0.9283022576646367,0.1749262894180177,1.4658903825268852,-2.7391173690228974
2016-10-06,-0.3363026977799439,0.8874483433013323,-0.7586346165225937,1.5009047229089978,1.3290415997688707,-2.6224573516766583
2016-10-07,-0.23927028893368707,0.9075534834080079,-0.4216302277534947,1.3320162812173155,1.2220777058275738,-2.800746953765709
2016-10-10,0.004890257551696919,1.3231709074627855,-0.5470488958889224,0.6314395880761401,1.1288838564663455,-2.541335713668043
2016-10-11,0.2660204613427126,1.1725215439867265,-0.5041545561360188,0.8186661927891379,0.8572274733759393,-2.61028111535849
2016-10-12,0.5233354265215464,1.0428526736653616,-0.7434204453651034,0.8261602231122165,0.8635178726108137,-2.5124457505448405
2016-10-13,0.29806677471025544,0.8865983421394072,-0.7683635617116309,1.0117978761689104,0.9171795974531589,-2.3452790287601
2016-10-14,0.40874524171909243,0.8559981500278684,-0.9499304712119923,1.1168082744623975,0.9665694820179644,-2.398190677015332
2016-10-17,0.24685687628542397,0.7421360552351763,-0.9560086048539302,0.7965310937691967,1.7761374269576709,-2.6056528473935363
2016-10-18,0.19904529295925144,0.7194064851824122,-0.975792098584642,0.8304898186117393,1.980181623505206,-2.753331121673967
2016-10-19,0.12130936082922616,0.8766305314895582,-1.1870866355750165,0.6446427289648629,2.447114784799672,-2.902610770508293
2016-10-20,0.19502860072426387,0.7482469994231655,-0.7959559285416473,0.4252905377227112,2.325772146011514,-2.8983823553400128
2016-10-21,-0.25699623308377717,2.16358620384013,-1.5447484847711932,0.6147725557728982,2.0447515267007,-3.0213655684587555
2016-10-24,-0.38510961086874573,2.730192377284672,-1.803589046010453,0.1829794656291739,2.4328164915850734,-3.1572896776197217
2016-10-25,-0.08075309859844815,2.2588768386569145,-1.5281418772391868,-0.09870715672406138,2.062406370601866,-2.6136810766970866
2016-10-26,0.19912010211076847,2.0025502381472626,-1.32258950755618,0.06196930928937405,1.7601647300199867,-2.701214872011211
2016-10-27,-0.5987040466151274,1.4653998219866091,-1.8342419266507175,1.1637079460656858,1.66328864062667,-1.859450435413117
2016-10-28,-0.6027624456642808,0.20247836155134458,-0.11199194977106952,1.1337905820103424,1.549934278196289,-2.171448826322623
2016-10-31,0.9543918253238406,-0.056303409559745,-0.36345228905430993,2.6807873721400552,-0.3411103552722361,-2.8743131435776044
2016-11-01,0.5328495987864486,0.15794451574856883,-0.5790100057295078,2.750854463556718,0.10016860995681531,-2.9628071823190454
2016-11-02,0.07023792865135725,-1.140957477232638,-0.5703235177894213,3.756535567269914,0.0701373892474173,-2.1856298901466262
2016-11-03,0.7260444889823585,-0.8056088356808471,0.22937205487978396,1.9910696482630734,0.017189551916937162,-2.1580669083613078
2016-11-04,1.075009577667812,-0.9151428240139126,0.28048949881040564,1.9913378493137412,-0.11941676655864386,-2.3122773352194033
2016-11-07,1.069574288818817,0.015924288256900176,-0.37637771813465726,1.8358965860619993,-0.20963253134482018,-2.3353849136582356
2016-11-08,1.045496380343339,-0.09925474165666959,-0.3582270020863767,1.863072977462632,-0.3211405488890948,-2.1299470651738357
2016-11-09,1.1413622422536545,-0.5684907000655066,-0.2980893930059043,1.7168385512035034,-0.35076057202073274,-1.6408601283650146
2016-11-10,1.5408178747275176,-0.52797048478919,-0.369368086617639,1.533385283571194,-0.39236594602015673,-1.7844986408717265
2016-11-11,1.1559574960323449,-0.17363308640164288,-0.8502196456916211,1.7072980065418601,-0.5466027472929165,-1.2928000231880246
2016-11-14,0.3313496077256062,1.0537000924423445,-1.1789872817561493,1.341639218121367,-0.39724419653497733,-1.1504574399981884
2016-11-15,0.5331301244474176,2.210958252392496,-1.4962792195864871,0.44714020366119644,-0.7362618924408024,-0.9586874684738236
2016-11-16,1.4693425163923273,1.3689029645409265,-1.3492634962901633,0.9332113225822134,-0.9841647913994449,-1.4380285158258506
2016-11-17,1.267366261322012,0.829760911318818,-1.3162625380095978,2.795056741625836,-1.6871563517822619,-1.8887650244748038
2016-11-18,0.9720158682384898,-0.005197516859512419,-0.8191006386230129,4.628070295694757,-2.2800734310317043,-2.4957145774190073
2016-11-21,1.4108633045996903,0.9192150849489371,-0.263976676616128,4.938026494119107,-3.8356895219401768,-3.16843868511143
2016-11-22,1.3239551980548239,0.19126452095640545,-0.5005449264939621,4.599514305197718,-3.7221530859779626,-1.8920360117370287
2016-11-23,1.4597618091497893,1.1834624604472728,-0.5024768212302888,3.302766876968439,-2.942427294117198,-2.5010870312180136
2016-11-28,-0.4298118318438,3.0763725472625927,-0.40409964866602266,1.4754500134534827,-1.342805095088469,-2.375105985117783
2016-11-29,-0.05734467476838567,2.8634820326169885,-0.05711678254266772,1.0391378850557853,-1.2378494059606808,-2.5503090544010436
2016-11-30,0.30491846576957826,3.2015684155637993,0.38277954585674756,0.19735437049705462,-1.3003264861806008,-2.786294311506577
2016-12-01,0.9181906247128779,3.5375987551736836,0.851970058130588,-0.027924365659010242,-1.3627266691105255,-3.9171084032476178
2016-12-02,1.2403886084028546,3.0921341288154283,0.8230121235917558,-0.10711151628200843,-1.5799317522166998,-3.4684915923113273
2016-12-05,0.8250033797775806,2.7106933175143846,0.3041475419537516,0.008918462049404496,-1.594490404035911,-2.2542722972592077
2016-12-06,0.6049193456674988,2.859849564890978,0.18639280073585596,0.11381333594394683,-1.525948637071628,-2.239026410166656
2016-12-07,1.1089408889560861,2.4553021703510955,0.8585100545615347,-0.058099497706955994,-1.7008893827585192,-2.6637642334032483
2016-12-08,1.06924728187421,2.1798911891991404,0.9218650545297429,0.0046455639314828545,-1.6555845620976317,-2.520064527436946
2016-12-09,1.0803734917532761,2.1301840558932366,0.8830354353273737,0.055964036456272126,-1.678708240884002,-2.4708487785461473
2016-12-12,1.189181512464435,1.852900859141835,0.6434990056978709,0.16027273121045704,-1.452346537277732,-2.3935075712368747
2016-12-13,1.0591092156044102,2.073614831597582,0.4356581654524554,0.17674111902052614,-1.3441362766664087,-2.4009870550085592
2016-12-14,1.481396461550185,2.1661037575647963,0.33677452485479265,0.1555967079313958,-1.6726604368192177,-2.4672110150819457
2016-12-15,1.8265151546621716,1.5525962733191516,0.11093909409470903,-0.24353540261166096,-0.5941101228649894,-2.6524049965993814
2016-12-16,1.4438633725087264,1.9233617398929868,-0.6529142079216737,-0.2865025158035053,-0.03468133262204809,-2.3931270560544857
2016-12-19,1.4497013220864794,1.9220303189649695,-0.703313947309427,-0.29114701341453353,0.04797824777148518,-2.425248928098974
2016-12-20,1.4390753221767305,1.8798556710744352,-0.8172457331952341,-0.16054863916136597,0.010476225031376796,-2.351612845925945
2016-12-21,1.467923227409706,1.4643051726924465,-0.7760055504302077,-0.013379096658026501,0.29134358799632887,-2.4341873410102375
2016-12-22,1.3879655980011307,1.4050140897404422,-0.8296652017806103,0.05454498192110968,0.4376577448039356,-2.455517212686015
2016-12-23,1.4105554694808902,1.349789961267728,-0.673758601020241,-0.06909409195979777,0.38764798596689953,-2.405140723735481
2016-12-29,1.472500352879658,1.257445219137602,-0.616828806261994,-0.05342928135959912,0.3770560368075726,-2.4367435212032404
2016-12-30,1.4484828010919397,1.2549492729654705,-0.6767645710572907,-0.14338898409088507,0.4160320406321212,-2.299310559541347
2017-01-04,1.2397275154076262,1.0821760185563765,-0.8609934425207051,-0.14009658632549415,0.6446965320626132,-1.965510037180416
2017-01-05,1.2023354760645013,1.1132179012700627,-1.1355724656646018,-0.2255220548446455,0.9530915302811467,-1.9075503871064605
2017-01-06,1.1648211383413418,1.060428174645864,-1.1447192290739068,-0.28309728786729016,1.1320949762214276,-1.9295277722674442
2017-01-09,1.5734959776802278,1.1336390608224853,-0.7695904101500162,-0.40363389318064025,0.5310474179529359,-2.0649581531249925
2017-01-10,1.437894270905936,1.013841076582068,-0.8356284144460275,-0.5629861432072589,1.1815037943172664,-2.2346245841519803
2017-01-11,1.5641160388493347,1.0015004477009537,-0.8310432357336719,-0.6926331271008244,1.281087364065856,-2.3230274877816424
2017-01-12,1.864618661496154,1.2976560512870545,-0.6190419190220382,-0.7719272935781811,0.8722311936909906,-2.6435366938739637
2017-01-13,1.6307064294047446,0.7334125713857693,-0.52543569556188,-0.6753730328628618,1.0557217983971872,-2.2190320707629594
2017-01-18,1.758672837722342,0.7905470848044525,-0.4983048892609041,-0.7827577729141253,0.8537414318268901,-2.121898692178659
2017-01-19,1.707098075297365,0.715913805011799,-0.4883190227848324,-0.7035526424217311,0.8137122813164628,-2.0448524964190637
2017-01-20,1.733842836145108,0.6953291119015477,-0.8521792917768032,-0.4109190720331797,0.7725868656563586,-1.9386604498930369
2017-01-23,1.5780625385706326,0.6859663815612018,-0.9427789756153864,-0.4256134939979779,0.8576430068313712,-1.7532794573498285
2017-01-24,1.5427687795700962,0.7417481259493153,-0.9226814421694023,-0.4837338675932261,0.87045119910244,-1.7485527948592205
2017-01-25,1.3768802533833213,0.7773195760522551,-1.0142854051452428,-0.5282886043235222,0.9481830446510224,-1.5598088646178379
2017-01-26,1.565752987076804,0.8444025767188643,-0.5465666316201165,-0.6046681811480026,0.5933898223750675,-1.8523105734026155
2017-01-27,1.4674594819155296,0.8972433959508681,-0.1227083811178975,-0.8449312027612286,0.6120606143652023,-2.009123908352482
2017-01-30,1.20079511348108,1.1067575877738296,-0.3595387949439104,-0.9557778253814893,0.4749781436540177,-1.4672142245835256
2017-01-31,0.8779377810008562,1.3569028076295178,-0.8804738413447506,-0.9920488986627158,1.2254189011056384,-1.5877367497285486
2017-02-01,1.220942900078768,0.911097205204622,-0.6313908062926448,-0.8949555150492015,1.0264860995544298,-1.6321798834959729
2017-02-02,1.158846922392442,0.5959981981314755,-0.6344689479104364,-0.8773965815011686,1.3679998936745967,-1.6109794847869083
2017-02-03,1.2646295505314544,0.5829760834201796,-0.5398526834105226,-0.8289394865429589,1.1293420861151184,-1.6081555501132676
2017-02-06,1.3480267471071379,0.7030560120398377,-0.4636535334758989,-0.8679490456937962,0.9086100726345434,-1.6280902526118302
2017-02-07,1.3428417238675916,1.0983739858549297,-0.8034166420813982,-0.8151657319765415,0.8412759388362723,-1.6639092745008595
2017-02-08,1.3015795590874752,1.0739802593455945,-0.792152376609323,-0.7650289832007333,0.8791735667037932,-1.6975520253267986
2017-02-09,1.1041587695554504,0.9966818412496323,-1.1361558440122757,-0.8315233642009958,1.6078610414319792,-1.7410224440237918
2017-02-10,1.2038083080818502,1.1285558299704492,-1.262563535033781,-0.9625526906095527,1.6128518106837517,-1.7200997230927253
2017-02-13,1.0164468156511113,1.2062585755095192,-1.2139065825244018,-1.024881229086355,1.782357306951043,-1.7662748865009101
2017-02-14,1.002200461718898,1.1724407103473444,-1.201185966401889,-0.9370450618112147,1.828743505680327,-1.8651536495334615
2017-02-15,0.9846106215879455,1.1735064616185271,-1.238606547575138,-1.1258481926631485,1.3696395659754894,-1.1633019089436776
2017-02-16,1.1923549038535057,1.1335730522805445,-0.9348062563209432,-1.2939802676424796,1.0136752439103611,-1.1108166760809832
2017-02-17,1.2367202956831136,1.0331925469645018,-0.8494992338819909,-0.9195776239516769,0.8896409958893718,-1.3904769807033204
2017-02-22,1.2058869325019277,0.9793583751914028,-1.129187196232536,-0.547858857742153,0.7997872862466375,-1.3079865399652815
2017-02-23,1.8749405407465574,0.6965789752873102,-1.0525705388720752,-0.20788499588984877,0.005643195601016782,-1.3167071768729517
2017-02-24,1.9277916420630046,-0.01092172156427118,-0.6445954607254354,0.27306711311173704,-0.14250756640418727,-1.402834006480846
2017-02-27,1.9702864737589039,-0.1901455819838711,-0.6291885945778528,0.43298851812473593,-0.060178502770572795,-1.523762312551345
2017-02-28,2.203145094470001,0.02324981252693714,-1.437451372196639,0.5471366247618441,0.1373710807381654,-1.4734512403003033
2017-03-01,2.2502917215729283,-0.09684530312238859,-2.2654825713805584,1.0989218657109632,0.31698809181495147,-1.3038738045958949
2017-03-02,1.6689665326013436,0.10705239142049283,-2.0103243350123163,0.9728309112485647,0.20879485240765083,-0.9473203526657408
2017-03-03,1.4907344509670608,0.4567374951184564,-1.905486195333574,0.5011203678606639,0.6136253414465105,-1.1567314600591179
2017-03-06,1.386159702901776,0.6291704152285194,-1.7099626250167015,0.6998863789131748,0.24036514063059,-1.245619012657362
2017-03-07,1.4510936618629389,0.21612264631586564,-1.2626126955500485,0.6938557016048428,0.2507987194403998,-1.349258033674
2017-03-08,2.5949551289448793,0.23978969683822893,-2.179867846676431,0.6583662223693629,0.29780024283155315,-1.61104344430759
2017-03-09,2.1200686340649204,1.0458158597163218,-2.973063665382525,1.1298802854594356,0.22833435828741067,-1.5510354721455637
2017-03-10,1.9353568790368643,0.38052062551742916,-2.524726880355602,0.8814555768180501,0.4677610652827773,-1.1403672662995132
2017-03-13,1.9027306654893454,0.6248266312630353,-2.5592780031097417,0.8618563744652672,0.33715655102641495,-1.167292219134312
2017-03-14,1.5556194817313003,0.7502983268886245,-2.4312001594949075,0.750667146112753,0.5798411858819517,-1.2052259811197303
2017-03-15,1.7142781321986487,0.2038108099519138,-2.0178963941891963,0.6454673746144985,0.8160334721603042,-1.361693394736174
2017-03-16,1.7375207098873862,-0.27342797824947773,-1.737083966513822,0.49470071856992526,1.267904391988552,-1.4896138756825645
2017-03-17,1.6502991687825128,-0.47652732270655607,-1.9029343244879806,0.37363785778949765,1.723709288955503,-1.3681846683329797
2017-03-20,1.5791432982241647,-0.45656566508828966,-1.934202028295128,0.4560408224926533,1.8384565748650825,-1.4828730021984848
2017-03-21,1.531133376746289,-0.44638208231573273,-2.3212755043711555,0.1259038823886911,2.322932925561213,-1.2123125980093015
2017-03-22,1.3266200595715727,-0.41524172053550856,-2.4051305402786545,0.2480362055494929,2.44694527814871,-1.2012292824556163
2017-03-23,1.348808861833814,-0.5276752702199201,-2.7401910359559025,0.47389980966600476,2.5591099957202412,-1.1139523610442397
2017-03-24,1.0809982407282481,-0.34736283999993933,-2.920291741874622,0.7249370533725505,2.614729239136652,-1.1530099513628822
2017-03-27,1.2503936251081695,-0.36198379746926745,-2.808238669847717,0.6345096480901784,2.5530001280727737,-1.2676809339541446
2017-03-28,1.5151899996981593,-0.3214713410084613,-2.1155786145002953,0.45914082388930666,1.9293920475192965,-1.4666729155980036
2017-03-29,1.6703424818457933,-0.32660708598389565,-2.029033843559728,0.37431508456688256,1.8068704074804507,-1.4958870443495087
2017-03-30,1.7816285941234673,-0.3558050794100214,-2.22534193763701,0.4384408191632847,1.8036251073231404,-1.4425475035628557
2017-03-31,1.855456030309388,-0.06092065384603185,-2.4671524024142713,0.3253534944937506,1.8053739707581546,-1.4581104393009952
2017-04-03,1.8625137854063771,-0.059149352189496796,-2.4730849265404755,0.3362734800992442,1.8265124929279235,-1.4930654797035707
2017-04-04,1.8527056371160144,-0.1706316743197691,-2.442092089094518,0.36280270715021956,1.6891029617959372,-1.2918875426478797
2017-04-05,1.883042684548542,0.03233747594016956,-2.4152887176470204,0.18321191848933793,1.6559502400570212,-1.339253601388052
2017-04-06,2.1368732022113486,0.03314079468582287,-2.5167656836214034,0.1703330972067798,1.593191258805184,-1.4167726692877434
2017-04-07,2.3011482231067797,-0.09417829063362149,-2.509304424084214,0.19188479281231174,1.653258995835126,-1.5428092970363814
2017-04-10,2.188284246717113,0.17100063433589963,-2.691222725423951,0.09939146780856323,1.6135900140928583,-1.3810436375304804
2017-04-11,2.1727045266516267,0.14169341255610624,-2.7154605496177195,0.08866784205894973,1.7845325666796459,-1.472137798328614
2017-04-12,2.5976418564415775,-0.5933471458398603,-2.6101830789973084,0.27264550723304914,1.4765392377587712,-1.1432963765962239
2017-04-13,2.6064782456071747,-0.638547815287013,-2.5494368912726584,0.28096592423201816,1.4203529271329436,-1.1198123904124668
2017-04-19,3.1007395272475664,-1.1167022966354412,-3.595292214654622,0.8256169766725208,1.2586809166805288,-0.47304290931055215
2017-04-20,3.0327312067800243,-1.1354331126171107,-3.8484451112137146,0.7744453438258789,1.4012171911463627,-0.2245155179214402
2017-04-21,3.1255650112303117,-1.0119013358175017,-3.1856616060696323,0.8255412320289794,0.9376462014468365,-0.6911895028189896
2017-04-24,3.0078878861155465,-0.9458358297223355,-3.2723943021265027,0.7269058466057823,1.08436599698982,-0.6009295978623097
2017-04-25,3.153108581131085,-1.0075625552261602,-3.067490100973618,0.5901906367723333,0.8996244824867574,-0.5678710441903991
2017-04-26,3.4791581926391606,-1.0914219748691965,-3.303040209097773,0.7257240582965192,0.823777821247988,-0.6341978882167068
2017-04-27,3.2595686623272835,-0.8925041200890549,-3.147468149014151,0.6836056101393782,0.9233695867721123,-0.8265715901355755
2017-04-28,3.0919855665303073,-0.7791063640586846,-3.2571578694557246,0.7193243734199868,0.85159825927445,-0.6266439657103255
2017-05-01,3.448987761342715,-0.7819058580919283,-3.801501631073312,1.095145255705229,0.8245958082055247,-0.7853213360882259
2017-05-02,3.430570856246696,-0.994689734585402,-4.164079627538867,0.9437354968281877,1.7399899113854995,-0.9555269023361048
2017-05-03,3.5063703906670556,-0.944650194086925,-4.045398180558013,0.8844329590276843,1.6244437471241602,-1.0251987221739571
2017-05-04,3.8052963670810023,-1.1492454262533145,-2.8776310475967275,-0.02050473918794804,1.6183884111014675,-1.3763035651444824
2017-05-05,3.6308693499217366,-1.0074596271302978,-2.0828359971326984,-0.23508763460995752,1.5348557712208644,-1.8403418622696472
2017-05-08,3.5138996436861394,-1.24589045549815,-2.7176958496882397,0.23872974455399287,2.2672148796696012,-2.0562579627233437
2017-05-09,3.6639132424905165,-1.2080523727348296,-2.6522431950949317,0.21905579282864807,2.1878092262897146,-2.210482693779109
2017-05-10,3.5391637572935117,-1.0991358038698924,-2.2130448320327494,-0.03401007665882716,2.0919016895211033,-2.2848747342531524
2017-05-11,3.2855351728162336,-0.8943555291286778,-2.0190621400976125,0.025746942974798515,1.5735299411392516,-1.9713943877039841
2017-05-12,3.0506477449901013,-1.1242748248171965,-2.055572925726886,-0.24694368874942185,1.8803212562464457,-1.504177561943036
2017-05-15,2.6484249030306533,-1.3127096224959942,-1.4884985709466685,-0.5419824278317238,1.4522642990128785,-0.7574985807691519
2017-05-16,2.4521302841384607,-1.5038979727651185,-1.2226541781536442,-0.12931512526773759,1.3725471005696952,-0.9688101085216543
2017-05-17,2.101589571086672,-1.3969112125695404,-1.6035723517591967,-0.2940513151182893,0.9180769185036741,0.27486838985667905
2017-05-18,1.825499081932854,-1.4994733400405855,-1.7462881351538888,-0.36300327895760987,2.1911682004292383,-0.4079025282100104
2017-05-19,1.0998369785598463,-1.6007333015904748,-1.6186135977817218,-0.914902069576617,3.561071402369845,-0.5266594119808694
2017-05-22,0.8840741283144968,-1.4311938970443245,-1.6608094763297032,-1.0648963561820253,4.006736347668686,-0.733910746427128
2017-05-23,1.647288812401512,-1.2233946162548919,-1.15963358350308,-1.110511110848062,2.9774462358888547,-1.1311957376843313
2017-05-24,1.51029057174848,-1.256802639456013,-1.3496972521623496,-1.3530666293829476,3.2264367155758054,-0.7771607663229818
2017-05-25,2.271461954271256,-1.487192957877935,-2.209938272321862,-1.4005860597714026,4.256209142772767,-1.4299538070728235
2017-05-31,2.5885759736402356,-2.0057648537506316,-3.198317756329369,0.1781164238779871,4.371416214875908,-1.9340260023141247
2017-06-01,2.4577121014943986,-1.8166141168055114,-2.7767765020752497,0.2763828340548109,3.968720028279086,-2.1094243449475285
2017-06-02,2.228497465312584,-1.4297694222120132,-2.498704558601519,0.2907791041931169,3.8722559796560367,-2.4630585683482105
2017-06-05,1.758942414385447,-1.2081419195488627,-2.4874078977364222,0.043318155446418594,4.0089312206124195,-2.1156419731590064
2017-06-06,1.718658251699309,-1.1692263050368674,-2.666331361990701,-0.07027823149859813,4.112915761541014,-1.9257381147141506
2017-06-07,2.017727064444964,-1.1282754349592565,-2.1242234769823884,-0.13293748857525234,3.569939299693885,-2.2022299636219493
2017-06-08,2.2659853509023877,-0.9982125623131797,-1.9393876248901547,-0.16054655830068132,3.2708494784935795,-2.438688083891947
2017-06-09,2.5498673626038224,-1.2938725939499407,-1.9000334311484872,0.06715395155069181,3.2313818714061546,-2.654497160462228
2017-06-12,2.2158890210465962,-1.6426735634936427,-1.7050143392840047,-1.422601307396615,5.492580617011504,-2.938180427883842
2017-06-13,2.1115248049991884,-1.8969170472640648,-1.3056386591830078,-0.5787428478846177,4.485291208334171,-2.815517459001669
2017-06-14,2.558957900232068,-1.4340287040756055,0.702543634834603,-1.4846010568100603,1.5204726611005954,-1.8633444352815998
2017-06-15,2.455411305959487,-1.482724620368134,0.6395099349191682,-1.205972583240123,1.515130844347179,-1.921354881617578
2017-06-16,2.451303467472396,-1.182129882622152,0.724482217518787,-1.0928261374012465,1.118790602649641,-2.0196202676174315
2017-06-19,2.2529763689030133,-1.246902945057382,-0.1928709316805488,-1.2199114893612926,1.8108712768600945,-1.4041622796638746
2017-06-20,1.6958834846410156,-1.0468464656284224,-0.37878124862773355,-1.4091742859840366,1.8323496184318628,-0.6934311028326867
2017-06-21,1.931599818234453,-1.0939284681584058,-0.6696876067433273,-1.1500522328994993,1.8509627452196415,-0.8688942556528598
2017-06-22,2.025691652947252,-1.3037795926541569,-0.27512982159126054,-1.3064617435629398,1.9685207373385527,-1.1088412324774493
2017-06-23,1.7408756546955058,-1.3262385265177792,-0.6804191392195023,-1.7380135111204602,2.4678533752166922,-0.4640578530544639
2017-06-26,1.8948397784514555,-1.1729113594830212,-0.8045152469002925,-1.2323609829522724,1.9900028930084392,-0.6750550821243131
2017-06-27,1.8605663669862835,-1.3189569928367955,-1.0309348548860928,-1.2971237155085564,1.8217921978465852,-0.03534300160142134
2017-06-28,1.7974106448993155,-1.3849515325567148,-1.0768783040273648,-1.248203167930095,1.482155383463494,0.43046697615136065
2017-06-29,1.9529883325235886,-1.3047875217992995,-0.7470185198818768,-1.1600718007738973,1.318321862269367,-0.05943235233787725
2017-06-30,1.8219900114526943,-1.200003375100454,-0.7301395688727723,-1.1901742907926236,1.5383905896561019,-0.24006336634294634
2017-07-06,1.8457442218513744,-1.0057452469491137,-0.7567552321438828,-1.188030600796317,1.3814281480330002,-0.2766412899950592
2017-07-07,1.6603055193207261,-0.8618677113890691,0.023164604206927564,-1.028443871701671,1.0016349228098997,-0.7947934632468123
2017-07-10,1.6473387991350101,-0.9115751542580175,-0.044070645804108466,-1.0528950859196584,1.2758356598590153,-0.9146335730122335
2017-07-11,1.7227573985323072,-1.0831329132894858,-0.03405994655261857,-1.046992807219648,1.3850244318700078,-0.9435961633405565
2017-07-12,1.5417202739471865,-1.2561920469972403,0.20725233645813823,-1.209201397922758,1.5895890927280503,-0.8731682582133748
2017-07-13,1.555065115872873,-1.3745119000802908,0.18434246665020027,-1.234076389079319,1.61962006319271,-0.7504393565561727
2017-07-14,1.1443570016843196,-1.160976100074277,0.044556900799722854,-1.5150858835011007,1.9340033847451124,-0.446855303653785
2017-07-17,1.147035930264991,-0.9386544207152214,-0.09125216777143752,-1.4867151078914826,1.989712370785989,-0.6201266046728384
2017-07-18,1.059476965293916,-0.9300450923017363,-0.2245291248739667,-1.5827548302428172,1.8476208462051482,-0.16976876408054453
2017-07-19,0.8426830457674725,-1.0073066019265848,-0.34404012702629583,-1.6478600764254834,1.9097493500532008,0.24677440955768493
2017-07-20,0.5297542041474053,-0.8205320318838694,-0.29228408944766127,-1.6786488127568804,1.9537182681969338,0.3079924617440799
2017-07-21,1.826297616873985,-1.7514415773525411,0.4956271516291295,-0.859317340764183,1.1664847622298877,-0.8776506126162837
2017-07-24,1.6946833637486023,-1.7719387206801493,0.5258611662949129,-0.7539875279795822,1.2585946189776345,-0.9532129003614147
2017-07-25,1.522503696277747,-1.7133095849491542,0.5869344356974207,-0.7949830850573463,1.5276200303841247,-1.1287654923527897
2017-07-26,1.3234974770935857,-0.4986823888686507,0.25700287982355086,-1.0394575600978122,1.1102311663612698,-1.152591574311934
2017-07-27,1.44957797640037,-0.3916428275213324,0.40884581830154865,-1.099328589003222,0.9536589149152879,-1.3211112930926472
2017-07-28,1.6744921170794136,-0.468976881761642,0.6206615671621538,-1.077063746843753,0.627615733487001,-1.3767287891231736
2017-07-31,1.533777195927355,-0.4886890578856182,0.7100887934669018,-1.1266138711975202,0.7201781014445423,-1.3487411617556624
2017-08-01,1.5433199303048966,-0.5907246937469115,1.0870149922434074,-1.1661288824589313,0.6846097774260151,-1.5580911237684774
2017-08-02,1.4669031788336717,-0.6364760254577757,1.3166930035194717,-1.537158475664965,0.4412168956508977,-1.0511785768813067
2017-08-03,1.4899733863031699,-0.5967213838924976,0.8953200173445772,-1.2825138886542273,0.4796624018726008,-0.9857205329736254
2017-08-04,1.6926801083518548,-0.7996262964356495,0.881713773555278,-0.888880205379925,0.38472566234841565,-1.2706130424399682
2017-08-07,1.5220565949249902,-0.7588807236857287,0.9315768249446919,-0.9308884511274407,0.2768408067556205,-1.04070505181213
2017-08-08,1.5408971840061998,-0.7679879516792965,1.1154696755494555,-0.931706879196275,0.2068054167638369,-1.1634774454439243
2017-08-09,1.468400087172002,-0.8032548160013311,0.9285986291270785,-0.9600054780346028,0.23201754946437703,-0.8657559717275236
2017-08-10,1.278073117286464,-0.616495693624092,0.9915688617674014,-1.0040452775246749,0.023761365903163245,-0.6728623738082562
2017-08-11,1.2613956630153709,-0.48035538655015775,0.8876227079291823,-1.0062013301684463,-0.12706921691210482,-0.5353924373138494
2017-08-14,1.1348766892374016,-0.6016501901737079,0.7636015023155522,-1.1336916459885842,-0.13628255892258645,-0.026853796468069735
2017-08-15,1.100090912522921,-0.6924267051846862,0.6672670622980057,-1.1201424108940703,-0.13710743175337692,0.1823185730112069
2017-08-16,1.2557973031063892,-0.8048583015458912,0.7422401421481375,-1.0822396816298054,-0.3971324483219667,0.2861929862431425
2017-08-17,1.0130078747959743,-1.09526453652146,0.5753747202529294,-1.2955747105396282,-0.5034031923965654,1.3058598444087555
2017-08-18,1.2276969150273231,-0.8873135607134282,0.5082487489663929,-1.3954179818663812,-0.7967697437436785,1.3435556223297747
2017-08-21,1.5225909902342005,-1.539841579140585,-0.015600891486815094,-1.3821302131503836,-0.0014223981607219827,1.4164040917043077
2017-08-22,1.5120498076783324,-1.569065005947688,-0.07348785088541376,-1.0615471756812607,0.06664954001476264,1.125400684821265
2017-08-23,1.8732208409885933,-1.5780153775611427,-0.36237947535010573,-1.5206637356727226,0.9408453443680802,0.6469924032272978
2017-08-24,0.9660047423536504,-1.4717021562961583,-0.5380195046072753,-0.30153305635069216,0.7310497110491432,0.6142002638513278
2017-08-25,1.0038252994956496,-1.3696434330161766,-0.47073757573993547,-0.5023270941153939,0.6513495770839741,0.6875332262918779
2017-08-28,1.2746323246607254,-1.4426490276632733,-0.6463126286243313,0.05299936084351842,0.3680123221684042,0.39331764861495877
2017-08-29,0.9222171024307784,-1.3161557479698254,-0.7357132919531599,0.3385546270926847,0.48437818220909934,0.30671912819041935
2017-08-30,1.2155879200674065,-1.3402760229408117,-1.346978871901448,0.7042302055308944,0.6413898688830502,0.12604690036091348
2017-08-31,-0.16615112385242004,-1.384591860281275,-2.0886096326078203,2.745620007165062,0.7185386556036839,0.1751939539727707
2017-09-01,0.05019038207293036,-2.7848764381934585,-2.3041477266257377,6.481705210563716,-0.1334534708750339,-1.3094179569424196
2017-09-06,-0.3151219593493684,-2.2488881394154836,-2.4676873449595025,5.969951366540439,0.2880869421542607,-1.2263408649703469
2017-09-07,0.0301267005846384,-1.6662874639768457,-1.7913665029020889,4.399884871968547,0.05716710145330861,-1.0295247071275695
2017-09-08,-0.44448617342795416,-1.5277475593862742,-2.1848010211311992,4.55920863227813,0.8734300142119067,-1.275603892544608
2017-09-11,-0.1769144427370417,-1.5408883488046807,-2.0516378480794817,4.488239616633329,0.5716785487732281,-1.2904775257853514
2017-09-12,-0.0055181742355836505,-1.6077714162061976,-1.0468549953963668,3.379677208927917,0.24988180877103883,-0.9694144318608156
2017-09-13,0.24304944613283652,-0.6826678489205502,-0.5971878707623874,2.6969347579017184,-0.22834245668803144,-1.4317860276635843
2017-09-14,0.19080392406229585,-0.7341617375056311,-0.6670366885104215,2.648564309697025,-0.04279150761895201,-1.3953783001243152
2017-09-15,-0.1778859963392243,-0.6538531432369563,-0.8761564959806529,2.7252067438980494,0.12195480188818708,-1.1392659102293938
2017-09-18,-0.22387360236567666,-0.4081196532610354,-1.2036646169564271,2.7257603673065827,0.1386526291279777,-1.0287551238514234
2017-09-19,-0.29645687271253873,-0.3015291147048218,-1.2872550712481017,2.7936487347339223,0.178798820529384,-1.0872064965978365
2017-09-20,-0.3581089254419352,-0.22080954109388595,-1.0412457503602823,2.5947216718958996,-0.019149686435038227,-0.9554077685647497
2017-09-21,-0.26871539384668,-0.2743255515087195,-0.8618316347322237,2.4326034173382602,-0.006856070476135567,-1.0208747667745066
2017-09-22,-0.39826959871968626,0.9896640917655966,-1.3724386895935154,2.3017060198119004,-0.3473234002795258,-1.173338422984773
2017-09-25,-0.4336349790727523,0.634382271554653,-0.9291733602776135,1.9973514582364413,0.5669268766363791,-1.8358522670771118
2017-09-26,0.07097319208018504,0.07902683892464157,-1.061826253341092,1.6026022777963091,1.2372033476855617,-1.9279794031456057
2017-09-27,0.014671133893328303,0.13787134941185597,-0.9844438136410298,1.4475211757909485,1.5583056790026508,-2.1739255244577596
2017-09-28,0.1115776087666287,0.11842950026315258,-1.0390897386477924,1.33199321805492,1.6083712967472374,-2.131281885184148
2017-09-29,-0.6913179405395145,0.483839095813813,-0.7920866712846859,1.3213366371378457,1.8200925044834033,-2.141863625610863
2017-10-02,-1.3676567588718855,0.2360869521747766,0.27228056650703625,0.9990208951646045,1.7364932546701768,-1.8762249096447121
2017-10-03,-1.314378434399024,1.1553567053394604,-0.15177569041311045,0.6287920906934619,1.5587486107906052,-1.876743282011395
2017-10-04,-1.219117365768887,1.229510457109996,-0.25797394767004267,0.7584060835056414,1.5013608656045623,-2.0121860927812687
2017-10-05,-1.2105151064056772,1.0735301293558006,-0.10453153947919613,0.7086823637681836,1.5081039664498732,-1.9752698136889864
2017-10-06,0.33014371360462924,1.3116444222342527,0.21995099830072196,0.019976270459704182,0.45244006100880174,-2.334155465608105
2017-10-09,0.10658087873458033,1.1288726996417364,-0.42526320959771446,-0.15253566229845283,0.989337908840795,-1.6469926153209449
2017-10-10,0.4553679582473471,0.5793939346419938,-0.3079511970422928,-0.09360495929321022,0.989052379573137,-1.6222581161269811
2017-10-11,0.12211461777510557,0.39984490586219734,-0.15901394796832857,-0.2589741668608809,1.5648415926715478,-1.6688130014796412
2017-10-12,0.13469170402166863,0.35172806792785494,-0.1687404279055249,-0.27662399060920784,1.6807152844217041,-1.7217706378564954
2017-10-13,0.17491124978827965,0.42260920185545214,-0.1706649537785374,-0.31824974546984297,1.5081744950088445,-1.6167802474041963
2017-10-16,0.3478208448844242,0.6084391117301153,0.06947159268221803,-0.45315636401932124,1.1122189441892991,-1.6847941294667361
2017-10-17,0.3678121938888044,0.5805087732727146,0.05335733966303913,-0.4186558715886619,1.0964089049190444,-1.6794313401549372
2017-10-18,0.38691087068757657,0.5574825002642099,-0.03747482345990605,-0.3527187872764763,1.1315217503298558,-1.685721510545265
2017-10-19,0.4808931279903259,0.5627710857706081,-0.04621062289862987,-0.3153126002362505,1.0476505929871776,-1.7297915836132252
2017-10-20,0.4777678559494536,0.5528484109490361,-0.04529709413290828,-0.30183649022616343,1.0527511956384568,-1.7362338781778672
2017-10-23,0.326951504493886,0.6656275989986051,-0.2725054285188442,-0.3443892592961797,1.3799416885702747,-1.7556261042477408
2017-10-24,0.3465888600821305,0.7172147095573362,-0.2693438183417669,-0.34306171314846967,1.3459945881880562,-1.7973926263372912
2017-10-25,0.12877851192085998,0.7303073531576185,-0.33746908752318916,-0.6233463770448733,0.9678896789108795,-0.8661600794212925
2017-10-26,0.10149018065280746,0.7488896111103722,-0.3455955996647484,-0.6743339077834758,1.0155343815725244,-0.8459846658874781
2017-10-27,0.9310981771954685,0.6519463134772896,-0.39876631589767264,-1.3748706772521802,0.3009530565007337,-0.11036055402363809
2017-10-30,0.8967038299376542,0.6293946476280015,-0.4839853018111526,-1.4751876187188562,0.7447303334494952,-0.3116558904851372
2017-10-31,0.6587910349803092,0.8094380103215619,-0.4719130379105172,-1.4457499188167904,0.7240827198727056,-0.27464880844727046
2017-11-01,0.8078900216776033,1.2603924412390888,-0.5435810013502627,-1.3384812955699856,0.41910032123436336,-0.6053204872308093
2017-11-02,0.7683018198404632,1.4452922206939105,-0.4512693237768364,-1.3965882799151226,0.377854067010182,-0.7435905038525927
2017-11-03,0.9512682209668215,1.521545265834813,-0.6284441545795101,-1.4765417933011071,0.47823171971149714,-0.8460592586325033
2017-11-06,0.02980909951972066,2.317592668457502,-0.5975892985884457,-0.4614849821618101,-0.19147310172460585,-1.0968543855023625
2017-11-07,0.18792308496621324,2.1929020350219415,-0.6804506330377453,-0.5369456987571857,-0.1549691036521672,-1.0084596845410574
2017-11-08,-0.03930605110106811,2.5914339430599,-1.0686026994027182,-0.6178680606276998,0.3739688470537774,-1.2396259789821862
2017-11-09,0.2074023675812917,2.9556304709211667,-1.2803276489802942,-0.8672502563093456,0.5609796446586768,-1.5764345778714959
2017-11-10,0.3864607165330849,2.6648184097191185,-1.1870853172396094,-0.6372881295548307,0.3229550468989242,-1.5498607263566866
2017-11-13,0.027012992287275495,1.6375094287462972,-0.30482634615062665,-0.36336647417941226,0.537006642878306,-1.5333362435818363
2017-11-14,-0.18247347967724892,1.7868949177476758,-0.3860717364858939,-0.32726923304075495,0.5434658727129742,-1.4345463412567478
2017-11-15,-0.1681798620627859,1.746790812401903,-0.6678293321338442,0.3843092564154382,0.5648528024739421,-1.8599436770946571
2017-11-16,-0.08834807510776344,1.7318647131192244,-0.8872109412846809,0.43860120130819613,0.7131697283320659,-1.9080766263670386
2017-11-17,0.03384796940716317,1.5896797685570063,-0.7472805661752435,0.3358753185579282,0.6611901338974566,-1.873312624244306
2017-11-20,0.43930986435580444,1.5435485064223982,-0.5554124680485204,0.05283677438087864,0.42424121433324347,-1.9045238914438047
2017-11-21,0.4971600639666507,1.6143516903656603,-0.7229435135239468,-0.3037920309891726,0.5567126521881067,-1.6414888620072996
2017-11-22,0.4765950583815126,1.5410249522500552,-0.6406886928135584,-0.21112470724363153,0.29965782470853597,-1.4654644352829131
2017-11-27,0.41580352262403597,2.13412557770946,-0.40723731832947596,-0.4385379604242532,0.007556935539292375,-1.71171075711906
2017-11-28,0.3240545503950658,2.051168925097863,-0.5355452735286859,-0.3630778319651844,0.3049322299257433,-1.781532599924803
2017-11-29,1.2305753781921043,1.0672608184510404,-1.1126301134091543,-1.154353904337933,-0.015099657275037703,-0.015752521621019255
2017-11-30,1.1446530713615939,1.2626774485609409,-1.1155447608672038,-1.1597281525348793,-0.037730824170976174,-0.09432678234947289
2017-12-01,1.1118447962769684,1.7180020199318822,-1.2172667105445845,-1.652171453414172,-0.34494021134137176,0.3845315590912719
2017-12-04,0.949829616207368,1.9609822127665084,-1.6346434357168178,-1.318588353054695,-0.3943768667693264,0.43679682656697283
2017-12-05,0.9867580905645594,1.7087956084396467,-1.6617678380440752,-1.1476918191515084,-0.35893863179204777,0.4728445899834237
2017-12-06,1.5443845450491187,1.1635613281083201,-1.2298905417018648,-1.5794302287956734,-0.34669359768289,0.4480684950229987
2017-12-07,1.778554274829391,1.0484019079513223,-1.0289734457319213,-1.7117798887130538,-0.29009361496839325,0.20389076663265993
2017-12-08,1.6828810640556648,0.722772563375429,-0.8868394321931898,-1.327542989532815,-0.24429389599311246,0.053022690288031527
2017-12-11,1.3510825851299515,0.5783168224274493,-0.5039295510030151,-1.1431200950466582,0.022796547582733417,-0.30514630909045737
2017-12-12,1.7947058447533903,0.4829143335481638,-0.29381293769906325,-1.226386289667201,-0.19972118192922572,-0.5576997690060592
2017-12-13,1.6302292680183799,0.17478619997203548,-0.3818701210696256,-0.6839090936928027,0.058834865609831866,-0.7980711188378105
2017-12-14,1.2853480388859877,0.45339964156795265,-0.9157003996779931,0.2338832973387106,0.2578581913906697,-1.314788769505332
2017-12-15,1.4960422998747376,-0.03146591643635732,-0.741100995903536,-0.26622062250329215,0.16477783033804805,-0.6220325953695984
2017-12-18,1.6662473694004234,0.024354720571947208,-0.590108619833611,-0.19567499326581572,-0.21437860498706485,-0.6904398718858653
2017-12-19,1.6652481116572693,-0.123797778689549,-0.5753372443712195,-0.228123502046655,-0.23500405768671628,-0.5029855288631317
2017-12-20,2.112580019106163,-0.24766789457307103,-0.5841613175142619,-0.3580027685419429,-0.31544445093977114,-0.6073035875371171
2017-12-21,2.0968305978534794,-0.2667962769371588,-0.5849237863151018,-0.4771098169701098,-0.26635376475163675,-0.5016469528794656
2017-12-22,1.9115836071965209,-0.021710052580480976,-0.5546058241030476,-0.8158670720757746,0.22762209185280113,-0.7470227502900162
2017-12-28,0.8863966449775509,0.42900061803496214,-1.1432351132045344,-1.526676238504706,2.841880896844492,-1.487366808147761
2017-12-29,-0.5565486705957028,3.210448271199595,0.3008444231761347,-3.426238334133821,1.7254851411819252,-1.253990830828133
2018-01-11,-0.5101691372339268,3.2772183052814,-0.08803447823494359,-3.297102826350354,2.515764853829094,-1.897676717291271
2018-01-12,-1.2553963004749473,6.796223656649513,-0.9033390808774007,-2.320382222855728,0.4464375814709278,-2.7635436339123687
2018-01-17,-2.648362784724741,11.538563975696272,-2.5929793853003575,-1.4998779612806805,-0.7540089502392768,-4.043334894151224
2018-01-18,-1.3003800890762758,8.318572807012574,-1.6060535151191848,-1.2022872916076315,-1.1952847166705247,-3.0145671945389623
2018-01-19,-1.3646268594141038,6.875972860305158,-1.3582172570408027,-2.29454989123302,0.6004497388533521,-2.4590285914705876
2018-01-22,-1.0434782485479754,6.9494587977953834,-1.3483863899219246,-2.128913348513457,0.061882841698264635,-2.490563652510285
2018-01-23,-1.0415858444650015,6.46053997584931,-1.3378515286071968,-1.757131332957985,0.20502843515856561,-2.5289997049776947
2018-01-24,-1.523576637423485,6.96583694678303,-1.58707153018379,-1.617552157787764,0.28767848291846665,-2.5253151043064634
2018-01-25,-1.580427512216752,7.107406916001379,-1.6868808506876878,-1.4159463329471143,0.27081716485085217,-2.694969385000683
2018-01-26,-1.461921192635801,5.685239275366328,-2.201818718340135,-1.0804557625886257,1.144929998957302,-2.085973600759069
2018-01-29,-1.694552814339037,5.787380423916693,-2.4217507364743938,-1.063724421499816,1.2389444244981638,-1.8462968761016145
2018-01-30,-1.8563095079299101,4.6058801338622315,-2.7081521527283137,-1.0687967017361624,1.657657713408069,-0.6302794848759099
2018-01-31,-1.6645550588719642,4.664593222418425,-2.3306624909414557,-1.1620816865579737,1.135551911492553,-0.6428458975395852
2018-02-01,-1.3146816081030517,4.714224305421988,-2.1685308039834075,-1.1441841168008953,1.170979242693722,-1.257807019228352
2018-02-02,-1.9300389334617245,3.962964564873691,-2.6845227113203105,-1.5659053125870992,2.4680066535124663,-0.2505042610170243
2018-02-05,-1.9903978224598395,4.6289252326453285,-3.0035375779234883,-1.747045405636352,2.278050732082596,-0.16599515870824622
2018-02-06,-2.0935565247148995,4.242470116704585,-3.0884731535876426,-1.985372046921726,2.5897915065756183,0.3351401019440692
2018-02-07,-2.060577228079824,4.254500089418373,-3.551339784663008,-1.9885361450457664,2.7153278764564934,0.6306251919137331
2018-02-08,-2.467210745360096,4.752256656990691,-3.8539313546676226,-2.0638619035443178,2.3674621521303765,1.2652851944509749
2018-02-09,-2.6198892941943823,4.5817737220543195,-3.8668824518054326,-2.4038413637597777,2.1292968491537496,2.1795425385515195
2018-02-12,-2.503165563307939,4.433556704195178,-3.6021312389487052,-2.6736423194914263,2.0098133865370476,2.335569031015849
2018-02-13,-2.2816534109010425,4.154540316852954,-3.5888968043713954,-2.569387423963644,1.8672272156201233,2.418170106763011
2018-02-14,-1.9219005259655235,3.678972190643429,-3.8603062000788357,-2.4838965972050673,1.8520149942868542,2.735116138319137
2018-02-15,-1.826860878731738,3.6417451812446293,-4.002328180655176,-2.5021408484278105,1.7874723805053172,2.902112346064781
2018-02-16,-1.9404765342431443,3.474287114900818,-4.044601845205748,-2.589399434494265,1.9049495015120836,3.1952411975302555
2018-02-21,-1.432902031407533,3.4810071528976714,-3.726888957620825,-2.6944224985537537,1.7173454860638762,2.655860848620568
2018-02-22,-1.6289001838009156,3.352945448579044,-3.7139096467968242,-2.809940154002018,1.961135885348527,2.8386686506721865
2018-02-23,-1.861750069103035,3.43218376851427,-3.927389118983818,-2.224145878429266,1.911935416839639,2.669165881162206
2018-02-26,-1.8742778586426248,3.1975886274548984,-3.9181768881369274,-2.359619605489632,2.032835253531199,2.9216504712830877
2018-02-27,-1.6495029006744018,3.130666449509963,-4.102434645599817,-2.3309851526180907,2.1498949188186556,2.802361330563693
2018-02-28,-1.700540768985376,3.027470912199812,-4.111526161571038,-1.8047193149368241,1.981299465179835,2.6080158681135925
2018-03-01,-2.154331104202308,2.6597922384366557,-4.0860698412538925,-0.2183754058296068,1.8074445598748192,1.9915395529743378
2018-03-02,-2.2280142802522436,2.6467394560167303,-4.250902810800084,0.35630332749226534,1.7934220672729189,1.682452240270412
2018-03-05,-2.3258614473707944,2.6021223614823468,-4.358317808582025,0.7538190795171449,1.8109672281060658,1.5172705868472516
2018-03-06,-2.2289872698107427,2.6905678798933907,-4.209302493806114,-0.017363786248214552,1.6735680919166294,2.0915175780550506
2018-03-07,-1.737238695785237,2.5639567567521473,-3.7146484683433014,-0.3000135823201675,1.4942767551938467,1.6936672345027102
2018-03-08,-1.717902951070025,2.531460274218942,-3.7474275558925267,-0.24795736819934522,1.488810493115729,1.6930171078272291
2018-03-09,-1.6193600678174418,2.4849904321830714,-3.3546371986316172,-0.41770845908354115,1.2249133397989387,1.681801953550595
2018-03-12,-1.4237942315166956,2.4317686271022714,-2.7770076250416746,-0.6651615510762432,1.3659181348526688,1.0682766456796813
2018-03-13,-1.1816348282908775,1.668436323467974,-2.6291725976654154,-1.004828365644946,2.0152443629116688,1.1319551052216008
2018-03-14,-0.9638423430562986,1.5910464437424794,-2.7467716598269565,-0.9652976830194193,1.9444248665138413,1.1404403756463557
2018-03-15,-0.9536439586422762,1.6763831354570748,-2.6717359946845747,-0.9567036565891918,1.8342152339766997,1.0714852404822697
2018-03-16,-0.5312298443050247,1.9098736759609787,-2.2529634216999526,-1.0565145644351177,1.2018810470381078,0.7289531074410149
2018-03-19,-0.5010457575419149,1.9082090347960377,-2.277080876113179,-1.1141109366600117,1.2091101439116954,0.774918391607371
2018-03-20,-0.30916065812877935,1.7167656234873,-1.7309863256825793,-1.1694864512560463,1.6438415149620895,-0.15097370338198868
2018-03-21,0.052590340017989234,1.6069510276118306,-1.5576836361737625,-1.52476395044527,1.757002508869017,-0.3340962898798008
2018-03-22,0.4037757503123487,1.7563593832663404,-2.427049524804799,-1.6408195629046756,1.6264870300468153,0.28124692408397767
2018-03-23,0.5813074824565989,1.721547304323873,-1.8142657082492688,-1.636041163190714,1.3042743934180998,-0.15682230875859382
2018-03-26,0.3750331545196248,1.6582437772013328,-2.3264943648677123,-1.7292856665773535,1.2271553486565674,0.7953477510675437
2018-03-27,0.0564826539701615,1.4109175979993798,-2.271969924237334,-1.5748775582492214,1.1573534424345908,1.2220937880824239
2018-03-28,-0.10019254443580028,1.6091675259293208,-2.446417214557634,-1.7923517395630513,1.130612952826358,1.599181019800811
2018-03-29,-0.18288954933532775,1.9523610701499863,-2.369151177276467,-1.7859059526262417,0.9053402533160075,1.4802453557720439
2018-04-04,-0.49257224938491273,1.565414818073831,-2.1922869637070432,-1.2670314569589742,0.7223512469118161,1.6641246050652834
2018-04-05,-0.4142180085006144,1.5490722638117682,-2.405376018301025,-1.2469044821483701,0.6088912525401318,1.9085349925981174
2018-04-06,0.27856566932317506,1.1679495807583522,-2.945979265070738,-1.4451583483675678,0.4154656316454268,2.5291567317113532
2018-04-09,-0.06238848465345992,-0.0884820136345521,-0.829849528443332,-1.6476738418614338,1.1275696331579357,1.500824235434839
2018-04-10,0.03634896296198242,0.28979924776656274,-1.273115539299237,-2.0028920640247936,1.1614197310739542,1.7884396615215272
2018-04-11,0.35778758740934435,0.32232233577753977,-1.01295098832259,-2.2457249869408114,1.0062737401402804,1.5722923119362404
2018-04-12,0.2016110859224307,0.5159230995496311,-1.1020020549215204,-2.209293870390851,0.8651295626333151,1.7286321772069981
2018-04-13,0.4291434227269928,0.7699210337233566,-1.2178410655169163,-2.1613698695701435,0.5168197656394291,1.6633267129972817
2018-04-16,0.48140568563679675,0.6189669395231743,-1.4339078041763171,-1.7106368085010628,0.54072426790357,1.5034477196138427
2018-04-17,0.3645550884481379,0.6297748927344546,-1.2961842121934364,-1.7267250289317677,0.3151830910244624,1.7133961689181518
2018-04-18,1.1590300044475281,0.359956947860109,-1.3617524392891545,-1.5390777020457493,0.12503788679285455,1.2568053022344206
2018-04-19,1.055551863870459,0.41598401269244256,-1.3881268404099751,-1.6405922123315615,0.03523037333990553,1.5219528028387326
2018-04-20,1.0980891345515253,0.40664777657513085,-1.472352291044384,-1.6265976706690979,-0.00033992296382479026,1.5945529735506558
2018-04-23,1.2571440454404215,0.39326703206055136,-1.4191921092194617,-1.6525759980425048,-0.03108553516822976,1.4524425649292279
2018-04-24,1.1839550701104224,0.37681929785585133,-1.3299522594006907,-1.5589096109267304,-0.0960926879928099,1.4241801903539595
2018-04-25,1.0514409215011895,0.29547185909759577,-1.1399978200601977,-1.582802495622039,-0.05473012649911002,1.4306176615825597
2018-04-26,1.209668858354786,0.24552020177022937,-0.9090452725024534,-1.4915191130492,-0.20413942703412058,1.1495147524607603
2018-04-27,1.250909893624292,0.295473120262187,-0.9070953959128278,-1.4050836375456823,-0.20513859327125505,0.9709346128432919
2018-04-30,0.9777929617267871,0.2825820748819301,-0.7999696759953787,-1.4370532662519793,-0.19251735417924998,1.1691652598178943
2018-05-01,1.2624817194579965,0.24507712016387062,-0.8906097010338838,-1.3650033301930318,-0.3809620294182561,1.129016221023314
2018-05-02,1.178139879503644,0.1722839231800095,-0.8768409315236774,-1.2596311857948108,-0.25343339046740754,1.0394817051022445
2018-05-03,1.0234483971402613,0.2514194353284631,-1.058872971069202,-1.3087036011803352,0.0599669401107894,1.0327417996700192
2018-05-04,1.4254285454341113,0.08625555556243514,-1.1503958173978903,-1.3436521502499006,-0.1859827660561848,1.1683466327074252
2018-05-09,1.6343327147100126,-0.40773609135821487,-0.2423710770829679,-1.4994974079528398,0.22028650534083472,0.29498535634318435
2018-05-10,1.1254608730300966,-0.34145522064943545,-0.29162807909101485,-1.563163601525146,0.06178068871388742,1.0090053395216034
2018-05-11,1.4928416240645674,-0.4115717163824939,-0.12869729163246824,-1.556844247752855,0.05374891905083157,0.5505227126524126
2018-05-14,1.640953005479803,-0.8709521273186582,-0.046667801550018595,-1.7220062214537628,0.2760804076619907,0.7225927371806495
2018-05-15,1.6440730604131568,-0.8393279604115009,-0.02264697744054711,-1.6857763694984866,0.3455965738357789,0.5580816731015994
2018-05-16,1.4475787207795197,-1.2335653992890847,0.25159032707587503,-1.5482612761340886,1.0681274606245865,0.01453016694319409
2018-05-17,1.2833029176069015,-1.1397561000184722,0.27550413420910846,-1.4525457224220721,0.9318663382986112,0.10162843232591756
2018-05-18,1.1670131546613272,-1.1077362475527337,0.44372791805407896,-1.7899607824693913,1.2059700328065253,0.0809859245001916
2018-05-21,1.2732449728314412,-0.7790154938141283,0.11673045298538476,-1.8504315215671885,1.1453999563259356,0.09407163323855405
2018-05-22,1.1339569984797544,-0.36147620871231334,0.017150128239266316,-1.9344161043130836,0.9752253642506297,0.16955982205574882
2018-05-23,1.0360363886035708,0.142246664621696,0.27637855164079994,-1.9290559718094813,0.41844096984183743,0.05595339710157532
2018-05-24,1.543836513603444,0.08764410383548826,-0.23947120906794161,-1.6691691261668287,0.26587302924131295,0.011286688554527302
2018-05-25,1.4743065179482135,0.07945567129900377,0.030234241101037895,-1.6165511189969801,0.09502647919112883,-0.062471790542407035
2018-05-30,0.915209669678938,-0.4388022841647632,-0.19805522667434516,-1.242488824903198,1.2864749655337961,-0.3223382994704336
2018-05-31,0.7442838708146331,-0.630499215700945,-1.2213836980898947,-0.8268902145094437,1.4805090344397276,0.45398022304592756
2018-06-01,0.7819566644037153,-0.48223281616226443,-1.399644947266351,-0.7502412166589831,1.3305387715965677,0.5196235440873158
2018-06-04,1.00550340140044,-0.32842339735681225,-1.3929482105031052,-1.264252591709269,1.4412021310483096,0.5389186671204418
2018-06-05,1.1130161403799566,-0.20477427525175496,-1.1373407195966658,-1.6603830496777494,1.2943784837784094,0.5951034203678081
2018-06-06,1.123440450128479,-0.1538905717407466,-1.1780815632267503,-1.716690858927341,1.2272378775920023,0.6979846661743632
2018-06-07,0.4251337220334479,0.23102757118111938,0.03487501723918829,-2.4824507600724997,0.9264179462721933,0.8649965033465561
2018-06-08,0.49463595284786877,0.5998428177414767,-0.04797559212625124,-2.3961649114906325,0.4743979034848227,0.8752638295427158
2018-06-11,0.5451106429230341,0.7554072866676607,-0.1337245174831878,-2.476298478158928,0.46727872963588535,0.8422263364155342
2018-06-12,0.7033543982861641,0.7525497490222632,-0.2640669888080067,-2.5020722031074096,0.4496800868848809,0.860554957722115
2018-06-13,0.676152742255276,0.7887073295029985,-0.3140679979179186,-2.4566185805768375,0.3986929827833774,0.907133523953108
2018-06-14,0.5054234026205995,0.5528426586501692,-0.3642957365949595,-1.9115431671596048,0.2328701112216427,0.9847027312621548
2018-06-15,1.2558938042265906,0.6085004622314131,0.13845114857385,-1.4823408591744176,-0.5777394692408362,0.05723491338340425
2018-06-18,0.8443009442415645,0.4185466141848688,1.551842385849553,-2.304889225146705,0.01623327770344485,-0.5260339968327128
2018-06-19,1.1734633156604692,0.3223520721900335,1.5269625169700571,-2.489219546689022,0.3526375994548876,-0.8861959575864171
2018-06-20,1.063283915167327,0.30708652573107087,1.5175502428566574,-2.477836061299578,0.49791070076411836,-0.9079953232195961
2018-06-21,0.8109705240395142,0.09367373955208014,2.035997985695647,-2.5577228510909733,0.8086536574879122,-1.1915730556841844
2018-06-22,1.049776112688476,-0.6358809814241879,1.709690052423226,-1.7760676578252905,1.1964924731456419,-1.544009999007863
2018-06-25,0.6041671156129276,-0.7749590289683657,2.08014586733662,-1.3899945472367605,1.0812969379560848,-1.6006563447005058
2018-06-26,1.9037835727375043,-0.9841555704134939,1.3467323902454718,-1.9682107160409417,1.657410774154346,-1.9555604506828765
2018-06-27,2.794871084420916,-1.1014614979712325,1.2367311316345653,-2.5189686126010042,1.5728221016549528,-1.98399420713819
2018-06-28,4.720971076786028,-0.791546181401152,0.16974010712565235,-1.8037642148598758,0.29424810538731627,-2.5896488930379613
2018-06-29,4.32548026357806,-1.235694585638534,1.3027509556995058,-2.13954633904933,0.7801785462278943,-3.0331688408175976
2018-07-02,4.954596617116147,-1.3651925498095037,1.3407765344433926,-2.545080138395571,0.41959834784473493,-2.804698811199195
2018-07-03,4.089781319571051,-1.2070730824599398,1.1987706580242987,-2.4816131664151824,0.17295969882696882,-1.7728254275471882
2018-07-06,4.265969942634912,-1.2700314179516818,0.9420656720665725,-2.6794532652793777,0.22300093709312474,-1.481551868563545
2018-07-09,3.441994270229221,-1.399131818354047,1.5248629441054078,-2.236566947629492,-0.13540565554766903,-1.195752792803423
2018-07-10,3.4851183250020696,-1.438786270673929,1.56923579896994,-2.3360041230479887,-0.22241320830950073,-1.057150521940592
2018-07-11,3.181132517872161,-1.60751701079313,1.920380673998868,-0.8957961488506063,-1.078349844229154,-1.5198501879981312
2018-07-12,3.0145805188665875,-1.8406294008067001,2.0530610647885785,-1.034638210805448,-0.5373453813411868,-1.6550285907018343
2018-07-13,2.9742306870870614,-1.851000378498635,1.9815473750803738,-1.0265223512771877,-0.6107957596788154,-1.467459572712789
2018-07-16,3.1449751108705035,-2.1662235356251927,1.4503391499678298,-0.05636769483967807,-0.9015306593438579,-1.4711923710296149
2018-07-17,3.3228320312560617,-2.1360064664470806,1.6031213078555613,-0.004618855756021389,-1.094269072070671,-1.6910589448378497
2018-07-18,3.3795931763903635,-2.127123674189816,1.3782724501626058,0.21471367518863538,-1.1201404100604253,-1.7253152174913615
2018-07-19,3.4683519320052723,-2.2798897052111817,1.5046222721932256,0.18800457335263765,-1.1286013832217945,-1.7524876891181593
2018-07-20,3.3448081671416476,-2.4735411033443975,1.7609428915951533,0.13369196438787156,-1.0039848964175224,-1.7619170233627632
2018-07-23,4.029954199816529,-2.489610551608037,1.5381401906833778,-0.46708318319074404,-0.928557407354214,-1.6828432483469178
2018-07-24,4.439996570537156,-2.3221023916540293,1.5362756400516142,-0.588605548841354,-1.1198167190963173,-1.9457475509970639
2018-07-25,4.066719267630417,-2.4843010819761684,0.9208580661210357,-0.1545398899359629,-1.0696943166924506,-1.2790420451468627
2018-07-26,3.9823964772200195,-2.53014469496358,1.0152102110814845,-0.022434386182684563,-1.1329645339230607,-1.3120630732321783
2018-07-27,4.471581050116267,-2.4049239305256114,0.7475162245084155,-0.22443879926253807,-1.2573179751316204,-1.332416569704912
2018-07-30,4.69940756839649,-2.691819966964321,0.8573005973825998,-0.20374503462793303,-1.4370260338203287,-1.2241171303665048
2018-07-31,4.629797835795929,-3.0905430827540714,0.7545329683785509,-0.6032155142523354,-0.6257065493210483,-1.0648656578470326
2018-08-01,4.608229537183365,-3.470978045017167,0.8839533747439843,-0.02649781574523402,-0.7783123757518329,-1.2163946754131225
2018-08-02,4.443424312659659,-3.199923867152438,0.9270702514013305,-0.3800719069838836,-0.9672266470101367,-0.823272142914524
2018-08-03,4.358111379619126,-2.449101167171954,0.7128144590068679,-0.6867476404935546,-1.3671077160246128,-0.5679693149358758
2018-08-06,3.991996851779726,-2.3354129823074032,0.9049031587570466,-0.5928517398246713,-1.373205917903027,-0.5954293705016722
2018-08-07,3.9469076151567544,-2.6871973417858426,1.0180047449392573,-0.4792836166923973,-1.265371078126032,-0.5330603234917426
2018-08-08,3.9074063129810304,-2.591097648222111,1.2979058206722218,-0.35550686974888457,-1.4930797102502193,-0.7656279054320354
2018-08-09,3.6618307264073975,-2.2043995310871844,1.0709484742092918,-0.32409523028438514,-1.3701324742249774,-0.8341519650201432
2018-08-10,3.5176815705968805,-2.2390423584737498,1.1465947701774084,-0.3649207421396632,-1.4443015976992952,-0.6160116424615816
2018-08-13,3.5049297755583675,-2.2755536077803082,1.1128552265738847,-0.3780842941816873,-1.405372825026293,-0.5587742751439602
2018-08-14,3.552031988989576,-2.4629190571199464,1.201670153734307,-0.29702473658153394,-1.3221729301363725,-0.6715854188860337
2018-08-15,3.2717171784338044,-3.0910772992531363,2.1007416428286554,0.4629714781219647,-1.9758756809854654,-0.7684773191458292
2018-08-16,3.0155439171917466,-2.9847959650354525,2.2192581082145537,0.5098241726732127,-1.8836944650350556,-0.876135768009008
2018-08-17,2.8761301216838513,-3.042967898887557,2.2582943150626438,0.5142253773000354,-1.8349925115229928,-0.7706894036359806
2018-08-20,2.6106357434455045,-3.108334368697067,2.3726805947481573,1.0186271976252312,-1.7984449034205616,-1.0951642637012573
2018-08-21,2.5745642802445206,-2.2053818004405668,1.8710080005688745,0.6604792318122596,-1.912261547426519,-0.9884081647585718
2018-08-22,2.6439603501230975,-2.2383741130546753,1.9896409721387425,0.7668027669717201,-1.9099610435839987,-1.2520689325948866
2018-08-23,2.681712405671825,-2.2331569971508967,2.0013318775913174,0.7599518056919052,-1.8290296257249599,-1.3808094660791839
2018-08-24,2.623331892758636,-2.1586158790007786,1.7009798603211568,0.8111813474858334,-1.8802463306193469,-1.096630890945494
2018-08-27,2.5299685681021655,-2.200787179539219,1.5191002904153432,0.5947938723881494,-1.0846491853402622,-1.358426366026177
2018-08-28,2.7865528425003365,-2.2116111779301377,1.1844562104957435,0.6604214397280357,-1.0619449845076585,-1.3578743302863168
2018-08-29,2.7926735359017245,-2.2845266469185423,1.0612149185055069,0.944672818184638,-1.2743097373711636,-1.2397248883021663
2018-08-30,2.7946456094743715,-2.3050522306940233,1.0409639019740826,0.8288369529232806,-1.6212319956354986,-0.7381622380422188
2018-08-31,2.9650789602763723,-2.244922122733674,0.8218593359561011,0.47396580190722837,-1.37434971037087,-0.6416322650351445
2018-09-05,3.0097353774852857,-2.242042713827434,0.769227592880914,0.6311043959031561,-1.4740578448877475,-0.6939668075541712
2018-09-06,2.8430917269752216,-2.8032835261639963,0.6875563961037239,0.6514895881066582,-0.6363151644154315,-0.7425390206061735
2018-09-07,2.7686952869295416,-3.1257407740989804,0.7072992695620686,0.7161407473250669,-0.3540402342152118,-0.7123542955024891
2018-09-10,2.9342127971762,-3.0718160665780294,0.4536455534318069,0.8788341178055905,-0.41793119894983,-0.7769452028857371
2018-09-11,2.981432071885881,-3.3165096919698653,0.7754709118966279,0.92072558265028,-0.5321466534351373,-0.8289722210277888
2018-09-12,3.2499901044450876,-3.6117084804304054,0.9629638177190492,0.6911783691143185,-0.5159732769965728,-0.7764505338514733
2018-09-13,2.9764181462916097,-3.4090645393758017,1.4972875725815502,0.8038218439574267,-0.8242909865508963,-1.0441720369038805
2018-09-14,3.016058549605419,-3.4337140573437983,1.5623208417436656,0.7779152055166652,-0.8605838437255764,-1.0619966957963762
2018-09-17,2.9851357124293676,-2.999013326788646,1.3138552811016861,0.6060009190914899,-0.7918967283580975,-1.1140818574758047
2018-09-18,2.7816428745569146,-2.6363818538153927,1.3950522359481283,0.44410034835491885,-0.8228128452235197,-1.1616007598210483
2018-09-19,2.9694179551493995,-3.4087984456285843,1.7339340270040617,0.6144529287852691,-0.775106415228044,-1.133900050082104
2018-09-20,2.7661086332886144,-3.1764535719478513,1.8014316150677105,0.509482669277574,-0.9507013687530841,-0.949867976932965
2018-09-21,2.751266765014166,-3.161086226961076,1.8569910586190508,0.4912951483851664,-0.9107736665140387,-1.0276930785432676
2018-09-24,3.1558696361778624,-3.5904484643119368,1.961869240476453,1.481958877259463,-0.9814425374069866,-2.02780675219485
2018-09-25,3.263988382348381,-3.585413674547804,2.0232661296426757,1.4569268940984834,-1.1521128239513014,-2.006654907590433
2018-09-26,3.471238336278451,-3.6289507254960824,1.4971809680685784,1.2089906798624996,-1.2886126572406138,-1.2598466014728347
2018-09-27,3.348935055398658,-3.821547673280014,1.5127708128136828,1.267134667034445,-0.9763898753278653,-1.3309029866389097
2018-09-28,3.439143927126726,-3.8956989771041877,1.6599992077259031,1.2684007166417866,-0.8414973784863333,-1.6303474959038795
2018-10-01,3.574655556313024,-4.300905946549735,2.013688897936902,1.1594594956729596,-0.5588313123571367,-1.8880666910160122
2018-10-02,3.4194351388202637,-3.917251976867263,1.8646468050788307,1.000040717742193,-0.4383613083507707,-1.9285093764232544
2018-10-03,3.23268589882154,-2.86590843774492,1.3887003656145076,0.7126468850260022,-0.5247503465579415,-1.943374365159186
2018-10-04,3.588739831381167,-2.7274870934996995,0.405955136405435,1.4216342231126298,-1.4184380897260207,-1.270404007673518
2018-10-05,3.2854891937283384,-3.5983322631679657,0.23931571126277973,1.4220439572988894,-0.5256611248493321,-0.8228554742727088
2018-10-08,3.0980314335804673,-3.50520462352313,0.1602371783837544,0.9130106679417427,0.7501050970078511,-1.4161797533906895
2018-10-09,2.7154573301971068,-2.736110553135139,-0.0011678291109653571,0.6798325790043398,0.5610036537225693,-1.219015180677907
2018-10-10,2.3820935052378953,-3.308314051480453,-0.30019222218597186,0.9506554926459394,0.5076307089705767,-0.2318734331879897
2018-10-11,2.1036996454493746,-2.296806056839146,-0.35565084720709805,1.4306314002695668,-0.41936363174308067,-0.46251050992961495
2018-10-12,1.8660377977420897,-1.9695270481785325,-0.6722832166623984,1.6210212408937306,-0.4015648994354173,-0.443683874359472
2018-10-15,1.9160321882000328,-2.095520527600879,-0.7209813318000347,1.6714399039719012,-0.4296604088715945,-0.3413098238994179
2018-10-16,2.1919386765841047,-1.8562772409073052,-0.6186733397723767,0.7217760047778672,-0.5351347707230452,0.09637067004075917
2018-10-17,2.756237902892112,-2.8266979560599736,-0.802074758379046,1.2132554655941306,-0.7593764401489014,0.41865578610167375
2018-10-18,2.834761886437601,-2.6193815667100733,-1.2059058270706338,1.1943063314622702,-0.9507038724402781,0.7469230483211202
2018-10-19,2.9854691873656627,-2.69250241868561,-1.173801149324916,0.8000741045502036,-0.9121874432385302,0.9929477193331921
2018-10-22,2.937557919921815,-2.748157031840523,-1.0302641344397472,0.4243484729110527,-0.8814879842537704,1.298002757701176
2018-10-23,3.4957612286532775,-3.6156498909271275,-0.6778587428275671,0.7156145425566738,-1.0647674824365887,1.146900344981331
2018-10-24,1.2549261059433219,-3.257689483959566,-1.636099385348249,1.9612240111774755,-1.3800799836938178,3.05771873588084
2018-10-25,2.2920876391446123,-3.392569233121627,-0.8539489805613059,0.5562880310705802,-1.3789874534660553,2.7771299969337955
2018-10-26,2.195924916628054,-3.6279598544885183,-1.1068579996392476,1.0077307175036294,-1.230719710770051,2.761881930766127
2018-10-29,2.2842259526691127,-2.8732753701829727,-1.1153560855172602,0.7575830315608449,-1.1875650919466967,2.1343875634169693
2018-10-30,1.8053406489653145,-2.833147569462736,-1.4061003398127632,1.017888726410499,-1.0784058118207258,2.4944243457204176
2018-10-31,1.5992501607277978,-2.8278908155372764,-1.2904283126739413,1.1684582716449263,-0.9841308922761307,2.334741588114627
2018-11-01,0.9507145593067134,-2.814828457814113,-0.22668100711424266,0.6161540547768745,-0.9287601870887987,2.403401037933572
2018-11-02,1.1147927029201208,-2.626271417482436,-0.440233724221919,0.48636971385954997,-1.050935431849156,2.5162781567738435
2018-11-05,0.7642869310987335,-1.9856359955151857,0.005490247670351778,0.1694937757150683,-1.1541997056038347,2.2005647466348663
2018-11-06,0.9240844374112056,-2.1814651555513445,0.10137632263286633,-0.0026889563116192505,-1.157993099946097,2.316686451764989
2018-11-07,1.0073851074259244,-2.0869902719690807,0.19844976325248176,-0.014562670985260873,-1.1427832499569188,2.0385013222328516
2018-11-08,0.9724986916037723,-2.066112480513547,0.21081390749615458,0.004133473022009504,-1.0933052568010098,1.971971665192625
2018-11-09,1.020384315151353,-1.7210997024220847,-0.18094183606284542,0.024194335899019315,-1.0428443383403594,1.9003072257749185
2018-11-12,0.6289098945127289,-1.0428584626342126,-0.4854078782260265,0.17590371609334987,-1.2429146997791443,1.966367430033301
2018-11-13,1.4365451142344252,-0.509920803223733,0.3553528863470419,-0.5660389119271807,-1.7715377660595943,1.055599480629044
2018-11-14,1.3947255833393761,-0.8649750613230909,1.0190606650058953,-0.6535060276624476,-1.6242067338634207,0.728901574503682
2018-11-15,1.1998360302085107,-0.40731373300971363,0.6563664350217948,-1.0323719322620324,-1.1684060432286723,0.7518892432701061
2018-11-16,0.30874421223269266,0.005946862816596621,-0.22088003530226885,-0.044944812406614076,-0.4061023017949843,0.3572360744545753
2018-11-19,0.6324721284855404,0.5197080572244532,-1.122209290991143,-0.6224566145683417,-0.11273374894318167,0.7052194687926803
2018-11-20,2.20210950750284,-0.9840797228078406,0.931769776366739,-1.3059641581053612,-1.233921054885882,0.39008565192950595
2018-11-21,2.041599968929752,-1.3726685498397826,0.49898098326435836,-0.38089078065935045,-1.3195061150948506,0.5324844933998798
2018-11-27,1.8512500434026116,-1.3845232639693803,0.6573585310684269,0.08837439474624542,-1.3481634937860614,0.13570378853816312
2018-11-28,2.1916728164054415,-1.9246907330042955,1.4659893262972208,-0.12420687835134636,-1.6388252842720572,0.030060752925042955
2018-11-29,2.3530096067274044,-2.164625126641708,1.5984956225831333,-0.15357425140612335,-1.76743183258022,0.13412598131752373
2018-11-30,2.037510497177859,-2.168256043312488,2.0451683838608403,-0.2793707716690781,-1.8067841478648203,0.17173208180768507
2018-12-03,2.774380412406675,-2.400115373824965,2.449146959989907,-0.7473835785377929,-2.1187213437360315,0.042692923702208674
2018-12-04,2.349698524269611,-2.6563216472479216,2.313777467160401,-0.9373411214884806,-1.9161261047717133,0.8463128820781058
2018-12-07,3.07455208053878,-3.0218543182187676,3.4382400962807367,-1.02355069845132,-2.320034887426645,-0.1473522727227854
2018-12-10,3.082546918083578,-3.3209432653913753,3.367605225238812,-0.7628960905533733,-2.3589607926580105,-0.007351994719628774
2018-12-11,2.9841126178909665,-3.035280495469452,3.238703051492319,-0.7822915934792265,-2.418182783036159,0.0129392026015549
2018-12-12,2.46754854160333,-2.925474257818271,2.838746777039029,-0.6415056547891282,-1.4848869979309272,-0.2544284081040349
2018-12-13,2.4670144187742107,-2.9774990043930605,2.7167382408312912,-0.5386736063706845,-1.5647742000325793,-0.10280584880918386
2018-12-14,2.363391067192566,-1.2011636506105847,1.5577225985598133,-0.9442710955125975,-1.4757356627457048,-0.2999432568835019
2018-12-17,2.187277404286008,-0.9737246178422208,1.4464526271804292,-0.8539619326890433,-1.8215409140724508,0.015497433137282801
2018-12-18,2.8009377886795512,-1.6941168380555274,2.23104096164979,-1.3307264907194192,-2.043748876174182,0.03661345461979737
2018-12-19,2.4944040496439737,-2.508754727751743,1.9483475350433386,0.47899203895682696,-2.6949813363636146,0.2819924404712202
2018-12-20,1.9762935833798183,-2.4983913461645497,1.8059013199686333,2.0816949288229303,-2.9275248510045127,-0.43797363500232
2018-12-21,1.9947077890732574,-2.3879861586752242,1.7934941745342243,2.203465863387729,-3.0704577469440757,-0.5332239213759111
2018-12-28,2.2661337764913814,-2.4437113253511766,1.5524417873227794,1.9387795239317809,-2.573076720899044,-0.7405670414957286
2019-01-03,1.6385721552838932,-1.5079523834945796,1.446865452036545,1.1137642744858853,-3.1365065934545338,0.4452570951427859
2019-01-04,1.802417892359335,-1.5781546458584712,1.5023111010659989,1.66260399200858,-3.4875879065494417,0.09840956697400749
2019-01-07,1.689340119494621,-1.6146121914326628,1.3600791366583431,1.7515723753427688,-3.3102902959825284,0.12391085591945838
2019-01-08,1.637874686428491,-1.7439553617259884,1.2642801492878055,1.5148825325409545,-2.4656496695207255,-0.20743233701053576
2019-01-09,1.7117860448948052,-1.562702830017546,1.768190333663119,1.2554954468420956,-2.1523745667954453,-1.0203944285870197
2019-01-10,1.7503704744202802,-1.550705830852154,1.766181813895745,1.2665741892530997,-2.0980425580530033,-1.1343780886639667
2019-01-11,1.9274834550526814,-1.72305408985709,1.738500200542374,1.2475017378234456,-2.1668887221798645,-1.0235425813815393
2019-01-14,1.8763331662440033,-1.8117389045402752,1.8089444428872241,1.4195247896193672,-2.1955881560370574,-1.0974753381732598
2019-01-15,1.9552156326165413,-1.5062089237683618,1.5317098446004032,1.3075228099752811,-2.073287854414948,-1.2149515090089062
2019-01-16,1.9461200801320127,-1.6515640598914603,1.4791332438855127,1.2894571558258834,-1.751910834336471,-1.3112355856154791
2019-01-17,1.929126984669864,-1.740938008054107,1.5055101590549453,1.1513045720218456,-1.6724307142429784,-1.1725729934495708
2019-01-18,2.175381850509215,-1.652440266392735,1.6189519304326208,1.0328171261781218,-1.660375916539678,-1.5143347241875413
2019-01-23,1.7094638400261752,-0.4350604569515326,1.1685841007293352,0.9895794382093639,-1.6365698390188106,-1.795997082994527
2019-01-24,1.5665726183274513,-0.6806387622855237,1.0840569328005163,0.8832318519775733,-1.7618454923887823,-1.0913771484312331
2019-01-25,1.478717476610254,-0.6445786069612693,1.0754885663141494,1.1289509934563977,-2.0538514926558027,-0.9847269367637264
2019-01-28,1.8239502170964368,-0.8125086974995974,1.4677297386502985,0.991084174854115,-2.2794994268949393,-1.1907560062063176
2019-01-29,1.7810871635625745,-0.8272994966957627,1.4131506614578395,0.8821099849652763,-2.2284402287648186,-1.0206080845251062
2019-01-30,1.9552180905262695,-1.1630074609585432,1.2094018242137654,1.3072298313438955,-2.028986538614358,-1.279855746511033
2019-01-31,1.9120616638716772,-1.1300834902106218,1.2241739945960237,1.31072833866952,-2.0849258096826366,-1.2319546972439657
2019-02-01,2.4815440704530642,-0.8455186257076441,0.5843952075486749,1.153481141393912,-1.4508073934865158,-1.9230944002014916
2019-02-04,2.2037573667823853,-0.8979848678931739,0.5265636563880554,1.0722662928025617,-1.0811181481990584,-1.8234842998807768
2019-02-05,2.2332969078585556,-0.9944516829754173,0.636294812904719,1.0118212140794345,-1.1407967822011424,-1.746164469666156
2019-02-06,2.2398914902704794,-1.0752886240317139,0.6910253669356701,1.0352582412406734,-1.0996698046641518,-1.7912166697509577
2019-02-07,2.272171197897177,-1.1863039838666678,0.8329976495297196,1.1856233136410816,-1.1038878038101605,-2.0006003733911504
2019-02-08,2.2754035279661684,-1.1681503152096817,0.7408003480940062,1.2563068890893732,-1.0959529225504694,-2.008407527389398
2019-02-11,2.2490851475100175,-1.2138461434123577,0.7508810838623878,1.2783144032105902,-1.0600724878537324,-2.0043620033169103
2019-02-12,2.2748997317199464,-1.2737050625027355,0.8509154346662928,1.2189985598156134,-1.189231776791814,-1.8818768869073041
2019-02-13,2.229410869028019,-1.0881948111548079,0.7931502573222291,1.2964923226810603,-1.3107935498285574,-1.9200650880479375
2019-02-14,2.236037830726679,-1.1005144596881826,0.796808033796994,1.2428286209495685,-1.3161481911480242,-1.8590118346370348
2019-02-15,2.342555307787565,-1.138640304989139,0.8965885765818253,1.1388997802182566,-1.3794141563990652,-1.8599892031994454
2019-02-20,2.3559091809456962,-1.1961997857825128,0.9296747552204945,1.107734703104514,-1.3628645742738255,-1.8342542792143632
2019-02-21,2.1887367526834254,-1.4312171838289496,0.9451057170110175,1.4617348089116984,-1.2772769242532989,-1.8870831705238902
2019-02-22,2.074061672538509,-1.4092097381189213,0.8844828120008241,1.3186230919319213,-1.2866209575174354,-1.5813368808348978
2019-02-25,2.5273252234420145,-1.7825242389281852,1.414953049660399,1.2675293217726242,-1.594221240664358,-1.8330621152824949
2019-02-26,2.4529022847509516,-1.7869709068041826,1.461214987768015,1.2401084927842492,-1.608464804418362,-1.758790054080667
2019-02-27,2.203543982133228,-1.7443135820767783,1.4099295607057787,1.450078698590322,-1.4151726002181841,-1.9040660591343703
2019-02-28,2.1369287046686507,-1.7589401568905871,1.4363803045331665,1.4403281112637485,-1.3335250470722333,-1.9211719165027488
2019-03-01,2.0579557225001626,-1.4606987933154452,1.4388124351170841,1.6245710261326254,-1.6381006384668033,-2.022539751967617
2019-03-04,0.8033977107430896,4.499897373576019,0.19235543257258136,-0.8789242014083349,-1.962037426845705,-2.654688888637663
2019-03-05,0.11713229531341884,8.130317790106563,-0.5912307111046626,-0.9370600356636709,-3.4995858773950244,-3.2195734612566236
2019-03-06,0.13517023290580177,8.329716909739359,-0.7023318565254772,-0.8112705756015766,-3.3878239618921775,-3.563460748625933
2019-03-07,0.18234547539016255,8.022852467149221,-0.46758710344332943,-0.8087772288313939,-3.4299626140147867,-3.498870996249881
2019-03-08,0.36505485906503665,4.844824646585892,-0.590730015829676,-0.07572461483901183,-1.1003855346402913,-3.443039340341951
2019-03-11,0.5861236957796825,4.546266470084641,-0.5280716462482342,-0.42709765165272273,-1.3578891260840682,-2.8193317418792945
2019-03-12,0.6528284290521293,4.137557036953961,-0.4610876001105577,-0.19266377863182615,-1.3520818254234512,-2.784552261840254
2019-03-13,0.7844918906829887,4.031129072009162,-0.42611108391552577,-0.16478737101628393,-1.3845170233821351,-2.840205484378201
2019-03-14,0.7589888481878058,3.943315712559518,-0.3441450219193323,-0.15419584939811593,-1.3383902750153094,-2.8655734144145604
2019-03-15,0.743183792513344,3.902797468512783,-0.3453642229952125,-0.1816345025215913,-1.258101599598186,-2.860880935911125
2019-03-20,0.8837028951739576,3.8126678286739173,-0.5319050196262181,-0.2261515901670208,-1.048824384330714,-2.889489729723924
2019-03-21,0.78568735711844,3.6855184925230065,-0.5794248355570923,-0.13456734330133013,-1.040551559413953,-2.716662111369078
2019-03-22,0.7216179970512817,2.8959419528245913,0.20406742073602402,-0.6094655136691909,-1.3577648533968962,-1.8543970035458117
2019-03-25,0.7350395169929298,2.9396730711652834,0.15394283915405538,-0.5989096570376091,-1.34425220519438,-1.885493565080282
2019-03-26,0.8702090960812567,2.812717352420755,0.013293698680396204,-0.34984334405873607,-1.392418568148183,-1.9539582349754916
2019-03-27,0.8830352471467142,2.8600937178045385,0.0008632595103321705,-0.3913888658356912,-1.4003790238206764,-1.9522243348052202
2019-03-28,0.8887570022588775,2.8740012652366067,0.00030635451291161075,-0.4007858172228751,-1.4249598581719036,-1.9373189466136216
2019-03-29,0.9338314375435894,2.7280637462056374,0.12639326390831052,-0.5518654115931625,-1.436767769252963,-1.7996552668114076
2019-04-01,1.0583210073370477,2.4238145080422555,0.6512803138095702,-1.177436355639922,-1.681274125145771,-1.2747053484031827
2019-04-02,1.0679876479902148,2.443266765560433,0.5843391231856536,-1.0485933541659387,-1.696642620381833,-1.3503575621885267
2019-04-03,1.137193225690507,2.404656069516709,0.3226947664112423,-1.0786841608124043,-1.8022478488954699,-0.9836120519105767
2019-04-04,1.1463026239857426,2.4257285213329274,0.30368200500062503,-1.0331826606797083,-1.8066925531268487,-1.035837936512738
2019-04-05,1.283115112298117,2.391027947956716,0.16564867298310393,-0.9402685111914355,-1.830559580124826,-1.0689636419216755
2019-04-08,1.5065604433980422,2.282017296843632,0.2705917563288427,-1.3492242046856706,-1.9187853062964837,-0.7911599855883669
2019-04-09,1.471321960697269,2.1336166364077576,0.2560093187394763,-1.2911008724008894,-1.925281597216575,-0.6445654462270376
2019-04-10,1.6846410884992462,1.9648150802314002,0.2660229076288765,-1.316436575859929,-1.9831635797876892,-0.6158789207119026
2019-04-11,1.732069363253217,1.9013584647487183,0.3542163369418301,-1.2725249633619242,-2.0088981607550336,-0.7062210408268124
2019-04-12,1.6852260392536493,1.8541989851417748,0.33877494716111833,-1.1764718200688513,-2.001530526937652,-0.7001976245500332
2019-04-15,1.7653931340123528,1.8515959214938722,0.31313917015328663,-1.171575069771495,-1.9648290961389334,-0.7937240597490902
2019-04-16,1.8129557813212873,1.8781915671265155,0.24294341780389317,-1.163907836166774,-2.026494461642919,-0.743688468441996
2019-04-17,1.817735898244834,1.9791103949124715,0.18488128164051787,-1.1873271228909958,-1.9976471070173731,-0.796753344889451
2019-04-18,1.846007580463743,1.8285908382750422,0.12875567810458577,-1.2074730526808253,-1.8275716687535561,-0.7683093754089834
2019-04-24,1.866019963955595,1.800467124549306,0.1099449788300193,-1.1671313875678218,-1.8333947067080154,-0.7759059730590856
2019-04-25,2.0996143281684123,1.601598067275434,-0.407796360387616,-1.0567644174535777,-1.7501913418623467,-0.4864602757403116
2019-04-26,2.138440001137994,1.2827076512158588,0.03500854500403339,-1.0209434765961802,-1.8319705324395414,-0.6032421883221617
2019-04-29,2.1109424958263405,1.16278862254322,0.18033490679424347,-0.9353980432589521,-1.873277966532994,-0.6453900153718641
2019-04-30,2.1711514350967125,1.1040700998712836,0.34195146398969456,-0.6808914803708266,-2.1874970792905737,-0.7487844392962866
2019-05-01,2.1567748803252282,1.1328036142909097,0.3279367833745894,-0.6994041401617679,-2.0924628938546332,-0.8256482439743271
2019-05-02,1.911529209763847,1.0740399935035059,0.044429286347088315,-0.5917639447498733,-1.405692372404116,-1.0325421724604582
2019-05-03,1.8246898215855012,0.7491957011234951,0.6913008710495872,-1.0227356052453445,-1.8534411127749617,-0.3890096757382784
2019-05-06,1.8875998694762863,0.7962377416908233,0.5123500602414808,-1.0559184799098764,-1.814703813679358,-0.32556537781935724
2019-05-07,1.9841074642545689,0.6999964667549432,0.497838809868294,-1.0611798136686303,-1.9173930314031806,-0.20336989580599596
2019-05-08,1.0827571197197345,0.6068685081675687,0.7025493424955407,-0.4949444266537144,-2.0833459080079906,0.18611536427886755
2019-05-09,1.028323688888566,0.6016391559725329,0.7094019723663525,-0.5435309313573704,-1.8953916541486298,0.09955776827855001
2019-05-10,1.0343779083832958,0.6020029743780742,0.5716046727750692,-0.46198631686396574,-1.7692220368597391,0.023222798187268356
2019-05-13,1.1702410691528824,0.5666292827558002,-0.393360767830929,-0.7233321151428349,-1.681728768344615,1.0615512994096985
2019-05-14,1.7692415326473876,0.3411132288013945,-0.21834767927420629,-0.35875268002765637,-1.9194506289339832,0.386196226787054
2019-05-15,1.6988439120447456,0.3278088932704444,-0.18415415960366488,-0.3688978537773524,-1.9200257677792913,0.44642497584511975
2019-05-16,1.6600164216045412,0.16618995300223816,-0.03293732294003071,-0.08797722692659526,-1.9417601443843375,0.23646831964417458
2019-05-17,1.5259440236764794,0.04076773303713921,0.030611808060521106,-0.13834281972711082,-1.4651507353059001,0.006169990258863223
2019-05-20,1.1002716352051225,-0.23320238785177771,0.07479178526557817,-0.048164738125205275,-0.906193695852066,0.012497401358350757
2019-05-21,1.0070163747895888,-0.3079463848172459,-0.18504208850494575,0.04801374431122429,-0.5848122267119025,0.02277058093328055
2019-05-22,1.279555507601347,-0.33133573091203905,-0.2230760812332182,0.04999624964285587,-0.5744529309447857,-0.20068701415415813
2019-05-23,2.0327502085414118,-0.5098380008665271,0.2132642796697901,-1.119430950955092,-0.6626362361563904,0.04589069976681159
2019-05-24,1.9927442684230776,-0.5449174087520456,0.14284935821341094,-1.0671723991985687,-0.7215266314627025,0.19802281277683154
2019-05-29,1.9716519582755758,-0.5281862709304992,0.18188256015314863,-1.1503112798829838,-0.7195101360247818,0.2444731684095398
2019-05-30,1.7652552634530103,-0.35214452744904046,-0.18927050877379425,-1.1805825539313126,-0.4238793233447262,0.38062165004586834
2019-05-31,2.823892077116467,-0.05060098075095665,-0.3618752054796541,-1.7660924125097877,-0.8737527894731814,0.22842931109711895
2019-06-03,2.845107484590363,-0.22370830338229908,-0.2864750226190198,-1.5331600130582528,-1.2530030699706889,0.4512389244398989
2019-06-04,2.793754741305385,-0.32869901689562653,-0.23513986770034379,-1.564321383530026,-1.2173866800999114,0.5517922069205206
2019-06-05,3.062250933312031,-0.45485878753026965,0.2393268922541747,-1.811965133590328,-1.4346926341214299,0.39993872967582256
2019-06-06,2.8639832310623135,-1.0699655028908484,0.6816691496707499,-1.0203182027274247,-1.5838885538059269,0.12851987869113923
2019-06-07,3.0912609929248713,-1.187547763913557,0.739906069460087,-1.1178915895083392,-1.883492563490043,0.35776485452698736
2019-06-10,3.108122904429301,-1.1831853416253646,0.7569642544727468,-1.1238642508678591,-1.8424042605054571,0.2843666940966365
2019-06-11,3.108264206507359,-1.0677627710576532,0.7164290072813237,-1.1182262197899533,-1.9147105531368223,0.2760063301957363
2019-06-12,3.519241165213854,-1.4038796387083572,1.0708249809148054,-0.7698218279629865,-2.247230320896935,-0.1691343585603855
2019-06-13,3.5639020581054357,-1.4825110688604075,1.3077148667279062,-1.2731185139000072,-2.066170415019677,-0.04981692705324825
2019-06-14,3.3402786007967507,-1.3025140272304265,1.204507186589126,-1.3253898155789834,-1.8675288610849257,-0.04935308349153722
2019-06-17,3.5562573114418576,-1.2528692691363092,1.1826134903860908,-1.5074944657927682,-2.3020179508387306,0.3235108839398668
2019-06-18,3.688469496661936,-0.9991650776542904,0.8212877346599949,-1.8494230038225092,-2.5986518973476427,0.9374827475025169
2019-06-19,3.7194673349124496,-1.0508784548052634,0.8738058833856002,-1.828571379884778,-2.5989395837528004,0.8851162001447923
2019-06-20,4.579111677849976,-1.3903153487137907,1.4833203556766197,-1.9155569431210182,-3.1937953024971524,0.43723556080536863
2019-06-21,4.2719270858536955,-0.8867123958905117,1.3495567753565876,-2.029816254311208,-3.048956656987369,0.344001445978809
2019-06-24,4.122872339290039,-1.1950719442891924,1.6976113065225036,-1.8119835194776694,-3.1803725635306686,0.36694438148498776
2019-06-25,4.712295223488235,-1.4665498777400425,1.9254703596099745,-2.7371150926369747,-3.352216120910389,0.9181155081891994
2019-06-26,5.003272813978295,-1.479094919286293,1.7717813806763036,-2.7463025901305906,-3.4620336933489706,0.912377008111263
2019-06-27,4.95829958863661,-1.3365654719500502,1.539279058581526,-2.8351302688080278,-3.2865655958298174,0.9606826893697553
2019-06-28,4.90657737528379,-1.31156999732547,1.4675525801334572,-2.7484312213583557,-3.241723526331549,0.9275947895981229
2019-07-01,5.173648925374868,-1.2508205598797546,0.7230178141545744,-2.7066670588565023,-3.382263562356746,1.4430844415635597
2019-07-02,5.6295969355238675,-1.6530455950246417,2.127323840130286,-3.2763725384729456,-3.528359612642799,0.7008569704862335
2019-07-03,5.778222746542104,-1.3426178696044972,1.9341664066083446,-3.2864155564250184,-3.728677644501531,0.645321917380592
2019-07-09,5.457705447596771,-1.3582804709540357,1.7825238293825016,-3.2659406682543195,-3.2974750977322747,0.6814669599613561
2019-07-10,5.030304577337535,-1.5377575048941459,1.9897978121482787,-2.396250637633531,-3.6088918108728145,0.522797563914668
2019-07-11,4.902185409389396,-1.4951582708335727,1.6611971022004326,-2.3047159170031533,-3.241386971751259,0.4778786479981578
2019-07-12,4.914209194943961,-1.5455158309427006,1.7631289959214715,-2.501014486920611,-3.295507658604459,0.6646997856023518
2019-07-15,4.545938736555286,-1.4977561820744392,1.5357946702264051,-2.095084507580782,-3.109640677485571,0.6207479603591048
2019-07-16,4.831903110855288,-1.5098931001599494,1.5890443381324904,-2.3000518990701364,-3.3075554686322692,0.6965530188745794
2019-07-17,4.650292934888045,-1.7905220151848111,2.2843668588275694,-1.9315434791597248,-3.5522348986663874,0.3396405992953029
2019-07-18,4.670536164496328,-1.893415017096567,2.9696275170651525,-1.6399594567037363,-4.065930760844292,-0.040858446916882674
2019-07-19,4.457332567321011,-1.6606460046668656,2.872103602152272,-1.6897122594940592,-3.9865161724414575,0.007438267129101117
2019-07-22,4.3999792133192095,-1.7686424820557252,2.518011922765883,-2.3682538491793244,-2.533922618311646,-0.24717218653839712
2019-07-23,4.37461754307877,-1.6726904080689387,2.686896547603432,-2.283826204109655,-2.5986021965905626,-0.5063952819130395
2019-07-24,4.102874807557951,-1.6084754809064015,2.6885711262426373,-1.6301275494121432,-2.8319866207863513,-0.7208562826956975
2019-07-25,3.759718506079622,-1.6615065211145106,2.0773152258899508,-1.582997862894457,-2.209340872317424,-0.38318847564318226
2019-07-26,3.7394167463422416,-1.6752841823926052,1.7836743111594124,-1.4267146188785906,-2.06443235638802,-0.3566598998424473
2019-07-29,3.6841052295570584,-1.6293408052138836,1.8935605367986543,-1.3455538286382716,-2.239852485856752,-0.36291864664681306
2019-07-30,3.7840002446371006,-1.4038563557803936,1.7598438743670766,-1.3412578063886675,-2.381723261977854,-0.4170066948572586
2019-07-31,3.7444731140049825,-1.5095959004661654,1.9802206516891712,-1.2720147928158365,-2.358159019288121,-0.5849240531240283
2019-08-01,4.860956712850079,-2.117266984959935,0.48617742467389924,0.6033864722463926,-2.544016274124402,-1.2892373506860286
2019-08-02,6.146162337403535,-3.0204967246678804,-0.16177161070438828,1.0171900373843004,-2.721803143717646,-1.259280895697919
2019-08-05,5.214599250859905,-1.6751006484737214,0.24680285879630404,0.6528540226726252,-3.487960976729813,-0.9511945071252947
2019-08-06,5.63551314679372,-1.7555824073734745,0.35519723715621687,0.30940652639430066,-3.4147171967095526,-1.1298173062612147
2019-08-07,5.774209323210666,-2.1440488125404964,1.05789789494691,0.519132576059393,-3.39022093413779,-1.8169700475386832
2019-08-08,6.000050394104441,-2.350025548067877,1.7178434277194832,-0.0854835686001385,-3.56033450691912,-1.7220501982367908
2019-08-09,6.7332978377959005,-2.9644249570175316,1.6342637023330315,0.48720794011197377,-3.753334233922388,-2.1370102893009943
2019-08-12,7.085668159709829,-3.6904833777353963,1.5536253222723797,0.9037941592963312,-3.8842457059978033,-1.9683585575453355
2019-08-13,7.052879385326342,-3.155795825381062,1.7349400309806828,0.9463454440459973,-4.402145176360897,-2.1762238586110607
2019-08-14,6.42883196380158,-3.324313927269953,2.745819364448261,0.8431864107323737,-5.0799781464216185,-1.6135456652906388
2019-08-15,6.249983374287263,-3.2969546092744166,2.2865989036243572,0.8625861669026715,-4.540091610600893,-1.5621222249389746
2019-08-16,6.089190437344486,-3.3158389249622284,2.3412549150081254,0.6872926608138474,-4.690050364456579,-1.1118487237476433
2019-08-19,6.146716356026172,-3.166387695842393,2.6485715034689647,0.6235380483891939,-5.529909353099799,-0.7225288589421321
2019-08-20,6.415857373666215,-3.4679089151124907,2.870821859396898,0.5527209233757002,-5.501550763237134,-0.8699404780891857
2019-08-21,6.227029566725816,-3.3595271821029633,2.7690614925036705,0.5373706686918025,-5.248735469073833,-0.9251990767444864
2019-08-22,6.23913886368784,-3.3150852364753938,2.7846196232230245,0.5466414897859062,-5.27301584646987,-0.9822988937514969
2019-08-23,5.28684061922721,-3.0756130480371993,1.9302322106771275,0.023619227533328235,-3.3723557474091503,-0.7927232619913154
2019-08-26,5.249003678718736,-3.0496302826467323,1.9143992515206314,0.06277611276522865,-3.440933708849226,-0.7356150515086268
2019-08-27,5.454808461200175,-3.2984754392047706,1.890833367897061,0.4096322081641244,-3.426308969806655,-1.0304896282499305
2019-08-28,4.897000160056635,-3.0909369881286417,2.3913982182182583,0.866208781669096,-3.4047251002870054,-1.6589450715283505
2019-08-29,5.259357875458258,-3.5221945763555387,2.0270082085696437,1.1061975746154555,-3.428491099948215,-1.4418779823396086
2019-08-30,5.400841789801696,-3.5792792235122755,1.7862202326526884,1.240014812940478,-3.467678357104993,-1.3801192547775898
2019-09-04,4.958780358835233,-3.534274433657421,2.305346963568537,1.1104273606475816,-3.6742634259245746,-1.166016823469345
2019-09-05,4.236064013002478,-3.6127591958955136,2.2183215066460598,0.3619080164891262,-2.789243229033442,-0.41429111120870843
2019-09-06,4.351568008788565,-3.6568260026956896,2.1454300362438055,0.34052398820693774,-2.793771431396733,-0.38692459914687927
2019-09-09,3.8952089758381616,-2.8232057300297027,2.1569481391996694,0.1569482622189513,-3.1708154356512104,-0.21508421157587065
2019-09-10,3.7408709170719643,-2.77004015395837,1.6737485507809744,0.16402897945201023,-2.412021396366171,-0.3965868969804154
2019-09-11,4.203589046957329,-3.0600190904901345,1.6648545038716493,0.2831142697665143,-2.6076589689715064,-0.483879761133843
2019-09-12,4.225486353304965,-3.055945071679998,1.9532580450318813,0.1971380117402628,-2.8671936407495107,-0.45274369764759825
2019-09-13,3.67143181015111,-3.1483261515825016,1.6752683100462038,0.20044884020087395,-1.8926279870166338,-0.5061948217990553
2019-09-16,7.542640228713136,-5.617602376281999,4.779341181677342,-0.29028605070678726,-3.939899804155535,-2.474193179246163
2019-09-17,5.772613779132488,-2.8891967525248115,3.8045657412723344,-1.5547710081643222,-2.939910921761455,-2.1933008379542445
2019-09-18,5.562919378576311,-2.8805742287509855,3.9562186467472404,-1.8165073184987106,-2.6752491246035346,-2.1468073534703205
2019-09-19,5.578390389625234,-3.2364341239508025,4.158576026969369,-1.9598474665603645,-2.550845896696644,-1.9898389293867986
2019-09-20,5.9445155646469185,-4.067527522538044,3.7739037918486282,-1.7166946800124823,-2.0151963019512484,-1.9190008519937667
2019-09-23,6.176290895373491,-4.1330917480527445,4.163070062352075,-2.224793789533118,-1.9373608259851558,-2.044114594154534
2019-09-24,6.062273628360765,-4.261739975237015,4.104830703167249,-2.176877970604239,-2.159955848040708,-1.568530537646055
2019-09-25,6.167307826609942,-4.077656459690765,4.149816443340567,-2.1293321346683722,-2.444128810197089,-1.6660068653942817
2019-09-26,5.877030251927058,-3.826676691122543,4.00059171688148,-2.1210611737299754,-2.417361711249039,-1.5125223927069718
2019-09-27,5.996207647765434,-4.124703295160037,4.039966961115347,-2.031386644775676,-2.2812231093323314,-1.5988615596127356
2019-09-30,5.405229476575121,-3.6646287274669334,3.4297432077242753,-0.9829809502786491,-2.3869732744316137,-1.8003897321221982
2019-10-01,5.288691935157427,-3.5378816970397358,3.3641989386739937,-1.155027175865408,-2.385052311592087,-1.5749296893341813
2019-10-02,1.3231968940257097,-5.463954102866785,0.5316534833537503,8.710735123575306,-1.4161047424790532,-3.685526655608925
2019-10-03,0.8436695916300838,-4.943131317515558,0.08820088563141049,8.725122921026918,-1.1768180964034682,-3.53704398436939
2019-10-04,1.2519055322694008,-4.725009817414843,0.08111762273631662,9.581384304331943,-1.9229898837600068,-4.266407758162811
2019-10-07,1.9109952495271685,-4.2009193910220795,0.6599320757006275,7.081973415006205,-2.302807594631391,-3.149173754580536
2019-10-08,1.7483838699284888,-4.184420454633483,0.43029614046756315,7.521219956949347,-2.488454412508112,-3.0270251002038036
2019-10-09,2.9020813559978027,-4.220222486656016,2.047107239553654,5.297383232247618,-2.6601683901788906,-3.3661809509641625
2019-10-10,2.822007369492635,-4.050425694118456,2.1419853352573597,4.458824711869077,-2.1508857786209035,-3.221505943879712
2019-10-11,3.0210160412094353,-4.460233552444224,2.4643468520780853,4.037034735084545,-2.2721200047364576,-2.7900440711913834
2019-10-16,3.0852682758893195,-4.657568938263468,2.6563901823800933,3.8265304049639184,-2.373010540157243,-2.537609384812621
2019-10-21,3.1681363772556708,-4.7986464071936705,2.606559056515106,3.929484703996374,-2.434384694650854,-2.4711490359226245
2019-10-22,2.973669834385344,-4.773039576865651,2.4727825246965693,4.258892640557399,-2.5876220803963843,-2.344683342377278
2019-10-23,3.314185839956936,-3.9823227700720496,2.2005216831756442,3.7512867421587948,-2.725638429073219,-2.5580330661461073
2019-10-24,3.391979109398058,-4.012471024750884,2.244599560756928,3.544144090702915,-2.778509413289039,-2.389742322817971
2019-10-25,3.153979861875456,-3.828487768242813,2.1189808384548083,3.6864169025379776,-2.7748157670060962,-2.3560740676193332
2019-10-28,2.7226250295658065,-3.033666030702299,1.4038280260586307,3.867249440970409,-2.7247608874264633,-2.2352755784660823
2019-10-29,2.7319344349257673,-3.2322865070423443,1.3775295968903487,3.948325043737404,-2.6320414117798374,-2.1934611567313356
2019-10-30,2.673142312998845,-3.476526079481399,1.4842111256876702,3.7330996151864104,-2.6877233197383563,-1.726203654653165
2019-10-31,2.5141448709419185,-3.776400233317215,1.4062527633306248,4.4517223901244165,-2.8146407539323177,-1.7810790371474186
2019-11-01,2.816234897293916,-4.142113884172909,1.3454815977967138,4.320040217022111,-2.9090526130738867,-1.4305902148659513
2019-11-04,2.5335021818564654,-3.4533233297736556,1.3693352703603088,3.696550204648726,-2.463826001498441,-1.6822383255934024
2019-11-05,2.4453329751604302,-2.974423810139247,1.3392257679961705,3.4220576636033586,-2.460320376935665,-1.771872219685041
2019-11-06,2.396280742027016,-2.8650685956233124,1.3243546960463588,3.3894958148520264,-2.4578962123083294,-1.7871664449937543
2019-11-07,2.393264619517976,-2.8971233232803097,1.2977126679969375,3.7490513065993314,-2.7593329226063426,-1.7835723482275876
2019-11-08,2.432732170369097,-2.8985673738815665,1.2672539307355937,3.8124143294287873,-2.7897564629887084,-1.8240765936632024
2019-11-13,2.3564197766791386,-2.7654465014992784,1.1816606414565491,4.162881622616272,-3.2315503625760185,-1.7039651766766655
2019-11-14,2.375839778761052,-2.753148611635293,1.1992085046602146,4.1191740150297695,-3.224849936115334,-1.716223750700404
2019-11-15,2.1379422635389735,-2.820374142078812,1.0742726370134221,4.204455684048025,-2.720815525953207,-1.8754809165683985
2019-11-18,2.1233315611611276,-2.7508381113101663,1.031012967668719,3.9178625308302304,-2.3961209580841616,-1.9252479902657522
2019-11-19,2.2334823299822792,-2.7676041992975007,1.013405035362207,3.8958481200055224,-2.555791227239327,-1.819340058813177
2019-11-20,2.2146763836480323,-2.7639431250554534,1.273706382128144,3.550312202672801,-2.4307768155919507,-1.8439750278015739
2019-11-21,2.1087186836860443,-2.5889079051158856,1.1696079029617321,3.4795485868123657,-2.079076622950738,-2.0898906453935258
2019-11-22,2.05371897035639,-3.003535819699678,1.0998098596602341,3.7436936537564516,-1.7524029140064168,-2.1412837500669823
2019-11-25,2.1771783495139383,-3.0342012831570644,1.0496290877015353,3.663160703103085,-1.7379729497086172,-2.117793907452877
2019-11-26,2.2069734246191146,-2.8439722311209152,0.9746922967391702,3.536426232676983,-2.0110142820882544,-1.8631054408260979
2019-11-27,2.0302601505656694,-2.665870066581423,0.851757457183929,3.425913937023745,-1.7974714852143618,-1.8445899929775598
2019-12-03,1.9633301345042264,-2.795510408422266,0.8631733039293472,3.4533265341372714,-1.8922773038066816,-1.5920422603419042
2019-12-04,2.0753759331141497,-2.6637814846650123,1.0839456097817255,2.963990940057983,-1.849753490119964,-1.6097775081688899
2019-12-05,2.08347583767151,-2.630083527565227,1.0902796009914795,2.9333693631142332,-1.8708486210361923,-1.6061926531758046
2019-12-06,2.060375741163159,-2.6358098676469677,1.030295061048597,2.9519277400962136,-1.757210304785024,-1.6495783698759774
2019-12-09,1.9419108163140235,-2.0471561411802752,0.9279011485643105,2.741627914944403,-1.779406390022968,-1.7848773486194918
2019-12-10,2.0059542017281276,-2.0142815258062736,0.9956099548829025,2.6705702566434195,-1.858708182895358,-1.799144704552813
2019-12-11,2.231668326135602,-2.1056328938715954,1.1902757449402523,2.5851464028062954,-1.8790069937780016,-2.022450586232553
2019-12-12,2.1041038268201913,-2.0179575383447093,1.2142491948859737,2.5409994827646982,-1.7565372915827568,-2.0848576745433967
2019-12-13,2.123021261868682,-2.0156097081323825,1.302391714596963,2.436789216789744,-1.76053045860214,-2.0860620265208576
2019-12-16,2.1319118112527002,-2.0951463097398575,1.3082399176677795,2.41343460105317,-1.7167510417895278,-2.0416889784442636
2019-12-17,2.1169759459868978,-2.1196941850013564,1.252345951045875,2.4610683899407864,-1.7202497551766371,-1.9904463467955602
2019-12-18,1.9629206196686768,-2.0986320440328,1.1508403215856182,2.2182981051176744,-1.2793892104676314,-1.9540377918715284
2019-12-19,1.98390893227978,-1.802182957559462,1.1577446681557104,2.096146362532427,-1.4047006190675075,-2.030916386340946
2019-12-20,1.9599334024231796,-2.0269774436579238,1.1243958520841115,2.0850596410900075,-0.996506909235686,-2.145904542703694
2019-12-23,1.865456191003906,-1.8263535679936713,1.0544681644619045,1.9753868137772912,-0.8825715493291715,-2.1863860519202567
2019-12-24,1.8844032986239236,-1.857441971503985,1.0919109775686193,1.944701761588015,-0.8450844813638834,-2.218489584912692
2019-12-30,1.4933050622435742,0.4426558143045265,0.843366130443373,1.3190605634102108,-1.5358776581306617,-2.5625099122710178
2019-12-31,1.521321141635183,0.4216796775253626,0.839211321895827,1.4026605173162157,-1.592750130423202,-2.5921225279493814
2020-01-03,1.4674383612889788,0.43748777335001643,0.7838989686624771,1.2755103403904418,-1.2488481960806668,-2.715487247611246
2020-01-06,1.4005455332807495,0.4176284266573682,0.693377275617328,1.318553476240644,-1.1397729322145889,-2.6903317795814967
2020-01-07,1.4111986301805697,0.5221421068320871,0.6851913436672268,1.2832652743677264,-1.1362390851840227,-2.7655582698635905
2020-01-10,1.5673433766026799,-0.04375768460749074,0.7923480900271889,1.2595225099764038,-0.8482881252549479,-2.7271681667438425
2020-01-13,1.203537016945189,-0.47995037162893794,0.7076007220307527,1.0949248022375073,-0.5468696204091796,-1.9792425491753216
2020-01-14,1.129404254260944,-0.02923316014794386,0.6833892252295426,1.0759295218909242,-0.7332602530268,-2.126229588206667
2020-01-15,1.2872437109175818,0.5606528677742433,0.6169041801851103,0.873029536589387,-0.9858027970546375,-2.352027498411685
2020-01-16,1.2065102239860463,0.6489566122912482,0.6163216034037058,0.8259625858022299,-1.0812428864809065,-2.216508139002321
2020-01-17,1.0891144585541843,0.6703376025721943,0.40995098017519105,0.79500562531436,-0.8306517927982653,-2.133756873817675
2020-01-22,1.0507318877313763,0.7451319585974188,0.5561921262779199,0.8885949349942281,-0.9821525112990117,-2.2584983963019316
2020-01-23,1.0794597500145704,0.1705108632421921,0.587596403638579,1.3698798164832755,-0.9151070347863848,-2.2923397985922334
2020-01-24,1.3883382296009668,0.3913300059341056,0.6558940877316983,1.2387649272717551,-1.2814175992968058,-2.3929096512417187
2020-01-27,1.7717516602540018,0.5065534239841964,0.4992001690925916,0.6344799204254272,-1.365317876966314,-2.0466672967899022
2020-01-28,1.0650217447685089,0.9089943521687811,0.2830687483846903,0.5559883933265155,-1.666960152771705,-1.1461130858767894
2020-01-29,0.961709613924592,1.0027303406878985,0.23384827013332288,0.5061024118973356,-1.7578292177196597,-0.9465614189234879
2020-01-30,0.8249549280040034,1.0825852602307209,-0.03316968332420789,0.6220319136913841,-1.6773014603961354,-0.8191009582057651
2020-01-31,0.7921183301374368,1.0143833828611117,-0.25170876159260835,0.5161001003042567,-1.1801448781721589,-0.8907481735380438
2020-02-03,0.31286367296897577,0.15575481702616223,0.2796491159833119,0.364424732076148,-0.6641290644879283,-0.44856327356666537
2020-02-04,-0.02072526501144978,-0.5108352894689046,0.5052629196145553,0.02671754914328095,-0.7977282923458131,0.7973083780683283
2020-02-05,0.20516062795424794,-1.0975813115772302,1.29764368327778,-0.4126891306295122,-1.0772884689964553,1.084754599971172
2020-02-06,0.05862159765714914,-0.9318095015932797,1.1745407220671265,-0.437741386268359,-1.1065484006893227,1.2429369688266836
2020-02-07,0.5750291206807399,-1.130363941249927,1.3096863652149846,-0.6177224846372968,-1.1676076534735738,1.0309785934650706
2020-02-10,0.5355471901975308,-1.1885727512221318,1.2338225573746815,-0.5732052647118069,-1.124274336940493,1.1166826053022212
2020-02-11,0.47558851233928845,-1.0504828770940056,1.1732597147739803,-0.5500461591995984,-1.223894600315608,1.17557540949594
2020-02-12,0.8883938091462529,-1.2449759695971188,1.639821564366267,-0.7068577050643472,-1.546314081403081,0.9699323825520265
2020-02-13,0.8780917464155724,-1.2390055752430185,1.5769097849822273,-0.6868476273524236,-1.6533310759206463,1.1241827471182857
2020-02-14,0.6039008899134313,-1.2449550840519759,1.3580901039242974,-0.9155224149108758,-1.082416738868138,1.280903243993257
2020-02-19,0.6054858221421373,-1.3150193067833718,1.2847566893531734,-1.1357234908973393,-1.358216271060971,1.918716557246373
2020-02-20,0.606056196222811,-1.16427642225953,1.2673134691612944,-1.1148884887647612,-1.4203117183630076,1.8261069640031908
2020-02-21,0.3074131049429454,-1.2986457047989453,1.0070035534681754,-0.843159909916571,-1.6080708759806845,2.4354598322850802
2020-02-24,0.7763580331719115,-1.798972410402494,0.8910039997326571,-1.3364126399382856,-1.5851965890218085,3.053219606458023
2020-02-25,0.45117188987070733,-2.35001815194457,-0.22767828197977202,-0.5369154253750539,-2.0090631496743816,4.672503119103062
2020-02-26,0.30128606467867236,-1.8649425377557367,-0.1636182896141687,-0.6557516915471329,-1.8919691027271903,4.27499555696556
2020-02-27,-0.38459906495634755,-2.0618509025337373,-0.8739295649703376,0.1812366422585301,-2.4212012799283693,5.560344170130256
2020-02-28,-1.175298650041011,-1.9999078805754933,-0.9902681973079677,0.2526845734537311,-2.243582752371248,6.156372906841996
2020-03-02,0.3853007099550201,-2.8516254104914998,0.07583193345168304,0.5340618809929518,-2.746209625095301,4.602640511187145
2020-03-03,0.1427520965379827,-2.406761606537453,-0.012240563842405905,0.5043331402665174,-2.9101411774957215,4.682058111071087
2020-03-04,0.2446499387986112,-2.4482277436934727,-0.3951734408116767,0.4844064715453751,-2.5545220356361105,4.668866809797275
2020-03-05,1.0436353334980524,-2.8930639109264558,-0.036912137928409194,0.2439657741476413,-2.8872178100578125,4.529592751266979
2020-03-06,2.885592687215972,-4.387726741044155,1.6501222386719832,0.6682292161109853,-4.225809818840974,3.4095924178861887
2020-03-09,6.945044936247216,-11.61811044822275,6.2764709975907405,3.3006442296830567,-8.445762923651127,3.5417132083528724
2020-03-10,5.898173845729312,-4.890660644905801,5.117442755846202,3.191691231574362,-11.836377496537153,2.5197303082930773
2020-03-11,5.94852049915024,-6.979936973948281,5.34701675831556,3.3596768290801364,-10.294482383543372,2.619205270945706
2020-03-12,3.5127386768946725,-6.009573951712572,4.9783048325970665,3.8005922845463562,-8.478322016676293,2.19626017435076
2020-03-13,3.066301510160386,-6.579020534159756,4.439413071691112,3.131450840060756,-5.905883926430054,1.8477390386775578
2020-03-16,2.804191220020396,-9.043552255757024,5.424617212943041,3.897722083069244,-7.780146591867303,4.697168331591641
2020-03-19,4.697727532723064,-9.285005579206707,6.849821303054563,1.8963772216967882,-9.52919939555035,5.370278917282638
2020-03-20,5.758808177318244,-8.352263819178994,6.196382334590169,1.8538891911327582,-8.659743534095888,3.2029276502337165
2020-03-23,6.218058191889691,-7.719882485113494,6.330048452315509,0.6666793508738422,-8.725621154388957,3.2307176444234162
2020-03-24,6.703428096655978,-7.537639210455209,6.697106257450169,-0.0032112247523770066,-8.389145368756562,2.529461449857994
2020-03-25,4.83096982423675,-7.712038257946482,5.994667467514407,0.10937218306255403,-6.893696515387418,3.6707252985201873
2020-03-26,5.065172604196553,-6.903631861501442,5.752776957715573,0.8879325622403087,-7.182700059320504,2.380449796669515
2020-03-27,5.121132777160419,-6.8031593995461535,4.78647035419208,1.1039194517437068,-7.078376825895849,2.870013642345791
2020-03-30,5.05514884293938,-5.857673544335775,4.6056435262656095,1.0881531750615583,-6.328118134137971,1.4368461342071868
2020-03-31,15.525388459957483,-5.793008342367381,-1.561440951889585,-1.3002901575255255,-6.987411169233632,0.116762161058654
2020-04-01,9.752539718378342,-4.498334377223473,0.06689247188025682,-1.5425499034839731,-5.355370429919301,1.5768225203681503
2020-04-02,9.39050255113355,-3.6173822956339072,0.26742364420939246,0.6670596836813836,-7.722381068679276,1.0147774852888531
2020-04-03,10.54777978029102,-3.9481146180509312,-0.49738685105427294,1.353248429232245,-7.961008954614523,0.5054822141964621
2020-04-06,6.824667487060078,-2.306537019573013,-1.7663266578904722,0.7193956747795607,-4.60618141191379,1.1349819275376358
2020-04-07,5.387597891816379,-2.3241294406411583,-1.6478345350989159,0.9449008136486743,-3.8307686960731915,1.4702339663482071
2020-04-08,5.046279383152892,-2.121882126740517,-1.6240363157080342,0.9514714068506489,-3.6223050779264825,1.370472730371481
2020-04-09,4.849586283521549,-2.2299471078424666,-1.2266906257055545,0.9888228559597216,-3.4529784913683086,1.0712070854350584
2020-04-15,4.927967805966948,-2.1074883204021013,-1.4896392959039169,0.9407093968376028,-3.4432224927001744,1.1716729062016382
2020-04-16,4.847121415478411,-2.0714285846008584,-1.3672814065681642,0.7280894314363735,-3.2354156786210497,1.0989148228752912
2020-04-17,4.702022214144363,-2.0999942211244216,-1.3178847319087428,0.6538479632365757,-3.3412204566704147,1.4032292323226434
2020-04-22,4.291976002996935,-2.8132915629642627,1.9925886197445148,0.21478455188847256,-4.010643125034932,0.3245855133692688
2020-04-23,4.132308634580696,-2.552219802087665,1.713308272806513,-0.08952833872352528,-3.6549891318912855,0.45112036531527266
2020-04-24,4.209524222114739,-2.2757392763828546,1.450651711647744,-0.20652137726058228,-3.753974046871163,0.5760587667521264
2020-04-27,4.631364467282618,-2.404155029142068,1.8533093502324967,-0.48252809896397864,-3.870916849330145,0.27292615992107816
2020-04-28,4.577795772359871,-2.2287704315510006,1.8108973252103198,-0.5197113295698568,-3.7705768452603245,0.1303655088109963
2020-04-29,4.668534196154291,-2.1929453031592443,2.2853113152144253,-1.2553928137941517,-3.7932015659959464,0.2876941715806325
2020-04-30,4.704552891748102,-2.2615134275398483,2.242476874529796,-1.3502053898822783,-3.4679603132242516,0.13264936436848274
2020-05-01,4.2583419067140085,-2.0951387675709054,2.0117564182958745,-1.0925273010091958,-3.579434050667063,0.4970017942372875
2020-05-04,4.169174155732742,-2.0284145674993956,1.9364060154561482,-1.1839885239808376,-3.1629109014554255,0.26973382174676885
2020-05-05,4.580762097550294,-2.114818591087196,2.266525882816415,-1.3546914079332746,-3.0787764968320808,-0.2990014845141511
2020-05-06,4.210369851881223,-2.1566495283761222,2.4218193065328997,-1.0779750452988095,-3.1527387776161357,-0.2448258071230507
2020-05-07,4.18628186231222,-1.9430912632424193,2.3431173171355013,-1.1564577885669314,-3.2147925430483917,-0.21505758458998336
2020-05-12,4.028556149174303,-1.9732938814794596,2.155479868677025,-1.2503155725360076,-3.0227322131005576,0.06230564926469384
2020-05-13,4.013715434604505,-1.9983753145830545,1.9990882937146939,-1.2735685684471454,-3.1230394821912366,0.38217963690224277
2020-05-14,4.0670358569078155,-1.9991968281816388,1.9791088500339722,-1.2768230411435972,-3.1537066707483903,0.3835818331318439
2020-05-15,4.119359765596537,-2.0187435199935897,2.023055528268346,-1.184839830451283,-3.374636977722837,0.43580503430282747
2020-05-18,3.9771440905719198,-1.7387388082513402,2.0795978665376698,-1.1551605034848764,-3.547718157103522,0.3848755117301428
2020-05-19,3.8130855159663906,-1.689053349325933,2.0876530175531514,-0.8915045027633415,-3.808471490729496,0.48829080929922597
2020-05-20,3.849814158346839,-1.680383197268735,2.1330301302191756,-0.9520436643216117,-3.825320896295765,0.4749034693200951
2020-05-21,3.6258489447630877,-1.4576614762663511,2.192890778021198,-1.0175308910106944,-3.8160706956831296,0.4725233401758899
2020-05-22,3.6239267215144846,-1.456248397255901,2.1933157915309813,-1.0414490068878974,-3.812318958936719,0.4927738500350589
2020-05-27,3.3906975298713515,-1.1188718168172649,2.175830242016067,-0.859367673683181,-3.895270938046215,0.3069826566592413
2020-05-28,3.333048319867604,-1.0871111145683714,2.163058668051864,-0.8877645439018318,-3.907876705097806,0.3866453756485351
2020-05-29,3.395797333199601,-1.3033225788938436,2.25254017986631,-0.7260225694100324,-3.880228098977552,0.2612357342155196
2020-06-01,2.996076283199595,-1.1271513547696475,2.452458700120612,-0.6809780885321324,-3.119202210310983,-0.5212033297074488
2020-06-02,2.9154909563843603,-1.1491243344311601,2.591679012659002,-0.7666158292977343,-3.145486360399086,-0.44594344491538696
2020-06-03,2.9636862941771236,-1.0909108491879924,2.281276827943058,-0.8200549352176507,-2.2780016877187435,-1.0559956499957943
2020-06-04,2.954879956996927,-0.9580856704801981,2.224575403624611,-0.8835426932628865,-2.218766245387504,-1.1190607514909487
2020-06-05,2.9338705942320384,-1.0278787846881317,2.118976470103364,-1.0079541496644504,-1.8327674508272365,-1.1842466791555823
2020-06-08,2.94781741786462,-0.814992993265852,1.9994387063090322,-1.0815178756364725,-1.590927857021843,-1.4598173982494789
2020-06-09,2.985800854819094,-0.5957874644632071,1.902674069488672,-1.1812490132258278,-1.6617566883604105,-1.4496817582583192
2020-06-10,2.9700344910768584,-0.5995286125799772,1.8975036153399802,-1.1800429747396954,-1.693989822625578,-1.393976696471574
2020-06-11,2.8371976860648047,-0.6448089472151364,1.9376819426553968,-1.392722705552611,-1.6527467554897073,-1.0846012204627495
2020-06-12,2.7948750790039814,-0.45090517192452007,2.015760361313575,-1.4912454999709626,-1.6996138344349392,-1.1688709339871322
2020-06-15,2.6844849617187077,-0.45188841664874024,1.9766057945875275,-1.412273277761111,-1.7233299835287879,-1.0735990783676037
2020-06-16,2.4909470072890967,-0.1794111251170829,2.114214177108197,-1.3935027090743173,-1.5791667431151684,-1.4530806070907314
2020-06-17,2.4294163770083026,-0.2960429351169731,2.0530552066329193,-1.2494505233321052,-1.5829043687460556,-1.354073756446085
2020-06-18,2.4108575436844806,-0.17089735826374008,2.0346622769845766,-1.2099098951003668,-1.569194410863188,-1.4955181564417694
2020-06-19,2.4203240538289394,-0.2158087423315358,2.028370842275846,-1.1994789799789478,-1.555956143049721,-1.4774510307445778
2020-06-22,2.3914472364099337,-0.241606294569241,1.8071500991666518,-1.2617997751993926,-1.0957957425929439,-1.5993955232150086
2020-06-23,2.3652786772719647,-0.24831254579309103,1.7954361035417339,-1.230702898797655,-1.0870909872206496,-1.594608349002299
2020-06-24,2.2633175937380035,-0.3951855355936784,1.8342698507284574,-1.2233483604803856,-1.0267775520255076,-1.4522759963668879
2020-06-25,2.24964818527014,-0.305147676419093,1.8694043276158272,-1.2420635873828534,-1.0901910811244573,-1.4816501679595575
2020-06-26,2.2540945149854794,-0.16780922380046492,1.9173307021843105,-1.2334053816548716,-1.2713670009797804,-1.498843610734669
2020-07-01,2.235416682606954,-0.2571637716337727,1.9594093131709656,-1.2722882124405723,-1.0905082763848695,-1.5748657353187143
2020-07-02,2.232169980989341,-0.0657085323176676,2.0605025579927485,-1.354684402283774,-1.3195873560798743,-1.552692248300767
2020-07-07,2.2124921816352074,-0.013911762776171788,2.0572207845882726,-1.3785536514312886,-1.3233218841465413,-1.5539256678694748
2020-07-08,2.2378886628083565,-0.2783837837337231,2.003238237089988,-1.297992196487903,-1.0550232488925388,-1.6097276707841823
2020-07-09,2.2266658519988622,-0.4034324497750781,2.026224401054403,-1.2922537411601187,-0.8446628526609747,-1.712541209457096
2020-07-10,2.178269065018976,-0.3113351697698903,2.1167411767624387,-1.3565447360823883,-0.8607694675372288,-1.7663608683918994
2020-07-13,2.152193418036463,-0.2590410903587337,2.063618709075554,-1.418626909890441,-0.7453996011208961,-1.7927445257419476
2020-07-14,2.050148718220437,-0.2771030162013859,2.067681752400775,-1.4253507026476333,-0.799830845640459,-1.615545906131734
2020-07-15,2.047134109777141,-0.3088659312966717,2.0943683081260414,-1.4926631369821166,-0.8329938376267072,-1.506979511997688
2020-07-16,2.0809044239906713,-0.3766791793705573,2.0570929879779953,-1.4645522325807976,-0.7818804714876206,-1.514885528529689
2020-07-17,2.055435015806692,-0.45235766221854323,2.038383703672787,-1.3656700314170758,-0.7376521461600047,-1.538138879683851
2020-07-20,2.046945031523639,-0.8221500816731875,1.960270587712989,-1.505491117964251,-0.41457937599779804,-1.2649950436013926
2020-07-21,1.932620632047537,-1.0643225536149972,2.0272238784178835,-1.4550809846116133,0.1094281986386596,-1.5498691708774741
2020-07-22,1.9385913476884378,-1.0408616794459662,2.000171954618418,-1.4691259405464292,0.09071310771114893,-1.5194887900256147
2020-07-23,1.9750290497911314,-1.1684944333433347,2.062010301013773,-1.6221691222710346,0.02999238348620281,-1.2763681786767496
2020-07-24,1.9589344206224748,-1.0660484305933857,2.0629035838431093,-1.6420661024970018,-0.012914609672963095,-1.300808861702234
2020-07-27,1.9401465133723823,-1.4661964128433955,1.8761962574061268,-1.7585851595245412,0.4376905041571284,-1.0292517025676977
2020-07-28,1.9560222392962041,-1.6295916994353477,1.857277412758119,-1.9361646216553057,0.5259300827416142,-0.7734734137052772
2020-07-29,1.9862437465587996,-1.6853286675670616,1.9135710194261986,-2.008717676612455,0.5360452241048899,-0.7418136459103586
2020-07-30,2.0835389751624662,-1.7622296501895303,1.9878877112572617,-2.103864167369342,0.5029249729429313,-0.7082578418037828
2020-07-31,2.0971017817874955,-1.4468425946187466,1.9986649737216862,-2.180783031339569,0.369282606058535,-0.8374237356093994
2020-08-03,2.007443666770782,-1.6271972749403745,1.9727083131221086,-2.0986969788326837,0.4736479119879604,-0.7279056381077877
2020-08-04,1.8798926833521383,-1.1388202103643403,1.914021292766808,-2.1913741236731514,0.2546026348905608,-0.7183222769720148
2020-08-07,1.8351650745226111,-1.1275921593611165,1.9524051687040664,-2.09397504079695,0.26590651098281226,-0.8319095540514247
2020-08-10,1.9470845657031246,-1.2266441487162696,1.7934209690527911,-2.061523496233134,0.39391121799973194,-0.8462491078062442
2020-08-11,1.868025972955226,-1.1177333383615615,1.8532691884603114,-2.0123405893942614,0.37203017356091506,-0.963251407220632
2020-08-12,1.7478759937944988,-1.2300597024422493,2.0703929405147647,-1.926482733698367,0.23688407015693613,-0.8986105683255863
2020-08-13,1.8266666015957052,-1.1068795991880502,2.0250251978230622,-2.0057679414475764,0.1687298243675157,-0.9077740831506578
2020-08-14,1.8568894523007735,-1.0794683317486211,1.985529888695762,-2.009647951829506,0.1567636431154762,-0.9100667005338812
2020-08-17,1.9658252059466887,-1.18343640009013,1.825624282063547,-1.9208371237799904,0.08298451554878628,-0.7701604796888892
2020-08-20,2.0142263762223953,-1.1035055911697957,1.7498557156824202,-1.942097563466663,0.08470160068808252,-0.8031805379564458
2020-08-21,1.9458356792241878,-0.9653369309572559,1.7147962107824508,-1.864382947961552,0.04400946639185688,-0.8749214774796918
2020-08-24,1.9054549325885537,-0.8788341050924999,1.5297298516252358,-1.9851344545648306,0.30121273958578776,-0.8724289641422489
2020-08-25,1.7701283435685928,-1.0109907056512253,1.5350579760992975,-2.088876786752465,0.35822800030865243,-0.5635468275728499
2020-08-26,1.808069231283019,-0.9756893937507265,1.5428975379366534,-2.097596592326517,0.390303019683528,-0.667983802825959
2020-08-27,1.776264650201516,-0.9090568991342085,1.5489094386715792,-2.086793577866575,0.43264828349945383,-0.7619718953717634
2020-08-28,1.6635746206823248,-1.0801487102007659,1.6111294653074193,-1.8853591619604568,0.5537820268578704,-0.8629782406863917
2020-09-02,1.3676767740455844,-1.1365760623945047,1.7162521651201352,-1.7698155493730718,0.6491127050492522,-0.8266500324473922
2020-09-03,1.2446426500314756,-1.8124439545499882,1.6405000716588205,-1.8600384958390306,0.7232845517261441,0.06405517697257324
2020-09-04,1.030996209670322,-1.6062141581849025,1.7029352704643035,-1.4274360603258698,0.5802165435676172,-0.28049780519146683
2020-09-09,0.7751810224846789,-0.06866304538256252,0.9128181088870555,-2.181344759928094,-0.20133047565564377,0.7633391495945743
2020-09-10,1.181115260125738,-1.034387590632964,0.6584439677464538,-1.510237582528057,0.7337712921150095,-0.028705346826184197
2020-09-11,1.1545483620896704,-0.5597557256118493,0.5698652233842978,-1.620292450826109,0.6847596165682814,-0.22912502560429093
2020-09-14,1.239380374170688,-0.5846447968119897,0.5946366667675775,-1.696025259474089,0.7846812787197237,-0.3380282633719114
2020-09-15,0.9473250605642995,-0.020527222651381738,0.7969894082005702,-1.3498234216254383,0.03420777054354884,-0.4081715950316003
2020-09-16,0.8536097947751191,0.05375502619128891,0.8884229656912268,-1.4024040699214053,0.037959279819554936,-0.43134299655578356
2020-09-17,0.7016269757350209,1.6254537692361866,0.695824144404666,-1.711779583079605,-0.6682168702109972,-0.6429084360852713
2020-09-18,0.8352599240330498,1.1724921202778091,0.6710327214967311,-1.8742387378132621,-0.12632513543698698,-0.6782208925573503
2020-09-21,0.40294605389791194,1.7166701462304736,0.20624788715345765,-1.2269998730795253,-0.5764619227711973,-0.5224022914311197
2020-09-22,0.4713434905020666,1.7479990337380014,0.25338256651805047,-1.3798593761950473,-0.5983013797104904,-0.4945643348525799
2020-09-23,0.2987505974090414,1.170219078000097,0.26375110521061806,-1.2875715222238782,-0.18201750848790255,-0.2631317499079744
2020-09-24,0.2734234222667986,1.342309071339646,0.2200502539640734,-1.363594947898724,-0.1401329837053491,-0.3320548159664405
2020-09-25,0.34503563686768146,1.3156091310403055,0.14724068149264902,-1.3225654149243784,-0.16000983638532418,-0.325310198090925
2020-09-28,0.307481326743698,0.5788661943409137,-0.11606140015977573,-0.9949216368668123,0.4963035096723245,-0.271667993730353
2020-09-29,0.3092114842582845,1.138867080834829,-0.19990791612127445,-1.017727644914113,0.6311639521928631,-0.8616069562505877
2020-09-30,0.46346043242311197,0.7470800886532443,-0.207299449954224,-0.9416331859115319,0.5741560465182962,-0.6357639317288903
2020-10-01,0.40661246641899496,0.7430681999835431,-0.23009304749613335,-0.9628774481974904,0.6258614637118041,-0.5825716344207139
2020-10-02,0.7040477242392171,0.5444336122703248,-0.13208812656036883,-0.9379197900091967,0.562977130157281,-0.7414505500972486
2020-10-05,1.3085367340035408,0.6411433925638299,0.24973790070021273,-1.1808433667761076,0.44981654758322054,-1.4683912080746966
2020-10-06,1.1361041075390759,0.3631103083494458,0.3387531999078419,-0.8554390575664392,0.4155989775518085,-1.398127535781727
2020-10-07,0.9335080756307548,0.6592434517207848,0.4548226815776779,-1.0694661140560227,0.37670673207386174,-1.3548148269470484
2020-10-08,0.006444308728211112,2.117642241707633,-0.3170378395586475,-1.2207704984784815,0.2897044609654156,-0.875982673364136
2020-10-09,-0.17048241905666472,3.5083550760990874,-0.5049350910278054,-1.6392317703630033,0.023930536450007978,-1.2176363321016201
2020-10-12,-0.3074497818932276,3.7659670052662215,-0.6204113739274071,-1.8462640402210537,0.07377167139164964,-1.0656134806161814
2020-10-13,-0.4851237044050869,3.383963463165036,-0.7187465496389489,-1.8589769396759133,0.4857919406897797,-0.8069082101348566
2020-10-14,-0.4452401318549448,3.389632646597614,-0.5838915831963902,-2.002059645763695,0.5843325121108931,-0.9427737978934698
2020-10-15,-0.46091719301625567,3.445926858214171,-0.6017153055679927,-2.0286715475780737,0.5735884199051058,-0.9282112319569507
2020-10-16,-0.1929000461694148,2.8404638795817427,-0.3595245103986002,-1.8230860519694039,0.5121816063114419,-0.97713487735576
2020-10-19,-0.18775758923527164,2.794938698948735,-0.3835483182557873,-1.869334278192989,0.6555451963762318,-1.0098437096409176
2020-10-20,-0.23707377302807053,3.0640216778503917,-0.5475455710236403,-1.940247249451203,0.7671886381539279,-1.1063437225014092
2020-10-21,-0.32962570452246176,3.1525040761073173,-0.26613803698780636,-1.9431555394247848,0.8163836856745039,-1.4299684808467696
2020-10-22,-0.13014090064195827,2.869315926974902,-0.10796524933048346,-1.7067356930684996,0.6973643591722407,-1.6218384431062067
2020-10-23,-0.15144518162771625,2.9092139886095087,-0.16474587932989948,-1.7415145951508917,0.7752293351691661,-1.6267376676701586
2020-10-28,-0.23165343290682472,3.2685355547470465,-0.31070505267516424,-1.8991938965440553,0.8517590054393192,-1.6787421780603213
2020-10-29,-0.3127293481327804,3.3038761339772145,-0.44333657120755987,-1.8693269955204146,0.8494599274000314,-1.5279431465164914
2020-10-30,-0.28165711255724446,3.1413735350922547,-0.36044402778712126,-1.9395769093955106,0.859892243496263,-1.4195877288486374
2020-11-02,-0.31090338384778526,2.996009194854525,-0.10970212359163334,-2.1344596384341497,1.0347543553206773,-1.4756984043016343
2020-11-03,-0.30463276667059525,2.8883544406307506,-0.12156983677674837,-2.04387207985041,0.9406744430378104,-1.3589542003708113
2020-11-04,-0.3615581677896067,2.8354861781567022,-0.2109821228953752,-1.9410281261952242,1.0014115521257416,-1.3233293134022284
2020-11-05,-0.6033300000199855,2.8837963653689886,-0.428130205834961,-2.023600583163981,1.0053466371649877,-0.8340822135150394
2020-11-06,-0.5028368172162754,2.644993577853124,-0.28644214092367726,-2.0196964799173864,1.1594587423809437,-0.9954768821767357
2020-11-09,-0.6627777343235284,2.749847209037975,-0.19778083617759634,-2.5370442578549657,1.325945462526231,-0.6781898432081235
2020-11-10,-0.8462903988446921,2.736209509589797,-0.2911371995816321,-2.7404616592126985,1.2609542109137895,-0.11927446286455856
2020-11-11,-0.8810264106903816,2.7263202320681597,-0.4391930247875493,-2.8648416528212506,1.2629534742605788,0.19578738197044698
2020-11-12,-1.0280938896356524,2.7110907202233747,-0.5201358334983173,-2.7913029424209883,1.199783844690622,0.4286581006409551
2020-11-13,-0.8941951380256867,2.6638061031650224,-0.43973040789199835,-2.789389555663517,1.2079381824663136,0.25157081594986774
2020-11-18,-0.9531637373234876,2.745302070228944,-0.4604380637033376,-2.8571502491586243,1.2055961705243239,0.31985380943218766
2020-11-19,-0.8635540347003499,2.507688437447516,-0.15690650387421456,-2.451087543810308,0.9561403865254503,0.007719258411902352
2020-11-20,-0.8379856606117997,2.456336034411462,0.10219807617950138,-2.3282266454169447,0.8518864434196103,-0.24420824798183283
2020-11-23,-0.962732739085812,2.4332886714257076,0.09502141508070139,-2.3606436827762725,0.8393616666607175,-0.04429533130503316
2020-11-24,-1.2882589592876137,2.9008119890595827,-0.303800137102499,-2.5496466742221378,1.2107139072276003,0.030179874325068745
2020-11-25,-1.2066821332576012,2.673678837143262,-0.2838333601294938,-2.5245364301607562,1.3829728569343835,-0.04159977052979302
2020-12-01,-1.0915779780302728,2.614850448494152,-0.5092258287700737,-2.5054086790492125,1.217253633556703,0.27410840379869716
2020-12-02,-0.9138868286472501,2.369545955377084,-0.32342397306243775,-2.3820143543944114,1.0652236558885066,0.18455554483851655
2020-12-03,-0.7256309101629608,2.4718153995285723,-0.15274202835013462,-2.9576745902132453,1.19770777243862,0.16652435675914745
2020-12-04,-0.5704735538530059,2.3779217077440093,0.1280982011078411,-2.9212357878704394,1.137795184141392,-0.15210575126978965
2020-12-09,-0.6200565475805533,2.16496182182538,-0.01105045364548829,-3.0418824418669246,1.0109568136721738,0.497070807595416
2020-12-10,-0.47276310997365556,2.303297558196146,0.14689622446571704,-3.093933435544331,0.9105806527754035,0.20592211008072714
2020-12-11,-0.420997008748893,2.1210368353590177,0.13508277430197957,-3.029726716968927,0.8851799388120192,0.30942417724480675
2020-12-14,-0.5340121940841573,2.264100887427922,0.08282978764880866,-3.0537992979023407,0.9318415498868764,0.3090392670228943
2020-12-15,-0.5972161632155668,2.082186341462407,0.019233499646778895,-3.2266508348494094,0.9393536173283348,0.7830935396274556
2020-12-16,-0.6311352060491124,1.9366304445578386,-0.047069937597061795,-3.4183813438255646,1.2369820467879262,0.9229739961259753
2020-12-17,-0.6494521750768065,1.9870112939205242,-0.020785705549656086,-3.438639829338472,1.245409451618543,0.8764569644258646
2020-12-18,-0.29393179804510083,1.4777577806524613,0.0483981223778418,-3.187677831250018,1.193072071760683,0.7623816545041371
2020-12-21,-0.20260116157769836,1.2406556132706172,0.030116885822385697,-3.046042701185704,1.6415982878168776,0.33627307585352106
2020-12-22,-0.28602694049668465,1.241677290218579,-0.04015209179488011,-3.1045204204906858,1.622849726294913,0.5661724362687526
2020-12-23,-0.18338524454907557,0.8716885336379603,0.1604663524707295,-2.764742868559229,1.4202149395170192,0.49575828748258743
2020-12-24,-0.11197401982180111,0.8059531594024762,0.19996432822708599,-2.8039611689260857,1.595758408147263,0.31425929297106014
2020-12-29,-0.19392056318356943,0.7205694357200088,0.22701090312865801,-2.9021491954418623,1.3455373487477718,0.802952071028995
2020-12-30,-0.14412637210033452,0.667013854074298,0.1530317773181391,-2.801065810396552,1.5553320587108523,0.5698144923935979
2020-12-31,-0.1926492298069693,0.6647156795596059,0.13051094364549698,-2.699739655727023,1.620210247733002,0.47695201459588876
2021-01-05,-0.2571847010081356,0.6472735359812154,0.04939908200208443,-2.739716856771766,1.9030804898074887,0.3971484499891189
2021-01-06,-0.4672252202982339,0.39241289206966723,-0.19173819733927822,-2.905769635817868,1.891156214569027,1.2811639468166844
2021-01-07,-0.6753421028292994,0.2504317803491012,-0.4041513910296981,-3.182673732163395,1.9985579903891253,2.0131774552841692
2021-01-08,-0.7461384832024294,0.23582146764472922,-0.5060989197241739,-3.217562377496531,2.0629911507627385,2.170987162015658
2021-01-11,-0.6755373959818041,0.34176254510776705,-0.16065890185197595,-2.568326392433386,1.756293488400112,1.3064666567592869
2021-01-12,0.07184755435807233,0.4907241230590631,0.4665139857963023,-2.643401058725293,0.9539546371352794,0.6603607583765769
2021-01-13,0.14429724232885555,0.5206726324820146,0.5019779573411967,-2.7045295092007295,0.8774190627144758,0.6601626143341903
2021-01-14,0.10774334180580958,0.5639055241204391,0.4722067334296156,-2.677774280865708,0.879281407299837,0.6546372742100122
2021-01-15,0.05641789362323024,0.4201949622603638,0.41937719810055896,-2.318309501810779,0.8568357562935762,0.5654836915330455
2021-01-20,0.12162827079259664,0.3127549532317473,0.4707068165540331,-2.207210169410992,0.8789858597973137,0.42313426903530216
2021-01-21,0.09566548996662405,0.3219602067363674,0.4581028548350634,-2.0192326543841004,0.7749099012678842,0.3685942015781647
2021-01-22,-0.08347543678010183,0.37272291573742233,0.4766211813088095,-2.2631643626662035,0.9290004772466238,0.5682952251534568
2021-01-25,-0.262700757455514,0.3312641999203967,0.426257868802141,-2.2046710162218606,0.9655192793305436,0.744330425624288
2021-01-26,-0.2790173281062387,0.3001908358148837,0.4232297910220826,-2.205030260628905,0.9823919028045731,0.778235059093602
2021-01-27,-0.5806379196239266,0.1596678829787721,0.25180818277974737,-2.118137103709678,0.9981606091438442,1.2891383484312402
2021-01-28,-0.6805351876614711,0.32193238848289285,0.2023467050267005,-2.2421513588491218,1.1764530063763043,1.2219544466247068
2021-01-29,-0.5296968768455343,0.11610339964771166,0.2378019300944132,-2.251261726220017,1.3153719689360228,1.111681304387413
2021-02-01,-0.010520164487150652,-0.3973892433043338,0.5368986719482187,-2.1587669688084796,1.188023559077241,0.8417541455745026
2021-02-02,0.6239006390668553,-0.14140068661398875,0.8878515479312163,-2.266993602007317,0.3673298620757157,0.5293122395475152
2021-02-03,0.3999456055247066,0.39731868737911835,0.8129833177370323,-2.0501253823620864,0.0566147663521388,0.3832630053690913
2021-02-04,0.37538259420999687,0.4131809687862087,0.8179116565665012,-2.055585995754676,0.03387806366810264,0.4152327125238755
2021-02-05,0.6332536235724788,0.14502333115072874,0.8537641945219843,-1.9597898651068837,0.044574926631727685,0.2831737892299624
2021-02-08,0.6485647619225432,0.029607008457040784,0.7513716138283737,-1.886360649206317,0.41880912955594907,0.03800813544240622
2021-02-09,0.6618654950840508,0.04262074521482706,0.7630737738837343,-1.9160880682620158,0.4312083540695808,0.017319700009825745
2021-02-10,0.5365034044017012,0.5999728305126739,0.6841910172182537,-2.0436373298689343,0.35628284180293135,-0.13331276406662917
2021-02-11,-0.8199738217516437,6.713392049278684,-0.32403206820673525,-2.946898417889855,-1.7204757135570345,-0.9020120278734143
2021-02-12,-0.8982238081455041,7.9027923832472595,-0.5146845205621364,-3.405939595081528,-2.117807400194116,-0.9661370592639722
2021-02-17,-3.070171950919783,14.702913495802324,-2.6078658008648743,-3.823448606561012,-3.8418813323490406,-1.3595458051076101
2021-02-18,-4.955779964941395,26.482436855321406,-4.389027225118141,-8.096463500194695,-4.960100485906364,-4.081065679160818
2021-02-19,-7.672267728639739,23.661434647377956,-7.4167117552574,-5.702047548866009,3.4958448268494298,-6.36625244146423
2021-02-22,-3.7835404143314078,18.977053757246193,-3.7767278426135897,-5.0894424717963,1.01075589497108,-7.338098923475974
2021-02-23,-2.541118434375319,14.158504247248711,-2.425069172034002,-3.4926017840737655,-1.294533000132322,-4.4051818566332965
2021-02-24,-0.7135393361431461,10.97668628560075,-0.6064043770694614,-3.1719784537477826,-2.198590777890365,-4.286173340749986
2021-02-25,-0.40319386361677445,10.335230897245182,-1.04664991273469,-3.23600190047216,-2.678428105532576,-2.9709571148889795
2021-02-26,-0.12349553234785482,9.897716160850155,-0.8891708324105423,-3.3516341476607714,-3.0188104927355193,-2.5146051556954707
2021-03-01,-0.20354995430743728,9.612468734094413,-0.9422982489488341,-3.5628369216952995,-3.0498423323013792,-1.85394127684147
2021-03-02,-0.48576928671221964,9.567626451003683,-0.8864926833354083,-3.1845609470027254,-2.8269065221924716,-2.1838970117608567
2021-03-03,-0.08673323664021204,9.140438436325642,-0.6391478389789675,-3.2945281392983796,-3.177437410352101,-1.9425918110559772
2021-03-04,0.3517797698644145,8.582895414872912,-0.27276390381981486,-3.4281093394970297,-3.341674017933765,-1.892127923486719
2021-03-05,0.535814290211599,8.423884849324068,-0.04927841717472958,-2.944473207980372,-3.5263816865199082,-2.439565827860657
2021-03-08,0.47108555400155794,8.381238017158406,-0.23603113643253515,-3.0268505239064583,-3.3987456887811307,-2.190696222039834
2021-03-09,0.2298207157257739,7.734509291068707,-0.17040367146077706,-3.1802610004014813,-3.099547513902116,-1.5141178210301125
2021-03-10,0.23131446919332177,7.73490255796041,-0.160539285198821,-3.191019271923076,-3.046707778499286,-1.5679506915325474
2021-03-11,0.13017270093917155,7.6148726518863645,-0.27394188897826943,-3.2979455824378494,-3.0475412873307395,-1.1256165940786826
2021-03-12,0.08104699192413811,7.7035002229508285,-0.3155862511934373,-3.209193579775836,-3.1168823845127056,-1.1428849993929933
2021-03-15,0.01937016317704554,7.650575682313207,-0.35257447361033556,-3.178147823932142,-3.042102390160399,-1.097121157787369
2021-03-16,0.08805714581075108,7.622159570853777,-0.3220323128462468,-2.9434041470956247,-3.2109351140630986,-1.2338451426595491
2021-03-17,0.09282578695884247,7.625665306439487,-0.3119748101566291,-2.960961976723749,-3.2402497007113977,-1.2053046058065529
2021-03-18,-0.4616859751790834,7.127816498159378,-0.35506594627520194,-2.1849324794548535,-3.707520670208952,-0.41861142704127996
2021-03-19,-0.3478302428826403,7.007672629841855,-0.13175158340747117,-2.1882922629640404,-3.815545805228525,-0.5242527353591799
2021-03-22,-0.3983222637327781,6.867458307077348,-0.20333302276005405,-2.239950305894568,-3.8192667022250637,-0.2065860124648733
2021-03-23,-0.08698520045257041,6.518853214065597,0.27664464170602976,-1.9696916950919645,-3.888739297112439,-0.8500816631146564
2021-03-24,0.05198169044063938,6.145908972853347,0.18150449276547498,-2.4102439305651764,-3.8212370340676243,-0.14791419142666085
2021-03-25,0.2591922600511687,5.982095989830372,0.3607304045981561,-2.40619318853566,-3.826850413255406,-0.36897505268863595
2021-03-26,0.33745827129405725,5.730215828367619,0.605089429233546,-1.9781971018917837,-3.8758673380932533,-0.8186990889101817
2021-03-29,0.28426442582806644,5.612409812632286,0.5935285822506966,-1.9988681758932145,-3.850409520587429,-0.640925124230409
2021-03-30,0.2724110268528772,5.515449114038553,0.5872577904150749,-1.9413105938313482,-3.8783076490761648,-0.555499688398986
2021-03-31,0.32059071714323295,5.629402792879082,0.2943899403905679,-1.8488282332461754,-3.9036418202827807,-0.4919133968839291
2021-04-01,0.4110248858091179,5.394484490062624,0.1686369997221746,-1.695278959149956,-4.010363206904208,-0.26850420953974563
2021-04-07,0.4578634668660744,5.278009461365432,0.21655642053068824,-1.8091778350000602,-3.879475417109453,-0.26377609665268853
2021-04-08,0.47841636721482317,5.303288339687336,0.246977110453658,-1.8207644091094872,-3.8698485026258362,-0.33806890562050507
2021-04-09,0.49021048920643295,5.295398845783378,0.2514585933337159,-1.8133684358827677,-3.872488194221663,-0.35121129821910424
2021-04-12,0.4768272937707678,5.230504274103609,0.260195834095752,-1.8207277076643846,-3.844499030928862,-0.3023006633768812
2021-04-13,0.4720722307260168,5.224631813625839,0.27412038803861094,-1.7822307275374047,-3.8433157658190664,-0.3452779390339924
2021-04-14,0.6072604115731419,5.064797176201797,0.3498214257064163,-1.859899255710748,-3.7757958906846056,-0.38618386708600183
2021-04-15,0.6108205152555417,5.037033511932765,0.3519993812016242,-1.9191240103977618,-3.813733270333926,-0.2669961276582422
2021-04-16,0.6026338324932929,5.056324767439399,0.34681194620697475,-1.9469804117146134,-3.708459064470065,-0.3503310699549882
2021-04-21,0.5890395913025905,5.315843418667937,0.26508991534207915,-1.9528203768718386,-3.86798438273645,-0.34916816570431664
2021-04-22,0.5701115129707421,5.320142172258851,0.24976738579972313,-1.8859976911110001,-3.9072184086742365,-0.34680497124408394
2021-04-23,0.5910171695512325,5.19068712876984,0.24041373262680743,-1.9867728401306604,-3.811648580340063,-0.22369661047715872
2021-04-26,0.5945229770506604,5.144351137306735,0.23365935340605404,-2.016308218583953,-3.7330950919593113,-0.22313015722018958
2021-04-27,0.5913911502444673,5.166380109045091,0.22636834895446434,-2.086115660628428,-3.68636925296028,-0.21165469465531483
2021-04-30,0.8130234325826748,4.633055365931016,0.22302547299769948,-2.0842423221529964,-3.3509338488707865,-0.2339281004876108
2021-05-05,0.8512851101712506,4.33402913591698,-0.004090030436747938,-2.0672297603690772,-3.0026718578688953,-0.11132259741351724
2021-05-06,0.9908426804070753,3.8781343519416662,0.035457544813134234,-1.8150723401299187,-2.9305123658814627,-0.15884987115049398
2021-05-07,0.9417274225850232,3.881825971967072,0.0327471416237195,-1.8374104824315882,-2.9029355317712837,-0.11595452197294787
2021-05-10,0.9174242865983349,3.7451151555650486,0.015849626528769534,-1.782043616898381,-2.9457291333848734,0.04938368159110107
2021-05-11,0.9057133914961355,3.7740123836492616,0.024847554034586494,-1.814608229576355,-2.9504185221378463,0.06045342253420505
2021-05-12,0.8534562940666728,3.630971075389875,-0.006855984107279056,-1.8405164398269687,-2.9168228906921114,0.2797679451698176
2021-05-13,0.8006931902490386,3.5275058260957857,0.12598611286499128,-1.4269609448560203,-3.0562882462576586,0.029064061903860683
2021-05-14,0.7992987426057621,3.4421101829909464,0.2877622588778692,-1.4352966066927397,-3.0162377138361935,-0.07763686394564773
2021-05-17,0.8404706359274172,3.434189388723807,0.2707838131277196,-1.4542797684711477,-3.0518876269563138,-0.039276442351478646
2021-05-18,0.8275088036321705,3.4624182618952544,0.29787041864077146,-1.4871913512573727,-3.053780867468325,-0.046825265442492325
2021-05-19,0.6540513258019125,3.5491410621708077,0.3456251271585806,-1.305227297518444,-2.8241126635753995,-0.4194775540374618
2021-05-20,0.6318105945053425,3.467581910786355,0.4039823889457228,-1.3643163545477428,-2.7973747692058675,-0.3416837704838176
2021-05-21,0.6807329977323526,3.3757750602373555,0.42617502710672284,-1.2580475836112992,-2.8815415457117153,-0.3430939557534187
2021-05-24,0.6378722415070825,3.2167456408501938,0.5602456867804104,-1.1995437836636391,-2.7824366288014195,-0.4328831566726292
2021-05-25,0.6321962113257005,3.203787690637494,0.5599162315038697,-1.183971989465972,-2.7590428262023146,-0.45288531779878305
2021-05-26,0.6744758688634338,2.9956423124880667,0.5462532568505125,-1.1288095111218936,-2.508297431924964,-0.5792644951551609
2021-05-27,0.64369686971982,2.8656695884640486,0.5511538136882628,-1.1322455326081187,-2.2650886091980427,-0.663186130065957
2021-05-28,0.7039059513215964,2.7915415257244813,0.6852330743398944,-1.2706615892121018,-2.1992679528500925,-0.7107510093237734
2021-06-02,0.6679923279077951,2.778920424283907,0.7375972580607844,-1.2771261242180572,-2.2148057542811603,-0.6925781317532727
2021-06-03,0.6718621264429636,2.7061045347247203,0.7557854010622851,-1.363531489090743,-2.1677845247063154,-0.6024360484329121
2021-06-04,0.6843484501166976,2.6142281328180967,0.7696892211216078,-1.4836105523738246,-1.971977960706528,-0.6126772909760452
2021-06-07,0.6478319480260488,2.307514450994219,0.7601352176869742,-1.5101874763711436,-1.5811885530739278,-0.624105587262169
2021-06-08,0.6411553384242126,2.28748403976744,0.7847690257897924,-1.5161689653638488,-1.5349080344237118,-0.662331404193883
2021-06-09,0.6549515684730718,2.270634228485794,0.8296916049448182,-1.4555594222910964,-1.5043936842083443,-0.7953242954042541
2021-06-10,0.6454509180754222,2.276345785229232,0.8214524897423416,-1.4340944168282004,-1.5246119356227181,-0.7845428405960713
2021-06-11,0.6106948328072939,2.341358402374671,0.8385299194927551,-1.5757325369674673,-1.6170510424707814,-0.5977995752364833
2021-06-14,0.5869518580113571,2.326246243724272,0.8774454732436521,-1.619489799064083,-1.574176037673355,-0.596977738241842
2021-06-15,0.5882651729843715,1.9559914740124749,0.8989452900685286,-1.8056175298547785,-1.140054325877593,-0.4975300813330066
2021-06-16,0.6095109053899748,1.9542841068140435,0.889215654777173,-1.8717640679445422,-1.1423430727095636,-0.4389035263270913
2021-06-17,0.6802449302833846,1.9046218930878507,0.8732895064247117,-1.9133218770005085,-1.2871275998662228,-0.25770685292921636
2021-06-18,0.725671952338443,1.8343804989339938,0.8512598203934729,-1.9739811932874387,-1.3658249973990952,-0.07150608097937017
2021-06-21,0.7168724030141984,1.6305395589843046,0.6624997994846087,-1.8507364823539962,-1.0393196663611088,-0.11985561276801437
2021-06-22,0.5775312142682854,1.3419927430878957,0.9065949662689352,-1.891625711077758,-0.700318811080018,-0.23417440146733348
2021-06-23,0.6072149214715328,1.391921662053179,1.0073920993634875,-1.8840273465064064,-0.9362639529235028,-0.18623738345829688
2021-06-29,0.5584260024868346,1.3290541919918948,0.9632241772561958,-1.9162439166530048,-0.9715549400499583,0.03709448496803458
2021-06-30,0.4491306148227068,1.4268268665713346,0.8442902284671874,-1.845348927799404,-0.9684337208269593,0.09353493876512387
2021-07-01,0.1784669475254841,0.6342062242447544,0.6519446192161205,-1.951925724511657,0.48273331949821685,0.004574614027075263
2021-07-02,0.25273846845127146,0.5232222699348421,0.7276094429438125,-1.6933448166534344,0.3297690596441063,-0.1399944243206015
2021-07-07,0.12220537923085573,0.3925441274382768,0.7432757829386265,-1.5283442934368399,0.41028607881390977,-0.13996707498482586
2021-07-08,0.002133742458733323,-0.1787754525097922,0.47377060189820064,-1.452183210407303,1.4968892643254548,-0.3418349457652974
2021-07-09,-0.18485396449521474,-0.06550287628197005,0.45470130221531235,-1.4614657991835518,1.4422340331516939,-0.1851126954062683
2021-07-12,-0.11319683920993562,-0.05561449517688111,0.5327040877449463,-1.5266880073469915,1.3734288361187654,-0.21063358212990435
2021-07-13,-0.19921031063818617,0.21466066522652527,0.4544765236115893,-1.605080874410989,1.2095175654066814,-0.07436356919562703
2021-07-14,0.28726921360138746,0.2067360051824434,1.2861105083840112,-1.9249479551238746,0.5350699140033459,-0.3902376860473109
2021-07-15,0.22607268184130547,0.14357164481686602,1.2388397647474676,-1.9573352040520309,0.643225049666603,-0.2943739370202092
2021-07-16,0.2529749081963413,0.1138706024600793,1.2408168519080522,-1.9518817586431565,0.6539977691966681,-0.30977837311799306
2021-07-21,0.5127777006353043,-0.04786560800900319,1.402819318897226,-1.9375637532592487,0.6324567079611545,-0.5626243662254398
2021-07-22,0.5801827199776692,-0.1419860038145111,1.3496961559030822,-1.9803584367470117,0.5710923133010026,-0.37862674862022905
2021-07-23,0.6197647722978523,-0.08153706729507326,1.361709806745985,-2.3515534452416764,0.5168215721666405,-0.06520563867373541
2021-07-26,0.5382945785505644,-0.11670395523718313,1.3474085961890605,-2.4235476564259484,0.8483254263517483,-0.19377698942824395
2021-07-27,0.4262721157013516,-0.15388467899710712,1.1938523147220153,-2.4068135838466924,0.8725028811178352,0.06807095130259766
2021-07-28,0.3922576733565144,-0.20477424252547016,1.0081945654287328,-2.412934222577027,0.9136273645722781,0.3036288617449796
2021-07-29,0.5081969624472489,-0.05522195237518979,1.049930895460184,-2.4679025655280977,0.744223752969897,0.22077290702596386
2021-07-30,0.45994020274318004,-0.10192023570450925,1.0146734994163111,-2.3761988823573406,0.8084930289786294,0.19501238692372125
2021-08-04,0.9810142941082152,-0.29179388277129625,1.2749441560952377,-1.7293373012435023,0.16435602380051195,-0.39918328998916186
2021-08-05,0.9745716084789713,-0.3191554298858794,1.3276383359772144,-1.5660643991027001,0.1926183912593733,-0.609608506726981
2021-08-06,1.0457378806579332,-0.5559389977992417,1.4169364279178218,-1.5179145492823425,0.2875059115517704,-0.6763266730459478
2021-08-09,1.053924135015457,-0.6708765643579346,1.317630112283135,-1.3195336950383334,0.3072928827132322,-0.688436870615559
2021-08-10,1.2053560495594358,-0.817924775673593,1.543489710178708,-1.4861734362868244,0.2713757028616177,-0.716123250639344
2021-08-11,1.0656482931494313,-0.8134528972966348,1.2536987688423356,-1.53243655880972,0.48092633968492704,-0.4543839455703358
2021-08-12,1.0644744667589041,-0.9998903219924615,1.298649525731289,-1.4964272004854413,0.594838949229139,-0.4616454192414281
2021-08-13,0.9051577839369678,-1.097599181804889,1.2027957575843438,-1.5537075003816847,1.0859586063155846,-0.5426054656503232
2021-08-16,0.7932415384214586,-1.0528559100315658,1.2836413269577793,-1.5432203023521707,1.1117797517600911,-0.5925864047555978
2021-08-17,0.7490352439113597,-1.0540120557246604,1.2391039646774313,-1.481327219611047,1.0942540348266359,-0.5470539680797177
2021-08-18,0.808381019315485,-1.137490577729979,1.1199846460176346,-1.2894769479902566,0.9339382892980534,-0.43533642891094093
2021-08-19,1.2371735950209608,-1.2833566459720835,1.445969622390983,-0.7349233223668161,0.5218830617968129,-1.1867463108698595
2021-08-20,0.8373007639416041,-1.3285752980840024,1.0454038856336965,-0.9675621188174368,1.2266695528987384,-0.8132367855725997
2021-08-23,0.7959256511174608,-1.850549897919331,1.2941205365275454,-0.2209379106940581,1.7863032086124166,-1.8048615876440373
2021-08-24,0.9417562683405478,-1.875120374417277,1.4001750523646592,-0.24246825187588783,1.4662731328633567,-1.6906158272754066
2021-08-25,0.6836483577547572,-1.6444016859748003,1.3751169708986382,0.10375547215647885,0.9881113967172062,-1.5062305115522827
2021-08-26,0.8133035160547468,-1.3843820270112719,1.5038136709283538,-0.15412504818897155,0.6889275512540456,-1.4675376630369104
2021-08-27,1.0524199103070302,-1.98760737892994,1.6997121518141025,-0.08004262160289954,0.9554434051063079,-1.639925466694602
2021-09-01,0.9007998717898698,-2.3021439954824086,1.7113592064695933,0.7888861167433365,0.658533276087554,-1.757434475607948
2021-09-02,1.0023373226721386,-2.404785966947193,1.8260882679726613,0.8445907158756469,0.5215059379485818,-1.7897362775218437
2021-09-03,1.2564195532729467,-2.06925300810261,1.8657457751884543,0.026518493323139936,0.6329664243734068,-1.7123972380553294
2021-09-08,0.6121035736837062,-2.067059851731745,1.7768715303159297,0.10391111637075401,0.9845833457943316,-1.4104097144329768
2021-09-09,0.4021578814855644,-1.7881668680531388,1.572959645132352,0.09351806170622012,1.095642910543337,-1.3761116308143362
2021-09-10,0.2549313223304157,-1.1544246491599945,1.419187350052729,0.09162949027686818,0.7981221622052357,-1.4094456757052511
2021-09-13,0.04557510519097008,-1.6632801950504372,1.1806114734527267,-0.07222904304291777,2.108462903928276,-1.599140244478607
2021-09-14,0.12153317997497837,-1.658898088139147,1.2202106847588503,-0.19465473019665058,2.09177791560979,-1.5799689620078126
2021-09-15,0.0036021623055120244,-1.4581205351274218,1.0919825010746216,-0.12289456376261487,2.1327770663376433,-1.6473466308277382
2021-09-16,-0.09652809566965104,-0.45024461798449855,0.9469403946232298,-0.35194679975905974,0.992844028628753,-1.04106490983877
2021-09-17,0.0643642533202815,-0.7101609323021509,0.8962206082708981,-0.41968048661526236,1.4059241598621242,-1.2366676025358925
2021-09-20,0.1891554441242178,-0.6588624025870162,0.703599624161555,-0.4898012503479059,1.6934046144723118,-1.4374960298231634
2021-09-21,0.2422953929946079,-0.49914844974028694,0.7923972132952635,-0.5640601698161909,1.4455722037973073,-1.4170561905307002
2021-09-22,0.35690421136681216,-0.4585782651182775,0.8620157904151533,-0.6003213195114547,1.4629166309347887,-1.6229370480870147
2021-09-23,0.3349826444511752,-0.5350451987744955,0.7004156083203217,-0.3827077189243413,1.5134023322138717,-1.6310476672865297
2021-09-24,0.3021968618387234,-0.4339380674964828,0.6035977367271528,-0.41601068128523533,1.692776669868238,-1.748622519652391
2021-09-27,0.38093988281925384,-0.8389837136125062,0.6187453750746226,-0.23154251086554023,1.4467256210597152,-1.3758846544755379
2021-09-28,0.36450451676306983,-0.9111696276677348,0.645725076691587,-0.3007894924859089,1.2475455878265946,-1.0458160611276166
2021-09-29,0.480839621512251,-0.8299414146380797,0.7134873307481424,-0.5108939299274589,0.8747834958024117,-0.7282751034972663
2021-09-30,0.5305906172509562,-0.8340496778078519,0.7265242399268619,-0.48040709323240627,0.9191224120210602,-0.8617804981586237
2021-10-01,0.5106326724962837,-0.8376434942538975,0.7013307133118865,-0.4563745783275799,0.9236557652060517,-0.8416010784327446
2021-10-04,0.24920219680883093,-0.9657809645125928,0.3332790944239292,-0.6475860491014709,1.0097203916470552,0.021165330734247867
2021-10-05,0.6766466863908054,-0.8121137848013436,0.7750786275076997,-0.7541871821689652,0.47006380074218956,-0.3554881476703864
2021-10-06,0.8384539457482045,-0.858300234735367,0.9530468585011924,-0.8080166561973599,0.3261345448015498,-0.45131845811821814
2021-10-07,0.763721526372203,-0.8478259487538184,0.8498535089391908,-0.9535448261244577,0.7190421975842431,-0.5312464580173653
2021-10-08,0.5604507079488155,-0.6365704429127557,1.0088688812274018,-1.0208376831612211,0.7145661037847324,-0.6264775668869849
2021-10-11,0.6058530697015598,-0.7006901650436919,1.082387600681999,-1.1408400771384164,0.8386735787868638,-0.6853840069883153
2021-10-12,0.281053180158219,-0.9230111952366249,0.6581005706754564,-1.0517071268653053,1.3450221819461943,-0.30945761067794386
2021-10-13,0.13754349909258856,-0.7229044720669187,0.34968920793074076,-0.7965521609062476,1.2078559831046052,-0.17563205715476604
2021-10-14,0.21100433062549762,-0.816181748868237,0.31115159524456004,-0.7533539795506687,1.138885374306072,-0.09150557175722174
2021-10-15,-0.12023336014096486,-0.27095766209815153,-0.03151920746311632,-0.4602997568663749,1.2814264700543956,-0.39841648348578573
2021-10-18,-0.24709190712441575,0.5062946804141308,-0.057019613143982184,-0.6998509868937921,0.93020738715876,-0.43253956041068875
2021-10-19,-0.26473424786994215,0.42483464754581135,-0.05966531585374746,-0.7703765601848493,1.241665525182463,-0.5717240488197324
2021-10-20,-0.3046134821030364,0.513999296694382,-0.050806877022795405,-0.8266107601725192,1.2602896089993267,-0.5922577863953618
2021-10-21,-0.09172159945662095,0.4144813559710112,0.13279728238331323,-0.9084604581265481,1.0173981283525686,-0.5644947091237236
2021-10-22,0.31168927662817225,0.1800197546486415,0.47673757740531286,-1.1682464536763169,0.5881844875639364,-0.38838464256974303
2021-10-27,0.16887125375895629,0.41343652057996993,-0.0024298399381113,-1.164575469141501,0.5601132701541944,0.024584264586498428
2021-11-01,0.6357166609732126,0.15399833584524036,-0.12721999676249496,-0.7463358996124203,0.23423144391314077,-0.1503905443566902
2021-11-02,0.6557262768121266,0.06604899695505573,-0.15393720068883,-0.5540514305866289,0.2867230817555395,-0.3005097242472554
2021-11-03,0.9696765082513465,-0.24786222299943583,0.1736862974898763,-0.20100833484773784,0.0534243767743785,-0.7479166246684334
2021-11-04,0.9862268586942715,-0.15328501995623212,0.025703585793667827,0.025871046047519997,0.009843223304658366,-0.894359693883886
2021-11-05,1.3485718698756681,-0.32154267385576807,0.3144939995763334,-0.08098698894576373,-0.3639313803758517,-0.8966048262746216
2021-11-08,1.2990722574883087,-0.5286641280802715,0.34414642924766703,-0.3409029460685531,0.32774753804671874,-1.1013991506338692
2021-11-09,1.7710152474654208,-1.1161220168202357,-0.030168619594467927,0.3937308549759235,-0.49572822070478884,-0.5227272453218466
2021-11-10,1.6883838782191827,-0.8231097902682745,0.20366356847330636,0.12867472092512156,-0.5498358345820242,-0.6477765427673128
2021-11-11,1.4429619901281399,-0.39407885745097637,-0.013161730466297428,0.2577482480497011,-1.4853690913856687,0.1918994411251025
2021-11-12,1.353317774315716,-0.43321008111434356,0.20564512418758696,-0.08324703828637325,-1.332891866401949,0.2903860872993542
2021-11-15,0.3226858807035118,0.4955259841743942,-0.4366605297469004,-0.2516144444703601,-1.8739127935572957,1.743975902896651
2021-11-16,0.34881059732637,0.4651222434002156,-0.25810128904545415,-0.2783055773603067,-1.8925979604322367,1.6150719861114085
2021-11-17,-1.0130853863886422,-10.233812693176308,-3.0827955012252417,-6.899651153446217,33.79257717987808,-12.56323244564167
2021-11-18,-12.667926013915626,5.724066387848142,-12.983747391951068,-13.342292678551203,45.55152806602758,-12.281628369457833
2021-11-19,-14.373239802496691,6.865695691300568,-13.92279633064507,-11.987631964478489,39.14524334645391,-5.7272709401342325
2021-11-22,-14.057649317485646,8.16313612247617,-14.425864586148247,-13.555988803756991,44.31484893982077,-10.43848235490605
2021-11-23,-7.111276166018528,5.299690920062499,-3.416011231541633,-10.534379901063714,26.431309616604224,-10.669333238042848
2021-11-24,-7.023435505503233,3.6783379024916325,-3.333084160020909,-10.924924249349484,24.014219400430605,-6.411113388048598
2021-12-01,-7.027612335037912,3.838809997279842,-3.355613919175666,-8.870583876030773,20.762262651736087,-5.34726251877158
2021-12-02,-6.75216928482929,3.645658102077558,-3.5240849135695944,-8.308597540869766,20.484985372239457,-5.54579173504837
2021-12-03,-6.871720124410008,3.187471191273863,-3.8037826682410394,-8.259853136125667,20.74167339688365,-4.99378865938079
2021-12-06,-6.260090722876574,2.727322412738731,-3.0215614923213296,-7.847708552616245,19.311929719905706,-4.909891364830293
2021-12-07,-6.0513080202542175,2.551371565719027,-3.3481524487341536,-7.880880369896014,18.846251060531113,-4.117281787365758
2021-12-08,-5.943879634935192,2.3625494745428863,-3.178672824889081,-7.658980602751077,18.665687776360166,-4.246704188327707
2021-12-09,-5.40776327878551,1.4623599471727662,-2.8019909545668,-7.35912841504736,18.06591785328318,-3.9593951520562825
2021-12-10,-5.458429575040534,1.6775327137363334,-2.8886077998134514,-7.23068369026698,18.185992869422513,-4.285804518037881
2021-12-13,-5.357088639906759,1.1380443834033098,-2.751514645713822,-7.173085326183845,18.174842828042337,-4.0311985996412165
2021-12-14,-5.420466302505232,0.9151271924306323,-2.9284369736827482,-7.274044284056615,18.231364535765497,-3.523544167951544
2021-12-15,-5.422968794290391,0.9930045417896363,-2.9563319952172664,-7.36222064503667,18.347533386491456,-3.599016493736766
2021-12-20,-4.443057117443852,0.653239094966195,-2.1212407791695007,-7.291640650755584,17.099179670203938,-3.896480217801202
2021-12-23,-4.3588912412080445,0.5479108362652214,-1.8962138697845816,-7.054342824799678,16.779538744908482,-4.018001645381396
2021-12-30,-4.179551561427508,0.6281816676678904,-1.7794655495457228,-6.858246820334296,16.190401686286165,-4.001319422646533
2021-12-31,-3.8664633322571786,0.591108878733686,-1.675480424581668,-6.698742181298705,15.760174706728128,-4.1105976473242665
2022-01-03,-3.924915700516518,0.6305489961238395,-1.7305601330985088,-6.670336388917325,15.906809577139562,-4.2115463507310515
2022-01-04,-3.853361886750851,0.31178430559950066,-1.8144394344507369,-6.617992621586862,16.18296979239952,-4.208960155210567
2022-01-05,-4.066648174416565,0.39018852440448537,-2.0471334282307314,-6.672704812821312,16.42217948273177,-4.0258815916676465
2022-01-06,-4.049666632249567,0.34829345312689686,-2.1875486589213917,-6.663902369920243,16.716728237581012,-4.1639040296166945
2022-01-07,-4.030777311407584,0.1420902395745811,-2.207333026246358,-6.697959452620966,16.948498673484092,-4.154519122783766
2022-01-10,-3.8842550345874978,0.47813904582825195,-2.1620440690957654,-6.484306601716941,16.6354681571808,-4.5830014976088425
2022-01-11,-3.5152431303132907,0.1318781689331301,-2.1577548832529434,-5.995857041979198,15.607148394872027,-4.070171508259717
2022-01-12,-3.3372303127270975,-0.7439608091474357,-1.9202618562234974,-5.827058322885688,15.488661615544908,-3.6601503145611924
2022-01-13,-3.37133262989912,-0.6612196994241772,-1.9709722164309582,-5.903464784024141,15.382217526585213,-3.4752281968068193
2022-01-14,-2.9308446411498927,-0.8095300530800023,-1.6513935142869123,-5.88239039308474,14.81163920796772,-3.537480606366175
2022-01-19,-3.037501159892683,-0.9005765091253934,-1.5386314777276695,-5.783566196340456,14.35973614343908,-3.0994608003528756
2022-01-20,-2.9720741114121667,-0.9492457577629931,-1.5332393775377824,-5.646167168150848,13.986028598221461,-2.8853021833576658
2022-01-21,-2.8407521227899863,-1.096217200003256,-1.8224786711121421,-4.7434321389865906,12.81942019299934,-2.316540060107372
2022-01-24,-3.289827063584804,-0.8269591597368984,-1.6420509706442665,-4.873467463718255,12.956878182362843,-2.324573524678621
2022-01-25,-3.42014251264394,-1.1616956103427278,-2.127424749865509,-4.7964928340212225,14.075871139870795,-2.570115432997403
2022-01-26,-3.416630562301177,-1.3007375814896744,-2.1351391596401808,-4.630681535417754,13.791931911447653,-2.308743072598868
2022-01-27,-3.444972431514061,-1.5629809092655491,-2.3176851765115467,-5.213866296258049,13.764338296305523,-1.2248334827563196
2022-01-28,-3.3655934633506144,-1.5030329639868225,-2.909351112121872,-4.103065000242555,13.339783985361802,-1.4587414456599372
2022-01-31,-3.2894358473099885,-2.312403192319801,-3.811987800448459,-3.583464907022077,12.939968344118132,0.057323402982190075
2022-02-01,-3.483308679416157,-2.3306925796151052,-3.8343447355754794,-3.5744231757014013,13.360702091928115,-0.13793292161997073
2022-02-02,-3.8551539439879274,-2.3449695646506767,-4.179677651929026,-3.634197824322158,14.467906616222212,-0.45390763133241707
2022-02-03,-4.376331554142541,-2.0521010344267387,-4.694399035924483,-3.660772355222395,14.656201277199054,0.12740270251711028
2022-02-04,-3.9369779245746583,-1.9264378723309918,-3.8483442729538444,-3.6966347053043696,13.828058427625171,-0.4196636524612991
2022-02-07,-3.733796771271572,-2.045856082975404,-3.2049783266039578,-3.6209372063384424,12.764420940201084,-0.15885255301170886
2022-02-08,-3.87665645964365,-2.106724087359341,-3.221863210463491,-3.5467082206199616,12.749103266787444,0.002848711299008322
2022-02-09,-3.867663511185511,-1.7535748233191444,-2.980991279700821,-3.844680855806755,12.458401022101054,-0.011490552088816663
2022-02-10,-3.4982045199578,-2.086779781096345,-2.40013687849149,-4.070346829261673,11.926769021260052,0.12869898754725195
2022-02-11,-2.8150940706398835,-2.269402504126811,-1.9125697470039462,-3.1551102899077828,10.525538254434743,-0.3733616427563127
2022-02-14,-2.7180148935050994,-2.4747476972151796,-1.4693195895891753,-3.363162465860279,10.50922849700878,-0.48398385083904394
2022-02-15,-1.9248751722627144,-2.6277278520817147,-1.4840463098960797,-3.3267128101326175,9.464546609271812,-0.10118446489867372
2022-02-16,-2.474863746337981,-2.65715709394163,-1.255303331371449,-3.347668784391301,9.82686660656592,-0.09187365052355156
2022-02-17,-2.1568621468294626,-2.364334465280222,-0.8593404899559189,-3.34954530190495,8.618459902463359,0.11162250150718789
2022-02-18,-2.2832299274981063,-2.2231124965811144,-0.8334308173138716,-3.262657158838004,8.38901750893353,0.2134128912975597
2022-02-23,-1.931355859663487,-2.177844553938742,-1.6381582097911798,-2.4224607600328625,8.155202109371306,0.014617274054961715
2022-02-24,-2.112405548439364,-2.114277375323529,-1.2763693331727115,-2.496758877016158,8.40837579684935,-0.4085646628975872
2022-02-25,-2.222927874033962,-2.0447693391481043,-1.27444562258085,-2.5321607801420356,8.46098109223854,-0.3866774763335914
2022-02-28,-1.3916789356378825,-1.7581660736848232,-0.7782241315789289,-2.5526819264555414,7.419439246333492,-0.9386881789763142
2022-03-01,-0.6289892340352008,-1.7936250788358161,-0.2667890252420051,-2.7069233486455166,6.448814740254168,-1.05248805349563
2022-03-02,0.047262411034640905,-1.9599083694459503,0.3582082470445602,-2.1352971345210188,5.185975700050875,-1.4962408541631076
2022-03-03,0.39357613387273105,-1.8453502484164999,0.7855824775745095,-2.5425040243838906,4.893478287952637,-1.6847826265994796
2022-03-04,0.920080414629803,-2.4574248753209353,0.624974584816778,-0.9405599241506071,3.610453442032184,-1.7575236420072156
2022-03-07,0.7612376773673777,-2.333057556300317,0.6166569604866403,-1.0700848821138687,3.6354319414629295,-1.610184140902761
2022-03-08,0.6272260767085349,-2.5417244578425904,0.5423619519275586,-0.631397634539109,3.795635266360949,-1.792101202615343
2022-03-09,1.2182240545062175,-2.7876524230110853,1.0063048531723915,-0.832144388152642,3.2861777778484393,-1.890909874363326
2022-03-10,0.9217697689772617,-2.8389760482497732,0.879623883538466,-1.1270141212154563,3.3342114925326047,-1.169614975583093
2022-03-11,0.9984756881303376,-2.919055435023562,1.0550653562666543,-1.0040448460634064,3.3203766229878706,-1.4508173862978924
2022-03-14,1.334691982892961,-3.526643910457022,1.3794362784471925,-0.1428195449091909,2.130314638296615,-1.1749794442705555
2022-03-15,1.1194842482176544,-3.7678986894700266,1.6990879721324639,0.4354053988001745,1.8281441314275413,-1.3142230611078114
2022-03-16,0.9913891904059042,-4.153953227435994,1.6393966792823669,0.7277035930711797,1.719196482946776,-0.9237327182702422
2022-03-17,1.1884945475006479,-4.149343891267212,1.854882605864283,0.5510381392486225,1.5982610067445209,-1.043332408090858
2022-03-18,1.1186417570351832,-4.149681812013869,1.7619276176334235,0.921172509652199,1.567508398287302,-1.219568470594249
2022-03-21,1.5210436123082847,-3.949543802888861,2.049573165372612,0.4844177849494802,1.1119615206671445,-1.2174522804086632
2022-03-22,1.9043680711054591,-4.087881266366572,2.40742012667444,0.15753088396849346,1.1000707724276308,-1.4815085878094525
2022-03-23,1.59559450004455,-3.086575595838296,2.1986324015592054,0.19630643336378562,0.97525345163415,-1.8792111907633893
2022-04-12,2.0255735557191077,-3.329869501000434,2.655742808578026,0.05016243669800957,0.5163527869628926,-1.9179620869575915
2022-04-13,2.0276392883376175,-3.345358332061952,2.709702714139528,0.034220048639917344,0.43343209292881646,-1.8596358119839307
2022-04-14,2.0929748027034876,-3.310064014397011,2.7701116557650955,0.01827812110491145,0.3015928640802841,-1.8728934292567745
2022-04-20,1.880896335857333,-2.9009402889197657,2.6083931894687087,-0.2625138302059238,0.42420754932236004,-1.7500429555227126
2022-04-21,2.0025431838348737,-2.8896493845089575,2.7762968884705366,-0.3774751569775061,0.3858265312825253,-1.8975420621014818
2022-04-22,2.075041834347889,-2.8967818543166786,2.905045475415589,-0.4093421458532358,0.3261776655940629,-2.0001409751876236
2022-04-25,2.314894007127897,-2.943796934867682,3.267168609167495,-0.5113793711623007,-0.0002650120532319278,-2.126621298212172
2022-04-26,2.667630898633739,-3.3230725443706817,3.6168027766012862,-0.6096528890173296,-0.0281724704410089,-2.3235357714060085
2022-04-27,2.6206678170507356,-3.258509345311907,3.5381054307639808,-0.6186580230650129,0.035846023741310074,-2.3174519031791054
2022-04-28,2.629582151915365,-3.307346043764749,3.5671409070031554,-0.5737778080044711,0.03302438650596251,-2.3486235936552706
2022-04-29,2.4433737545607954,-2.804215569331416,3.280378369197832,-0.5440692838260048,-0.5498683106321138,-1.8255989599690907
2022-05-04,2.6218170277226562,-2.8812314018572422,3.540742458495963,-0.4420139034599968,-0.6440737544648982,-2.1952404264364787
2022-05-05,2.554544014209201,-2.8725972965626196,3.496073947445632,-0.48334728717150455,-0.7304795142581035,-1.9641938636626057
2022-05-06,2.4943483975298317,-2.903296813552873,3.4425201094701077,-0.591637489885251,-0.7205443266875,-1.7213898768743188
2022-05-09,3.046506996585176,-3.1117190108121626,3.714225373882556,-0.5111192935104301,-1.5196730588205032,-1.6182210073246348
2022-05-10,3.199027799509931,-3.256617557167333,4.044135910600902,-0.556558064247227,-1.7377873808414397,-1.6922007078548336
2022-05-13,3.0458342659274127,-2.906016271812678,3.4474988060245906,0.3194751320342668,-3.226578501833927,-0.6802134303396636
2022-05-18,2.9725045108848605,-2.9824084591288718,3.3178404433230053,0.499342417668565,-3.175609743595627,-0.6316691691519409
2022-05-19,3.084804649418663,-3.023809747526041,3.37262100520252,0.7308290412541893,-3.2982533633252045,-0.8661915850241293
2022-05-20,2.6809181559762756,-1.7316153589337668,3.0244022324107966,0.740848842066379,-3.5774339563444,-1.137119915175285
2022-05-25,2.470638338921473,-2.0193464196547235,2.7614834149034397,0.607475473523877,-2.424920278001875,-1.3953305296921874
2022-05-26,2.5833855706158406,-2.164386987589517,2.876131383077544,0.4412032403816788,-2.522249124249883,-1.214084082235658
2022-05-27,2.40646618258692,-1.7420622249613347,2.7780812328498996,0.10356601794193665,-2.2419261823254115,-1.3041250260920036
2022-06-01,2.504214960654453,-1.8800951379065083,3.156728711138248,-0.004404501202071032,-2.589456903237604,-1.1869871294465142
2022-06-06,2.4318805208195666,-1.770983305303544,2.9337300648883566,-0.2773124255052508,-2.5639614447699044,-0.7533534101292174
2022-06-07,2.381935282412927,-1.8005625832370775,2.9569625373150483,-0.32550991348842917,-2.417174972586387,-0.7956503504160826
2022-06-08,2.3927757086600856,-1.735925499325632,2.9519746191502954,-0.4056647849067332,-2.4905533856613276,-0.7126066579166812
2022-06-09,2.0024078244691133,-0.6327939660992667,2.610264340880043,-0.22019465154103912,-3.217423193840622,-0.5422603538682402
2022-06-10,1.9057907005533252,-0.6337685654520437,2.57147768991595,-0.24152349096368653,-3.2210563168091824,-0.38092001724436564
2022-06-13,1.563773845120279,-1.0741458200163778,2.084679500611216,0.022671716512324025,-3.3120927661074866,0.715113523880051
2022-06-14,1.5537133512774552,-0.7458399386269483,1.8925609849125795,0.13248835163852224,-3.422222687011918,0.5892999378103037
2022-06-15,1.5948286158231806,-0.6225373794251516,1.8205075014027337,0.11739189770844138,-3.640740772529087,0.7305501370198848
2022-06-16,1.0317644024162789,-0.9930596912317053,1.4187575583029108,-0.038408343050151394,-3.462695045379669,2.0436411189423334
2022-06-17,1.4324597788411193,-1.4150362938403882,1.5238073644712475,-0.39672265837282605,-2.9989878522507283,1.8544796611515788
2022-06-22,1.4084453063373559,-1.3324663607354568,1.729602987916408,-0.462991222338454,-2.876789868990511,1.5341991578106522
2022-06-23,1.4376538496643025,-1.3939416878967126,1.748888390928439,-0.519453947798084,-2.8551894514785383,1.5820428465805931
2022-06-24,1.247771743634928,-0.889504917926133,1.5011078645178575,-0.7652320033414668,-2.797358270306108,1.703215583420918
2022-06-27,1.2104817357722695,-0.8734779432285564,1.537217153545905,-0.8333047460149849,-2.9200722110192725,1.8791560109446381
2022-06-28,1.0087468431552757,-0.9919435622081976,1.3313660482250267,-0.9477968171502749,-2.6821690231181163,2.281796511096283
2022-06-29,0.9417993062588614,-1.104695274857209,1.2824823292763963,-0.7244117277337265,-2.6959692692182866,2.3007946362739657
2022-06-30,0.9949984031602774,-1.1569424430725488,1.0684890497972859,-0.42119161545318473,-2.907909950212204,2.4225565557803868
2022-07-01,0.8590132014997351,-0.7451719956494223,0.9241401999908057,-0.5565911447135719,-2.9183657909474725,2.4369755298199327
2022-07-06,0.7259243789296193,-0.7667172292111502,0.8835030109534863,-0.39946450682074097,-2.8388534667885565,2.3956078129373375
2022-07-07,0.724922038253144,-0.9177583440734844,0.980017703906821,-0.3668405789030693,-3.4437015532870303,3.023360734103611
2022-07-08,0.6955762567431165,-0.9759883107509153,0.7887189760395756,-0.14014452217078244,-3.593555067280101,3.225392667419108
2022-07-11,0.6575654557266315,-0.9110357122198578,0.7009790790219501,-0.16835733094132976,-3.063913474446868,2.7847619828594774
2022-07-12,1.2896007696647942,-1.286261427569407,1.2835025167880953,0.026279289502191716,-3.2796114587049097,1.966490310319235
2022-07-13,1.3009883237545257,-1.259408689686503,1.2255470419223595,0.06172330398368864,-3.1067848336189883,1.777934853644921
2022-07-14,1.2888314847482896,-1.04424820745877,1.2732585430296162,-0.05310055043993778,-3.145998489118827,1.6812572192396265
2022-07-15,1.2656101284461396,-1.1489405450348857,1.383789745689338,-0.25134583345348727,-2.8624679203506833,1.6133544247035876
2022-07-18,1.8583804920530458,-1.2730914879657824,2.0722016948394675,-0.40351067926494366,-3.4663402918106376,1.2123602721488451
2022-07-19,1.4806420270889298,-1.1174479967844824,2.182866401953598,-0.5479311606479751,-2.7993060392803057,0.8011767676702339
2022-07-20,1.4268631516291919,-1.0832535039387596,2.110083531298068,-0.5279475274267895,-2.747723404331576,0.8219777527698611
2022-07-21,1.8508844301550198,-1.3731494836826839,2.071695251128471,-0.30737106720377927,-3.2173117160729436,0.9752525856759198
2022-07-22,2.2087618284940813,-1.264094146173095,2.226064359696988,-0.24880346910520945,-3.5769282649854857,0.6549996920727219
2022-07-25,2.179035982295707,-1.102466482900677,1.940814206580221,0.027547731585793045,-3.831303218743396,0.7863717811823525
2022-07-26,2.0244325577681153,-0.5494952030787537,1.9300290982362966,-0.21958096899323465,-3.9987124040709787,0.8133269201385578
2022-07-27,2.1204909330774395,-0.32394582953996753,2.0260264666678243,-0.32506008955378807,-3.8051658780272017,0.30765439737569267
2022-07-28,2.340685469989449,-0.3212585150492093,1.9986673784851092,-0.2788285626639855,-4.0111189589671,0.271853188205732
2022-07-29,2.3108441008989935,-0.04864556292887823,2.2104187289345987,-0.461585263230619,-3.9634534769015355,-0.0475785267725497
2022-08-01,2.687098930587501,-0.20603161315035567,2.654755703672567,-0.37820705724489034,-4.346329316544464,-0.41128664732035247
2022-08-02,2.769848997785111,-0.31878618047227825,2.6099717198616297,-0.3854892994318515,-4.3503757113048875,-0.3251695264377279
2022-08-03,2.759526230087319,-0.3392519878107221,2.62148687298013,-0.3371389266922984,-3.9651058027201733,-0.7395163858442579
2022-08-04,2.156563232500835,0.24774091660770448,2.3299453257089446,-0.30784183714475066,-3.607956674513189,-0.8184509631595454
2022-08-05,2.1131492445227895,0.24985521928285004,2.383176429723896,-0.2533811146861975,-3.602434408150036,-0.8903653706933041
2022-08-08,2.1033871799290065,0.5191831160925273,2.2782657920316147,-0.3599782797522506,-3.4478377101793463,-1.0930200981215474
2022-08-09,2.0261955028833754,0.3823497541450618,2.4235949335477827,-0.3946614824936301,-3.4707093204094206,-0.9667693876731662
2022-08-10,2.1652000949633106,0.19317129063161076,2.5777885807248246,-0.2143777553387478,-3.751349124032272,-0.9704330869487294
2022-08-11,2.088392148613295,0.000499674680640716,2.4662991705617703,-0.26400321530542215,-3.679335716109487,-0.6118520624407964
2022-08-12,2.1070909452730646,-0.057339855935649275,2.3243829850356708,-0.3996747256249442,-3.6126776239307974,-0.3617817248173374
2022-08-15,2.1706736465919168,-0.0619384139770256,2.409294040278093,-0.5089287686754327,-3.6280419071743863,-0.38105859704316725
2022-08-16,2.307411482407092,-0.19735119141704605,2.642745077917196,-0.5511379189074113,-3.7366269121941595,-0.4650405378056659
2022-08-17,2.321908060544901,-0.255104336318527,2.573399447610793,-0.5076463112095908,-3.650379585660872,-0.48217727496670504
2022-08-18,2.2645917658781283,-0.1643090274611203,2.7337385668848313,-0.4469236826800902,-3.6055519116935417,-0.7815457109282087
2022-08-19,1.9578038553318926,-0.17357704679096253,2.4971494756551316,-0.4648881395524169,-4.321704487049375,0.5052163424057232
2022-08-22,1.6496638158557353,-0.34615693055739527,2.607280837184108,-0.4541313094848425,-4.325311158388904,0.8686547453913023
2022-08-23,1.6681158721794471,-0.21405381572217985,2.59322255830401,-0.6117595957413746,-4.015823444325954,0.5802984253060468
2022-08-24,1.6558256026906832,0.010150887700851374,2.39151515689899,-0.698696177514293,-4.033168172091894,0.6743727023156736
2022-08-25,1.65688983668122,0.26682110001869574,2.1739850681350354,-0.830066661949524,-3.78002883722471,0.5123994943392924
2022-08-26,1.4888737520514859,0.27646806684195013,2.268356182816685,-0.8187388101427047,-3.775556710079291,0.5605975185118757
2022-08-31,1.9118150326559267,-0.17939718355677714,2.560461591887444,-1.0295923996955443,-3.729691182822933,0.4664041415318878
2022-09-01,2.0498697734617064,-0.02840228398847877,3.229466849306114,-1.3800420538299036,-4.038316858529934,0.16742457358048757
2022-09-02,1.7309125906160503,0.05623212218402429,2.5586099859973768,-0.1934864248009136,-4.2082423643636195,0.05597409036707646
2022-09-07,2.0970035976359895,-0.06009395140706797,2.413570478216471,-0.30395238317342876,-4.188584941469443,0.04205720019749126
2022-09-08,2.136539882440159,-0.11002149696423746,2.502973516316086,-0.45636967023294694,-4.184119404809529,0.11099717325047109
2022-09-09,2.33632612142995,-0.2696719699228116,2.7732013498645287,-0.7887814240257365,-4.275716289525341,0.2246422121794125
2022-09-12,2.208218656809473,-0.21977109899638725,2.6332978888049485,-0.7010460282776458,-4.145624922187376,0.22492550384698795
2022-09-15,2.276887791182496,-0.22565490807618227,2.794376721243763,-0.6868500957691897,-4.340153226402621,0.18139371782174596
2022-09-16,2.3355785213367763,-0.29007169679090916,2.8668641247028894,-0.6686822379065367,-4.482025738853999,0.23833702751177777
2022-09-21,2.2332379692127056,-0.2857253147413217,2.7610666742894026,-0.5894247549364353,-4.289648284700581,0.17049371087623122
2022-09-22,2.3843661693703257,-0.40725064922366006,3.024545562725031,-0.6680156909896544,-4.535407619173702,0.2017622272916535
2022-09-23,2.65876667196507,-0.7902081914787606,3.223553134855072,-0.7259492273018093,-5.0130227731248125,0.6468603850852386
2022-09-26,1.4225172880991241,-1.2528298855706481,1.8411874313746832,6.315072680936572,-7.0258344932721695,-1.3001130215675576
2022-09-27,2.621294285268778,-1.5159829742167303,3.4823028972123335,2.9196780112245393,-7.188735923052514,-0.3185562964364044
2022-09-28,1.2297494266943083,-0.5112794852460025,1.7840976400832016,3.7362253140531956,-5.738568994618304,-0.5002239009664011
2022-09-29,1.6509490851689996,-1.0771538966140413,1.6546162634087338,1.5606642551485286,-5.420159628860541,1.631083921748322
2022-09-30,1.962416859960129,-1.1710562960991044,2.0747151104099313,1.2781169435485573,-5.429274272669015,1.2850816548495039
2022-10-03,2.049268446580351,-1.6321315488551664,1.8430377799591344,1.6312947012375334,-4.994126951000138,1.1026575720782876
2022-10-04,1.9191368788159853,-1.5774746808364477,1.5296871955907356,1.2086167761516124,-4.504215755917042,1.4242495861951587
2022-10-05,1.924827025913988,-2.0909253179312506,1.6383096433515902,1.384974491037461,-4.343467309259539,1.486281466887747
2022-10-06,1.9188548003517099,-0.4342215081631631,1.440243062485031,0.5672375206824398,-4.8489704824427164,1.3568566070866948
2022-10-07,2.582137172148215,-0.8859123369277899,1.6265785628794251,6.684065211649154,-8.61963618157869,-1.387232428170317
2022-10-12,2.891253898979892,-0.7773675135256513,1.7815200642884896,6.893548206833868,-9.16478423889409,-1.6241704176825031
2022-10-17,3.686335255278122,-2.839868579851141,1.6639178806187598,5.067347807731316,-8.845419055541136,1.2676866917640774
2022-10-18,2.648988489082658,-3.1900578150892165,0.774647673982324,3.766217921969676,-4.782583406122298,0.7827871361768621
2022-10-19,2.320059612582247,-2.373541231955466,0.5877749816397682,3.474929597640837,-5.280696740177268,1.2714737802698757
2022-10-20,2.2403208358090527,0.023265364693692447,0.5340998818909064,0.95063545112794,-4.280122418755832,0.5318008852342428
2022-10-21,2.065790776406237,-0.08401315364831596,0.6328200395659511,0.9041269887905696,-4.034991726389095,0.5162670752746603
2022-10-24,2.0991764410823883,-0.13266929262431004,0.6508581071112047,0.9279339460637641,-4.015302527702763,0.47000332606972295
2022-10-25,2.0833510500253674,-0.14156972747705332,0.6093353879031529,0.9025091964921992,-4.202801447582923,0.74917554063925
2022-10-26,2.0453515901558017,-0.3748666489496508,0.5995597595898179,0.9274656374164967,-4.197639371449437,1.0001290332369734
2022-10-27,1.988441980817747,-0.36502036147054007,0.534245549871283,1.047576791539972,-4.144587306477136,0.9393433457186813
2022-10-28,2.0124823450329803,-0.38739899175361936,0.5783708329325385,1.0262114929540762,-4.169398017851595,0.9397323386856167
2022-10-31,2.0696107312089467,-0.4174779175971923,0.6131192254063507,0.9189044085985754,-4.1022976231778365,0.9181411755611566
2022-11-01,2.100382507719454,-0.1432881778430395,0.6163786566645548,0.8084050015181758,-4.17080269596282,0.788924707903671
2022-11-02,2.0372483537924992,-0.3458288765403772,0.7333843298370253,0.6298299897423805,-3.87429762066716,0.8196638238356329
2022-11-03,2.0669318339945937,-0.37425739582644013,0.8042830144619382,0.7359965738720105,-3.920439706423786,0.6874856799216915
2022-11-04,1.9823345496876001,-0.33772839296329726,0.8957221955602961,0.738115289530302,-3.715946590261837,0.43750294844694215
2022-11-07,1.9032858801115644,0.009985713093619175,0.7352165476794461,0.5671623169407369,-3.715017482277142,0.4993670244517725
2022-11-08,1.755617976232724,0.11281356888660676,0.7365555354109423,0.6565678020371775,-3.9142413227392905,0.6526864401718382
2022-11-09,1.856534555871681,1.4129918735729996,1.0120238866674383,0.4784851968825721,-5.405508428814359,0.6454729158196633
2022-11-10,1.0594406941180914,5.186675507006026,0.5247864943252765,0.17111987191124634,-8.257418920260669,1.3153963529000334
2022-11-15,1.0173421931046462,3.294565948440986,0.4167079317015663,-0.2548191029910871,-5.417818503899401,0.9440215336432911
2022-11-16,0.9691660967908113,2.47692607590334,0.3614074146735131,-0.06647143259890242,-4.297995348195734,0.5569671934269755
2022-11-17,0.4388201094433697,2.812785632548951,0.14082675774859155,0.7733551981724247,-4.858875185052527,0.6930874871391874
2022-11-18,0.11599242980930136,1.7970360395804463,-0.3084145010516268,0.9546741367116267,-2.507768824786128,-0.05151928026362329
2022-11-21,0.09489777260334975,1.1031422835108122,-0.35232216402826744,1.3448400759908195,-1.810726795828867,-0.37983117224784824
2022-11-22,0.5506743135421459,1.0290296984072689,-0.16275212084359314,0.6803057097262473,-1.8184740609387609,-0.27878353989330895
2022-11-23,0.6435284336414036,1.323207719289706,-0.08286518504817586,0.5678382384083971,-1.9969177390869466,-0.4547914672043758
2022-11-30,0.607814659798068,1.562018032875648,-0.20456060370105078,0.34857960135679145,-2.147386916627878,-0.16646477370157653
2022-12-01,0.5360076611438149,1.9514475546560548,-0.26145262512487655,0.19761873746107117,-2.316166453310844,-0.10745487482521643
2022-12-02,0.6603983998773248,1.883730269919481,-0.23299196279730872,0.2755307335462307,-2.3864738654139863,-0.20019357513174674
2022-12-05,0.6533693520861856,2.2674818247196082,-0.18599399592377708,-0.30709296611164794,-2.445315164018255,0.017550949247894465
2022-12-06,0.5661846808022997,2.051653339581435,-0.05841375335912424,-0.05634218364994714,-2.5228403703565325,0.019758286981871098
2022-12-07,0.8462075354146634,1.3715111282176986,0.11859343978249903,0.08624617753395869,-2.443781653345793,0.021223372396975915
2022-12-08,0.7159980522878886,1.4428907782924034,-0.05496427372340129,0.3650740117378719,-2.3423868642660066,-0.12661170432875357
2022-12-09,0.690481378881028,1.3807693925935651,-0.07972823677994789,0.299290625264629,-2.317127461259413,0.0263143013001379
2022-12-12,0.6530328535545156,1.6326790021128468,-0.23281920206989248,-0.09883036759009123,-1.9230713293485764,-0.030990956658806912
2022-12-13,0.631406799534032,2.134031173816086,-0.36156757181388066,-0.21701654077718535,-1.9463905657246607,-0.24046329503438946
2022-12-14,0.5189508509002234,2.6915887984171807,-0.5656613393326158,-0.17849863527695575,-2.2372206208289596,-0.2291590538788726
2022-12-15,0.3962408618420685,2.698981256315247,-0.5752156382741163,-0.07418636023529146,-2.193889780025885,-0.2519303396220258
2022-12-16,0.4175552572670469,2.6701658280609992,-0.42145061896243696,-0.21640675811003618,-2.175360611581791,-0.2745030966737856
2022-12-19,0.3937494844380627,3.690065328112402,-0.5387154837322718,-0.2722852736304442,-3.2553077038266705,-0.01750635136108336
2022-12-20,0.1750114300619714,3.5462513081275597,-0.46707194252989304,-0.01577640474924058,-3.3090605232609556,0.07064613235054873
2022-12-21,0.689195762136352,2.917407295894183,-0.5197679222687803,-0.2858610186114072,-2.9292772848393973,0.12830316768904382
2022-12-22,0.897207141115052,2.396365959826119,0.3596386446081894,-0.7065240479934491,-2.7332515733022236,-0.21343612425368708
2022-12-23,0.8803758136324795,2.2219093443597515,0.7093085539715158,-0.37551784208913475,-3.0754614174242727,-0.3606144524503394
2022-12-29,0.6484794149352453,1.9954425031690817,0.6396468369099644,-0.01708972775655848,-3.0529132631514946,-0.2135657641062383
2022-12-30,0.6047995181053256,1.8669923202637777,0.5448612943646438,0.10338156004945942,-2.948137289100276,-0.17189740368292838
2023-01-04,1.0719856037938307,1.5025421583747274,1.1429123850847844,-0.33092730652712676,-3.4296039992651135,0.04309115853889933
2023-01-05,0.756663624414335,1.4958683352312687,0.42751065679400924,0.41540006239048033,-2.9988795600847,-0.09656311874539991
2023-01-06,0.7649843627519566,1.759847604062466,0.3427063562742543,-0.11042997733289894,-2.995501537769135,0.23839319201335862
2023-01-09,0.9024232084544952,1.8263130475053628,0.4978137751894174,-0.3412217166138598,-2.9441164844867735,0.05878816995135905
2023-01-10,0.8585758205324456,1.8126153335971968,0.6201076122953637,-0.348652314686432,-2.9051493429493815,-0.037497108789187994
2023-01-11,1.0666644761105637,1.7410794789873194,0.8130740132070606,-0.413750864785114,-2.96451995298138,-0.24254715053844178
2023-01-12,1.0007025840284527,1.7376088655288282,0.7977995703260152,-0.36550316584520104,-3.058006544267602,-0.11260130977048943
2023-01-18,1.0451378240021256,1.656298399969088,0.8228748394712841,-0.3980684735273017,-3.034647484343185,-0.09159510557201367
2023-01-19,0.9655639141746413,1.768962748289869,0.8353696801450372,-0.358377069670583,-3.1767696493732704,-0.034749623565697885
2023-01-20,1.2023684347805936,1.71580911076068,1.06088472878319,-0.6377138397679212,-2.996197678399707,-0.3451507561568241
2023-01-23,0.7900707384645553,1.9083363152299158,0.8277946208855163,-0.8180125703002825,-2.4231866460957296,-0.28500245818396763
2023-01-24,1.144612958400927,1.4155249672419845,1.2509939730335446,-0.8505438437202342,-2.429353296207933,-0.5312347587482891
2023-01-25,1.0477304852069018,1.5548088708145653,1.202884648667487,-0.8064335610549311,-2.423299582078394,-0.5756908615556262
2023-01-26,1.170855708503007,1.5078974767866016,1.3573221922493026,-0.7806342398225277,-2.6245662254267854,-0.6308749122895954
2023-01-27,0.890625431049255,1.6783793299028351,1.2212760166209566,-0.5587955746177173,-2.558695998176497,-0.6727892047788342
2023-01-30,0.9783034111290032,1.7111196952027121,1.2071352285319676,-0.7895290595850515,-2.776452845615923,-0.33057642966270473
2023-01-31,1.1409515520044184,1.9045767047077165,0.7772875986779493,-0.8121892512540843,-2.8569099522782024,-0.15371665185779904
2023-02-01,1.3409294352299757,1.736857077938832,0.9796441236656328,-0.9279864063197643,-2.884869738582683,-0.24457449193199432
2023-02-02,1.3170698746453375,1.7055276291130606,0.9184384554336003,-0.9443239756953661,-2.7337301820848547,-0.2629818014117773
2023-02-03,1.274136053624913,2.3201876181037733,0.43598192559940685,-1.0165555530110129,-3.226194780475426,0.2124447361583388
2023-02-06,1.0309068654902056,1.594121751122183,0.019198531000888863,-1.260551074676111,-2.0064640915400282,0.622788018602856
2023-02-07,1.3038350293548095,1.4269761557870073,0.448219744136674,-1.44740245046858,-1.785345165331761,0.053716686521858126
2023-02-08,1.2626692240520114,1.3004283285051617,0.39279598558660567,-1.501666122292037,-1.6163345307122157,0.1621071148604658
2023-02-09,1.3072303246462553,1.1665555694023648,0.502571914743525,-1.4525382937030424,-1.6035844185488424,0.07976490345974074
2023-02-10,1.3017205146557984,1.2385408139526748,0.5487062866474623,-1.4261782108689465,-1.7479999385132485,0.08521053412625257
2023-02-13,1.2681992310307688,1.2958021180527521,0.5265438734773991,-1.4253758060344492,-1.809908984009538,0.14473956748307248
2023-02-14,1.2110191325537603,1.2478427631746076,0.524508934739421,-1.3902217944853925,-1.7249470369072077,0.13179800092481386
2023-02-15,1.0054594724971757,1.26339232851862,0.3587492841483133,-1.3309299834350017,-1.7722207450144463,0.47554964328534277
2023-02-16,0.9272763133725412,1.2482707059902212,0.3582345011731096,-1.3512261763620783,-1.7762934311969343,0.5937380870231341
2023-02-17,1.0624493931545373,1.2145112927507895,0.256338643196921,-1.4546891035313796,-1.6781704690823112,0.5995602435114398
2023-02-22,0.968527501048893,1.1798703917843212,0.25199856651624053,-1.2998536446137772,-1.696152357432965,0.595609542697288
2023-02-23,1.0150784754589868,1.0962376879657474,0.4703710347430601,-1.3301786657859216,-1.8050380591814483,0.5535295267995752
2023-02-24,0.865557166160908,0.8289774153387575,0.32122591249627064,-1.4408709511855093,-1.7147827183472775,1.1398931755368582
2023-02-27,0.8251775319159265,1.000713870826675,0.2643219588719834,-1.4577498130495767,-1.9698937014119269,1.337430152846925
2023-02-28,0.7918918926322007,0.9817783881813278,0.24102849326493825,-1.4027173042799932,-1.916425702772181,1.3044442329737058
2023-03-01,0.8025606540212973,0.9234347789480899,0.2035934359013023,-1.3887521143086072,-1.8825294408456241,1.341692686283552
2023-03-02,0.869967596579178,1.0281321649723913,0.21287413444559178,-1.4231226200509717,-1.8756807499458872,1.1878294739996949
2023-03-03,0.8983474009526411,0.902556515602541,0.14503016026987936,-1.6492477383322655,-1.796344620098744,1.499658281605959
2023-03-06,0.8678363045438093,0.9944566860687305,0.15164229207259083,-1.624804351682128,-1.7574092975025806,1.3682783664995755
2023-03-07,1.0520960423344725,0.9064877034362098,0.2752960186849087,-1.5082272076465228,-1.9283850975328103,1.2027325407237504
2023-03-08,0.9919703181787884,0.8698229992222011,0.20613755619434038,-1.5075592134984852,-1.9374532193846934,1.3770815592878443
2023-03-09,1.0736233313363002,0.7005086152511089,0.2630827740590913,-1.023251622081415,-1.9583775026187114,0.9444144040536284
2023-03-10,0.985501594623587,0.8251171308971272,0.27523166440992775,-1.023409392162705,-2.1875621146361084,1.1251211168681658
2023-03-13,0.960853410689797,0.7921723742355469,0.23318779932821876,-1.0135360911089828,-2.0564824941277946,1.0838050009832174
2023-03-14,1.460316220403831,0.3687637682067666,0.9991520889797272,-1.044001566594119,-2.4023557344589435,0.6181252234627417
2023-03-15,2.1639219681650186,0.03464092874008751,0.9158151107474026,-0.9593822807067589,-2.3456074868716037,0.19061175992585877
2023-03-16,1.994320939475946,0.18125988381909242,0.6825056075594205,-0.9291521347125542,-2.188227805575359,0.25929350943345186
2023-03-17,1.9525957422230178,0.11532791276912135,0.7528508049220761,-0.8387414542487592,-2.158771600568615,0.17673859490315458
2023-03-22,2.0215491240289953,-0.13190855509872712,0.7833329572425409,-0.9307950061136658,-2.179486073657956,0.4373075535988096
2023-03-23,2.039120504507288,-0.2517135176343741,0.6772213401886926,-0.8814939410444298,-1.9801324828078763,0.39699809679069453
2023-03-24,1.9547347791688203,-0.20892589231657688,0.8383816057299232,-1.0506279947059083,-2.0368687520681776,0.5033062541919153
2023-03-27,2.170125984841796,-0.4737033144474636,1.2375909100602414,-1.0341737998933338,-2.2739512560482105,0.3741114754869752
2023-03-28,2.065952776107004,-0.3426918063004605,1.1013828520684719,-1.0908708581265438,-2.3282016608666374,0.594428697118166
2023-03-29,2.1393644702933585,-0.4809852623802142,1.2375393929421143,-0.9836502176392523,-2.4849032357030953,0.572634852487079
2023-03-30,2.142139425373898,-0.5152832746078546,1.1476357733214613,-0.9648136272216874,-2.350770544353522,0.5410922474877036
2023-03-31,2.1682719012570395,-0.354092286732294,0.8950569055759665,-1.0036415938465373,-2.52336775187086,0.8177728256166725
2023-04-03,1.8299830995163404,-0.5470802681606903,1.612318310428094,-0.325142887705141,-3.2472140237507143,0.6771357696721103
2023-04-04,1.7961785117380806,-0.7019177680149589,1.2642326648305549,-0.5335427034535432,-2.8289722511180058,1.0040215460178765
2023-04-05,1.699701887599815,-0.7397055159390875,1.256568445366856,-0.6295957174371996,-2.967434714790142,1.3804656151997718
2023-04-06,1.7358493029575541,-0.7839009652264957,1.2670309479098503,-0.5519319588801208,-2.783561543640478,1.1165142168796995
2023-04-12,1.660594008498057,-0.7833183363307572,1.2928539942865171,-0.5662599815107097,-2.8244002293501063,1.2205305444069912
2023-04-13,1.6971416577822662,-1.09295647277245,1.464064981417149,-0.5302101129140642,-2.9625101292171623,1.4244700757042705
2023-04-14,1.607877766515852,-0.6192291806826564,1.4643539082379622,-0.6684102879016036,-3.074465651674635,1.2898734455050795
2023-04-17,1.6381070251077556,-0.037353176143532174,1.582478213233653,-0.7677649402521807,-3.4877189373299755,1.072251815384284
2023-04-18,1.5961558095736912,-0.01591034686263315,1.5570778652163533,-0.7618773673433781,-3.371202950387464,0.9957569898034182
2023-04-19,1.9272411187945764,-0.14544762065138972,1.200070407035824,-0.5232465303692875,-3.315979619473212,0.8573622446634992
2023-04-20,1.9552911170163476,-0.5207053351327298,1.0383448092788718,-0.42399646987368733,-3.00975390268721,0.960819781398403
2023-04-21,1.9733658058393697,-0.5329559573410338,1.156100417678216,-0.4725750439001679,-2.8533027202938728,0.7293674980174858
2023-04-24,2.0363575659962674,-0.5502377036135371,1.1727303506683509,-0.4211453336893838,-2.9318048590483796,0.6940999796866778
2023-04-25,1.9603401684691821,-0.6621687903235898,1.0058361627305903,-0.4274262776723745,-2.8159343880520717,0.9393531248482725
2023-04-26,2.119695831213283,-0.6638925934373039,1.0751610430783352,-0.4888816765098838,-2.7415079376501095,0.699425333305681
2023-04-27,2.228966101583291,-0.6721239391387004,1.0953268867663084,-0.5847780720761513,-2.859727387488727,0.7923364103539794
2023-04-28,2.1448342575216266,-0.6387778379400395,1.1292614933453162,-0.6534137066260284,-2.8966248298011292,0.9147206235002519
2023-05-03,2.1716005633202897,-1.1543760203909568,1.4836201563545508,-0.21213670372813276,-3.016367000852138,0.727659005296388
2023-05-04,2.171684053239428,-1.171780008248778,1.5013277579046953,-0.23491029836413624,-3.0024228436116203,0.7361013390804121
2023-05-05,2.2607622661635105,-0.19526771986283697,1.5670747743365556,-0.12792359627841954,-3.7066479744880785,0.20200225012926643
2023-05-10,2.179003656563669,0.09972177094933476,1.6387708186249679,-0.3184532664846671,-3.7114728565739665,0.11242987692065753
2023-05-11,2.401940773428681,-0.12137490439523457,1.7856837143351605,-0.4561956767568116,-3.684339967221513,0.07428606060972198
2023-05-12,2.250513352587184,0.05402611065028484,1.5399141100448759,-0.5997253596737666,-3.5211678550124117,0.27643964140384014
2023-05-15,2.2183434017730743,0.4058048146966142,1.4700992767820047,-0.5756288061123476,-3.801906325180062,0.283287638040719
2023-05-16,2.3431575987052966,0.37084686869291295,1.5437752640347426,-0.6600081036958514,-3.8991237824551326,0.30135215471802645
2023-05-17,2.6960406013913225,-0.3298197761435546,1.6207471014873676,-0.6349962768864108,-3.619369509997414,0.26739786014869216
2023-05-18,2.7988255392114727,-0.29781070994739567,1.6267333235591135,-0.7322046466252017,-3.567415740094593,0.17187223389661188
2023-05-19,2.8347167144160075,-0.32377967869127544,1.61498437096032,-0.7645542896016853,-3.576108317357977,0.21474120027461163
2023-05-22,2.710625136564998,-0.2888026200068319,1.5193254419981006,-0.5631705757840413,-3.5475238037728154,0.16954642100059214
2023-05-23,2.376521110436059,-0.21128017117060427,1.3488493347113426,-0.24705109194679498,-3.211842221815316,-0.05519696021468601
2023-05-24,2.407657324507074,-0.25452629542400285,1.4405983833789282,-0.2638605974514867,-3.1527410149533903,-0.17712780005712503
2023-05-25,2.407394002687191,-0.3196306564600815,1.7125615685909334,-0.42281161619977947,-3.017138673284236,-0.3603746253340203
2023-05-26,2.3821337836261627,0.4532439970690454,1.6062878797365308,-0.5271825568407555,-3.4587611496218678,-0.45572195396911086
2023-05-31,2.3171268282425963,0.07137737102220032,1.3805193578861648,-0.3129259360610117,-3.4530413278050167,-0.003056293284933176
2023-06-01,2.4791322119747683,0.6155198708938436,1.8293932340287977,-1.1202741244560706,-3.5546027864838425,-0.2491684059574899
2023-06-02,2.7405015426186736,0.34304830078311577,2.1919859727637423,-1.2081981227225649,-3.526498777070924,-0.5408389163720484
2023-06-05,2.837773877850948,0.2918400267383454,2.2224046286212396,-1.1320610571595537,-4.155726067421673,-0.0642314086293041
2023-06-06,2.4394334670647186,-0.022395489819549308,1.924147401079944,-0.29763512456618635,-3.811909999472749,-0.23164025428617308
2023-06-07,2.1812517155470186,0.2650358234420507,1.6533777027825671,0.12916778440178067,-3.835100787628415,-0.3937322385449966
2023-06-08,2.3549914108267664,0.2688398758189159,1.8529699659174224,-0.1366469904208909,-4.108499872723122,-0.23165438941910033
2023-06-09,2.3369655804788376,-0.10992477510715659,1.840906985574767,-0.19461726670333857,-3.424318903746318,-0.4490116204968029
2023-06-12,2.37597844112217,-0.15708537805342893,1.9137283358016717,-0.2591572751505895,-3.6206366270417707,-0.2528274966780484
2023-06-13,2.454912313404334,-0.2757653132833102,1.8185663568578416,0.04535249949656972,-3.369425016582065,-0.6736408398933635
2023-06-14,2.8986578690382334,-0.7885080319079569,2.0273993303803834,0.10338338016451232,-3.892139393415513,-0.34879315425965407
2023-06-15,2.9983353222856532,-0.8973152144327741,2.1708914516705686,-0.053478108836803706,-3.8661438939545087,-0.3522895567321367
2023-06-16,2.9294556392257576,-0.7541905609951143,2.29130229410568,-0.27340423821110615,-3.812182715932853,-0.3809804181923617
2023-06-21,2.7276877343879757,-0.3214231540194423,2.1882936979119485,-0.18080397488902555,-3.936277727208613,-0.477476576182835
2023-06-22,2.72915391033078,-0.2236670633476492,2.1932847880333615,-0.3724346394240561,-3.749829511565756,-0.576507484026684
2023-06-23,2.4909340779554725,-0.32414088349237025,2.0086708947591987,-0.7355509231596349,-3.420660497639311,-0.019252668423358266
2023-06-26,2.0999284541760357,0.5799321625794476,1.6702420111634844,-0.408898949805792,-3.7509767350901853,-0.19022694302299215
2023-06-27,2.1936729145839333,0.21664199867932332,1.7503178149839922,-0.5641172045325753,-3.6293942461134288,0.03287872239876233
2023-06-28,2.2655518853671186,0.10667651912092602,1.8280297966567467,-0.5396298738642669,-3.749741192597892,0.08911286531737206
2023-07-03,2.27483465549121,0.00021846302390482464,1.930339280174696,-0.5739806496091289,-3.849757072089899,0.21834532300921694
2023-07-06,2.3258583184961186,0.1258194988481196,2.002795526016607,-0.6732683251803522,-3.8895309401266798,0.10832592194618762
2023-07-07,2.544110739760864,-0.07735155633303314,2.143832167627558,-0.9624111404723044,-3.895275255274083,0.24709504469100319
2023-07-10,2.505575864824067,-0.06243053302924473,2.062094469728329,-0.9368331699715506,-3.783359413171457,0.21495278161985443
2023-07-11,2.455196175003783,0.15158093901059821,2.1308942834567173,-1.2020340963626994,-3.8438616426634638,0.3082243415550665
2023-07-12,2.4163935384043675,0.05233501346870506,1.8492794811014335,-0.430539983932249,-3.8237489428743103,-0.06371910616793475
2023-07-13,2.3770235973297336,0.05654581051651775,1.7326083687249394,-0.41669388714977007,-3.618760266619226,-0.13072362280219663
2023-07-14,2.598240428596071,-0.09932860546263589,2.143138183213951,-0.7137823395939051,-3.810494078711274,-0.11777358804219729
2023-07-17,2.494080440847714,-0.14581107556806083,1.8428304505445272,-0.38501856017270164,-4.299432173599297,0.4933509179478155
2023-07-18,2.411829466963596,-0.2770438560891355,1.7019144643156334,-0.2483156280356411,-4.2369390176229444,0.6485545704684919
2023-07-19,2.4011978126302473,-0.16934287360362088,1.696388972463268,-0.2284234054054668,-4.294022935011669,0.5942024289272374
2023-07-20,2.294292554056728,0.13646518218246761,1.646959786905434,-0.4217518722595095,-3.7709123617777243,0.11494671089260455
2023-07-21,2.213159550631387,0.10039449460655003,1.6048595611678156,-0.47934491528819745,-3.597278017802121,0.15820932668455923
2023-07-24,2.2616437305636037,0.012034260024758936,1.6716151568315745,-0.46124967739254163,-3.569869363200589,0.08582589317320055
2023-07-25,2.3137234966217726,-0.04267753470742308,1.7309614365545158,-0.4840563398871076,-3.458831618144124,-0.05911944043763517
2023-07-26,2.3266059018946486,-0.02378787536138649,1.7623407191115827,-0.4873967957814749,-3.590132620514334,0.012370670650962978
2023-07-27,2.2760203759836166,-0.44929173618444684,1.8504974447315377,-0.8071840929899352,-2.7768416419779234,-0.09320034956285284
2023-07-28,2.2805126177302775,-0.6823185358117771,1.869021211943659,-0.6617159912592463,-2.4746906823252424,-0.33080862027767255
2023-07-31,1.3447089228013365,-1.1748472804474797,0.9154683819890348,-1.127703423569761,1.1788717446172825,-1.136498345390402
2023-08-01,1.2948796650651335,-0.9428500318102793,0.7322226090602477,-0.8448498329157212,1.2012065818681896,-1.4406089912675633
2023-08-02,1.1817405690471254,-1.0872373563115914,0.541914517661235,-0.9491996645249055,3.167708746381008,-2.8549268122528675
2023-08-03,1.3380434647804424,-0.9601760152293528,0.6461908029331962,-1.03823061238566,2.807829621841644,-2.7936572619402673
2023-08-04,1.3052694402035243,-1.075471675530132,0.6215316483612892,-0.9975929746225178,2.6801694366913864,-2.5339058751035424
2023-08-07,1.2822130192464325,-1.0298699081739102,0.5902864649355504,-0.9281257190462364,2.159735066257316,-2.0742389232191445
2023-08-08,1.4020730685896154,-0.8668833718041022,0.769421531240214,-1.0354998134122706,2.3981595746129645,-2.667270989226415
2023-08-09,1.4595706939823963,-0.935428870608892,0.8894157781434622,-1.0597212376766105,2.2446742638708783,-2.598510627711228
2023-08-10,1.4956736769040724,-1.0183776505949171,0.9373294811993507,-1.146447040459087,2.3401969086027528,-2.608375375652172
2023-08-11,1.533593354308243,-1.0977060876752711,0.9899176872070097,-1.1460278744283539,2.3293099465440004,-2.609087025955633
2023-08-14,1.5881901249060846,-1.0830137395144228,1.0335611077171283,-1.1229352181616692,2.278878640803953,-2.6946809157510723
2023-08-15,1.8092713201966166,-1.2926958583463173,1.0476062593020536,-1.196712714981067,1.8393909495746876,-2.2068599557459754
2023-08-16,2.003098195963755,-1.537214954702522,1.1566530495385994,-1.2569261815717132,1.6734372594832476,-2.0390473687113606
2023-08-17,1.8653735313850532,-1.686338474740038,1.1232014665422678,-1.3331446808201672,1.6028557686980345,-1.5719476110651494
2023-08-18,1.7304983986794316,-1.3622820722953655,0.9484856932207162,-1.2836845278302524,1.645192607170313,-1.678210098944847
2023-08-21,1.5373911263105207,-1.534786593982553,0.7846378654842905,-1.7732382661156083,2.470642964302405,-1.484647095999057
2023-08-22,1.5769430357491778,-1.336051948655483,0.8298822213914523,-1.8734579024269298,2.1604069110746122,-1.3577223171328234
2023-08-25,1.5517674138334385,-1.4007214946435869,0.8348489218820099,-1.9373568236536909,2.4363815246600105,-1.4849195420781869
2023-08-30,1.6404346930588485,-1.3914523015033506,0.9138937449762832,-1.9444489409550236,2.1054911393103257,-1.3239183348870842
2023-08-31,2.003622267652723,-1.3303817955956472,1.111020829885904,-2.1069889739564878,1.7162398211789534,-1.3935121491654376
2023-09-01,2.180130108228761,-1.4660556907085844,1.1796373267701696,-2.346446102417691,2.070417533178844,-1.6176831750515022
2023-09-06,2.0192647481000776,-1.4018087051250925,1.0256990088223379,-2.3690246377841397,2.4544041659687705,-1.728534579981948
2023-09-07,1.9391496426623238,-1.3984234513397915,0.9826285364528449,-2.3903718360592054,2.645692193238081,-1.7786750849542394
2023-09-08,1.9079698586341713,-1.4200441122804497,0.8483033983531652,-2.4472561122509657,3.19681591905299,-2.085788951508908
2023-09-11,1.4932983406787717,-1.3769902977588249,0.7879245929457284,-2.395392393902124,3.6324429707829493,-2.1412832127464982
2023-09-12,1.6175692248655587,-1.3328485387619922,0.9525729308879161,-2.4162349371990537,3.3464353338378956,-2.1674940136303187
2023-09-13,1.4214283628868198,-1.4011782703193592,0.7828924503732964,-2.3968840355180507,3.598490338235605,-2.004748845658313
2023-09-14,1.2167802525820957,-1.472381171172295,0.6627730279227606,-2.4847023438217817,4.227062326099614,-2.149532091610394
2023-09-15,0.6079938347337137,-1.6458036715467625,0.06509092828571639,0.014068586488656276,3.855232648492483,-2.8965823264538004
2023-09-18,0.2923168477231286,-1.403061589878392,-0.17687995314383187,-0.954946601033472,3.8817325164393885,-1.6391612201068289
2023-09-19,0.4693854044392225,-1.4661094675614161,-0.14262822876200332,-0.8964578690843754,3.487447808329958,-1.4516376473613835
2023-09-20,0.06712793594731892,-1.0938091026567993,-0.6455932156537223,0.026552782810643993,3.280822232182244,-1.6351006326296864
2023-09-21,-1.0471722855187293,-1.1955263383187233,-0.5911253762833883,1.8121566432147835,2.9910589868000432,-1.9693916298939889
2023-09-22,-0.9336238039894607,-1.2635644534966515,-0.52693540232411,2.0906987567881377,2.814345980239138,-2.180921077217057
2023-09-25,-0.9024154031023492,-1.290445358446144,-0.5022340935759235,2.2679858170504845,2.7913999063180306,-2.3642908682440953
2023-09-26,-1.1156982874332773,-1.3583862649504495,-0.6229706668931936,2.619035473242974,2.9033328744328744,-2.4253131283989267
2023-09-27,-0.1219238326123282,-2.765196434659665,0.6510968198753702,2.3274558399954364,1.9370685205357754,-2.028500913134584
2023-09-28,0.5737104591921849,-3.2880630954497114,1.0987518671206598,2.109723665188608,1.6853741825548294,-2.1794970786065724
2023-09-29,0.4932197414215551,-3.318268598045446,0.7497885070547596,1.7045200475057536,1.3659529446873986,-0.995212642624018
2023-10-02,-0.2059033037855098,-3.6631202818820077,1.4219590448136312,2.8455684018207235,0.9701899472946494,-1.3686938082614788
2023-10-03,-0.11286166915201967,-4.069460600195792,-0.19325179188133923,6.328546255620519,0.36131173999447075,-2.3142839343858324
2023-10-04,0.7906052974393276,-4.055133482905859,-0.5594207627930228,6.473070500130558,0.07714093518923448,-2.726262487060235
2023-10-05,0.772809793498137,-4.159788248515047,-0.49463737786502193,6.956512971236995,0.3612648765335731,-3.436162014888632
2023-10-06,0.5650943998920752,-2.7202605495011465,-0.23641931126674898,6.410193809059053,-0.6147987019832644,-3.403809646199964
2023-10-11,1.1212377637974829,-2.580853679487291,1.706840981589993,5.016751535107283,-1.0607249961328908,-4.2032516048745725
2023-10-12,1.2117092797701048,-2.5608195489435785,1.4787838958312403,5.392363926428514,-1.192209362271376,-4.329828190814904
2023-10-13,2.016954216296174,-2.82887976903005,1.83908855449506,3.9685771771932563,-1.9247119771667376,-3.0710282017877106
2023-10-16,2.2208100994021827,-3.2287766710145105,2.7904250933195005,3.4421380634952445,-2.1918138906114937,-3.0327826945909226
2023-10-17,2.1780008254999146,-3.3074109208720284,2.338597732044235,3.5657486274578423,-1.6351833751780211,-3.1397528889519415
2023-10-18,2.630059433868814,-2.1464810968226216,1.4594602462283461,2.6908146630691965,-2.4461003860904715,-2.1877528602532648
2023-10-19,2.452443231837284,-2.3073827026702394,1.3273367406432097,2.6283444045804805,-1.8634019016930923,-2.2373397726976414
2023-10-20,2.313345691212799,-2.216320404816756,0.5182831324186132,2.43389608635116,-2.0577059289732715,-0.9914985761925399
2023-10-23,2.128170548459348,-2.179117736863069,0.40889144923231946,2.4461289132077386,-2.1119007520919664,-0.6921724219443659
2023-10-24,1.9103923749499092,-2.067810678453082,0.767629162799599,2.018472703894547,-2.229633384212012,-0.39905017897895423
2023-10-25,1.8860638971724804,-2.3619031550714014,1.140649798687221,1.6831691809661615,-1.882212105061028,-0.46576761669343547
2023-10-26,1.7678236745069515,-2.3806287935510686,1.114762493796178,1.806326949847211,-1.8776802312566288,-0.4306040933426418
2023-10-27,1.8815607044904645,-1.156150612195367,1.3061428583072416,1.490239972298986,-2.1114399436701143,-1.4103529792312202
2023-10-30,1.4827760715045546,-1.0122485313516432,0.3375181604767423,1.3438034065335165,-1.772934888584421,-0.37891421857875063
2023-10-31,1.425448468996258,-0.9562127820986177,0.061551993149379314,1.351439198439639,-1.3725335289132148,-0.5096933495734364
2023-11-01,1.3830932841076766,-0.9936564907911909,-0.12527857872367854,1.4488147766011634,-1.197738663770037,-0.5152343274239288
2023-11-02,1.3369622594165556,-0.8321235845710371,-0.49653208167691965,1.4639403432092948,-1.1471045906324377,-0.3251423457454585
2023-11-03,1.241038535619932,-0.7405577972813286,-0.41389612279081156,1.4440184872846924,-1.077748581142636,-0.4528545216898494
2023-11-06,1.225369210893028,-0.866507620547663,-0.23533035461141516,1.2934334160500374,-1.2087872700596969,-0.20817738172429534
2023-11-07,2.1076320559112762,-0.10029316209774919,0.7830863541884714,0.1203745293961429,-1.9226530573707363,-0.9881467200274017
2023-11-08,1.7953649970254641,0.3503622640287287,0.55144316754191,0.04177229773161617,-1.7656752307169121,-0.9732674956108078
2023-11-09,2.0891747417702273,0.5588771836334328,0.5124769931830055,0.5900664086512695,-1.8720986599487528,-1.8784966672891925
2023-11-14,2.2737046948076465,0.7668399783037163,0.6164513133472518,0.3335032527925801,-1.9161307444974558,-2.0743684947537457
2023-11-15,2.3305456239173186,0.47673319440366857,0.5292341096616742,0.4936901822277058,-1.3729036364099667,-2.4572994738004015
2023-11-16,2.4354987375039574,0.35977987223281316,0.9620395107720388,0.34188433113374295,-1.3875350366833354,-2.7116674149592184
2023-11-17,2.244423875409188,0.29466382273549696,0.7856128224734817,0.17749225529295298,-0.927806272664361,-2.5743865032467594
2023-11-20,1.8937987808783951,0.3693762310583586,0.8045653898202865,0.3936097110074188,-0.6981315231969691,-2.7632185895675025
2023-11-21,1.9885460476558325,0.3345120112126918,0.5901729834557194,0.6541131602820913,-0.541614228318221,-3.0257299742881045
2023-11-22,2.020702206472418,0.24904661852760412,0.827107425656255,0.6749947604910833,-0.684750724726918,-3.087100286420452
2023-11-27,1.7957799209929384,-0.09312504490197782,0.6291956009680018,0.37806499736217436,0.18785406285090023,-2.897769537272029
2023-11-28,1.7516475876035162,-0.6554601525175787,1.0388592007690818,0.21267599776633084,-0.03088701668326399,-2.3168356169380786
2023-11-29,1.7842151016543362,-0.6911456022883105,1.1213460264747717,0.2245186105493886,-0.014365854539723832,-2.4245682818504646
2023-11-30,1.8901478759927457,-0.7961533409173343,1.126730588233407,0.27368950130021474,0.15099990706113164,-2.64541453167016
2023-12-01,1.640164467328276,-0.9857492800601815,0.9395552451713822,-0.18002321962548873,0.25720430897203284,-1.6711515217860278
2023-12-04,1.628387400868192,-0.9518355803512479,0.9366736841776273,-0.15321644814698487,0.1549889268782969,-1.6149979834258832
2023-12-05,1.556643945877008,-0.8685359824468257,0.9308024343232706,-0.24107124061448104,0.10368042635821806,-1.4815195834971853
2023-12-06,1.5686614117883426,-0.9157504314767084,0.9250240304445363,-0.07470336169316649,0.19947878864295565,-1.7027104377059603
2023-12-07,1.431423654407448,-0.47163878643970625,0.8499116051281597,-0.1263930440375045,0.060870654321019346,-1.7441740833794166
2023-12-08,1.5804017505631283,-0.5896163962695322,0.961688978832516,-0.10755057636544496,-0.010492347232325283,-1.8344314095283403
2023-12-11,1.5006530185427547,-0.6112797975088735,0.9141700494232019,-0.11005667021149712,0.17870424016228625,-1.8721908404078593
2023-12-12,1.3864702754763503,-0.7872597260413949,0.3362033418485133,1.3127309688347193,-0.10064763428180301,-2.1474972258363785
2023-12-13,0.9970828399705027,-0.9099699718416843,-0.12220677544214631,0.7061552107252504,-0.13794375440900497,-0.5331175490029185
2023-12-14,1.384705710058423,-2.1026953070251464,0.6387737776585318,0.6974108265907404,-0.35889793702145,-0.25929707026110105
2023-12-15,1.4493915590673812,-2.061260409282162,0.593592903162147,0.6894707839748806,-0.3431754670703797,-0.328019369851865
2023-12-18,1.3912259446906425,-1.4442866651116841,0.6166689830354652,0.43516077769318784,-0.3079714544121739,-0.690797585895436
2023-12-19,1.4809805938776641,-1.6432763521296505,0.6798474327067048,0.5612385482065925,-0.5019164323002459,-0.5768737903610655
2023-12-20,1.379836649626725,-1.883527660072698,0.5230094822150093,0.5988268774116081,-0.5630452371867192,-0.05510011199392384
2023-12-21,1.335277177515259,-1.808611312758207,0.5158111059350325,0.45173637994343085,-0.5524185394467269,0.05820518881121117
2023-12-22,1.111536425641436,-1.708798109127067,0.4566332865669871,0.6387753678141257,-0.547841524656965,0.049694553761484794
2023-12-28,1.1592054405752794,-1.6605970499062666,0.5734072054558297,0.5110653148169657,-0.5568092496252786,-0.026271661316528583
2023-12-29,1.2398704512490824,-1.721588975159553,0.6383367874556463,0.496800754658107,-0.5797977935700174,-0.07362122463325971
2024-01-03,1.1756644994889598,-1.7009240273539354,0.5660908180525848,0.5646996976195222,-0.5537106472369546,-0.051820340570176704
2024-01-04,1.1484390358629213,-1.4765461358091263,0.6263142305662086,0.180661210418406,-0.5189074669053881,0.04003912586697833
2024-01-05,0.7263788842845251,-1.322573292966824,0.8819538203656201,0.33131901290759735,-0.5320740051062791,-0.08500441948464488
2024-01-08,0.7280354011191452,-1.249442159542084,0.7761630021678965,0.03108729849859948,-0.17264968114233037,-0.1131938611012333
2024-01-09,0.8900362407304474,-0.9462853012016312,1.356248759356717,-0.1452646958294559,-0.788561877036549,-0.3661731260195218
2024-01-10,0.882596068071507,-0.884799142846223,1.42717356547511,-0.20814564033184713,-0.8091834035577177,-0.40764144681083225
2024-01-11,0.8469863823111332,-0.9884541814540868,1.1649193447370187,-0.2738774316804711,-0.7828845968998372,0.033310482986241396
2024-01-12,-1.9613741561596028,32.06912572540881,-4.025301822539311,-6.417713883670242,-9.053488757663906,-10.611247105375755
2024-01-17,-1.3829448205419652,27.562937844123628,-2.9489635803507372,-5.5054504594902545,-7.624390528886404,-10.101188454854258
2024-01-18,-1.709763478698302,24.272080912134843,-3.1385097976393563,-5.612060414853137,-4.649279368076405,-9.162467852867632
2024-01-19,-0.7122832630550295,18.97014486277547,-3.02329865037518,-5.178680013025601,-5.590859101816013,-4.46502383450364
2024-01-22,-1.3690956098227058,13.858527793815938,-3.433785768592748,-3.6464900495059833,-3.8815663373495792,-1.5275900285449224
2024-01-23,0.05860204419240134,10.143553118758215,-0.45328513138167104,-3.3406010647464015,-5.017360650367927,-1.3909083164546159
2024-01-24,0.05789708677422922,9.35241881464837,-0.38516778291495335,-3.3252734661058447,-4.161627552563097,-1.5382470998386983
2024-01-25,-0.17800399682997892,8.85021975708174,-1.416740007438423,-2.1966310268106963,-3.288286392089544,-1.7705583339130953
2024-01-26,0.10420465624841313,8.410241776752054,-1.2143270870441834,-1.9198103275929883,-3.508132114836664,-1.872176903526634
2024-01-29,0.09889573185940037,8.170024979977013,-1.4716380436974648,-1.9335518795999191,-3.6260788559579202,-1.2376519325811022
2024-01-30,0.2208884225647978,8.09797044122247,-1.3839335228455685,-2.025805919874246,-3.573927309354931,-1.3351921117125203
2024-01-31,0.18308001757233505,7.556102549524541,-0.7463479583465817,-2.1974714984085506,-3.5660971933450947,-1.2292659169966453
2024-02-01,0.23343699547653607,7.617318880010275,-0.9037512945973676,-1.9746384683850886,-3.751783085049746,-1.2205830274546134
2024-02-02,0.2782211714435743,7.710870079516379,-1.0433278637559393,-1.8978272825116789,-3.765841152909666,-1.2820949517826712
2024-02-05,0.28486632515086363,7.676958781411873,-1.0830690816622566,-1.821239986866905,-3.804697449045761,-1.2528185889878085
2024-02-06,0.26029581134602076,7.517481465619694,-0.9844645356496722,-1.8187724884134777,-3.8172388973289686,-1.1573013555735938
2024-02-07,0.2275624947520285,7.560825920800978,-0.9958139519565083,-1.7939915459614748,-3.8270024566061474,-1.1715804610288798
2024-02-08,-0.06932250113469252,7.600508752355177,-0.6781570195812323,-1.8995346104434594,-3.874680997701089,-1.0788136234946992
2024-02-09,-0.0637415322628474,7.378627581148862,-0.6664342374704981,-1.9715545240581762,-3.714433350489769,-0.9624639368675689
2024-02-12,-0.06806867303209607,7.433228096462264,-0.6983950196167061,-1.9154305514604024,-3.765632723765617,-0.9857011285874369
2024-02-13,-0.13907344313246028,7.25640259176253,-0.7863485959613854,-1.9651597261473177,-3.5772734766091516,-0.7885473499122111
2024-02-14,0.09092055833741952,7.086992339859691,-1.0424853586128844,-1.6896566547935863,-3.7002907570560786,-0.74548012773456
2024-02-15,0.12572240843584304,6.291061123220086,-1.0228269509667989,-1.6833336159167671,-3.0885347955378046,-0.6220881692345674
2024-02-16,0.2382481069517084,6.2773215974253525,-0.9308198420936398,-1.7359319508022648,-3.1955004025119362,-0.6533175089692254
2024-02-21,0.1984888995370646,6.257786249004555,-0.8966836106453426,-1.8027537415375474,-3.0698947548411613,-0.6869430415175701
2024-02-22,0.3097270925142901,6.17170335894612,-0.9229914233213661,-1.7925593622872658,-2.934021509476516,-0.8318581563752572
2024-02-23,0.534462106013855,5.964110613154753,-0.6831201864293899,-1.8512731064146912,-3.199342989654867,-0.7648364366696563
2024-02-26,0.6075332597292533,5.977736526694329,-0.599455905432495,-1.9615803425967173,-3.2106215762082484,-0.8136119621861297
2024-02-27,0.41077315276286797,6.10876392573039,-0.6911872582644607,-2.0154417517216956,-3.1988036514468283,-0.6141044170602754
2024-02-28,0.4338634444228653,6.11806350396809,-0.633204656204418,-2.0919253285063717,-3.1250844704493512,-0.7017124932308065
2024-02-29,0.2924503008358439,6.102834742464998,-0.7120595038426139,-1.819918125742352,-3.2399379672938613,-0.6233694464220099
2024-03-01,0.31974796631072344,5.811405716430739,-1.0361125693718192,-1.2568773698131266,-3.3394901857137307,-0.49867355784278056
2024-03-04,0.31818648590553167,6.2580068259782475,-1.595041723223054,-1.4970417162624452,-3.5651386358562727,0.08102876345799626
2024-03-05,0.4192232527600339,5.897804365862124,-1.4816790534212254,-1.48194776901821,-3.5121572602442406,0.1587564640615189
2024-03-06,0.629940793405666,5.9137215350283014,-1.0759442284714655,-1.8466834818139763,-3.720044222375057,0.0990096042265316
2024-03-11,0.581335765708876,5.170157337212453,-1.1404381254879885,-1.8866604009766381,-2.649949766647826,-0.0744448098088788
2024-03-12,0.6098010518177315,4.908041586511866,-1.062902252404644,-1.7105818051151656,-2.5721164412436797,-0.17224213956610912
2024-03-13,0.14536071063207334,5.446149179588204,-1.0794469012173655,-1.7462118780548148,-2.6750110736534256,-0.09084003729466827
2024-03-14,0.19863469822468982,5.337629110531655,-1.1761867767103285,-1.747026227857424,-2.816966082374367,0.20391527818577715
2024-03-15,0.31074357819335496,5.22160241985587,-1.3932428967878945,-0.9646907382725773,-2.965131849632498,-0.20928051335626563
2024-03-18,0.6027812063497908,5.2704117574180875,-1.4904220748276336,-1.1792382777976527,-2.978319645350771,-0.22521296579182137
2024-03-19,0.5747511863375143,5.260277797626683,-1.568184734270674,-0.981317961349196,-3.1255302388288664,-0.1599960495154633
2024-03-20,0.16456463845399583,5.314494168134247,-1.6009807266456741,-0.7725358349807827,-3.1840237585615645,0.07848151359977606
2024-03-25,0.09389201481310927,5.284905895530487,-1.5282302131959122,-0.7918880194535483,-3.249389659769072,0.19070998207493983
2024-03-26,0.10317787619622187,5.165955650240443,-1.4719141734284387,-0.6795695134250157,-3.267823212941935,0.15017337335872716
2024-03-27,-0.22146002821564537,4.753761070041898,-1.5278740475831043,-0.41194286819050285,-3.408808618782876,0.8163244927302287
2024-03-28,-0.16185268923057805,4.828395314973697,-1.5831609885997793,-0.45516383975953545,-3.4816260613035652,0.8534082639197671
2024-04-03,-0.23372139660032065,4.83501585431072,-0.9041791638717811,-0.5618212994551586,-3.7997168201190012,0.6644228257355331
2024-04-08,-0.2553737474951854,4.846658644140071,-0.908670132847158,-0.5982209450148415,-3.7306053629637574,0.6462115441808784
2024-04-09,-0.15269311544445952,4.935984092976772,-1.0229617231120365,-0.30691025422592055,-3.8700229416820404,0.41660394148769386
2024-04-10,0.14304500698304956,4.304691696720786,-0.9763566044276653,-0.2510839771929225,-3.5223915684011935,0.30209544631794394
2024-04-11,0.264481460817958,4.64624911533177,-1.0489965971675819,-0.34302590354629725,-3.814948709622712,0.2962406341868691
2024-04-12,-0.13552846748942748,4.875888841375554,-1.7249379546222166,-0.31548983036151634,-3.499889679830435,0.7999570909280405
2024-04-15,0.09158198454403887,4.882502510528232,-1.7454742933218457,-0.00796608550648159,-3.4605996222542874,0.23995550601035132
2024-04-16,0.17722999886189328,4.464803666970721,-1.556336281060446,-0.1661430104457442,-3.259202338248735,0.33964796392230734
2024-04-17,0.4305481783756617,4.701377074024156,-2.206906315322896,-0.11329598840750776,-3.1544088471805085,0.34268589851109654
2024-04-23,0.26056607257260467,4.025131203480852,-1.6031717015248104,-0.578218797621862,-2.738899202283285,0.6345924253765012
2024-04-24,0.32145606180945485,3.8067666505048074,-1.4013471754564515,-0.421956243225468,-2.7079192090681694,0.4029999154358366
2024-04-25,0.4395763491832563,3.705676147201516,-1.6605777300086304,0.005586880285683549,-2.92500674978798,0.43474510312615133
2024-04-26,0.3711373058815477,3.4491145626652857,-1.6717234151987101,0.1797091804402493,-2.782765358667333,0.4545277248789559
2024-04-29,0.5258905884921203,2.2512252495477356,-1.3163030310112207,0.008960092823247834,-1.7273048931588666,0.25753199330699195
2024-04-30,0.7558268159210071,1.9615337504003034,-1.3239322139586003,0.06065890516043826,-1.6190460877661792,0.16495883024303382
2024-05-01,0.14797775658405854,1.4093278652726027,0.4193865507914012,-1.019128374084092,-1.2794353145491302,0.3218715159851617
2024-05-08,-0.01283499659430376,1.3918511678997194,0.4871865471309551,-1.3679404691088308,-0.6432582512069649,0.14499600187942718
2024-05-09,0.054368777104002675,1.2073329523075789,0.5485511349360568,-1.296538421543147,-0.5438165291740091,0.03010208636952494
2024-05-10,-0.4403814202499765,1.2081730514455953,-0.06067752717695374,-1.5838278850438403,0.3382666658436819,0.5384471151814989
2024-05-13,-0.5969763143747056,1.1786167329351152,-0.2661454726011776,-1.6501162776943286,0.6272127856302125,0.707408546104878
2024-05-14,-0.3057149567621362,0.40753250923443485,1.0536174372824352,-0.9702134808477041,-0.24141035660377907,0.05618884769675869
2024-05-15,-0.3172664435616426,0.1966798434617978,1.269999382252462,-0.961830246364519,-0.2661349484754938,0.07855241268740132
2024-05-20,-0.3460583684927485,0.12681555878185602,1.3595922154713094,-0.8976323393812029,-0.21162262038951463,-0.031094445989697128
2024-05-21,-0.2590859025757446,0.3488490319463118,1.4121128857781482,-1.207111810513843,-0.10117861793713079,-0.19358558669773096
2024-05-22,-0.36704432814681276,0.13302329376164002,1.6947056673930145,-1.4319629678464185,0.286079273610504,-0.31480093877192283
2024-05-23,-1.0487390812152357,0.1362625394399295,1.1973686706801852,-0.8813680652419116,0.044546039138634086,0.5519298971984075
2024-05-24,-0.05555335591709287,0.41598172950129886,0.8872775502965009,-0.7967334825188663,-0.6595619748586672,0.2085895334968244
2024-05-29,0.018967071849781192,0.5307850310176869,0.8342883253266447,-1.0298704205295426,-0.45990624237324074,0.10573623470867188
2024-06-03,0.4295423916320704,1.517594705663941,0.42302915030116317,-1.4194180979425024,-1.2171163164878944,0.2663681668332294
2024-06-04,0.7057952862936343,1.2216943772921538,0.5801139921105865,-1.4678951953043793,-1.2394825485954204,0.1997740882034269
2024-06-05,0.7935773937288566,1.0050790125204143,0.6390841706179042,-1.4966600870311257,-1.1405083439704145,0.19942785413436548
2024-06-06,0.9431817552805963,0.87451812058322,0.7621345323332847,-1.4867373753499642,-1.1332184140383377,0.04012138119119735
2024-06-07,0.8083222491158004,0.576822892329524,0.7505952693204936,-2.0703055709132148,-0.47152985800474223,0.4060950181521381
2024-06-10,1.2376872027711787,0.6835953300095747,0.7808386393615105,-1.9730775957505253,-1.0548654370532118,0.3258218606614758
2024-06-11,1.2212215637986077,0.6063412497599305,0.731225170743981,-1.9056278933912454,-0.9678783450816542,0.31471825417038346
2024-06-12,1.2405715105526571,0.5210380502751208,0.5839347566350348,-1.9239626772667222,-0.9728784405899673,0.5512968003938781
2024-06-17,0.8205736841313644,0.03922329493912091,0.2872986743616259,-2.1378809061521435,0.6660371160881318,0.3247481366318956
2024-06-18,0.7814825325896582,0.033208528898624134,0.5182922754910315,-2.1551052704684253,0.6697829219528075,0.15233901153630303
2024-06-21,0.9570603885708451,0.08326938451049504,0.491401699830849,-2.051953479872462,0.21132639067557024,0.3088956162847101
2024-06-24,0.923396212909493,-0.07881543410787639,0.6644923598842674,-2.1598973961257926,0.44308198858309833,0.20774226885680847
2024-06-25,0.8705614059773694,-0.1939555145420453,0.7995863046128981,-2.073331437783696,0.32757930530209833,0.26955993643336695
2024-06-26,0.7647238906058682,0.11989269839435623,0.4325259888454358,-2.104073318154284,0.11148744185087756,0.6754432984577452
2024-07-01,0.933295705863685,0.3722031520531188,0.1334699801633068,-2.202931315150491,-0.3219462298378235,1.0859087069082043
2024-07-02,0.8171190005425055,0.4647577128679621,0.04302896721307903,-2.254957796529226,-0.18997603785706652,1.1200281537627534
2024-07-03,0.8699569033454537,0.3502931115355641,-0.16641155975980126,-2.405705589307635,0.11402336742234453,1.2378437667640794
2024-07-08,0.22221302150537525,-0.19411518640499148,0.8967286453880741,-2.0535205300104495,0.06955963611315896,1.0591344134088319
2024-07-09,0.06702343385560638,0.3492120252347837,0.6554658798190642,-2.210832496120833,0.11119294116537759,1.027938216046002
2024-07-10,0.5060938555446466,0.17517058244076855,0.8213035549220065,-2.359201479556357,-0.051066686882465184,0.9077001735314041
2024-07-15,-0.9674070363467484,-1.1185314387795429,0.8984950411488848,-3.725808951679344,4.453446703522209,0.45980568213454287
2024-07-16,-1.0670431842297106,-1.2961745115696068,0.8778511190534735,-3.3571853454134324,4.206641462485553,0.6359104596737275
2024-07-17,0.9163066553778512,-1.228359491861719,-0.06169652670961767,-3.8780826806542574,4.20032722234384,0.0515048215038969
2024-07-18,1.3255196314412636,-1.751047775570028,-0.3769740606139038,-3.0338036045013625,4.316887854982269,-0.48058204573823726
2024-07-19,1.2419115663622602,-1.6010579038684045,-0.9796456414018406,-3.6255607347855685,5.771320056026591,-0.8069673423330332
2024-07-22,1.305599506651368,-1.865771203622462,-0.8247012900496573,-2.9132256246356247,5.119879851125438,-0.8217812394690585
2024-07-23,1.658424553910332,-1.9977809365443706,-1.0259341741412538,-1.4537942257537297,3.6010461712210153,-0.7819613886919983
2024-07-24,1.2718595003789046,-2.4054048068389147,-0.818332725924245,-0.8609447458229154,2.6917301779019263,0.12109260030524283
2024-07-29,1.425806672096697,-2.4909516142923467,-0.7655347552147624,-1.1248607388886782,2.9204576897342904,0.035082746564799816
2024-07-30,1.747563022680338,-2.275741670139974,-0.703087174139541,-1.310326905992846,2.8898733060258173,-0.34828057843379057
2024-07-31,1.7126784767076222,-2.801237469824299,-1.1194598642728586,-1.2416593591087697,4.10166605293217,-0.6519878364338614
2024-08-01,2.1347933442100873,-2.6564118221219495,-1.3876557635493736,-0.7559274310622497,3.371070674403059,-0.7058690018795701
2024-08-02,2.6073017841631945,-2.7294421214295967,-1.3298993174213471,-0.9737618874443719,3.2868862705316584,-0.8610847283995238
2024-08-05,2.689014577746182,-2.4995302755113338,-1.3725897848335853,-1.2289672516651118,3.177488884896764,-0.7654161506329187
2024-08-06,2.653307629258972,-2.28168425178899,-1.4698997755043939,-1.28500195091312,3.1195770973268457,-0.736298748379312
2024-08-07,2.8102367457588144,-2.5265808811365678,-1.6726726915794812,-0.9667025439862726,3.0925286170377397,-0.736809246094237
2024-08-12,3.1465596286245088,-2.887212232309971,-1.8317426278058049,-0.7128106769887781,2.9242749799454146,-0.639069071465364
2024-08-13,2.843033382911935,-2.7828085415954167,-1.4573225980282505,-0.8476368343885401,2.9437762147917894,-0.6990416236915151
2024-08-14,3.057781079783796,-2.914118068157209,-1.461570136471491,-1.1936441585826634,2.728298309627199,-0.2167470261996267
2024-08-15,3.0094160164218486,-2.866940091402835,-1.3030429420591991,-1.2460983458330785,2.593064675283663,-0.18639931241039553
2024-08-16,2.974348950343156,-3.0316712944483113,-1.0050950805072505,-0.8134746040332299,2.3493644466628383,-0.4734724180172032
2024-08-19,3.02205962305269,-3.1033039134652807,-1.015721757681738,-0.7695173953309302,2.3354176880367676,-0.468934244611507
2024-08-20,3.0654902740420233,-3.2891363706376726,-1.0891385765793231,-0.7510065512574551,2.764815814920511,-0.7010245904880841
2024-08-21,3.4310752477117603,-3.429635028890012,-1.3472991786080044,-0.6152817724430495,2.6461270747452224,-0.6849863425159071
2024-08-28,3.3503687805549234,-3.3478057199527527,-1.420868551533565,-0.6395667338604101,2.7027377523088587,-0.6448655275170485
2024-08-29,2.897402956260387,-2.703968824087335,-0.9166633633981496,-1.1589223876513888,2.6598377634828063,-0.7776861446063301
2024-08-30,2.7875553672540283,-2.7884370258601523,-1.0944299582481714,-1.2834635589917909,2.9341883725898894,-0.5554131967438036
2024-09-04,2.88720076894007,-2.8029129798653845,-0.8475028187127309,-1.3332563219484728,2.7269109198276906,-0.6304395682411701
2024-09-09,3.1279072853083045,-2.809261884909363,-0.9146212710183734,-1.3360442725309758,2.613940925100385,-0.681920781949978
2024-09-10,3.066840673562205,-2.777335094777164,-0.08673478694249148,-1.7810226184939077,2.36908937300017,-0.7908375463488122
2024-09-11,3.2814446587025072,-3.002137743834739,-0.6481562272283545,-1.6478802999498292,2.349993865968703,-0.33326425365828305
2024-09-12,3.453692584635472,-2.9061460611752086,-0.9533602982913392,-1.6578793925937694,2.2325822887458706,-0.16888912132101597
2024-09-13,2.8482743868132605,-2.773215967417139,-0.7662649876497651,-1.116040453010121,2.2398178495920886,-0.43257082832832694
2024-09-16,2.928799639881955,-2.8153564702250073,-0.752516497748446,-1.3284080748729155,2.380561852231793,-0.4130804492673761
2024-09-17,3.0230375961567795,-2.7573650712393407,-0.5987263051861493,-1.278599325051096,2.0713063728792003,-0.4596532675593936
2024-09-18,3.1046049659328734,-2.8273822518647167,-0.7575864820483202,-1.0738724100867003,2.027836315948965,-0.473600137882098
2024-09-23,2.9418093621081365,-3.028090438926445,-0.864893312672943,-1.3165450642062009,2.62593268233456,-0.35821322863710936
2024-09-24,2.921383880459606,-2.8633082227583655,-0.8226919057341675,-0.9938655717184686,2.3746648692292096,-0.6161830494778138
2024-09-25,3.2606430658182894,-2.912932273223963,-0.8566466939144046,-1.2197897349160618,2.087706909864247,-0.3589812736280984
2024-09-26,3.475502636193692,-3.23828493902061,-0.6197738296614208,-1.4157692647127238,2.0655516013986146,-0.2672262041975495
2024-09-27,3.046121638285906,-2.778579549874582,-0.5619469364287006,-1.736001710873178,1.912794141654467,0.11761241723608862
2024-09-30,2.8109798094207203,-2.338532427364826,-0.8038292876700419,-1.862915323384657,1.8855553378728873,0.30874189112592276
2024-10-01,2.37952900609858,-2.9283543275222197,0.34225249842803684,-2.2326031937524826,1.7863141508909477,0.6528618658571466
2024-10-02,2.4773652217213344,-2.966248924286015,0.28378870773376796,-2.2023539306719355,1.8348602821280406,0.5725886433748082
2024-10-07,2.7749000741782517,-3.0362666561585145,0.8305741138141052,-2.393042606941763,1.6969167341592817,0.12691834094864163
2024-10-08,2.5185976110976025,-3.658229728840948,1.589885078397927,-1.4701366520635206,1.4448697055556403,-0.4249860141466977
2024-10-09,2.40130510025112,-3.686386630584484,1.5584656607592517,-1.64085189821275,1.399152678706454,-0.03168491091959558
2024-10-10,2.5671397357585626,-3.329717522203688,1.770451096990092,-1.9687861154326525,0.9515966902693926,0.009316114618292737
2024-10-11,2.326019663288692,-3.12348783163152,1.6348647953167923,-1.6963207965344722,0.8510847889400854,0.007839380620429992
2024-10-16,2.5983983519755327,-2.823363629118684,1.49436436720827,-1.351560048759592,0.336077840472093,-0.2539168817776254
2024-10-21,2.493671962547939,-2.052529392560097,1.369977003355773,-1.6825057458890482,0.3090988475986023,-0.4377126750531666
2024-10-22,2.5806499642810152,-2.208176941265549,1.6297606315956585,-1.7105889847935511,0.24806610006561014,-0.539710769883186
2024-10-23,2.7395537889193378,-2.118667300117403,1.8239584959851225,-1.9024797932415867,0.19811758137512725,-0.7404827729205978
2024-10-24,2.8252021169581027,-2.1110069356053547,1.7071607491346619,-1.763363202929689,0.07942768282433632,-0.7374204103820503
2024-10-25,2.9810591853174717,-2.2067731689049515,1.6267632153567142,-2.048170209750972,0.04486684247850259,-0.39774586449676086
2024-10-28,3.439796641607744,-2.5905425852376993,2.3992282522213095,-2.665334709708177,-0.2141189807803756,-0.36902861810279397
2024-10-29,3.5119994978065403,-2.7618491313588436,2.5308817544280373,-2.688226736414623,-0.3408158264086414,-0.2519895580524696
2024-10-30,3.5777331530117618,-2.6664795628721922,2.570075992750988,-2.7537382888474307,-0.5027447571818093,-0.22484653686130995
2024-11-05,3.514253373945447,-2.709366574985359,2.6872923271716136,-2.8094980964887055,-0.027497320813187454,-0.6551837088298058
2024-11-06,2.968765525587486,-2.977079405188049,2.671810408813929,-1.8856885198328968,0.2616143811463987,-1.039422390526866
2024-11-07,2.666213890678419,-2.039764870331486,2.294160148102897,-2.0375689174131404,0.4470467678225656,-1.3300870188592608
2024-11-08,2.8554143025352126,-2.3794098404533193,2.728609781671679,-2.333539052913209,0.22752713525636103,-1.098602326096724
2024-11-13,2.7203906734435854,-2.462570682746035,2.593175657113303,-2.2633543476937135,0.5123591899767967,-1.1000004900939349
2024-11-18,2.822693089395326,-1.9654155167520897,2.1244471877813336,-2.1936288579819845,-0.06621578377713311,-0.7218801186654522
2024-11-19,2.8235009616910123,-1.9378616070883905,1.9782000762090135,-2.1683459177290576,0.10185598933955742,-0.797349502422136
2024-11-20,2.851991104969713,-1.5335123505511605,1.8108937099876599,-2.338645121252233,0.1056575926796457,-0.8963849358336238
2024-11-21,2.5833466621131613,-1.0692124616428882,1.6058083436365163,-1.6293338337056849,-0.3079936917022503,-1.1826150186988629
2024-11-22,2.4961712261124696,-0.7293904242429554,1.4506273810355292,-1.5780077089097695,-0.32834678771568093,-1.3110536862795967
2024-11-25,2.3402112248192815,1.1317347553225168,1.4485542773387259,-1.7565791422199828,-0.8497076640253214,-2.314213451235223
2024-11-26,2.3840414308271995,1.1472889992789432,1.3911727813877661,-1.8418716336675311,-0.7131069376016352,-2.3675246402247465
2024-11-27,2.331862391153461,0.937544278035547,1.4631621984821734,-1.9188437941877226,-0.5530003879614811,-2.260724685521981
2024-12-03,2.6896071765882494,-0.15387723850520318,2.1804896571512007,-2.6707939230500055,-0.9093747455832988,-1.1360509266009453
2024-12-04,2.732945835815441,0.08260800862409834,1.899407768462277,-2.4519498062971117,-1.0067112341276792,-1.256300572477024
2024-12-05,2.678377856615965,-0.30229740822928663,1.8015849005260982,-2.276370939644454,-0.6013759637109852,-1.2999184455573314
2024-12-06,2.3958560892286496,-0.2825700424278943,1.6314537635683521,-1.702832868924407,-0.37896401865311047,-1.6629429227915868
2024-12-09,2.1819830976687165,0.03042656405568156,1.4364486751170347,-1.510067142050855,-0.5992155214345987,-1.5395756733559751
2024-12-10,2.1813979669111703,0.14103552221418347,1.4153319832983122,-1.7059153054875305,-0.4493381054161292,-1.582512061520006
2024-12-11,2.402638074235157,0.01751132813188816,1.2323068281284595,-1.653703182748938,-0.4999486333258085,-1.4988044144207544
2024-12-16,2.3900825478524013,-0.10072647755650799,1.2945433453693598,-1.6708330971928236,-0.07915941808772242,-1.8339069003847057
2024-12-17,2.3426962707687258,-0.09891618985394102,1.3945073685054492,-1.718252972462401,0.05084966627075449,-1.9708841432285835
2024-12-18,2.1042050426221275,-0.6400345931111215,1.2796453813067021,-1.7311281008156678,-0.5774067936795799,-0.43528093632245346
2024-12-19,2.0635178907789467,-0.5924175505951719,1.256149628745126,-1.764791844289407,-0.6245054407658284,-0.3379526838736657
2024-12-20,1.524110905692086,-0.5681851278472019,1.0185753534191582,-1.1716716750586995,-0.45422892817933636,-0.3486005280260036
2024-12-23,1.4298758623075392,-1.1088770737407216,0.9083466761108898,-0.8989818703766752,0.48506894978615267,-0.8154325440871841
2024-12-24,1.2555748963539832,-0.9018494606606957,0.7796635917878891,-1.0250638720370953,1.0132270246230832,-1.12155218006717
2024-12-30,1.2367608196327433,-0.919340831914528,0.8025902594642798,-0.9757364018277319,1.002861524787733,-1.1471353701424931
2024-12-31,1.2669526352060316,-0.9494730384579801,0.7400562757984366,-1.0447271995732925,1.2785483542476774,-1.291357027220874
2025-01-03,1.3621315924873683,-0.9270084375636278,0.4557457310299249,-1.167802061692354,0.8669525611094497,-0.5900193853707645
2025-01-06,1.2194882453093596,-0.33278499439060205,0.3274555506485175,-1.4369895960026224,0.893935738720266,-0.6711049442849173
2025-01-07,1.0723974426294953,0.2221047144893089,0.20840336485580924,-1.260540506218725,0.5611237558659521,-0.8034887716218408
2025-01-08,1.2236257313550487,-0.32496764112782994,0.13628840570384249,-1.4845478303246042,0.6533528789484639,-0.20375154455492162
2025-01-13,1.7673374933504684,-0.8885620542655661,0.9764408833932077,-1.868715200509322,0.6266811799898775,-0.6131823019586611
2025-01-14,1.7113373757084664,-0.7831374233116823,0.9988567384068539,-1.7485957268200312,0.46643598712226364,-0.6448969511058722
2025-01-15,1.6562924392529892,-0.750527479828285,0.8610207927696552,-1.4204126351847002,0.4337916244470237,-0.7801647414566788
2025-01-16,1.5927778338241607,-0.9697280285427212,1.0376544804605663,-1.2257443732381819,0.3041943834715821,-0.7391542959754083
2025-01-17,0.8672397478718734,3.7896196905890562,-0.2402041713899994,-1.9469506531214678,-0.7718648586912904,-1.6978397552581754
2025-01-22,0.964986904927235,3.627692679723596,-0.028019988298169096,-2.3686729462611136,0.007481759517140141,-2.2034684096086887
2025-01-23,1.053509278047689,3.85635790814674,-0.1861346055987907,-2.466847022073994,-0.03334612698643191,-2.2235394315352153
2025-01-24,1.1434687587062333,3.7524996220317197,-0.22840232642081126,-2.4021086608360975,0.03568235576523371,-2.3011397492462784
2025-01-27,1.2434217052936747,4.171039346731533,-0.47951213342149046,-3.0352249273057126,0.16895274445710884,-2.068676735755115
2025-01-28,1.7447451039816686,3.225235055892444,-0.14341668911370498,-3.4207959526133425,0.30397440060695624,-1.7097419187540288
2025-01-29,1.4902085125428162,3.1351280125770247,-0.3470040609709919,-2.475196791642729,0.16183045565889165,-1.964966128165012
2025-01-30,1.5881407207477016,3.1329260818375984,-0.2980330185123501,-2.1709304788147383,-0.19354326141035072,-2.058560043847862
2025-01-31,1.5967646012452272,3.1035757506763924,-0.3051024695451119,-2.196546667075905,-0.18095763360763684,-2.0177335816929505
2025-02-03,1.4846283878720739,2.811878443435079,-0.4493438678383015,-1.9838109123070529,-0.08137947661530776,-1.7819725745464934
2025-02-04,1.4139816118613364,2.798806806364114,-0.46730002910110535,-1.8828836768051194,-0.15841970133039585,-1.7041850109888386
2025-02-05,1.3392206092457055,2.6738444772987426,-0.2444021757102499,-1.9852984298608065,-0.2503427523139532,-1.5330217286594412
2025-02-06,1.5106527963605831,2.5936927590673147,-0.2143072298680977,-2.0780518081017902,-0.2757083523427366,-1.5362781651152773
2025-02-07,1.4575327543965582,2.5933618763526542,-0.20325308205840997,-2.163214657382377,-0.2260735658842381,-1.4583533254241945
2025-02-10,1.3863877137746217,2.3902739769847763,-0.29210313585855463,-2.1247544559733753,0.16403301373983936,-1.523837112667313
2025-02-11,1.1584032889097626,2.1603477354968885,-0.23639123295040232,-1.5390254166677035,-0.36546436799760507,-1.1778700067909427
2025-02-12,1.3419261846243398,2.159690085590582,-0.04436813696211139,-1.7552086411552072,-0.4482890098642649,-1.2537504822333398
2025-02-13,1.0838133688380438,1.9544396154167252,-0.13050161267891358,-1.0735411186803412,-0.5352825866401751,-1.2989276662553393
2025-02-14,1.0635310486430427,1.938126300770948,-0.1371405631438991,-1.1706521707742525,-0.6107005619695736,-1.0831640535262679
2025-02-19,0.9203567513123216,1.6494326103495012,-0.3399101854109796,-1.2145101806463456,0.1768182750698455,-1.1921872706743442
2025-02-20,0.8853188639543026,1.7316614217167496,-0.4326732682407526,-1.1868116752550208,0.2841091952822601,-1.2816045374575349
2025-02-21,1.0417094550894337,1.817391039865912,0.15229705227873858,-1.8046584059938087,-0.16249002371179389,-1.0442491175284845
2025-02-24,0.9134966805727274,2.047603022860502,0.22160133860493403,-1.9889174375581757,-0.08240870026291436,-1.1113749042170702
2025-02-25,1.017934546732869,2.0818950621965815,0.4215265557399448,-1.1534093532826848,-0.27525978215491964,-2.0926870292317803
2025-02-26,1.0404974308868997,2.183906475204415,0.37337670304331283,-1.1591652527835379,-0.34259951896274554,-2.096015837388336
2025-02-27,0.9251553360368572,1.6581435536255165,0.21537921954989514,-0.6077319933424707,-0.1301980384711281,-2.0607480773986735
2025-02-28,0.9652850116308329,1.5188936586944797,0.07622873294110377,-0.25365008052170346,-0.18549300815037073,-2.121264314594338
2025-03-03,0.08159738147605822,0.9619854868597955,-0.5464411477158846,1.205992806586516,0.5233138589350723,-2.2264483861415534
2025-03-04,0.19173804585464715,1.1663980510081364,-0.5613460037593905,1.0224980458595265,0.3203098285331194,-2.139597967496036
2025-03-05,-0.10950036823973974,1.168800251347128,-0.7777623550974058,1.5661848905347497,0.3659015835115498,-2.2136240020562763
2025-03-06,0.06303167273805421,1.2258273004534264,-0.6831523412218976,1.5650575311830357,0.15901006588985656,-2.329774229042469
2025-03-07,-0.13267308706302927,1.1761947347295187,-0.7235880842971598,1.4937160065122264,0.3035308775820811,-2.117180447463633
2025-03-10,0.15549419860132474,1.0859772893138557,-0.47395489101059063,1.3580391348956202,0.13734440270523107,-2.262900134505441
2025-03-11,0.1282147334032171,1.1387128356388443,-0.45626427780354284,1.3364445235718239,0.06253505249560476,-2.209642867305948
2025-03-12,0.45799535516869483,1.1236147917652302,-0.36116561692134397,1.0149435127791424,-0.03175449565333954,-2.203633547138382
2025-03-13,-0.0064133335627634125,1.1734655516143224,-0.4107194591518848,1.0766295287512762,-0.153520689689163,-1.6794415979617878
2025-03-14,-0.01667919690812525,1.1398158733248525,-0.30119247763728474,0.9871418636906331,-0.184982921012113,-1.6241031414579687
2025-03-17,0.25609683252048043,0.8834140252066525,-0.12545870841998585,0.9657033105896531,-0.23169807406321485,-1.7480573858335808
2025-03-18,0.26116886577824516,0.9083647018061525,-0.056723207732927605,0.7838400758134503,-0.27259918151075757,-1.6240512541541565
2025-03-19,0.25468905700971334,0.9104640193552322,-0.06500221451906896,0.8784082997619089,-0.3073076329753395,-1.6712515286324403
2025-03-20,0.4364223498216191,0.8807998424283849,-0.10065337893558102,0.8488332432678396,-0.387443839894845,-1.677958216687418
2025-03-21,0.43693341261300667,0.9606424409349077,-0.1356616267478774,0.8928206858875525,-0.42550192710443024,-1.72923298558316
2025-03-24,0.5546154119642726,0.8595116456605711,0.1750065062724211,0.707825026480065,-0.5992649427591701,-1.6976936476181606
2025-03-25,0.5480741263890359,0.9985792140563539,0.15674493211676221,0.6941978568482776,-0.6567759974122791,-1.740820131998143
2025-03-26,0.3216459282858146,1.0293346366727225,-0.1748644639509287,0.7093192638446766,-0.7219826584771045,-1.163452706375184
2025-03-27,0.3151987070512803,1.005335386671221,-0.18855571277122607,0.7524852460943849,-0.7818630830323063,-1.1026005440133568
2025-03-28,0.01068780256897739,0.8223919316512873,-0.37658001061891433,0.7989448028049537,-0.8065389196440955,-0.44890560676220836
2025-03-31,0.335819611911365,0.5810702274913981,-0.1178204839703536,0.8757945712617987,-0.9176928437404568,-0.7571710829537506
2025-04-01,0.31529500527476984,0.5376900320098925,-0.314221313903154,0.9883024236974025,-0.810334475425071,-0.7167316716538368
2025-04-02,0.1258664153049267,0.6370190288314559,-0.28275353165683903,1.1771411182907991,-0.8858730794335727,-0.7713999513367749
2025-04-03,2.298792028895857,-1.1349747525722669,2.0760899850164964,-0.7042930103595539,-1.2968200368184282,-1.2387942141621053
2025-04-04,2.755083266982137,-1.7628643174700531,2.453213225584939,-0.7175792667485283,-2.317685926902968,-0.41016698144552777
2025-04-07,2.392998075628105,-1.9449630874411092,2.2589386913395746,-0.622728969990312,-0.9418629052439436,-1.142381804292305
2025-04-08,2.2749303630549615,-2.40049466028196,3.049982790289228,-0.9119677797395003,-1.4041194884261663,-0.608331224896574
2025-04-09,3.21564352946082,-4.73782939937325,3.1912482457427735,-0.8246308982103807,-1.6348121661832784,0.7903806885633085
2025-04-10,4.2456097618473425,-5.763390993552133,3.136841390174464,-0.838589768705563,-2.69422098160559,1.9137505918414774
2025-04-11,3.5857530863796807,-2.9504360334588307,2.6743510841387117,-1.0222458290996368,-2.946781536719021,0.6593592287591008
2025-04-14,3.1514127798902027,-2.756624808393954,2.6105076687684683,-0.7682060862791626,-2.771583550762312,0.5344939967767601
2025-04-15,2.699794450727225,-1.2840051921788849,2.128084214459621,-0.9225240576893299,-2.417435361023847,-0.20391405429478304
2025-04-16,2.421419114898132,-1.2623689595698908,2.0204669407574887,-0.8492780138718086,-2.0499675707923304,-0.28027151142158946
2025-04-23,2.1395931014836815,-1.0551179308448753,2.096931879828702,-0.8063572021277601,-2.271884370542086,-0.1031654777976625
2025-04-24,2.384033526013676,-1.0595551047347325,1.8553671524780437,-0.828567332475501,-2.482291933591533,0.13101369231004156
2025-04-25,2.4780315535489166,-0.9678666479317366,1.508308466169046,-0.7549474459452519,-2.507130192903613,0.24360426706264526
2025-04-28,2.583585920574798,-1.017391819451104,1.3816540822041858,-0.7680783851618029,-2.530201824082939,0.35043202591686207
2025-04-29,2.7450049550595192,-1.1344152808294776,1.4061482496770275,-0.7140207878545688,-2.6232957195771025,0.3205785835246102
2025-04-30,2.8362676669786993,-1.2263797498138715,1.373616048188289,-0.6142922064523377,-2.652796629064828,0.2835848701640513
2025-05-07,2.8598529623614173,-1.386727849100089,1.5929839828199057,-0.4541637762739157,-2.5080263424456666,-0.10391897736164601
2025-05-08,2.6691750790030753,-0.962279861015553,1.6567108668883144,-0.5327714312337886,-2.641122363505218,-0.1897122901368311
2025-05-09,2.5365424440014035,-1.1290855534161761,2.0767045020524506,-0.38627588702473137,-2.7177161919506365,-0.38016931366231077
2025-05-12,2.1009217513746403,-1.2171743911564485,1.9219175638151142,-0.728245497470895,-1.8331722910933064,-0.2442471354690996
2025-05-13,2.1178462660927178,-1.3981887719555182,2.0380220953409047,-0.7829346318752366,-1.860335362216455,-0.11440959538640794
2025-05-14,2.074153006011686,-1.2239865124852034,2.0064526590362135,-0.841483152515619,-1.8511009724968703,-0.16403502755019694
2025-05-19,1.7831281909770311,-1.6386915924551553,2.063715083131104,-1.1001560261502066,-0.6968218819453105,-0.41117377355747475
2025-05-20,1.7062658648791782,-1.7213678085558992,2.228291888994857,-1.2160046141425456,-0.7917861640510597,-0.20539916712453365
2025-05-21,1.8089262501182297,-1.7680573685456964,2.323477626133446,-1.2412235949107835,-0.8714579176565096,-0.2516649951386789
2025-05-22,1.9219640819192243,-1.8605224803765417,2.512233037914383,-1.3931399944929588,-1.1453654337845562,-0.035169211179550075
2025-05-23,2.0397306133048616,-1.9292698730153286,2.475856781265426,-1.4297282347889508,-1.1435410626937852,-0.013048224072219838
2025-05-28,2.356473495645096,-2.0608170730477715,2.456180863972328,-1.586031110428486,-1.413536358395201,0.24773018225403476
2025-06-02,2.2335809809604825,-1.9761387854112669,2.3139398025308555,-1.5180738359533485,-1.105630069852498,0.05232190772577194
2025-06-03,2.1959179529819597,-1.8711495810777745,2.41464703972229,-1.686013520593054,-1.2391039142314115,0.18570202319799023
2025-06-04,2.101182500789342,-1.9304304929536071,2.2222342464702205,-1.7490980211361524,-0.958135838872322,0.31424760570251387
2025-06-05,2.073312794274793,-1.894522901861806,2.1764672273902566,-1.7351364977151302,-0.9757974440688915,0.3556768219807829
2025-06-06,2.2130748244849094,-1.6376390536666896,2.006629434935144,-2.024199021370497,-1.0211865156702173,0.46332033128735794
2025-06-09,2.3083604142024257,-1.7505791980124363,2.1183309189377386,-1.9747980971098773,-0.9695917052579681,0.2682776672401168
2025-06-10,2.030482971019154,-1.006451256841527,1.80604810477017,-1.925077818004251,-0.9896362878450768,0.0846342869015313
2025-06-11,2.1405641009169347,-1.1217453383207159,1.6402985952262057,-1.8345823721330055,-0.8017444473813176,-0.02279053830810618
2025-06-16,2.3848588475542165,-1.382580428389128,1.7635318730862917,-1.7847484100286808,-0.9237274251950958,-0.05733445702760953
2025-06-17,2.6976281310147208,-1.3942543771096882,1.9782876444680095,-1.7758318536482776,-1.3357889668008474,-0.17004057792392047
2025-06-18,2.6625183077212053,-2.147640973544834,2.313966462722636,-1.5343781085468011,-0.8401735940634705,-0.45429209428873696
2025-06-23,3.680675992840772,-2.4451144371479105,2.6822370775795576,-1.1184475161628917,-0.7680681623581727,-2.031282954751363
2025-06-24,3.562849668729969,-3.0593391307769893,2.622207203445937,-0.5483325021131247,-0.5499285359603174,-2.0274567033254787
2025-06-25,3.4665345855806216,-3.0333404638529844,2.7184764581261582,-0.5194337171277148,-0.5480072513315397,-2.084229611394549
2025-06-30,3.2683530694402076,-2.8707769338270963,2.817466793143865,-0.95885700102993,-0.05463808457996144,-2.201547843147078
2025-07-01,3.612897513732431,-2.6925043370213095,2.592110002519558,-1.151104896426724,-0.5141274354111758,-1.8472708473927812
2025-07-02,3.6439869957325897,-2.7567466912169007,2.5220787280917403,-1.1604992293499157,-0.4846410653663913,-1.7641787378911258
2025-07-03,3.6708104107846857,-2.7575346530844853,2.592559830328657,-1.1015703447672571,-0.5417038163866534,-1.8625614268749502
2025-07-08,3.5837975010580223,-2.704624976440238,2.556997780333738,-1.0723479932770914,-0.5235132276443952,-1.8403090840300307
2025-07-09,3.6186849575412943,-2.7291655704518862,2.6932712188085866,-1.092950361646925,-0.5183106436212181,-1.9715296006298473
2025-07-14,3.533432706298875,-2.6311042748908475,2.582557492716184,-1.1149796865285975,-0.5946809990433479,-1.7752252385522658
2025-07-15,3.4006194102832232,-2.6828489374852844,2.445126827057008,-1.1632709504983607,-0.5012940796750645,-1.4983322696815313
2025-07-16,3.4075577073195085,-2.636875868062514,2.4549107866508812,-1.1955327384340961,-0.4957143560394224,-1.534345531434356
2025-07-17,3.2331017873772865,-2.5652305868132124,2.3529090596348468,-1.2270711758643058,-0.4125303285663078,-1.3811787557683013
2025-07-18,3.1963765537047646,-2.503115293996457,2.280342683694,-1.3053465731785634,-0.20775452190452715,-1.4605028483192115
2025-07-21,3.062054762756704,-2.455880703732131,2.3179811349727917,-1.27182762302873,-0.14201816272963708,-1.5103094082390027
2025-07-22,3.186262982679633,-2.210307772006217,2.517197163709417,-1.4549172358915454,-0.38876206606617103,-1.6494730724251159
2025-07-23,3.12052326129154,-2.251928071566565,2.5980704692528214,-1.529786711263859,-0.3293661532618195,-1.607512794452115
2025-07-28,3.061618725592451,-2.2536215886628352,2.8692643602117673,-1.3676598258254051,-0.6685368400224401,-1.6410648312935388
2025-07-29,3.035287798210307,-2.202731220851624,2.9455013629726174,-1.5552484227228254,-0.576483370894878,-1.6463261467135966
2025-07-30,2.8540802679220043,-1.9967941281783534,2.729579155443144,-1.705959441502369,-0.5719678944773103,-1.3089379592071106
2025-07-31,2.3026409006283455,-2.1650318505591035,2.22368427394853,-2.1003428841361416,1.2357082327380868,-1.4966586726197144
2025-08-01,2.111694914198287,-1.9030560182383138,2.6164337762355974,-2.329886241917209,1.1508961777174571,-1.6460826079958208
2025-08-04,2.0951246548396405,-1.9467656870311136,2.5285414152610066,-2.260877651572546,1.1519482517943285,-1.567970983291321
2025-08-05,2.231081440767907,-1.9128949414474274,2.5274301465471307,-2.0715379504448848,0.7537302150869492,-1.5278089105096757
2025-08-06,2.3863571138409654,-2.0277686008716804,2.4708388121781883,-1.5049648871018189,0.3644016047352059,-1.6888640427808574
2025-08-11,2.181414077789203,-1.7448303683111714,2.2457861078624113,-1.3977414010209577,0.14209462867365552,-1.4267230449931336
2025-08-12,2.238297356732083,-1.875251611678136,2.3874311839100972,-1.391399407508687,0.1394185563018735,-1.4984960777572314
2025-08-13,2.210954291296053,-1.8782546763369898,2.3909070066472466,-1.4389299215231883,0.14908824736847492,-1.433764947451601
2025-08-14,2.2164817380750037,-2.0587685822806123,2.7043210097246533,-1.075305553043366,-0.2185964540383667,-1.5681321584373127
2025-08-15,2.5364581058454743,-2.2984899877048255,2.89670578034686,-0.987601632309703,-0.49330487365824194,-1.6537673925195613
2025-08-18,2.490820353891227,-2.282053805696366,2.76351871061844,-1.0181433425426967,-0.3205837134693361,-1.6335582028012716
2025-08-19,2.3839185003053753,-2.2192778549389556,2.7475225198191726,-1.1320637061945105,-0.3152099156027539,-1.4648895433883313
2025-08-20,2.429747506679252,-2.2219945720142094,2.73585461479837,-1.172429997080144,-0.3648189947310714,-1.4063585576522022
2025-08-27,2.543088916466747,-2.298540273481061,2.888102230687057,-1.2434640511073978,-0.43817619346752634,-1.4510106290978178
2025-08-28,2.56825826643602,-2.24162512282185,2.852419431239017,-1.243821177184497,-0.3795843043398528,-1.5556470933288415
2025-08-29,2.6179715103413486,-2.276073812017957,2.8974784649182244,-1.2491025739961508,-0.3939238460011727,-1.596349743244291
2025-09-03,2.6881010314597606,-1.6979890569126748,1.903873090535301,-0.6669307729485565,-0.45169215242649674,-1.7753621397073356
2025-09-08,2.937741363709508,-2.206565494665106,2.4489610163828157,-0.46870855348694196,-0.33210883313680517,-2.379319498803465
2025-09-09,2.7247657712548445,-2.4146472253782734,3.189054101919144,-0.4086800561913275,-0.3734516037578479,-2.717040987846535
2025-09-10,2.704939430792944,-2.395132934748301,3.1176179650508313,-0.4448095829784817,-0.35055188896643275,-2.632062989150554
2025-09-11,2.7727286920914906,-2.579338073829527,3.107581200989781,-0.2906172918732963,-0.3531525602821901,-2.6572019670962583
2025-09-12,2.754582426464605,-2.48975441229111,2.9860671815453905,0.009319722248535278,-0.5235189130339895,-2.7366960049334295
2025-09-15,2.5520863982814728,-2.706915749160247,2.6734107015871906,-0.4441592310333071,-0.43959323389046334,-1.6348288857846414
2025-09-16,2.541395084575621,-2.7287204706904395,2.537384918543548,-0.6216169509987335,0.00646627334200911,-1.734908854772005
2025-09-17,2.567411739019704,-2.73851465189293,2.601153149536321,-0.59419676544303,-0.03840827153278026,-1.7974451996872847
2025-09-22,2.502591447282885,-2.730442252049964,2.389338671569515,-0.5971750957090478,0.0008596718733802078,-1.5651724429667708
2025-09-23,2.4104697148730683,-2.770413519125059,2.354442742152985,-0.5370885703203028,0.2592234610544626,-1.7166338286351555
2025-09-24,2.6369186032189234,-2.917778366210407,2.416271618188812,-0.7688050681406047,0.040372487698340453,-1.4069792747550562
2025-09-25,2.631838993192339,-2.905679910214289,2.3793641610862437,-0.7298369356795797,0.009653403592176701,-1.3853397119768922
2025-09-26,2.7862758810316155,-2.999425743296479,2.602541166901533,-0.8880965155532108,-0.06094242218566537,-1.4403523668977845
2025-09-29,3.0618700521627407,-3.172067729829674,2.957512380166083,-1.1210321381341997,-0.20034106578285904,-1.5259414985820894
2025-09-30,2.9155616124576706,-3.2923953782659465,2.9204171618654744,-1.0713542709870127,0.06838824286785972,-1.54061736793805
2025-10-01,2.6985767682331563,-3.485082545784703,2.965669349361571,-0.9134529724876046,-0.31322059757746623,-0.952490001744954
2025-10-06,2.4525137240112684,-3.2187533922728937,2.9372262840290944,-1.3029648974380486,-0.21830359190324033,-0.6497181264261815
2025-10-07,2.375233638819827,-3.3495987159796714,2.823716968238731,-1.3232772224820382,-0.4456784475494302,-0.08039622104742206
2025-10-08,2.1779935802179526,-3.1902923120430033,2.7355939460033767,-1.2708997324901068,-0.308069114459131,-0.14432636722908976
2025-10-09,2.2841244909427747,-3.2941996859036986,2.8802220945520602,-1.2190513592307157,-0.4156758660156059,-0.2354196743448167
2025-10-10,1.7412490699530885,-2.8525330759513174,2.5228642328139035,-1.4477205842669427,-0.11260719609771952,0.14874755354899216
2025-10-15,1.863992650669255,-3.088226361285101,2.534673965534987,-1.7217513889178342,-0.2425198623799103,0.6538309963786011
2025-10-20,1.2671669036569426,-2.2559585660728407,2.1087834474221534,-1.7328260106469227,-0.8674515561057214,1.4802857817463897
2025-10-21,1.3843553410721992,-2.3080969287941846,2.18520997325888,-1.9533062315025722,-0.6330423897183004,1.324880235683986
2025-10-22,1.3434307709193867,-2.475312260544634,2.1564758340363426,-1.9487355514788147,-0.5314990122119907,1.455640219279708
2025-10-23,3.2736047021084076,-4.199439630466989,4.256070617158681,-1.8216936844990768,-1.755524532523739,0.24698252822271272
2025-10-24,3.2430698330463628,-4.095178268713318,4.284111190297095,-1.8087575894602548,-1.835641317967431,0.2123961527975471
2025-10-27,2.870727054459527,-3.21568183489683,3.353990850059896,-1.7368272766624466,-1.5774919527287936,0.3052831597686545
2025-10-28,2.8072747393786024,-3.3323552468675466,3.227699143879832,-1.4625080263296608,-1.4570525134271537,0.21694190336592278
2025-10-29,1.9623007610660288,-1.7194864018485427,2.5602221491619837,-0.6786636578555534,-1.206120075038713,-0.9182527754851995
2025-11-03,1.7546190139806441,-1.2046851985303992,2.2419230550634808,-0.701738037272662,-1.2363758303390429,-0.8537430029020148
2025-11-04,2.0517728876455195,-1.6601176125817834,2.1911134510213106,-1.4057080398571182,-1.5014064576376887,0.3243457714097602
2025-11-05,1.2916239993649246,-1.7186419654965588,1.311786201901473,-0.5181387523220709,-2.5440808744171166,2.1774513909693467
2025-11-06,1.170787927077562,-1.55785883081425,1.1428530260738103,-0.1452030094669805,-2.5211797132870677,1.91060060041693
2025-11-07,1.1766927311830475,-1.473478507792499,1.1116013573660997,-0.03686504167210547,-2.493171480817763,1.7152209417332274
2025-11-10,-0.4778057766411372,-1.669486150475328,0.7875628150592355,3.2747251739518135,-2.5566340793187696,0.6416380174241914
2025-11-18,0.7325173914267076,-1.7802033156385897,1.4364714619094467,0.9115813981670318,-1.9388016622204,0.6384347263558077
2025-11-19,0.5891962800147219,-2.107104902343944,1.4744755289809923,0.8649075737742473,-1.868376062663514,1.0469015822374916
2025-11-20,1.081964194031304,-2.376460610437762,1.3936621969583012,0.3178600305349164,-1.8085487642375413,1.3915229531507776
2025-11-21,1.1318318375194814,-2.027574849804255,1.4733744813168812,0.23589153555292697,-2.003448567140542,1.1899255625555125
2025-11-24,1.121771242616834,-1.9731558986951894,1.3755846966425587,0.4638543782884046,-1.9212350382802228,0.9331806194276169
2025-11-25,1.223785565036314,-2.0144493788145255,1.3808766710815021,0.31623308139728756,-2.028061973273615,1.1216160345730453
2025-11-26,0.9735265685161334,-1.6613940446665787,0.8854164980026162,0.364318716829108,-2.136675882858272,1.5748081441769908
2025-12-02,0.8338664749557179,-1.2592283046273283,0.9675178450392963,0.2700754098038196,-1.6660480281079912,0.8538166029364853
2025-12-03,0.777194984688224,-1.3109304688149597,0.8593170321844266,0.6204683433949576,-1.7001443960896252,0.7540945046369796
2025-12-04,0.8311474554334595,-1.3192232870250529,0.8471762659510862,0.5953890075688371,-1.729916837524187,0.7754273955958588
2025-12-05,0.8927376659816808,-1.3817045920369935,0.8713502483071593,0.5072538615251254,-1.6459333071936422,0.7562961234166705
2025-12-08,1.05769446674692,-1.4852579111854223,1.089915730599067,0.42316641028872226,-1.6057176818818426,0.5201989854325557
2025-12-09,1.2628912489636033,-1.4372845992910204,1.1363801490385672,0.26874451702433255,-1.635839988716836,0.40510867298136155
2025-12-10,1.2271314331991725,-1.4253843204907304,1.1795772635279285,0.33761043332395424,-1.7063229344432143,0.38738812488288543
2025-12-15,1.0312988138411097,-1.3630093751844057,1.0466260497815618,0.24299269891420572,-0.8766048405720164,-0.08130334678045159
2025-12-16,1.625327613935152,-1.315464179878545,1.0997038337416285,-0.2879156335841806,-0.994545477031169,-0.12710615718288976
2025-12-17,1.4496050494277384,-1.781630033084538,1.2132652620663986,-0.3226013546520079,-0.8644467286743542,0.3058078049167672
2025-12-18,1.4655101405892204,-1.8307603538044246,1.1132853351601089,-0.18052566561112027,-0.923735682223916,0.35622622589013275
2025-12-19,1.4165596962608742,-2.1154899493089925,0.9694086764721153,0.023072215065492507,-0.5359606016755483,0.24240996318605967
2025-12-22,1.3560305126324774,-2.2497197408393292,0.6532248554708602,0.00960453577824083,-0.03914955406672327,0.2700093910244856
2025-12-23,0.8257160763399369,-1.2031880695665553,0.2875125454249172,-0.017581366220105643,0.03632700119310028,0.07121381282871475
2025-12-24,0.8113696518277465,-1.1568716536997443,0.2619767207491659,-0.040981848177316316,-0.05943314407999534,0.1839402733801454
2025-12-30,0.8053067748532001,-1.1334554787611937,0.2733386148118431,0.021156261790548747,-0.05394103349041002,0.0875948607960253
2025-12-31,0.6676094908604213,-1.2758700502895057,-0.3185879799677682,0.7625747076498239,0.2249791994941015,-0.06070536774707502
