date,tci_total,net_wti,net_henry_hub,net_brent,net_rbob,net_pjm_west,net_cels,tci_total_lag1,tci_total_roll5_std,system_dsv_forward_20d,target
2016-04-07,38.88666470850979,2.5591951948091083,-0.2584414408061732,0.8940436690395579,-3.135356701752915,1.0365587207010938,-1.0959994419906698,39.308417647425394,0.1985241248780613,0.0060329370159188,0
2016-04-08,39.10973012311737,2.4513407018300954,-0.1500562379529597,2.2021601300398004,-3.501777088433072,1.023671034777601,-2.0253385402614645,38.88666470850979,0.2072658699353871,0.0064049186881014256,0
2016-04-11,38.18933189613265,2.3844029810190586,0.2967993231945884,2.2158042134487346,-3.410373091009397,0.6021292826342117,-2.088762709287192,39.10973012311737,0.3816788193906338,0.006413466754469462,0
2016-04-12,37.611512692881774,1.92598104004783,0.3384909886957459,2.046622907257472,-2.9889989948196654,0.7009955748545496,-2.023091516035929,38.18933189613265,0.6304569424413043,0.006416203401248524,0
2016-04-13,37.65102485721887,1.7033949668472648,0.9875431020595924,2.267217028409327,-2.905886011643352,0.4967232655604614,-2.5489923512332986,37.611512692881774,0.6175328287190325,0.0063746674727809295,0
2016-04-14,37.23008623406077,1.6315696516173297,1.1026437907540871,2.1524001409639766,-2.883606433233088,0.4752626754046605,-2.478269825506961,37.65102485721887,0.651788584926109,0.006192640827218051,0
2016-04-15,38.84908152234605,1.4929106298678931,0.6749329995795512,2.1762026134062484,-2.183313559597516,0.2478894742181441,-2.408622157474319,37.23008623406077,0.5618316513821241,0.004359828778765774,0
2016-04-18,38.07950323029542,2.178079833771206,-0.1598416534417315,2.502627594801272,-2.2859633821304675,0.206199327482909,-2.4411017204831893,38.84908152234605,0.5524008560267804,0.004359828778765774,0
2016-04-19,39.2328975965165,2.059055899679832,0.3005835875672233,2.631217861497184,-2.7531918660080903,0.4130353584356743,-2.6507008411718216,38.07950323029542,0.7408707471030342,0.004359828778765775,0
2016-04-20,38.54450051217568,2.6133633513415457,-0.288362196059392,1.8509299866788425,-3.235719567611259,0.4982614562974872,-1.438473030647228,39.2328975965165,0.6909228589395392,0.0037046128110543156,0
2016-04-21,38.380749016885176,2.5636957200691786,-0.4564424264465936,1.979419202046003,-3.222182895844032,0.6436175950616927,-1.508107194886251,38.54450051217568,0.3957687614575047,0.004618114299326758,0
2016-04-22,37.70131109938341,2.595072156979461,-0.145050317779849,1.839140150979004,-3.018346986864202,0.2709578242329025,-1.5417728275473117,38.380749016885176,0.510902852428666,0.004618114299326757,0
2016-04-25,37.7385508254958,2.746287541469072,-0.0797360428797873,2.040726346434377,-3.550147313308208,0.2119409995007446,-1.3690715312162034,37.70131109938341,0.5671562836195817,0.004618114299326759,0
2016-04-26,37.47543658091474,2.381311447345425,-0.3615924023558055,1.855273989098052,-3.1199817131714247,0.5361615747116426,-1.2911728956278816,37.7385508254958,0.4169180127129604,0.0035259660179098678,0
2016-04-27,37.60581746786325,2.7812887067687075,-0.5786871054418956,1.39258452726075,-3.2696759862679228,0.4826960537846574,-0.808206196104293,37.47543658091474,0.3136581239321634,0.0024472537576597717,0
2016-04-28,36.38788238778202,2.659018351673148,-0.5300343898065161,1.5015859645533762,-3.160029453142832,0.6999941663456966,-1.1705346396228693,37.60581746786325,0.5052093326908784,0.0023535519262830413,0
2016-04-29,35.259001232240344,2.6085142929590903,-0.6357814773323076,1.5512423742932828,-3.0981179787806417,0.6925268134008533,-1.1183840245402727,36.38788238778202,0.9473534205125782,0.0023535519262830413,0
2016-05-02,35.70080751918061,2.820653271210279,-0.7083685306548646,1.6091192002483297,-2.8649850595975708,0.1609996958406472,-1.0174185770468176,35.259001232240344,0.9343078679218662,0.0029559471735534355,0
2016-05-03,36.287032474010125,2.7443473533214995,-0.7328344334800416,1.34033479501759,-2.675809117337156,0.3795522934221811,-1.05559089094408,35.70080751918061,0.7927543134684402,0.002547437300214216,0
2016-05-04,35.94842334364938,2.793680320237166,-0.7102171584420653,1.5735130904305734,-2.621687385917845,0.2421825424392101,-1.2774714087470382,36.287032474010125,0.4097176007575732,0.0026159496070619894,0
2016-05-05,35.89298798674671,2.8094772350355246,-0.5450228361757108,1.7470638892265793,-2.782079683575054,0.1572154522376063,-1.3866540567489434,35.94842334364938,0.3372945293375577,0.0026159496070619894,0
2016-05-06,35.73900617170978,2.741419254565347,-0.3877462628994874,1.579642438397201,-2.709066971918755,0.0533043435468578,-1.277552801691158,35.89298798674671,0.208256075304943,0.002292980964715399,0
2016-05-09,35.08799891696907,2.365520499602192,0.9057457651079056,1.4397589101447714,-2.7230066917520577,-0.1769923966170372,-1.811026086485772,35.73900617170978,0.394498596818773,0.0024588128452697642,0
2016-05-10,34.517672020680884,2.3940882549147053,1.0854234487722287,1.248329976980612,-2.860857920075369,-0.014719508344295,-1.85226425224788,35.08799891696907,0.5527480548698769,0.002681336022766214,0
2016-05-11,35.1603463292829,2.1070890497436245,0.959661747445932,1.263536401708237,-2.345771971646073,0.1220710328385852,-2.106586260090303,34.517672020680884,0.4937135832708269,0.002681336022766214,0
2016-05-12,34.81646033466855,2.0424210289741955,0.625560096571165,1.3755566689090308,-2.1770435268712767,0.2475824615862563,-2.114076729169372,35.1603463292829,0.4062613940826824,0.002681336022766214,0
2016-05-13,33.971529739244936,2.0748417347846564,0.185560787300024,1.297617039167239,-2.236308723708661,0.4086218391907148,-1.7303326767339744,34.81646033466855,0.4334406455970059,0.00409778183718148,0
2016-05-16,34.2052546974443,1.972697300268181,0.1732998680232689,1.597051032211695,-2.466213145149984,0.4330349034951029,-1.709869958848263,33.971529739244936,0.4235105941688497,0.00409778183718148,0
2016-05-17,34.01056717147892,1.8996534278097297,0.3781359220930591,1.5025014658119191,-2.369212739830755,0.4096650353637505,-1.82074311124771,34.2052546974443,0.4731483040851569,0.005608606757490564,0
2016-05-18,33.8570994215957,1.9380458142964845,0.2053719264489721,1.5342523248170252,-2.1869118994792194,0.452509946139938,-1.943268112223195,34.01056717147892,0.3411293272635132,0.005608606757490564,0
2016-05-19,34.12783653725152,1.8109084742910628,0.0808649628951032,1.80151034250178,-2.17845111647687,0.2580320812717955,-1.772864744482864,33.8570994215957,0.1215548156987983,0.004695105269218121,0
2016-05-20,33.45469176254511,1.6005371683463618,-0.021600161440749,1.9701658012601968,-2.297088872397908,0.0748452085297501,-1.32685914429765,34.12783653725152,0.2655643004522378,0.004695105269218121,0
2016-05-23,33.214317837142325,1.509905593948453,0.6107330985382133,1.4629728248417493,-2.2706911127103746,-0.0789698560319909,-1.2339505485860496,33.45469176254511,0.3449135271011607,0.0072290529750694745,0
2016-05-24,32.508666212888926,1.5160515244063548,0.4886695931902793,1.2937967756690512,-2.194761364680403,0.0672385755758617,-1.170995104161153,33.214317837142325,0.5595252207147097,0.007229652934669174,0
2016-05-25,31.803242041176105,1.5102940098495292,0.8310958190231756,1.1067772870480397,-2.3943523349179383,0.3314234212777394,-1.385238202280548,32.508666212888926,0.7994954643843076,0.008187872533694084,1
2016-05-26,31.76252166823977,1.5279833345323066,0.7885898862518339,1.206367565550451,-2.4877305356659623,0.2682535423903491,-1.3034637930589827,31.803242041176105,0.698463287510989,0.008187872533694084,1
2016-05-27,30.817122642293985,1.3687928871532913,0.6509878615285103,1.0491510471136305,-2.2001346472848446,0.3237107832113504,-1.1925079317219387,31.76252166823977,0.8031657255054162,0.008187872533694084,1
2016-06-01,31.01073295810086,1.2242914926400583,1.4270071805319735,1.2171825314869853,-2.721175294998198,0.2694023270134682,-1.4167082366742916,30.817122642293985,0.6085421737985028,0.007585718945158424,0
2016-06-02,30.88118298647628,1.224971403652444,1.6404565053827185,1.2487317900532826,-2.73622603558398,0.0890271417591737,-1.466960805263641,31.01073295810086,0.435726909744594,0.007585718945158424,0
2016-06-03,31.71786654610713,1.2642330440161835,1.0756040071188024,1.819099943868352,-3.1871351809171733,-0.315362386016512,-0.656439428069648,30.88118298647628,0.4150906543196239,0.007370030597247588,0
2016-06-06,32.27930164129336,1.5516670460865454,0.6571991023815411,1.7002467854460992,-3.1766490376246144,-0.4265860645213453,-0.3058778317682229,31.71786654610713,0.5687518902254718,0.007370030597247588,0
2016-06-07,32.114902030479364,1.5573056398757972,0.6077156572856159,1.6314547789780445,-3.19548428545798,-0.2298465853623867,-0.3711452053190962,32.27930164129336,0.5664623043500931,0.007321017567411553,0
2016-06-08,32.30330641657293,1.4182228688002605,0.7548487848067609,1.169210706215562,-3.1082005074141845,0.0004254859653682,-0.2345073383737643,32.114902030479364,0.5320886745544561,0.007147685447260704,0
2016-06-09,32.45150885638969,1.6221626599412735,0.6404050431568182,1.315640686955618,-3.228950950224981,-0.1749333229204379,-0.1743241169082914,32.30330641657293,0.2515424847331097,0.010638832465299805,1
2016-06-10,34.911620545372415,1.5030520698521297,0.7598637576800236,1.1364846348154227,-3.020423722995611,-0.0892033646069845,-0.289773374744982,32.45150885638969,1.0551627836196384,0.010638832465299805,1
2016-06-13,35.268527832285145,1.3513407716782773,0.5280434470306941,0.7754448237641949,-2.7325487216058697,0.1247532612758912,-0.0470335821431877,34.911620545372415,1.380561094098231,0.011724238302278091,1
2016-06-14,35.175769760548285,1.094394133047034,0.3705359746770109,0.6146312470447732,-2.5034460651031214,0.4736062206613864,-0.0497215103270827,35.268527832285145,1.3488358662237874,0.009854199287892943,1
2016-06-15,34.66760985363512,1.1190802099001846,0.2526890767882168,0.632040632039736,-2.5325918724326826,0.5973758743441786,-0.0685939206396293,35.175769760548285,1.0431697530446584,0.010651995352899955,1
2016-06-16,34.598688480192486,0.977312959597576,0.0945037557945429,0.8356611343555596,-2.8061009620929163,1.383658736607163,-0.4850356242619229,34.66760985363512,0.2660087216480724,0.009141170432590872,1
2016-06-17,34.35962926727876,0.8633128567985997,0.160799469624512,0.6434037579715426,-2.8189447949630377,1.9513506598926844,-0.7999219493243057,34.598688480192486,0.3497755817931292,0.01097741433050846,1
2016-06-20,36.58005213119579,0.4346459658419395,-0.0835365057042958,0.787706647718144,-3.397942171643031,3.8265986197146815,-1.5674725559274396,34.35962926727876,0.7974863047873247,0.011071947202956975,1
2016-06-21,35.57356846170063,0.3236445976941953,-0.0839313548265145,0.2587919532328655,-2.4955659589686263,3.268212563131933,-1.2711518002638558,36.58005213119579,0.8228748702998332,0.011071947202956975,1
2016-06-22,34.47471371202009,0.0076895799495702,0.2227076462309203,-0.2003147471969271,-1.6332191796876616,2.140199318364355,-0.5370626176602604,35.57356846170063,0.8489716941140657,0.008537999497105622,1
2016-06-23,35.03572349240335,-0.1657283433872551,0.0832817819552504,-0.6102363106475508,-1.017879734191255,1.69953916997498,0.0110234362958285,34.47471371202009,0.8128019443729997,0.00856226468105659,1
2016-06-24,38.64398198228623,-0.3489255201521857,0.1518826784555857,-0.475092970744793,-1.8995238517793729,2.603721755183038,-0.0320620909622793,35.03572349240335,1.4660351153128954,0.008253771446682557,0
2016-06-27,39.47619729334331,-0.7242584123192035,-0.2009698966259963,-0.8808303077526443,-0.969009194218822,1.9401255924198089,0.834942218496856,38.64398198228623,2.022839559479044,0.00958211752264073,1
2016-06-28,39.90178742707717,-0.8552922931495495,-0.2638391139723268,-1.0761938166434142,-0.8425289323969603,2.3286814707605648,0.7091726854016933,39.47619729334331,2.289429587926658,0.010646432537530745,1
2016-06-29,40.5860486671393,-0.5994855733394644,-0.5460722292426097,-1.037405342367629,-1.0934616625686395,2.5348887164721097,0.741536091046239,39.90178742707717,1.9508912323971292,0.010989689982038333,1
2016-06-30,39.60830556389991,-0.3299703131380944,-0.3188704430493998,-0.6728670898780447,-1.322934555372055,2.128381562542914,0.5162608388946843,40.5860486671393,0.6298214379636388,0.010989689982038333,1
2016-07-01,39.46981588938616,-0.4959174371430901,-0.224463275433369,-0.7506700013302279,-1.2439935224866971,2.0106942139369792,0.7043500224564081,39.60830556389991,0.419164473177659,0.011021450669068764,1
2016-07-06,38.42770269922133,-0.190237061483538,-0.1201361399148539,-0.8432638327103845,-1.4030544684429156,2.269107590075796,0.2875839124758936,39.46981588938616,0.7006650316769534,0.011021450669068766,1
2016-07-07,37.691843967901136,0.166932034139954,-0.1435627930871317,-1.84030683936764,-0.7740214974932798,2.6280595222762457,-0.0371004264681484,38.42770269922133,1.0022242271769952,0.011021450669068766,1
2016-07-08,36.67541759837081,0.5624583835113395,-0.4630033422453048,-1.830756143266956,-0.8241299712549113,2.126795321625461,0.4286357516303605,37.691843967901136,1.1025174639278008,0.011024754169564912,1
2016-07-11,36.94398660883781,0.1646553647464941,-0.8536261699800876,-1.354656298829795,-1.0332591613853035,2.5286157900026938,0.5482704754460048,36.67541759837081,1.018108177151205,0.007308385632613067,0
2016-07-12,38.259032932212165,0.3325427095943105,-0.7653231145268946,-0.5975057252261617,-1.4258146131694387,2.1864820631404105,0.2696186801877811,36.94398660883781,0.6947023610520171,0.007308385632613067,0
2016-07-13,38.84159155192142,0.1366234197074884,-0.8766215404532358,-0.5739958084715528,-1.614501365997996,2.739537670520701,0.1889576246945967,38.259032932212165,0.8044361592172955,0.006222979795634782,0
2016-07-14,38.41677280894434,0.1189691783412971,-0.6931752511958822,-0.7122896121126736,-1.541239814755321,2.6590708192017325,0.1686646805208482,38.84159155192142,0.8567070054047705,0.006222979795634781,0
2016-07-15,37.72563372025658,0.0555729172131247,-0.3262894468490096,-0.7805510879470958,-1.4712778089380372,2.4389880395038213,0.0835573870171977,38.41677280894434,0.6530727362374624,0.00542518373062777,0
2016-07-18,36.11526135210848,0.1214263124796115,-0.3152891898563639,-1.0259808830056445,-1.3526495675931836,2.233586224778061,0.3389071031975161,37.72563372025658,0.9480751935554872,0.0054988915413052095,0
2016-07-19,35.595243288450426,0.1584504165386455,-0.2634968642243755,-1.4532870622631142,-1.291062983271413,2.20661089693507,0.6427855962851892,36.11526135210848,1.273348729233586,0.0036626476433876238,0
2016-07-20,34.7932166959011,0.2215366693323677,-0.1749079822655432,-1.359583486915791,-1.194478206142473,2.059598249911596,0.4478347560798497,35.595243288450426,1.345484531916945,0.003926314122692439,0
2016-07-21,35.098333770662485,0.1204913652261225,-0.0576898954497009,-1.403215912174951,-1.189298838043844,2.166401786358722,0.3633114940836561,34.7932166959011,1.0328458143336976,0.00392631412269244,0
2016-07-22,34.92444562226153,-0.0533069051417314,-0.1260132668463125,-1.6832784226970352,-1.247936007858402,2.765047155292662,0.3454874472508216,35.098333770662485,0.4878973026962398,0.003946812333021691,0
2016-07-25,34.37826114816804,0.1620000123522587,-0.2272042455781848,-1.627435656097096,-1.1966727417005076,2.46923892692308,0.4200737041004387,34.92444562226153,0.3975296456532897,0.005140341495741638,0
2016-07-26,33.51393658696097,0.0013759927418455,-0.1279001505717638,-1.5531157572779175,-1.155078668134534,2.664132952090437,0.1705856311519316,34.37826114816804,0.5661458976340709,0.004491052126897895,0
2016-07-27,33.85148968869612,-0.0791786338911535,-0.268457933343456,-1.3090134828840077,-0.9701240939742792,2.2988917092779246,0.3278824348149705,33.51393658696097,0.6063415254841554,0.003162706050939719,0
2016-07-28,34.55483726936803,-0.2249114033612329,-0.4050762193498205,-1.2495573377053182,-0.9206576143043907,2.5635541820921888,0.2366483926285765,33.85148968869612,0.502932853524778,0.002098391036049708,0
2016-07-29,35.47442186242086,-0.5754417770920046,-0.420542064743064,-1.3593794176715654,-0.849698492401334,3.2043686453596343,0.0006931065483364,34.55483726936803,0.6714895049549032,0.0017548919328073847,0
2016-08-01,35.25030864146961,-0.0991027196843958,-0.3492991041673408,-1.132420199640599,-0.7481541518589667,2.300410978579849,0.0285651967714475,35.47442186242086,0.7621220601840629,0.0017548919328073845,0
2016-08-02,34.90931676449002,-0.2199168496484453,0.2439776968670668,-0.9892523040184606,-0.8776452251944029,2.223288387127768,-0.3804517051335212,35.25030864146961,0.570793033524336,0.005462885743077825,0
2016-08-03,36.045569168964015,-0.0046686890488167,-0.4675890991360769,-1.3895870512128576,-0.4890774952234871,2.5386664713859384,-0.1877441367647012,34.90931676449002,0.5064708326779225,0.00592803869076294,0
2016-08-04,34.5299862961295,-0.1876783682827927,-0.4698156272839222,-1.0902628661901668,-0.6455961259216734,2.4302105585442764,-0.0368575708657186,36.045569168964015,0.5133135461075232,0.008736275710493506,1
2016-08-05,34.37302054747888,-0.3222534532093739,-0.3733629387154491,-1.0158690541817128,-0.6449104671363299,2.282953571157015,0.0734423420858521,34.5299862961295,0.5959475410804779,0.008796584078155404,1
2016-08-08,33.945092158908444,-0.5775629123739225,-0.2565587127838977,-0.9280580121080808,-0.5087628672945677,2.1484486862584937,0.1224938183019759,34.37302054747888,0.7129819061509777,0.00879654577279264,1
2016-08-09,33.777365107404165,-0.5596974633636691,-0.2543875589683759,-0.920219718623251,-0.5218803091347857,2.117813296898854,0.1383717531912234,33.945092158908444,0.8037512599024687,0.008796545772792638,0
2016-08-10,35.03679937990962,-0.1896007479736283,-0.3496293064416562,-1.2140116317411778,-0.5323647538509562,2.089545656052838,0.196060783954576,33.777365107404165,0.4460806970933343,0.010867056717309795,1
2016-08-11,37.03078583688291,-0.018018041859829,-0.0095557937800769,0.0241772962769388,-1.1952211218394648,1.0732150797544304,0.1254025814479975,35.03679937990962,1.1820425101630605,0.011548870957847622,1
2016-08-12,37.31514287554758,-0.1049453253840653,0.1032315010431883,0.0776090480909434,-1.0966408027861032,0.9971797027329998,0.0235658763030324,37.03078583688291,1.4971063688847048,0.011664336178616697,1
2016-08-15,37.65471680630248,-0.251168942547153,0.5634076831386912,-0.4394169754531649,-1.0323308909057447,1.338230885441842,-0.1787217596744676,37.31514287554758,1.501018731716352,0.011590628367939256,1
2016-08-16,36.12293556963562,-0.1621380069740787,0.4016497079476857,-0.3818679649539334,-1.3694508081049337,1.4146445421885532,0.0971625298966971,37.65471680630248,0.946094665628104,0.01361970748982607,1
2016-08-17,35.84865120229622,-0.1228844797546067,0.281663882302376,-0.3484092437867438,-1.5935723978394103,1.7061992618390716,0.0770029772393146,36.12293556963562,0.694622440226121,0.013471645818389416,1
2016-08-18,34.645442609004434,-0.4611651349374437,0.1878986483119367,-0.7456721025303352,-1.400901705203645,1.8455564780102351,0.5742838163492516,35.84865120229622,1.0804527246476556,0.013471645818389416,1
2016-08-19,34.51071340722362,-0.4970255562768226,0.1596294503378468,-0.7248033338323587,-1.3126598603177575,1.889512050529525,0.4853472495595774,34.645442609004434,1.1430158944658246,0.013451147608060165,1
2016-08-22,35.55031079904231,-0.7616967903946552,0.1100965273492682,-0.7081352766064626,-1.34127116779762,2.3683697036913824,0.332637003758081,34.51071340722362,0.6459062900032767,0.01223275330178955,1
2016-08-23,35.533290124721674,-0.791667346849545,0.135039239530248,-0.7617456686229893,-1.4861432208794725,2.480636704675128,0.4238802921466309,35.55031079904231,0.5358423373281235,0.012370836335767169,1
2016-08-24,35.55404998146679,-0.4310539185269171,0.2384543905465053,-0.3514347472696286,-1.9454471165611624,2.573925236615771,-0.0844438448045634,35.533290124721674,0.4760878369165834,0.012842932238076454,1
2016-08-25,34.811266294804206,-0.0835381426752555,0.2156360817747229,0.0001560894868699,-2.0439529328539647,2.212951027874802,-0.3012521236071741,35.55404998146679,0.4438592829941928,0.013415029510610096,1
2016-08-26,34.10975102448247,-0.3992919182672754,-0.0875415570693389,-0.1634442784279191,-1.4775133444031328,2.510182273319338,-0.3823911751516746,34.811266294804206,0.5761863114480068,0.013937987714960725,1
2016-08-29,34.10946621282595,-0.3639942356326617,-0.0977669185116196,-0.132747401796017,-1.5640928060948416,2.572922258856821,-0.414320896821672,34.10975102448247,0.6413948531825493,0.013937987714960725,1
2016-08-30,35.10712228836585,-0.2747730210812236,-0.3684089960134549,0.4555838475931324,-1.9397314980754,2.792758316541548,-0.6654286489646122,34.10946621282595,0.5652092947742057,0.010150728279351142,0
2016-08-31,35.55466592759827,-0.1573335562834277,-0.3908560819756599,0.4588500121366383,-2.102918159049335,3.1336333127842617,-0.9413755276124788,35.10712228836585,0.565387109105243,0.009808346229989058,0
2016-09-01,36.68825843309786,-0.4733968438984526,-0.2587313849123567,0.7296207758840687,-2.481550698739576,3.471516500350373,-0.987458348684056,35.55466592759827,0.96851715553949,0.007000109210258493,0
2016-09-02,36.05264961674383,-0.3135489742135604,0.4476269246150539,0.179418761694297,-2.643308098053113,3.397224397705956,-1.0674130117486271,36.68825843309786,0.8727285478026321,0.006935449515328894,0
2016-09-07,36.81379718393965,-0.6441745656770834,0.4380046134330588,0.0968539377142878,-2.8349158505582666,3.65261092961122,-0.7083790645232124,36.05264961674383,0.6519074582605816,0.006937113434607927,0
2016-09-08,36.96654505517164,-0.5676258643655103,0.4910343571014715,0.1457888644805116,-2.8676594798337507,3.808856106285162,-1.01039398366789,36.81379718393965,0.5309206459634057,0.006937113434607926,0
2016-09-09,41.35112726195501,1.6330359375425818,-1.0242987616760215,1.7260933409333568,-2.090707365319584,1.0957541422706294,-1.3398772937509644,36.96654505517164,1.9137734539891167,0.005247384841759123,0
2016-09-12,42.660595009900206,1.688664386548604,-1.6207500130528092,2.3392172568052985,-1.838488666467284,0.702145648285283,-1.2707886121190963,41.35112726195501,2.693032275571454,0.004565570601221295,0
2016-09-13,42.71578494114232,1.6358577838766202,-1.6437220835973414,2.18905791605261,-1.85144990187844,1.064806394990149,-1.3945501094435908,42.660595009900206,2.6676564098628126,0.004450105380452221,0
2016-09-14,43.5071442797759,1.85355176136067,-1.1349231425168642,1.8811751284454503,-2.0051467457571066,0.6483891538937581,-1.2430461554259136,42.71578494114232,2.3413783157908856,0.004450105380452221,0
2016-09-15,43.38410838282744,1.3191216840297226,-1.5540283914208306,1.2474696073675453,-1.6458931319749652,1.5171626653945407,-0.8838324333960141,43.5071442797759,0.7665409274487675,0.0024210262585654062,0
2016-09-16,42.747458936450535,1.3896347536501494,-1.2766954774531474,1.2729732494220407,-1.5570599056156853,1.2846464455218711,-1.1134990655252324,43.38410838282744,0.3645380515265667,0.002255952564762774,0
2016-09-19,43.29757136602442,1.6908135632660477,-1.5220182962698727,1.6762445201513998,-1.4604740477973488,0.920401811421982,-1.3049675507722105,42.747458936450535,0.3325056287460987,0.002255952564762774,0
2016-09-20,43.85160470340611,1.3077259320726888,-1.3397712506070207,1.507009596723135,-0.974242529859228,1.4833899674248268,-1.9841117157544053,43.29757136602442,0.3586035093977636,0.002255952564762774,0
2016-09-21,43.406791460660976,1.3045664834791388,-1.2705919430233417,1.3799720075699629,-1.0219809386917929,1.6164956450351502,-2.008461254369122,43.85160470340611,0.3524258918342016,0.003095868446351133,0
2016-09-22,43.6417967755404,1.4255311493864935,-1.4808954207185154,1.3478985129925007,-1.379443141520441,1.7730753588537893,-1.686166458993826,43.406791460660976,0.3736736487287141,0.004584979462167228,0
2016-09-23,43.42180929601188,1.13249289458388,-1.0957108976193326,1.1126304154334612,-1.4046740321040536,1.888771184846166,-1.6335095651401197,43.6417967755404,0.198318730137237,0.0045226766830589295,0
2016-09-26,42.47821096090529,1.595373399796406,-1.5174886765446574,1.4197909582681234,-0.8405472984016251,1.1847045978185275,-1.841832980936772,43.42180929601188,0.4700311345763165,0.0043766698026870025,0
2016-09-27,40.67336299865695,1.809093592236751,-1.8587118943888683,1.5513205312719354,-0.7510823038490786,1.152605768860537,-1.9032256941312644,42.47821096090529,1.1010010444321252,0.003853711598336374,0
2016-09-28,39.67189153490848,1.7742351274864596,-1.6156515537470495,1.1666265676253058,-0.2608502024891308,1.0179661120438106,-2.082326050919398,40.67336299865695,1.5571273706317106,0.003902110847967475,0
2016-09-29,41.8765198700829,2.053430871522739,-2.0129596056066497,1.886388307011675,0.1849700661195381,0.5013267578878802,-2.613156396935188,39.67189153490848,1.3221193924139891,0.003902110847967475,0
2016-09-30,40.89848789424428,1.445525250509185,-1.3545259304079331,1.2149444081835536,-0.007061626303221,1.251292733528186,-2.550174835509772,41.8765198700829,0.9759743042313074,0.003987501791472377,0
2016-10-03,40.24330589567821,1.2854667276782727,-1.5549505689203085,1.092742246551289,0.4275238644804418,1.3463118174482127,-2.597094087237909,40.89848789424428,0.7329610865597713,0.004805388210296946,0
2016-10-04,39.12154506205257,1.1366509486649647,-0.8306190502227397,0.6757367012327613,0.021332137621135,1.4676080828401186,-2.47070882013623,40.24330589567821,0.960276577027165,0.004805388210296946,0
2016-10-05,38.70269822338524,1.2584372538666455,-1.0884388144532853,0.9283022576646368,0.1749262894180177,1.4658903825268852,-2.7391173690228974,39.12154506205257,1.1576268495624005,0.004903683883664463,0
2016-10-06,40.47321641887075,-0.3363026977799439,0.8874483433013323,-0.7586346165225937,1.5009047229089978,1.3290415997688707,-2.6224573516766583,38.70269822338524,0.8345297697420113,0.005037341070655378,0
2016-10-07,40.05081644196415,-0.239270288933687,0.907553483408008,-0.4216302277534947,1.3320162812173155,1.2220777058275738,-2.800746953765709,40.47321641887075,0.6846401386763781,0.007398214342691773,0
2016-10-10,38.96288674411726,0.0048902575516969,1.3231709074627855,-0.5470488958889224,0.6314395880761401,1.1288838564663457,-2.541335713668043,40.05081644196415,0.6798273269879365,0.007398214342691773,0
2016-10-11,38.017076757867926,0.2660204613427126,1.1725215439867265,-0.5041545561360188,0.8186661927891379,0.8572274733759393,-2.61028111535849,38.96288674411726,0.8988062401563078,0.007875273381765375,0
2016-10-12,37.04978567729402,0.5233354265215464,1.0428526736653616,-0.7434204453651034,0.8261602231122165,0.8635178726108137,-2.5124457505448405,38.017076757867926,1.265354583992912,0.00795827627969895,0
2016-10-13,36.47786155927151,0.2980667747102554,0.8865983421394072,-0.7683635617116309,1.0117978761689104,0.9171795974531588,-2.3452790287601,37.04978567729402,1.287690575015328,0.008442141423889918,0
2016-10-14,36.02972118475633,0.4087452417190924,0.8559981500278684,-0.9499304712119924,1.1168082744623975,0.9665694820179644,-2.398190677015332,36.47786155927151,1.061248298693753,0.009882459547705622,1
2016-10-17,36.04159997358541,0.2468568762854239,0.7421360552351763,-0.9560086048539302,0.7965310937691967,1.7761374269576709,-2.6056528473935363,36.02972118475633,0.7465196156102744,0.009882459547705624,1
2016-10-18,35.3915367037478,0.1990452929592514,0.7194064851824122,-0.975792098584642,0.8304898186117393,1.980181623505206,-2.753331121673967,36.04159997358541,0.5490032891521065,0.009882459547705622,1
2016-10-19,35.095312557881016,0.1213093608292261,0.8766305314895582,-1.1870866355750165,0.6446427289648629,2.447114784799672,-2.902610770508293,35.3915367037478,0.4967505728751308,0.009449416311473587,0
2016-10-20,35.151409101744626,0.1950286007242638,0.7482469994231655,-0.7959559285416473,0.4252905377227112,2.325772146011514,-2.8983823553400128,35.095312557881016,0.4152594794994633,0.007821785265872733,0
2016-10-21,36.35975653890233,-0.2569962330837771,2.16358620384013,-1.5447484847711932,0.6147725557728982,2.0447515267007,-3.0213655684587555,35.151409101744626,0.5042473245364487,0.007721436495459586,0
2016-10-24,35.23392098277812,-0.3851096108687457,2.730192377284672,-1.803589046010453,0.1829794656291739,2.4328164915850734,-3.1572896776197217,36.35975653890233,0.4674739570146407,0.0072953461032978706,0
2016-10-25,34.32052000029143,-0.0807530985984481,2.2588768386569145,-1.5281418772391868,-0.0987071567240613,2.062406370601866,-2.6136810766970866,35.23392098277812,0.6523515113518065,0.007749489546688981,0
2016-10-26,34.30594380596159,0.1991201021107684,2.002550238147262,-1.32258950755618,0.061969309289374,1.7601647300199867,-2.701214872011211,34.32052000029143,0.7539733037037322,0.00808030193366601,0
2016-10-27,31.77345464299215,-0.5987040466151274,1.4653998219866091,-1.8342419266507173,1.1637079460656858,1.66328864062667,-1.859450435413117,34.30594380596159,1.5132723380396034,0.008080301933666009,0
2016-10-28,31.76255794056691,-0.6027624456642808,0.2024783615513445,-0.1119919497710695,1.1337905820103424,1.549934278196289,-2.171448826322623,31.77345464299215,1.437135869886642,0.00815084809555451,0
2016-10-31,35.180829138575845,0.9543918253238406,-0.056303409559745,-0.3634522890543099,2.6807873721400552,-0.3411103552722361,-2.8743131435776044,31.76255794056691,1.4242709173844723,0.00733296167672994,0
2016-11-01,34.81659623849542,0.5328495987864486,0.1579445157485688,-0.5790100057295078,2.750854463556718,0.1001686099568153,-2.9628071823190454,35.180829138575845,1.49564604433441,0.00733296167672994,0
2016-11-02,34.80034250167018,0.0702379286513572,-1.140957477232638,-0.5703235177894213,3.756535567269914,0.0701373892474173,-2.1856298901466262,34.81659623849542,1.5562858784801763,0.00723300208408339,0
2016-11-03,34.27187511483451,0.7260444889823585,-0.8056088356808471,0.2293720548797839,1.9910696482630728,0.0171895519169371,-2.158066908361308,34.80034250167018,1.2363888028967154,0.0070993448970924754,0
2016-11-04,34.67280283622148,1.075009577667812,-0.9151428240139126,0.2804894988104056,1.9913378493137408,-0.1194167665586438,-2.312277335219404,34.27187511483451,0.2922788284886332,0.004357689273387728,0
2016-11-07,35.57003231092744,1.069574288818817,0.0159242882569001,-0.3763777181346572,1.835896586062,-0.2096325313448201,-2.335384913658236,34.67280283622148,0.42067898287451,0.004357689273387728,0
2016-11-08,35.55622827951052,1.045496380343339,-0.0992547416566695,-0.3582270020863767,1.863072977462632,-0.3211405488890948,-2.129947065173836,35.57003231092744,0.5114880193081487,0.003931302718254835,0
2016-11-09,35.221362680220864,1.1413622422536545,-0.5684907000655066,-0.2980893930059043,1.7168385512035034,-0.3507605720207327,-1.6408601283650146,35.55622827951052,0.510580846127371,0.0038482998203212605,0
2016-11-10,35.038522540440304,1.5408178747275176,-0.52797048478919,-0.369368086617639,1.533385283571194,-0.3923659460201567,-1.7844986408717265,35.221362680220864,0.3369260135983016,0.003536401902689377,0
2016-11-11,35.09126400622896,1.1559574960323449,-0.1736330864016428,-0.8502196456916211,1.70729800654186,-0.5466027472929165,-1.2928000231880246,35.038522540440304,0.2265362319406865,0.0020510197923596265,0
2016-11-14,35.439570893814995,0.3313496077256062,1.0537000924423443,-1.1789872817561493,1.341639218121367,-0.3972441965349773,-1.1504574399981884,35.09126400622896,0.1992852288536423,0.0020510197923596265,0
2016-11-15,38.135362091907325,0.5331301244474176,2.210958252392496,-1.4962792195864871,0.4471402036611964,-0.7362618924408024,-0.9586874684738236,35.439570893814995,1.1831912990864029,0.0020510197923596265,0
2016-11-16,38.342080281704085,1.4693425163923273,1.3689029645409263,-1.3492634962901633,0.9332113225822134,-0.9841647913994448,-1.4380285158258506,38.135362091907325,1.5014362596114568,0.001884978284650809,0
2016-11-17,39.00930373647964,1.267366261322012,0.829760911318818,-1.3162625380095978,2.795056741625836,-1.687156351782262,-1.888765024474804,38.342080281704085,1.612367571902769,0.002496170412623517,0
2016-11-18,38.71589568257426,0.9720158682384898,-0.0051975168595124,-0.8191006386230129,4.628070295694757,-2.2800734310317043,-2.495714577419008,39.00930373647964,1.280370050517573,0.0031879348866855834,0
2016-11-21,43.08535901494688,1.4108633045996903,0.9192150849489372,-0.263976676616128,4.938026494119107,-3.8356895219401768,-3.16843868511143,38.71589568257426,1.8387184467669948,0.004915906597564212,0
2016-11-22,40.07435993552277,1.323955198054824,0.1912645209564054,-0.5005449264939621,4.599514305197718,-3.7221530859779626,-1.8920360117370287,43.08535901494688,1.719567632341488,0.004541396529813455,0
2016-11-23,40.12722276686312,1.4597618091497893,1.1834624604472728,-0.5024768212302888,3.302766876968439,-2.942427294117198,-2.5010870312180136,40.07435993552277,1.5470405509956129,0.004162184893205324,0
2016-11-28,40.128738810210834,-0.4298118318438,3.0763725472625927,-0.4040996486660226,1.4754500134534827,-1.342805095088469,-2.375105985117783,40.12722276686312,1.4351257390842431,0.004162184893205324,0
2016-11-29,41.10077936565604,-0.0573446747683856,2.8634820326169885,-0.0571167825426677,1.0391378850557853,-1.2378494059606808,-2.550309054401044,40.128738810210834,1.1566989395054432,0.0038834768894888926,0
2016-11-30,42.20040824965631,0.3049184657695782,3.2015684155638,0.3827795458567475,0.1973543704970546,-1.3003264861806008,-2.786294311506577,41.10077936565604,0.8311713038195497,0.003883476889488892,0
2016-12-01,42.87691090056052,0.918190624712878,3.537598755173684,0.851970058130588,-0.0279243656590102,-1.3627266691105255,-3.9171084032476178,42.20040824965631,1.1030377567885552,0.0038834768894888926,0
2016-12-02,42.83694196869038,1.2403886084028546,3.0921341288154283,0.8230121235917558,-0.1071115162820084,-1.5799317522166998,-3.468491592311328,42.87691090056052,1.0651949552487094,0.0038834768894888917,0
2016-12-05,40.73389545329785,0.8250033797775806,2.7106933175143846,0.3041475419537516,0.0089184620494044,-1.594490404035911,-2.254272297259208,42.83694196869038,0.8841515585867802,0.003885795831867705,0
2016-12-06,39.7112918986216,0.6049193456674988,2.859849564890978,0.1863928007358559,0.1138133359439468,-1.525948637071628,-2.239026410166656,40.73389545329785,1.250002534839611,0.0060182352987787225,0
2016-12-07,39.91651000492268,1.108940888956086,2.4553021703510955,0.8585100545615347,-0.0580994977069559,-1.7008893827585192,-2.6637642334032483,39.7112918986216,1.383569256450516,0.007590415720816643,0
2016-12-08,39.22019754815176,1.06924728187421,2.1798911891991404,0.9218650545297428,0.0046455639314828,-1.6555845620976315,-2.520064527436946,39.91651000492268,1.2739782350398818,0.00770573189270835,0
2016-12-09,38.9084977649858,1.080373491753276,2.130184055893237,0.8830354353273737,0.0559640364562721,-1.678708240884002,-2.470848778546148,39.22019754815176,0.6281101206364272,0.007705731892708352,0
2016-12-12,38.18694773700019,1.189181512464435,1.852900859141835,0.6434990056978709,0.160272731210457,-1.452346537277732,-2.3935075712368747,38.9084977649858,0.6141372289050199,0.007634848678222262,0
2016-12-13,38.09334392274411,1.0591092156044102,2.073614831597582,0.4356581654524554,0.1767411190205261,-1.344136276666409,-2.4009870550085592,38.18694773700019,0.6766001134719773,0.007640349482735254,0
2016-12-14,37.31993994173416,1.481396461550185,2.1661037575647963,0.3367745248547926,0.1555967079313958,-1.6726604368192175,-2.4672110150819457,38.09334392274411,0.6667168540563225,0.007640349482735254,0
2016-12-15,35.42057793364094,1.826515154662172,1.5525962733191516,0.110939094094709,-0.2435354026116609,-0.5941101228649894,-2.652404996599381,37.31993994173416,1.1939327419126715,0.007640349482735254,0
2016-12-16,34.977073507021764,1.4438633725087264,1.9233617398929868,-0.6529142079216737,-0.2865025158035053,-0.034681332622048,-2.3931270560544857,35.42057793364094,1.348522555268343,0.008141180019851244,0
2016-12-19,34.7197997370026,1.4497013220864794,1.9220303189649688,-0.703313947309427,-0.2911470134145335,0.0479782477714851,-2.425248928098974,34.977073507021764,1.348259288570404,0.007603948437082564,0
2016-12-20,34.21616283002738,1.4390753221767305,1.8798556710744352,-0.8172457331952341,-0.1605486391613659,0.0104762250313767,-2.351612845925945,34.7197997370026,1.0682319522725965,0.00660273961023266,0
2016-12-21,33.08463623877988,1.467923227409706,1.4643051726924463,-0.7760055504302077,-0.0133790966580265,0.2913435879963288,-2.434187341010237,34.21616283002738,0.8007317027054227,0.004874767899354031,0
2016-12-22,32.7879417728155,1.3879655980011307,1.4050140897404422,-0.8296652017806103,0.0545449819211096,0.4376577448039356,-2.455517212686015,33.08463623877988,0.8737613365197638,0.004795134523713678,0
2016-12-23,32.036608333139746,1.4105554694808902,1.349789961267728,-0.673758601020241,-0.0690940919597977,0.3876479859668995,-2.405140723735481,32.7879417728155,0.9732526652029976,0.006939372533725391,0
2016-12-29,31.940219028143645,1.472500352879658,1.257445219137602,-0.616828806261994,-0.0534292813595991,0.3770560368075726,-2.4367435212032404,32.036608333139746,0.8255677645320002,0.0069393725337253895,0
2016-12-30,31.784164119978204,1.4484828010919395,1.2549492729654703,-0.6767645710572907,-0.143388984090885,0.4160320406321212,-2.299310559541347,31.940219028143645,0.5128503118804365,0.0069393725337253895,0
2017-01-04,32.005044343631006,1.2397275154076262,1.0821760185563765,-0.8609934425207051,-0.1400965863254941,0.6446965320626132,-1.965510037180416,31.784164119978204,0.3495707392656019,0.006939372533725391,0
2017-01-05,31.6676736711395,1.2023354760645013,1.1132179012700627,-1.1355724656646018,-0.2255220548446455,0.9530915302811468,-1.9075503871064603,32.005044343631006,0.1398773098364305,0.009093338179291924,1
2017-01-06,31.422549829542803,1.1648211383413418,1.060428174645864,-1.1447192290739068,-0.2830972878672901,1.1320949762214276,-1.929527772267444,31.6676736711395,0.207571226033922,0.009393747436550397,1
2017-01-09,31.88142394600781,1.5734959776802278,1.1336390608224851,-0.7695904101500162,-0.4036338931806402,0.5310474179529359,-2.0649581531249925,31.422549829542803,0.1987283202234814,0.009391428494171586,1
2017-01-10,31.756285053192485,1.437894270905936,1.013841076582068,-0.8356284144460275,-0.5629861432072589,1.1815037943172664,-2.2346245841519803,31.88142394600781,0.198142702959414,0.0072589890272605675,0
2017-01-11,32.00174018535025,1.5641160388493347,1.0015004477009537,-0.8310432357336719,-0.6926331271008244,1.281087364065856,-2.3230274877816424,31.756285053192485,0.1972832861691756,0.005686808605222647,0
2017-01-12,32.54794189300137,1.864618661496154,1.2976560512870543,-0.6190419190220382,-0.7719272935781811,0.8722311936909906,-2.643536693873964,32.00174018535025,0.3678913106877307,0.008968595392095284,1
2017-01-13,32.56324949709857,1.6307064294047446,0.7334125713857693,-0.52543569556188,-0.6753730328628618,1.0557217983971872,-2.2190320707629594,32.54794189300137,0.3400759749666967,0.008968595392095284,1
2017-01-18,32.55798511361482,1.758672837722342,0.7905470848044525,-0.4983048892609041,-0.7827577729141253,0.8537414318268901,-2.121898692178659,32.56324949709857,0.3408391826140016,0.00886751138002229,1
2017-01-19,31.91744241340606,1.707098075297365,0.715913805011799,-0.4883190227848324,-0.7035526424217311,0.8137122813164628,-2.044852496419064,32.55798511361482,0.2936254610117305,0.008862010575509298,1
2017-01-20,31.086263694439136,1.733842836145108,0.6953291119015477,-0.8521792917768032,-0.4109190720331797,0.7725868656563586,-1.9386604498930369,31.91744241340606,0.5796573626754483,0.009668879400017323,1
2017-01-23,30.818715878871885,1.5780625385706326,0.6859663815612018,-0.9427789756153864,-0.4256134939979779,0.8576430068313712,-1.7532794573498285,31.086263694439136,0.7269920318958426,0.009945459327364046,1
2017-01-24,30.7295663902886,1.5427687795700962,0.7417481259493153,-0.9226814421694024,-0.4837338675932261,0.87045119910244,-1.7485527948592203,30.818715878871885,0.7059830401291372,0.00920379765260055,1
2017-01-25,30.78304975432528,1.376880253383321,0.7773195760522551,-1.0142854051452428,-0.5282886043235222,0.9481830446510224,-1.559808864617838,30.7295663902886,0.4426641110227645,0.009488983582711915,1
2017-01-26,32.449750837878135,1.565752987076804,0.8444025767188643,-0.5465666316201165,-0.6046681811480026,0.5933898223750675,-1.8523105734026155,30.78304975432528,0.6498963896293591,0.009488983582711915,1
2017-01-27,32.52146678193191,1.4674594819155296,0.8972433959508681,-0.1227083811178975,-0.8449312027612286,0.6120606143652023,-2.009123908352482,32.449750837878135,0.8377776993230056,0.009775771297708546,1
2017-01-30,32.510476284653784,1.20079511348108,1.1067575877738296,-0.3595387949439104,-0.9557778253814893,0.4749781436540177,-1.4672142245835256,32.52146678193191,0.8517601140789365,0.009784059367648638,1
2017-01-31,31.375357782790434,0.8779377810008562,1.3569028076295178,-0.8804738413447506,-0.9920488986627158,1.2254189011056384,-1.5877367497285486,32.510476284653784,0.7183355571766687,0.007639821357636924,0
2017-02-01,32.65882860734838,1.220942900078768,0.911097205204622,-0.6313908062926448,-0.8949555150492015,1.0264860995544298,-1.6321798834959729,31.375357782790434,0.4689229953611122,0.007639821357636924,0
2017-02-02,32.7633899156809,1.158846922392442,0.5959981981314755,-0.6344689479104364,-0.8773965815011686,1.3679998936745967,-1.6109794847869083,32.65882860734838,0.5040005182130239,0.00765676479244912,0
2017-02-03,32.3233496715657,1.2646295505314544,0.5829760834201796,-0.5398526834105226,-0.8289394865429589,1.1293420861151184,-1.6081555501132676,32.7633899156809,0.4979645722181879,0.008248712776136436,0
2017-02-06,33.04399233057452,1.348026747107138,0.7030560120398377,-0.4636535334758989,-0.8679490456937962,0.9086100726345434,-1.6280902526118302,32.3233496715657,0.5769051806174066,0.0068971467495892195,0
2017-02-07,32.118032224669456,1.3428417238675916,1.0983739858549295,-0.8034166420813982,-0.8151657319765415,0.8412759388362723,-1.6639092745008597,33.04399233057452,0.3269271417000354,0.006596737492330746,0
2017-02-08,31.95712819516956,1.3015795590874752,1.0739802593455945,-0.792152376609323,-0.7650289832007333,0.8791735667037932,-1.6975520253267986,32.118032224669456,0.4049238339251568,0.006596737492330746,0
2017-02-09,32.03126576041517,1.1041587695554504,0.9966818412496324,-1.1361558440122757,-0.8315233642009958,1.6078610414319792,-1.7410224440237918,31.95712819516956,0.3941633191447896,0.006596737492330746,0
2017-02-10,32.50934203129561,1.2038083080818502,1.1285558299704492,-1.262563535033781,-0.9625526906095528,1.6128518106837515,-1.7200997230927253,32.03126576041517,0.4037661266594678,0.006596737492330745,0
2017-02-13,33.29144465751739,1.0164468156511113,1.2062585755095192,-1.2139065825244018,-1.024881229086355,1.782357306951043,-1.76627488650091,32.50934203129561,0.4932572489424179,0.00314896204962569,0
2017-02-14,32.225355651775,1.002200461718898,1.1724407103473444,-1.201185966401889,-0.9370450618112148,1.828743505680327,-1.8651536495334613,33.29144465751739,0.4835675795099091,0.005586670864770339,0
2017-02-15,32.115781769942465,0.9846106215879455,1.1735064616185271,-1.238606547575138,-1.1258481926631485,1.3696395659754894,-1.1633019089436776,32.225355651775,0.4577938184489358,0.008261614248796198,0
2017-02-16,32.56827974857956,1.1923549038535055,1.1335730522805445,-0.9348062563209432,-1.2939802676424796,1.0136752439103611,-1.1108166760809832,32.115781769942465,0.4111812440690308,0.008293917187645942,0
2017-02-17,33.13464008175499,1.2367202956831136,1.0331925469645018,-0.8494992338819909,-0.9195776239516767,0.8896409958893718,-1.3904769807033204,32.56827974857956,0.4727060992816103,0.007508834268326936,0
2017-02-22,32.61011355976877,1.2058869325019277,0.9793583751914028,-1.129187196232536,-0.547858857742153,0.7997872862466375,-1.3079865399652817,33.13464008175499,0.357170713233214,0.0072322543409802115,0
2017-02-23,35.32160815621547,1.8749405407465567,0.6965789752873102,-1.0525705388720752,-0.2078849958898487,0.0056431956010167,-1.3167071768729517,32.61011355976877,1.1327489608939807,0.007406164809557327,0
2017-02-24,36.46314206319355,1.9277916420630048,-0.0109217215642711,-0.6445954607254354,0.273067113111737,-0.1425075664041872,-1.402834006480846,35.32160815621547,1.5838093065998606,0.007277242793279381,0
2017-02-27,36.001112330427624,1.970286473758904,-0.1901455819838711,-0.6291885945778528,0.4329885181247359,-0.0601785027705727,-1.523762312551345,36.46314206319355,1.5495644205867931,0.00729718273333482,0
2017-02-28,35.09349001375825,2.203145094470001,0.0232498125269371,-1.437451372196639,0.5471366247618441,0.1373710807381654,-1.4734512403003033,36.001112330427624,1.335576621841986,0.0070103950183381895,0
2017-03-01,34.95897401715629,2.2502917215729283,-0.0968453031223885,-2.2654825713805584,1.0989218657109632,0.3169880918149514,-1.3038738045958949,35.09349001375825,0.5736978925368089,0.007002106948398097,0
2017-03-02,32.947057506023484,1.6689665326013436,0.1070523914204928,-2.0103243350123163,0.9728309112485648,0.2087948524076508,-0.9473203526657408,34.95897401715629,1.2103709654467594,0.007002106948398097,0
2017-03-03,31.634466036277527,1.4907344509670608,0.4567374951184564,-1.905486195333574,0.5011203678606639,0.6136253414465105,-1.156731460059118,32.947057506023484,1.5964692659981816,0.007002106948398097,0
2017-03-06,31.96940688209531,1.386159702901776,0.6291704152285194,-1.7099626250167017,0.6998863789131748,0.24036514063059,-1.245619012657362,31.634466036277527,1.4584726922472822,0.0070444015184545974,0
2017-03-07,31.136889291714425,1.4510936618629389,0.2161226463158656,-1.2626126955500483,0.6938557016048428,0.2507987194403998,-1.349258033674,31.96940688209531,1.3513587867686436,0.00645245353476728,0
2017-03-08,33.514488834645086,2.59495512894488,0.2397896968382289,-2.179867846676431,0.6583662223693629,0.2978002428315531,-1.61104344430759,31.136889291714425,0.8695971816871229,0.005665635646137541,0
2017-03-09,31.894353883723824,2.1200686340649204,1.0458158597163218,-2.973063665382525,1.1298802854594356,0.2283343582874106,-1.5510354721455637,33.514488834645086,0.7974800709083827,0.005665635646137541,0
2017-03-10,30.421877412306827,1.9353568790368645,0.3805206255174291,-2.524726880355602,0.8814555768180501,0.4677610652827773,-1.1403672662995132,31.894353883723824,1.0310400186385256,0.005665635646137541,0
2017-03-13,30.63519753573437,1.9027306654893448,0.6248266312630353,-2.5592780031097417,0.8618563744652672,0.3371565510264149,-1.167292219134312,30.421877412306827,1.118360174465791,0.005667268237513233,0
2017-03-14,30.46960649074276,1.5556194817313005,0.7502983268886245,-2.4312001594949075,0.750667146112753,0.5798411858819517,-1.2052259811197303,30.63519753573437,1.193473590432544,0.005667413190089307,0
2017-03-15,30.927819979515387,1.7142781321986489,0.2038108099519138,-2.0178963941891963,0.6454673746144985,0.8160334721603042,-1.361693394736174,30.46960649074276,0.5420156418676292,0.006554307688350159,0
2017-03-16,31.87948586615473,1.7375207098873862,-0.2734279782494777,-1.737083966513822,0.4947007185699252,1.267904391988552,-1.4896138756825643,30.927819979515387,0.5363980976228098,0.004116598873205509,0
2017-03-17,31.709608997894662,1.6502991687825128,-0.476527322706556,-1.9029343244879808,0.3736378577894976,1.723709288955503,-1.3681846683329797,31.87948586615473,0.5690942832148981,0.0017062159279896349,0
2017-03-20,31.721048322058703,1.5791432982241649,-0.4565656650882896,-1.934202028295128,0.4560408224926533,1.8384565748650823,-1.4828730021984848,31.709608997894662,0.5477808695369846,0.0016739129891398888,0
2017-03-21,32.93354285243386,1.531133376746289,-0.4463820823157327,-2.3212755043711555,0.1259038823886911,2.322932925561213,-1.2123125980093017,31.721048322058703,0.6419433662279153,0.0021131440679282086,0
2017-03-22,33.31257030013785,1.3266200595715727,-0.4152417205355085,-2.4051305402786545,0.2480362055494929,2.44694527814871,-1.2012292824556163,32.93354285243386,0.6762574836531621,0.0021948559699815633,0
2017-03-23,32.89250570871888,1.348808861833814,-0.5276752702199201,-2.7401910359559025,0.4738998096660047,2.559109995720241,-1.1139523610442397,33.31257030013785,0.6682536111175996,0.0020500018978602897,0
2017-03-24,32.60401325833122,1.080998240728248,-0.3473628399999393,-2.920291741874622,0.7249370533725505,2.614729239136652,-1.1530099513628822,32.89250570871888,0.5355630877273361,0.0018207662623390068,0
2017-03-27,32.217064010231766,1.2503936251081695,-0.3619837974692674,-2.808238669847717,0.6345096480901784,2.5530001280727737,-1.2676809339541446,32.60401325833122,0.3652450144361629,0.0018008263222835678,0
2017-03-28,32.277631938894984,1.5151899996981593,-0.3214713410084613,-2.115578614500296,0.4591408238893066,1.9293920475192965,-1.4666729155980036,32.217064010231766,0.4063092851668958,0.0018008263222835678,0
2017-03-29,32.66563520515911,1.6703424818457933,-0.3266070859838956,-2.029033843559728,0.3743150845668825,1.8068704074804507,-1.4958870443495087,32.277631938894984,0.2517516424044731,0.001817726782921937,0
2017-03-30,32.71502779564643,1.7816285941234673,-0.3558050794100214,-2.22534193763701,0.4384408191632847,1.8036251073231404,-1.4425475035628557,32.66563520515911,0.2068361475877164,0.0036554155633192614,0
2017-03-31,32.180061364076245,1.855456030309388,-0.0609206538460318,-2.467152402414272,0.3253534944937506,1.8053739707581544,-1.4581104393009952,32.71502779564643,0.2306524720491198,0.0036554155633192614,0
2017-04-03,32.20797718516124,1.862513785406377,-0.0591493521894967,-2.4730849265404755,0.3362734800992442,1.8265124929279235,-1.4930654797035707,32.180061364076245,0.2322046180331021,0.0038459985675134713,0
2017-04-04,30.63540737048274,1.8527056371160144,-0.1706316743197691,-2.442092089094518,0.3628027071502195,1.6891029617959372,-1.2918875426478795,32.20797718516124,0.7562359181998576,0.0038459985675134718,0
2017-04-05,30.720645362884223,1.883042684548542,0.0323374759401695,-2.4152887176470204,0.1832119184893379,1.6559502400570212,-1.339253601388052,30.63540737048274,0.8498164368812813,0.003830416837123894,0
2017-04-06,31.201916621072456,2.136873202211349,0.0331407946858228,-2.5167656836214034,0.1703330972067798,1.593191258805184,-1.4167726692877434,30.720645362884223,0.6849965651392317,0.0038304168371238946,0
2017-04-07,31.42234398972765,2.30114822310678,-0.0941782906336214,-2.509304424084214,0.1918847928123117,1.653258995835126,-1.5428092970363814,31.201916621072456,0.5669062655770623,0.0038304168371238946,0
2017-04-10,31.46393188652736,2.188284246717113,0.1710006343358996,-2.691222725423951,0.0993914678085632,1.6135900140928583,-1.3810436375304804,31.42234398972765,0.3481015934001889,0.003828784245748202,0
2017-04-11,31.05227176145693,2.1727045266516267,0.1416934125561062,-2.7154605496177195,0.0886678420589497,1.784532566679646,-1.472137798328614,31.46393188652736,0.2708678486196309,0.003897679570246991,0
2017-04-12,31.794100104929395,2.597641856441577,-0.5933471458398603,-2.6101830789973084,0.2726455072330491,1.4765392377587712,-1.143296376596224,31.05227176145693,0.2526646081609698,0.003010785071986139,0
2017-04-13,31.71058864109408,2.6064782456071747,-0.638547815287013,-2.5494368912726584,0.2809659242320181,1.4203529271329436,-1.1198123904124668,31.794100104929395,0.2599961408101468,0.003010785071986139,0
2017-04-19,31.98556610412445,3.1007395272475664,-1.1167022966354412,-3.595292214654622,0.8256169766725208,1.2586809166805288,-0.4730429093105521,31.71058864109408,0.3215830627642657,0.002746224633176155,0
2017-04-20,32.37707918643641,3.0327312067800243,-1.1354331126171109,-3.8484451112137146,0.7744453438258789,1.401217191146363,-0.2245155179214402,31.98556610412445,0.4320391740234383,0.002746224633176155,0
2017-04-21,33.77443095380812,3.125565011230312,-1.0119013358175015,-3.1856616060696323,0.8255412320289794,0.9376462014468364,-0.6911895028189896,32.37707918643641,0.7586932851612922,0.005427436758288219,0
2017-04-24,32.74536532480521,3.0078878861155465,-0.9458358297223356,-3.2723943021265027,0.7269058466057823,1.08436599698982,-0.6009295978623097,33.77443095380812,0.7191063242440464,0.006367302132044039,0
2017-04-25,32.7238031901254,3.153108581131085,-1.0075625552261602,-3.067490100973618,0.5901906367723333,0.8996244824867574,-0.5678710441903991,32.74536532480521,0.5948886505369645,0.006581238688533057,0
2017-04-26,31.837573741312145,3.4791581926391606,-1.0914219748691965,-3.303040209097773,0.7257240582965192,0.823777821247988,-0.6341978882167068,32.7238031901254,0.6332037286818184,0.0067510627031681135,0
2017-04-27,31.243908917415315,3.2595686623272835,-0.8925041200890549,-3.147468149014151,0.6836056101393782,0.9233695867721124,-0.8265715901355755,31.837573741312145,0.8654386598798132,0.007186965785392747,0
2017-04-28,31.00516252073901,3.091985566530308,-0.7791063640586846,-3.2571578694557246,0.7193243734199868,0.85159825927445,-0.6266439657103255,31.243908917415315,0.7249493576048446,0.00835339933203347,1
2017-05-01,31.17934976393608,3.448987761342715,-0.7819058580919283,-3.801501631073312,1.095145255705229,0.8245958082055247,-0.7853213360882259,31.00516252073901,0.6287977709902771,0.008359248882699833,1
2017-05-02,32.20826533436338,3.430570856246696,-0.994689734585402,-4.164079627538867,0.9437354968281876,1.7399899113854995,-0.9555269023361048,31.17934976393608,0.4535915906127093,0.007029101896196317,0
2017-05-03,32.19704816504458,3.506370390667056,-0.944650194086925,-4.045398180558013,0.8844329590276843,1.6244437471241602,-1.0251987221739571,32.20826533436338,0.5250720913178801,0.007029101896196316,0
2017-05-04,34.03703351147124,3.8052963670810014,-1.1492454262533145,-2.8776310475967275,-0.020504739187948,1.6183884111014677,-1.3763035651444824,32.19704816504458,1.0785440056401303,0.006997909702171376,0
2017-05-05,33.83429506499645,3.6308693499217366,-1.0074596271302978,-2.0828359971326984,-0.2350876346099575,1.5348557712208644,-1.8403418622696472,34.03703351147124,1.0845309798945062,0.007844184093210211,0
2017-05-08,33.511515129747295,3.5138996436861394,-1.24589045549815,-2.71769584968824,0.2387297445539928,2.267214879669601,-2.056257962723344,33.83429506499645,0.7975552095279582,0.007844184093210213,0
2017-05-09,33.4757187182482,3.663913242490517,-1.2080523727348296,-2.652243195094932,0.219055792828648,2.187809226289714,-2.210482693779109,33.511515129747295,0.641726960063649,0.007844184093210211,0
2017-05-10,33.80365990316973,3.539163757293512,-1.0991358038698924,-2.2130448320327494,-0.0340100766588271,2.091901689521104,-2.2848747342531524,33.4757187182482,0.2111575481974448,0.007844184093210211,0
2017-05-11,35.937604190313415,3.2855351728162336,-0.8943555291286778,-2.0190621400976125,0.0257469429747985,1.5735299411392516,-1.971394387703984,33.80365990316973,0.9241708386073706,0.008425069019481216,1
2017-05-12,35.21843487588594,3.0506477449901013,-1.1242748248171963,-2.055572925726886,-0.2469436887494218,1.8803212562464453,-1.504177561943036,35.937604190313415,1.0032768142953443,0.012419508169723972,1
2017-05-15,36.15285060434901,2.6484249030306533,-1.3127096224959942,-1.4884985709466685,-0.5419824278317238,1.4522642990128785,-0.7574985807691519,35.21843487588594,1.0933104208729254,0.01397955457494773,1
2017-05-16,36.385135711452136,2.4521302841384607,-1.5038979727651185,-1.2226541781536442,-0.1293151252677375,1.3725471005696952,-0.9688101085216544,36.15285060434901,0.9335977868779008,0.01397955457494773,1
2017-05-17,35.207922686505285,2.101589571086672,-1.3969112125695404,-1.6035723517591969,-0.2940513151182893,0.918076918503674,0.274868389856679,36.385135711452136,0.4842877172682004,0.013983967967755593,1
2017-05-18,34.39343337556911,1.825499081932854,-1.4994733400405855,-1.7462881351538888,-0.3630032789576098,2.1911682004292383,-0.4079025282100104,35.207922686505285,0.7203764915454539,0.014095155021095793,1
2017-05-19,34.51486888832266,1.0998369785598463,-1.6007333015904748,-1.6186135977817218,-0.914902069576617,3.561071402369845,-0.5266594119808694,34.39343337556911,0.8181551908285231,0.01121274526887619,1
2017-05-22,34.08472548462334,0.8840741283144968,-1.4311938970443243,-1.6608094763297032,-1.0648963561820253,4.006736347668686,-0.733910746427128,34.51486888832266,0.8208008955847264,0.010191167993067017,1
2017-05-23,32.469630981203856,1.647288812401512,-1.223394616254892,-1.15963358350308,-1.110511110848062,2.9774462358888547,-1.1311957376843311,34.08472548462334,0.9097503903848226,0.010039495311046925,1
2017-05-24,33.00472491653979,1.51029057174848,-1.256802639456013,-1.3496972521623496,-1.3530666293829476,3.2264367155758054,-0.7771607663229818,32.469630981203856,0.8111568835700464,0.010398501584101863,1
2017-05-25,35.70004654312421,2.271461954271256,-1.487192957877935,-2.209938272321862,-1.4005860597714026,4.256209142772767,-1.4299538070728235,33.00472491653979,1.1388426551644406,0.009964730116156567,1
2017-05-31,37.4216061104532,2.588575973640236,-2.005764853750632,-3.198317756329369,0.1781164238779871,4.371416214875908,-1.9340260023141247,35.70004654312421,1.8165935077929287,0.008798296569515843,1
2017-06-01,34.82788069421776,2.4577121014943986,-1.816614116805512,-2.7767765020752497,0.2763828340548109,3.968720028279086,-2.1094243449475285,37.4216061104532,1.8039363281469651,0.008775546558211111,1
2017-06-02,35.71982418779701,2.228497465312584,-1.4297694222120132,-2.498704558601519,0.2907791041931169,3.8722559796560367,-2.4630585683482105,34.82788069421776,1.4368455366429906,0.008268004764317303,0
2017-06-05,34.28147290273103,1.758942414385447,-1.2081419195488627,-2.4874078977364222,0.0433181554464185,4.00893122061242,-2.1156419731590064,35.71982418779701,1.065534079027727,0.008464449663970879,0
2017-06-06,33.18770695504276,1.718658251699309,-1.1692263050368674,-2.666331361990701,-0.0702782314985981,4.112915761541014,-1.9257381147141504,34.28147290273103,1.4264768134186687,0.008284434236112475,0
2017-06-07,32.63297712316809,2.017727064444964,-1.1282754349592563,-2.1242234769823884,-0.1329374885752523,3.569939299693885,-2.2022299636219493,33.18770695504276,1.1105418609169315,0.007438159845073639,0
2017-06-08,32.95652781756219,2.265985350902388,-0.9982125623131796,-1.9393876248901547,-0.1605465583006813,3.2708494784935795,-2.438688083891947,32.63297712316809,1.1274768205850576,0.00743815984507364,0
2017-06-09,33.74198534763785,2.5498673626038224,-1.2938725939499407,-1.9000334311484872,0.0671539515506918,3.231381871406154,-2.654497160462228,32.95652781756219,0.5858433212449994,0.00743815984507364,0
2017-06-12,39.01304836241183,2.215889021046596,-1.642673563493643,-1.7050143392840047,-1.422601307396615,5.492580617011504,-2.938180427883842,33.74198534763785,2.3809693764343023,0.0074385428077335045,0
2017-06-13,38.87494630186652,2.1115248049991884,-1.8969170472640648,-1.3056386591830078,-0.5787428478846177,4.485291208334171,-2.815517459001669,39.01304836241183,2.880823494620961,0.008373072494607621,0
2017-06-14,41.58960348397751,2.558957900232068,-1.4340287040756057,0.702543634834603,-1.4846010568100605,1.5204726611005954,-1.8633444352816,38.87494630186652,3.3262569559568576,0.004314153001989878,0
2017-06-15,40.91621859371219,2.455411305959487,-1.482724620368134,0.6395099349191682,-1.205972583240123,1.515130844347179,-1.921354881617578,41.58960348397751,2.752856664233856,0.0027541065967661205,0
2017-06-16,40.59439581107292,2.451303467472396,-1.182129882622152,0.724482217518787,-1.0928261374012465,1.118790602649641,-2.0196202676174315,40.91621859371219,1.073695364298639,0.00275410659676612,0
2017-06-19,39.33381780699255,2.2529763689030133,-1.246902945057382,-0.1928709316805488,-1.2199114893612926,1.8108712768600943,-1.4041622796638746,40.59439581107292,1.008608932332269,0.002749693203958258,0
2017-06-20,38.15220906813826,1.6958834846410156,-1.0468464656284224,-0.3787812486277335,-1.4091742859840366,1.8323496184318628,-0.6934311028326867,39.33381780699255,1.2254791377636678,0.004480801797490587,0
2017-06-21,37.94164978840988,1.931599818234453,-1.0939284681584058,-0.6696876067433273,-1.150052232899499,1.850962745219641,-0.8688942556528598,38.15220906813826,1.2176112853394052,0.0062432574397406956,0
2017-06-22,37.2600457581867,2.025691652947252,-1.3037795926541569,-0.2751298215912605,-1.3064617435629398,1.9685207373385527,-1.1088412324774493,37.94164978840988,1.1772513899367567,0.006478903088206539,0
2017-06-23,37.150773737795895,1.7408756546955058,-1.3262385265177792,-0.6804191392195023,-1.7380135111204602,2.467853375216692,-0.4640578530544639,37.2600457581867,0.7834721585561205,0.006387582817281769,0
2017-06-26,36.02665572469558,1.894839778451456,-1.1729113594830212,-0.8045152469002925,-1.2323609829522724,1.9900028930084392,-0.6750550821243131,37.150773737795895,0.7460628450907854,0.005857763706075617,0
2017-06-27,34.77847615946762,1.8605663669862835,-1.3189569928367957,-1.0309348548860928,-1.2971237155085564,1.8217921978465847,-0.0353430016014213,36.02665572469558,1.1118220542759518,0.005855632091796278,0
2017-06-28,34.715004543345806,1.7974106448993157,-1.3849515325567148,-1.0768783040273648,-1.248203167930095,1.482155383463494,0.4304669761513606,34.77847615946762,1.1004623060963528,0.005855632091796279,0
2017-06-29,35.270890870879605,1.9529883325235888,-1.3047875217992997,-0.7470185198818768,-1.1600718007738973,1.318321862269367,-0.0594323523378772,34.715004543345806,0.9113383638481292,0.005855632091796279,0
2017-06-30,35.35656402663718,1.8219900114526943,-1.200003375100454,-0.7301395688727723,-1.1901742907926236,1.538390589656102,-0.2400633663429463,35.270890870879605,0.473591342499107,0.005855632091796279,0
2017-07-06,34.87188070963382,1.8457442218513744,-1.0057452469491135,-0.7567552321438828,-1.188030600796317,1.3814281480330002,-0.2766412899950592,35.35656402663718,0.2635220001209339,0.005751866496064302,0
2017-07-07,33.660488902988185,1.660305519320726,-0.8618677113890691,0.0231646042069275,-1.028443871701671,1.0016349228098995,-0.7947934632468123,34.87188070963382,0.6065055282742857,0.006114481340258139,0
2017-07-10,33.251596687687545,1.64733879913501,-0.9115751542580176,-0.0440706458041084,-1.0528950859196584,1.2758356598590153,-0.9146335730122336,33.660488902988185,0.8634802140283179,0.0062291107765447135,0
2017-07-11,33.66881436656449,1.7227573985323072,-1.0831329132894858,-0.0340599465526185,-1.046992807219648,1.3850244318700078,-0.9435961633405564,33.251596687687545,0.8067829187933105,0.006293107156146227,0
2017-07-12,32.821119867609,1.5417202739471865,-1.2561920469972403,0.2072523364581382,-1.209201397922758,1.5895890927280505,-0.8731682582133748,33.66881436656449,0.6839751007273439,0.006293107156146227,0
2017-07-13,32.91247908966624,1.555065115872873,-1.3745119000802908,0.1843424666502002,-1.234076389079319,1.61962006319271,-0.7504393565561727,32.821119867609,0.3580323095494662,0.006292724193486364,0
2017-07-14,33.03267062039308,1.1443570016843196,-1.160976100074277,0.0445569007997228,-1.5150858835011007,1.9340033847451124,-0.446855303653785,32.91247908966624,0.3023352024077042,0.0047809384633119775,0
2017-07-17,32.34233801913808,1.147035930264991,-0.9386544207152214,-0.0912521677714375,-1.4867151078914826,1.989712370785989,-0.6201266046728384,33.03267062039308,0.4267667096818618,0.004793651132136284,0
2017-07-18,32.15858563418331,1.059476965293916,-0.9300450923017364,-0.2245291248739667,-1.5827548302428172,1.847620846205148,-0.1697687640805445,32.34233801913808,0.3407928805815809,0.004793651132136284,0
2017-07-19,31.80636236649817,0.8426830457674725,-1.0073066019265848,-0.3440401270262958,-1.6478600764254834,1.9097493500532008,0.2467744095576849,32.15858563418331,0.4613401373562569,0.004793651132136284,0
2017-07-20,31.50819155529149,0.5297542041474053,-0.8205320318838694,-0.2922840894476612,-1.6786488127568804,1.9537182681969336,0.3079924617440799,31.80636236649817,0.5185081175888366,0.004884628075562176,0
2017-07-21,34.6267972506137,1.826297616873985,-1.7514415773525411,0.4956271516291295,-0.859317340764183,1.1664847622298875,-0.8776506126162837,31.50819155529149,1.1071439231707674,0.0030423324286896476,0
2017-07-24,34.827194824179884,1.6946833637486023,-1.7719387206801491,0.5258611662949129,-0.7539875279795822,1.2585946189776345,-0.9532129003614148,34.6267972506137,1.4382134494632943,0.0010200574295697407,0
2017-07-25,34.98717335773227,1.522503696277747,-1.7133095849491542,0.5869344356974207,-0.7949830850573463,1.5276200303841247,-1.1287654923527897,34.827194824179884,1.5534113156315554,0.0007844117811038971,0
2017-07-26,33.84854218522005,1.3234974770935857,-0.4986823888686507,0.2570028798235508,-1.0394575600978122,1.1102311663612698,-1.152591574311934,34.98717335773227,1.2865082319728958,0.0037777926016127877,0
2017-07-27,33.374667769350204,1.44957797640037,-0.3916428275213324,0.4088458183015486,-1.099328589003222,0.953658914915288,-1.3211112930926472,33.84854218522005,0.6183183793574918,0.003986839686412287,0
2017-07-28,33.67088582733198,1.6744921170794136,-0.468976881761642,0.6206615671621538,-1.077063746843753,0.627615733487001,-1.3767287891231736,33.374667769350204,0.6450851548067171,0.004001368860573288,0
2017-07-31,32.7158792345811,1.533777195927355,-0.4886890578856182,0.7100887934669018,-1.1266138711975202,0.7201781014445423,-1.3487411617556624,33.67088582733198,0.7419130472773351,0.004001368860573288,0
2017-08-01,33.27214311044665,1.5433199303048966,-0.5907246937469115,1.0870149922434074,-1.166128882458931,0.6846097774260151,-1.5580911237684774,32.7158792345811,0.389050208576001,0.004001368860573288,0
2017-08-02,32.36660491623845,1.4669031788336715,-0.6364760254577757,1.3166930035194715,-1.537158475664965,0.4412168956508977,-1.051178576881307,33.27214311044665,0.4721039294330306,0.004001368860573288,0
2017-08-03,31.68875554034202,1.48997338630317,-0.5967213838924976,0.8953200173445772,-1.282513888654227,0.4796624018726008,-0.9857205329736254,32.36660491623845,0.6920700266060823,0.003908689556651688,0
2017-08-04,32.1631436314182,1.6926801083518548,-0.7996262964356495,0.881713773555278,-0.888880205379925,0.3847256623484156,-1.2706130424399682,31.68875554034202,0.5319713365930989,0.007382895120467725,0
2017-08-07,32.07054231267857,1.5220565949249902,-0.7588807236857287,0.931576824944692,-0.9308884511274408,0.2768408067556205,-1.04070505181213,32.1631436314182,0.5279677823801557,0.00825944106064504,0
2017-08-08,32.08841715335169,1.5408971840061998,-0.7679879516792965,1.1154696755494555,-0.931706879196275,0.2068054167638369,-1.1634774454439245,32.07054231267857,0.2200846140518301,0.008393507071385743,1
2017-08-09,31.64448165501452,1.468400087172002,-0.8032548160013311,0.9285986291270784,-0.9600054780346028,0.232017549464377,-0.8657559717275236,32.08841715335169,0.2185946018976875,0.008781030751212756,1
2017-08-10,31.87965571738724,1.278073117286464,-0.616495693624092,0.9915688617674014,-1.0040452775246749,0.0237613659031632,-0.6728623738082562,31.64448165501452,0.1873805201797656,0.008781030751212756,1
2017-08-11,31.33628824113443,1.2613956630153709,-0.4803553865501577,0.8876227079291823,-1.0062013301684465,-0.1270692169121048,-0.5353924373138494,31.87965571738724,0.2835002734691247,0.00877740186824202,1
2017-08-14,31.442179157975684,1.1348766892374016,-0.6016501901737079,0.7636015023155522,-1.1336916459885842,-0.1362825589225864,-0.0268537964680697,31.33628824113443,0.2766257162251825,0.008760129264717836,1
2017-08-15,31.30554346342452,1.100090912522921,-0.6924267051846862,0.6672670622980057,-1.1201424108940703,-0.1371074317533769,0.1823185730112069,31.442179157975684,0.2147707329304785,0.008760129264717835,1
2017-08-16,31.861831034963355,1.2557973031063892,-0.8048583015458912,0.7422401421481375,-1.0822396816298054,-0.3971324483219667,0.2861929862431425,31.30554346342452,0.2537039836223153,0.008760129264717836,1
2017-08-17,32.1820773260174,1.0130078747959743,-1.09526453652146,0.5753747202529294,-1.2955747105396282,-0.5034031923965654,1.3058598444087557,31.861831034963355,0.3421265264952521,0.008669152321291944,1
2017-08-18,31.565087377931324,1.2276969150273231,-0.8873135607134282,0.5082487489663929,-1.3954179818663812,-0.7967697437436785,1.3435556223297749,32.1820773260174,0.3145634651088515,0.008669152321291946,1
2017-08-21,32.05107440322084,1.5225909902342003,-1.539841579140585,-0.015600891486815,-1.3821302131503836,-0.0014223981607219,1.4164040917043077,31.565087377931324,0.3200872498677286,0.008669152321291944,1
2017-08-22,30.661533081074,1.5120498076783324,-1.569065005947688,-0.0734878508854137,-1.061547175681261,0.0666495400147626,1.125400684821265,32.05107440322084,0.5426031595997207,0.008669152321291944,1
2017-08-23,31.856373702607144,1.873220840988593,-1.5780153775611427,-0.3623794753501057,-1.5206637356727226,0.9408453443680802,0.6469924032272978,30.661533081074,0.5422101087828542,0.0057401926743092385,0
2017-08-24,28.067726729432163,0.9660047423536504,-1.4717021562961583,-0.5380195046072753,-0.3015330563506921,0.7310497110491432,0.6142002638513278,31.856373702607144,1.4657978920958887,0.00553114558950974,0
2017-08-25,28.012279307181515,1.0038252994956496,-1.3696434330161766,-0.4707375757399354,-0.5023270941153939,0.6513495770839741,0.6875332262918779,28.067726729432163,1.7715040056510014,0.008841545966092539,1
2017-08-28,26.593833483362417,1.2746323246607254,-1.4426490276632733,-0.6463126286243313,0.0529993608435184,0.3680123221684042,0.3933176486149587,28.012279307181515,1.9259580734419817,0.010406995943530771,1
2017-08-29,26.316888117090187,0.9222171024307784,-1.3161557479698254,-0.7357132919531599,0.3385546270926847,0.4843781822090993,0.3067191281904193,26.593833483362417,1.9770184406016689,0.011238506614191797,1
2017-08-30,26.746705919156145,1.2155879200674065,-1.3402760229408115,-1.346978871901448,0.7042302055308944,0.6413898688830502,0.1260469003609134,26.316888117090187,0.7418570064002061,0.01278997661484071,1
2017-08-31,28.39826690317787,-0.16615112385242,-1.384591860281275,-2.0886096326078203,2.745620007165062,0.7185386556036839,0.1751939539727707,26.746705919156145,0.8303634295767427,0.012789976614840708,1
2017-09-01,29.186984334536305,0.0501903820729303,-2.7848764381934585,-2.3041477266257377,6.481705210563716,-0.1334534708750339,-1.3094179569424196,28.39826690317787,1.133834219409736,0.00891460135797477,1
2017-09-06,27.570489425788747,-0.3151219593493684,-2.248888139415484,-2.4676873449595025,5.969951366540439,0.2880869421542607,-1.2263408649703469,29.186984334536305,1.0508554183263483,0.007923425981510877,0
2017-09-07,26.58573806560769,0.0301267005846384,-1.6662874639768457,-1.7913665029020889,4.399884871968547,0.0571671014533086,-1.0295247071275695,27.570489425788747,0.98648805472385,0.007725363591168663,0
2017-09-08,26.355268896600432,-0.4444861734279541,-1.5277475593862742,-2.1848010211311992,4.55920863227813,0.8734300142119067,-1.275603892544608,26.58573806560769,1.070778312394859,0.007518310026773619,0
2017-09-11,23.989611381017024,-0.1769144427370417,-1.5408883488046807,-2.0516378480794817,4.488239616633329,0.5716785487732281,-1.2904775257853514,26.355268896600432,1.6978733157672052,0.00751831002677362,0
2017-09-12,23.98706117964332,-0.0055181742355836,-1.6077714162061976,-1.0468549953963668,3.379677208927917,0.2498818087710388,-0.9694144318608156,23.989611381017024,1.454111452068512,0.00751831002677362,0
2017-09-13,24.59421299804396,0.2430494461328365,-0.6826678489205502,-0.5971878707623874,2.6969347579017184,-0.2283424566880314,-1.4317860276635843,23.98706117964332,1.1410964473111698,0.010106363214568963,1
2017-09-14,24.49841931021773,0.1908039240622958,-0.7341617375056311,-0.6670366885104215,2.648564309697025,-0.042791507618952,-1.3953783001243152,24.59421299804396,0.872185383105381,0.010823463097861514,1
2017-09-15,24.342594524661525,-0.1778859963392243,-0.6538531432369563,-0.8761564959806529,2.7252067438980494,0.121954801888187,-1.1392659102293938,24.49841931021773,0.2531660566224273,0.010823463097861516,1
2017-09-18,23.065504845317708,-0.2238736023656766,-0.4081196532610354,-1.2036646169564271,2.7257603673065827,0.1386526291279777,-1.0287551238514234,24.342594524661525,0.5558312939964518,0.010823463097861516,1
2017-09-19,23.07758997926932,-0.2964568727125387,-0.3015291147048218,-1.2872550712481017,2.7936487347339223,0.178798820529384,-1.0872064965978363,23.065504845317708,0.6938934817011381,0.010823463097861514,1
2017-09-20,22.62503024710162,-0.3581089254419352,-0.2208095410938859,-1.0412457503602823,2.5947216718959,-0.0191496864350382,-0.9554077685647496,23.07758997926932,0.7532878235263446,0.010939229373720289,1
2017-09-21,22.752803136445664,-0.26871539384668,-0.2743255515087195,-0.8618316347322237,2.43260341733826,-0.0068560704761355,-1.0208747667745066,22.62503024710162,0.6108101915039278,0.011119774862533285,1
2017-09-22,22.71641385434289,-0.3982695987196862,0.9896640917655966,-1.3724386895935154,2.3017060198119004,-0.3473234002795258,-1.173338422984773,22.752803136445664,0.1876759817668141,0.011085059792818486,1
2017-09-25,28.96419694160272,-0.4336349790727523,0.634382271554653,-0.9291733602776135,1.997351458236441,0.5669268766363791,-1.835852267077112,22.71641385434289,2.473217568030049,0.011085059792818486,1
2017-09-26,28.18032270462473,0.070973192080185,0.0790268389246415,-1.061826253341092,1.6026022777963091,1.2372033476855615,-1.9279794031456057,28.96419694160272,2.8887038175542767,0.007760130242074687,0
2017-09-27,28.346250480784587,0.0146711338933283,0.1378713494118559,-0.9844438136410298,1.4475211757909483,1.5583056790026508,-2.17392552445776,28.18032270462473,2.835033414859596,0.006203922395950422,0
2017-09-28,28.616654803240674,0.1115776087666287,0.1184295002631525,-1.0390897386477924,1.33199321805492,1.6083712967472374,-2.131281885184148,28.346250480784587,2.3392745502456864,0.005376627629524031,0
2017-09-29,28.38375674510113,-0.6913179405395145,0.483839095813813,-0.7920866712846859,1.3213366371378457,1.8200925044834035,-2.141863625610863,28.616654803240674,0.2714467068470202,0.003953355437379623,0
2017-10-02,28.01419407364344,-1.3676567588718855,0.2360869521747766,0.2722805665070362,0.9990208951646044,1.7364932546701768,-1.876224909644712,28.38375674510113,0.2025305445963082,0.003953355437379623,0
2017-10-03,27.340883610511423,-1.314378434399024,1.1553567053394604,-0.1517756904131104,0.6287920906934619,1.5587486107906052,-1.876743282011395,28.01419407364344,0.4435245072811448,0.003976254490538935,0
2017-10-04,27.148382063709835,-1.219117365768887,1.229510457109996,-0.2579739476700426,0.7584060835056414,1.5013608656045625,-2.0121860927812687,27.340883610511423,0.5723971774312252,0.00398952003602702,0
2017-10-05,28.49021331073501,-1.2105151064056772,1.0735301293558006,-0.1045315394791961,0.7086823637681836,1.5081039664498732,-1.9752698136889864,27.148382063709835,0.5422081879868149,0.004220154013113023,0
2017-10-06,30.20264597839728,0.3301437136046292,1.3116444222342527,0.2199509983007219,0.0199762704597041,0.4524400610088017,-2.334155465608105,28.49021331073501,1.0923013819039558,0.004039683897681055,0
2017-10-09,28.134214631680816,0.1065808787345803,1.1288726996417364,-0.4252632095977144,-0.1525356622984528,0.989337908840795,-1.6469926153209449,30.20264597839728,1.0884033720953192,0.004039683897681054,0
2017-10-10,28.41306758041213,0.4553679582473471,0.5793939346419938,-0.3079511970422928,-0.0936049592932102,0.989052379573137,-1.6222581161269811,28.134214631680816,0.9863914978220724,0.004039683897681054,0
2017-10-11,27.43074999099585,0.1221146177751055,0.3998449058621973,-0.1590139479683285,-0.2589741668608809,1.5648415926715478,-1.6688130014796412,28.41306758041213,0.9141017546886876,0.0014516307098857127,0
2017-10-12,27.51342771820853,0.1346917040216686,0.3517280679278549,-0.1687404279055249,-0.2766239906092078,1.680715284421704,-1.7217706378564954,27.43074999099585,1.0027050311810044,0.0007345308265931578,0
2017-10-13,27.665710945940287,0.1749112497882796,0.4226092018554521,-0.1706649537785374,-0.3182497454698429,1.5081744950088445,-1.6167802474041963,27.51342771820853,0.3792396429073451,0.0007345308265931578,0
2017-10-16,27.90718857043498,0.3478208448844242,0.6084391117301153,0.069471592682218,-0.4531563640193212,1.1122189441892991,-1.684794129466736,27.665710945940287,0.3529498803061061,0.005263017899904857,0
2017-10-17,27.78956977844868,0.3678121938888044,0.5805087732727146,0.0533573396630391,-0.4186558715886619,1.0964089049190444,-1.6794313401549372,27.90718857043498,0.1743291688909995,0.005646928110992375,0
2017-10-18,28.00731178518863,0.3869108706875765,0.5574825002642099,-0.037474823459906,-0.3527187872764763,1.1315217503298558,-1.685721510545265,27.78956977844868,0.1743591358097574,0.006617182027456577,0
2017-10-19,28.30418467492601,0.4808931279903259,0.5627710857706081,-0.0462106228986298,-0.3153126002362505,1.0476505929871776,-1.7297915836132252,28.00731178518863,0.2172400166347222,0.006699102003476546,0
2017-10-20,28.347128343336408,0.4777678559494536,0.5528484109490361,-0.0452970941329082,-0.3018364902261634,1.0527511956384568,-1.7362338781778672,28.30418467492601,0.219415253808145,0.006699106079780444,0
2017-10-23,28.94822277477509,0.326951504493886,0.6656275989986051,-0.2725054285188442,-0.3443892592961797,1.3799416885702749,-1.7556261042477408,28.347128343336408,0.3915331115884869,0.006699106079780445,0
2017-10-24,28.61533803476335,0.3465888600821305,0.7172147095573362,-0.2693438183417669,-0.3430617131484696,1.3459945881880562,-1.7973926263372912,28.94822277477509,0.3172460916462485,0.007475341210002883,0
2017-10-25,27.876705973865096,0.1287785119208599,0.7303073531576185,-0.3374690875231891,-0.6233463770448733,0.9678896789108796,-0.8661600794212925,28.61533803476335,0.3552615752850593,0.007466099078688915,0
2017-10-26,27.93036014823573,0.1014901806528074,0.7488896111103722,-0.3455955996647484,-0.6743339077834758,1.0155343815725244,-0.8459846658874781,27.876705973865096,0.40698400540318,0.007461883174454278,0
2017-10-27,30.392281770378634,0.9310981771954684,0.6519463134772896,-0.3987663158976726,-1.3748706772521802,0.3009530565007337,-0.110360554023638,27.93036014823573,0.9153069586106491,0.007711900905932527,0
2017-10-30,29.290267402062486,0.8967038299376542,0.6293946476280015,-0.4839853018111526,-1.4751876187188562,0.7447303334494952,-0.3116558904851372,30.392281770378634,0.9398261215158636,0.007711900905932527,0
2017-10-31,29.08142813361125,0.6587910349803092,0.8094380103215619,-0.4719130379105172,-1.4457499188167904,0.7240827198727056,-0.2746488084472704,29.290267402062486,0.937918159254809,0.007688943314449721,0
2017-11-01,28.01191558435809,0.8078900216776033,1.2603924412390888,-0.5435810013502627,-1.3384812955699856,0.4191003212343633,-0.6053204872308093,29.08142813361125,0.9091223243578272,0.007887688980945056,0
2017-11-02,27.92881570730404,0.7683018198404632,1.4452922206939105,-0.4512693237768364,-1.3965882799151226,0.377854067010182,-0.7435905038525927,28.01191558435809,0.9094659347851706,0.0077177268014100185,0
2017-11-03,28.16611944357804,0.9512682209668216,1.521545265834813,-0.6284441545795101,-1.4765417933011071,0.4782317197114971,-0.8460592586325033,27.92881570730404,0.5724409677498061,0.0077177268014100185,0
2017-11-06,34.66638958172561,0.0298090995197206,2.317592668457502,-0.5975892985884457,-0.4614849821618101,-0.1914731017246058,-1.0968543855023625,28.16611944357804,2.58084786161526,0.0077177268014100185,0
2017-11-07,34.4426236478981,0.1879230849662132,2.192902035021941,-0.6804506330377453,-0.5369456987571857,-0.1549691036521672,-1.0084596845410574,34.66638958172561,3.195282219474532,0.007717726801410019,0
2017-11-08,34.48581316064449,-0.0393060511010681,2.5914339430599,-1.0686026994027182,-0.6178680606276998,0.3739688470537774,-1.2396259789821862,34.4426236478981,3.1783405368894693,0.0077177268014100185,0
2017-11-09,33.53883383741141,0.2074023675812917,2.9556304709211667,-1.2803276489802942,-0.8672502563093456,0.5609796446586768,-1.576434577871496,34.48581316064449,2.478081013354352,0.0077177268014100185,0
2017-11-10,32.46293941291518,0.3864607165330849,2.6648184097191185,-1.1870853172396094,-0.6372881295548307,0.3229550468989242,-1.5498607263566866,33.53883383741141,0.8268843091096469,0.007765512511962908,0
2017-11-13,32.977546310086005,0.0270129922872754,1.6375094287462972,-0.3048263461506266,-0.3633664741794122,0.537006642878306,-1.5333362435818363,32.46293941291518,0.7971291569512732,0.0032370254386512093,0
2017-11-14,33.02401261579679,-0.1824734796772489,1.7868949177476758,-0.3860717364858939,-0.3272692330407549,0.5434658727129742,-1.4345463412567478,32.977546310086005,0.6846877732130269,0.0034617493909773864,0
2017-11-15,33.23934512355056,-0.1681798620627859,1.746790812401903,-0.6678293321338442,0.3843092564154382,0.5648528024739421,-1.859943677094657,33.02401261579679,0.3536564395712819,0.0026865396624055505,0
2017-11-16,33.21201978884775,-0.0883480751077634,1.7318647131192244,-0.8872109412846809,0.4386012013081961,0.7131697283320659,-1.9080766263670383,33.23934512355056,0.2794056293773052,0.0038203347590804087,0
2017-11-17,31.918473838308334,0.0338479694071631,1.5896797685570063,-0.7472805661752435,0.3358753185579282,0.6611901338974566,-1.873312624244306,33.21201978884775,0.4886696051858993,0.0039061204452652495,0
2017-11-20,31.61987908433838,0.4393098643558044,1.5435485064223982,-0.5554124680485204,0.0528367743808786,0.4242412143332434,-1.9045238914438047,31.918473838308334,0.6911142193061192,0.0039061204452652495,0
2017-11-21,31.71906079536821,0.4971600639666507,1.6143516903656605,-0.7229435135239468,-0.3037920309891726,0.5567126521881067,-1.6414888620072996,31.61987908433838,0.7281550225794818,0.00312988531504281,0
2017-11-22,30.481088421006792,0.4765950583815126,1.5410249522500552,-0.6406886928135584,-0.2111247072436315,0.2996578247085359,-1.4654644352829131,31.71906079536821,0.8701573157590233,0.004756106584125046,0
2017-11-27,30.37329306491118,0.4158035226240359,2.13412557770946,-0.4072373183294759,-0.4385379604242532,0.0075569355392923,-1.71171075711906,30.481088421006792,0.6572223052357852,0.0047561065841250465,0
2017-11-28,30.1287407449052,0.3240545503950658,2.051168925097863,-0.5355452735286859,-0.3630778319651844,0.3049322299257433,-1.781532599924803,30.37329306491118,0.6679074859785005,0.004377891044142294,0
2017-11-29,31.631589340392924,1.2305753781921045,1.0672608184510404,-1.1126301134091543,-1.154353904337933,-0.0150996572750377,-0.0157525216210192,30.1287407449052,0.6705676952133799,0.005474930434625155,0
2017-11-30,31.13398380051817,1.144653071361594,1.2626774485609409,-1.1155447608672038,-1.1597281525348793,-0.0377308241709761,-0.0943267823494728,31.631589340392924,0.552236832898021,0.005474930434625155,0
2017-12-01,28.510874200700783,1.1118447962769684,1.7180020199318822,-1.2172667105445845,-1.652171453414172,-0.3449402113413717,0.3845315590912719,31.13398380051817,1.066660351955892,0.005817855835770158,0
2017-12-04,30.6939369966215,0.949829616207368,1.9609822127665084,-1.6346434357168178,-1.318588353054695,-0.3943768667693264,0.4367968265669728,28.510874200700783,1.0753935273570698,0.012595662484399577,1
2017-12-05,30.09660458652149,0.9867580905645594,1.7087956084396467,-1.6617678380440752,-1.1476918191515084,-0.3589386317920477,0.4728445899834237,30.6939369966215,1.077208525780046,0.02660980790618752,1
2017-12-06,30.88240153927823,1.5443845450491187,1.16356132810832,-1.2298905417018648,-1.5794302287956734,-0.34669359768289,0.4480684950229987,30.09660458652149,0.9408090585896092,0.02807339368823416,1
2017-12-07,29.735803741666945,1.778554274829391,1.0484019079513225,-1.0289734457319213,-1.7117798887130538,-0.2900936149683932,0.2038907666326599,30.88240153927823,0.8432694269744795,0.02807352201631919,1
2017-12-08,29.92646560562141,1.6828810640556648,0.722772563375429,-0.8868394321931898,-1.327542989532815,-0.2442938959931124,0.0530226902880315,29.735803741666945,0.4445586530839003,0.02807352201631919,1
2017-12-11,28.95095310679524,1.3510825851299515,0.5783168224274493,-0.5039295510030151,-1.1431200950466582,0.0227965475827334,-0.3051463090904573,29.92646560562141,0.6213558997325594,0.028073522016319186,1
2017-12-12,29.264910474173405,1.7947058447533903,0.4829143335481638,-0.2938129376990632,-1.226386289667201,-0.1997211819292257,-0.5576997690060592,28.95095310679524,0.6614288292000139,0.028730700551600496,1
2017-12-13,29.645474324831763,1.63022926801838,0.1747861999720354,-0.3818701210696256,-0.6839090936928027,0.0588348656098318,-0.7980711188378105,29.264910474173405,0.3507840395913802,0.028881144354682243,1
2017-12-14,32.27127319254032,1.2853480388859877,0.4533996415679526,-0.9157003996779932,0.2338832973387106,0.2578581913906697,-1.314788769505332,29.645474324831763,1.177279547125136,0.028272510191268547,1
2017-12-15,31.83939508031665,1.4960422998747376,-0.0314659164363573,-0.741100995903536,-0.2662206225032921,0.164777830338048,-0.6220325953695984,32.27127319254032,1.380640355225773,0.028052540960784553,1
2017-12-18,30.946373670611365,1.6662473694004234,0.0243547205719472,-0.590108619833611,-0.1956749932658157,-0.2143786049870648,-0.6904398718858653,31.83939508031665,1.1794599929651894,0.03017271573829455,1
2017-12-19,30.23446535037248,1.6652481116572693,-0.123797778689549,-0.5753372443712195,-0.228123502046655,-0.2350040576867162,-0.5029855288631317,30.946373670611365,0.9740209705472518,0.03005721987199443,1
2017-12-20,31.43452579527456,2.112580019106163,-0.247667894573071,-0.5841613175142619,-0.3580027685419429,-0.3154444509397711,-0.6073035875371171,30.23446535037248,0.7074762661362838,0.03316172737802027,1
2017-12-21,31.15712083594444,2.09683059785348,-0.2667962769371588,-0.5849237863151018,-0.4771098169701098,-0.2663537647516367,-0.5016469528794656,31.43452579527456,0.5351865472011664,0.0368977603038327,1
2017-12-22,31.08527634463503,1.9115836071965209,-0.0217100525804809,-0.5546058241030476,-0.8158670720757746,0.2276220918528011,-0.7470227502900162,31.15712083594444,0.4014086276793586,0.03546573891917782,1
2017-12-28,34.5845047894047,0.8863966449775509,0.4290006180349621,-1.1432351132045344,-1.526676238504706,2.841880896844492,-1.487366808147761,31.08527634463503,1.4974134919028534,0.03546573891917782,1
2017-12-29,33.26432337089068,-0.5565486705957028,3.210448271199595,0.3008444231761347,-3.426238334133821,1.7254851411819252,-1.253990830828133,34.5845047894047,1.3913677453381683,0.03793011472619416,1
2018-01-11,32.333811785506164,-0.5101691372339268,3.2772183052814,-0.0880344782349435,-3.297102826350354,2.515764853829094,-1.897676717291271,33.26432337089068,1.32367764495718,0.03780198478832843,1
2018-01-12,34.341924660823814,-1.255396300474947,6.796223656649513,-0.9033390808774008,-2.320382222855728,0.4464375814709278,-2.7635436339123687,32.333811785506164,1.297449519923609,0.03780198478832842,1
2018-01-17,39.32138791336386,-2.648362784724741,11.538563975696272,-2.592979385300357,-1.4998779612806803,-0.7540089502392768,-4.043334894151224,34.341924660823814,2.413912208782408,0.03815830157012292,1
2018-01-18,40.46889268087195,-1.3003800890762758,8.318572807012574,-1.6060535151191848,-1.2022872916076317,-1.1952847166705247,-3.0145671945389623,39.32138791336386,3.306422619054698,0.03142357911581942,1
2018-01-19,37.10967912937825,-1.3646268594141038,6.875972860305158,-1.3582172570408029,-2.29454989123302,0.6004497388533521,-2.459028591470588,40.46889268087195,3.0287633274619936,0.017409433694031484,1
2018-01-22,37.27737890132306,-1.0434782485479754,6.949458797795384,-1.3483863899219246,-2.128913348513457,0.0618828416982646,-2.490563652510285,37.10967912937825,2.102348616945928,0.015946213272840844,1
2018-01-23,36.22380694672193,-1.0415858444650017,6.46053997584931,-1.3378515286071968,-1.757131332957985,0.2050284351585656,-2.5289997049776947,37.27737890132306,1.5671010050882597,0.015946084944755818,1
2018-01-24,35.276669669405294,-1.523576637423485,6.96583694678303,-1.58707153018379,-1.617552157787764,0.2876784829184666,-2.5253151043064634,36.22380694672193,1.750802619541295,0.016821413262801514,1
2018-01-25,34.60720477911972,-1.580427512216752,7.107406916001379,-1.6868808506876878,-1.4159463329471145,0.2708171648508521,-2.694969385000683,35.276669669405294,1.032211804977051,0.01684482007545752,1
2018-01-26,33.27396266285718,-1.461921192635801,5.685239275366328,-2.201818718340135,-1.0804557625886255,1.144929998957302,-2.085973600759069,34.60720477911972,1.36702053735706,0.016146784131134795,1
2018-01-29,32.73133606318435,-1.694552814339037,5.787380423916693,-2.4217507364743938,-1.063724421499816,1.2389444244981638,-1.8462968761016143,33.27396266285718,1.2796563465058128,0.016154846365928757,1
2018-01-30,34.25938586334825,-1.85630950792991,4.605880133862232,-2.7081521527283137,-1.0687967017361624,1.657657713408069,-0.6302794848759099,32.73133606318435,0.9163065596864666,0.016154846365928757,1
2018-01-31,33.77916553205557,-1.6645550588719642,4.664593222418425,-2.330662490941456,-1.1620816865579735,1.135551911492553,-0.6428458975395852,34.25938586334825,0.671930704070976,0.016064005132661614,1
2018-02-01,33.49275830997424,-1.3146816081030517,4.714224305421988,-2.1685308039834075,-1.1441841168008953,1.170979242693722,-1.257807019228352,33.77916553205557,0.5091800891449578,0.012547569793643795,1
2018-02-02,35.96039444250135,-1.9300389334617245,3.962964564873691,-2.6845227113203105,-1.5659053125870992,2.4680066535124663,-0.2505042610170243,33.49275830997424,1.078521968997682,0.012547569793643795,1
2018-02-05,35.34288628181317,-1.9903978224598395,4.6289252326453285,-3.0035375779234883,-1.747045405636352,2.278050732082596,-0.1659951587082462,35.96039444250135,0.9394522207848276,0.00944306228761795,1
2018-02-06,34.813000175976775,-2.0935565247148995,4.242470116704585,-3.088473153587642,-1.985372046921726,2.5897915065756183,0.3351401019440692,35.34288628181317,0.9292507671629374,0.005707029361805527,0
2018-02-07,34.543477716348015,-2.060577228079824,4.254500089418373,-3.551339784663008,-1.9885361450457664,2.715327876456493,0.6306251919137331,34.813000175976775,0.8260075081152803,0.005578120174032239,0
2018-02-08,33.880378989501935,-2.467210745360096,4.752256656990691,-3.853931354667623,-2.0638619035443178,2.3674621521303765,1.2652851944509749,34.543477716348015,0.7063379559374193,0.005578120174032238,0
2018-02-09,33.88541023149016,-2.6198892941943823,4.58177372205432,-3.866882451805433,-2.4038413637597777,2.1292968491537496,2.1795425385515195,33.880378989501935,0.5606647178272844,0.0031137443670159006,0
2018-02-12,32.45880066851464,-2.503165563307939,4.433556704195178,-3.602131238948705,-2.6736423194914263,2.009813386537048,2.335569031015849,33.88541023149016,0.8153492324386196,0.003611543535566933,0
2018-02-13,32.32787005959168,-2.2816534109010425,4.154540316852954,-3.588896804371396,-2.569387423963644,1.8672272156201235,2.418170106763011,32.45880066851464,0.8726289403580949,0.00435951061458459,0
2018-02-14,33.70423343809671,-1.9219005259655235,3.678972190643429,-3.860306200078836,-2.483896597205068,1.8520149942868545,2.735116138319137,32.32787005959168,0.7048067675365455,0.0034571954333070774,0
2018-02-15,33.69878677624995,-1.826860878731738,3.641745181244629,-4.002328180655176,-2.5021408484278105,1.7874723805053172,2.902112346064781,33.70423343809671,0.6755273256313391,0.003443586936321656,0
2018-02-16,33.613999316422856,-1.9404765342431445,3.474287114900818,-4.044601845205748,-2.589399434494265,1.904949501512084,3.1952411975302555,33.69878677624995,0.6287630112075364,0.003443586936321656,0
2018-02-21,32.75032064768711,-1.432902031407533,3.481007152897672,-3.726888957620825,-2.6944224985537537,1.7173454860638762,2.655860848620568,33.613999316422856,0.5719168116469773,0.0034432215754656515,0
2018-02-22,33.21616324564327,-1.6289001838009156,3.352945448579044,-3.713909646796824,-2.809940154002018,1.961135885348527,2.8386686506721865,32.75032064768711,0.369716652483456,0.004684686477722874,0
2018-02-23,30.77176388416971,-1.861750069103035,3.43218376851427,-3.927389118983818,-2.224145878429266,1.911935416839639,2.669165881162206,33.21616324564327,1.0732467835261776,0.005272633857156182,0
2018-02-26,30.583415695458854,-1.8742778586426248,3.1975886274548984,-3.918176888136928,-2.359619605489632,2.032835253531199,2.921650471283088,30.77176388416971,1.2638995201223997,0.005249227044500177,0
2018-02-27,30.757476601301693,-1.6495029006744018,3.130666449509963,-4.102434645599817,-2.3309851526180907,2.149894918818656,2.802361330563693,30.583415695458854,1.1281163936360656,0.005818321453412619,0
2018-02-28,31.639658524998875,-1.700540768985376,3.027470912199812,-4.111526161571038,-1.804719314936824,1.981299465179835,2.6080158681135925,30.757476601301693,0.9828543408923256,0.005663515264586584,0
2018-03-01,29.35227133967088,-2.154331104202308,2.659792238436656,-4.0860698412538925,-0.2183754058296068,1.8074445598748192,1.9915395529743376,31.639658524998875,0.7334992517028422,0.005663515264586584,0
2018-03-02,29.40825041738619,-2.228014280252244,2.6467394560167303,-4.250902810800084,0.3563033274922653,1.7934220672729189,1.682452240270412,29.35227133967088,0.8678799450181682,0.0056635152645865845,0
2018-03-05,29.692017027539947,-2.3258614473707944,2.6021223614823468,-4.358317808582025,0.7538190795171449,1.8109672281060656,1.5172705868472516,29.40825041738619,0.8924612290078159,0.0056635152645865845,0
2018-03-06,28.572964866721435,-2.2289872698107427,2.6905678798933907,-4.209302493806114,-0.0173637862482145,1.6735680919166294,2.0915175780550506,29.692017027539947,1.0230468654336338,0.007227634370695503,0
2018-03-07,28.223410318317462,-1.737238695785237,2.563956756752148,-3.714648468343301,-0.3000135823201675,1.4942767551938467,1.6936672345027102,28.572964866721435,0.5554655655124262,0.007227634370695504,0
2018-03-08,28.167935730689788,-1.717902951070025,2.531460274218942,-3.747427555892527,-0.2479573681993452,1.488810493115729,1.6930171078272291,28.223410318317462,0.6242330859613985,0.007295312214663256,0
2018-03-09,29.225504456734708,-1.6193600678174418,2.484990432183072,-3.354637198631617,-0.4177084590835411,1.224913339798939,1.681801953550595,28.167935730689788,0.5928678701178323,0.007750494893441789,0
2018-03-12,28.728407321902235,-1.4237942315166956,2.431768627102272,-2.777007625041674,-0.6651615510762432,1.3659181348526688,1.0682766456796813,29.225504456734708,0.3835718915058919,0.008011783935381746,0
2018-03-13,30.593604562670787,-1.1816348282908775,1.668436323467974,-2.6291725976654154,-1.004828365644946,2.0152443629116688,1.1319551052216008,28.728407321902235,0.8898163030047339,0.008011954590663173,0
2018-03-14,29.779853682321143,-0.9638423430562986,1.5910464437424794,-2.7467716598269565,-0.9652976830194192,1.9444248665138413,1.1404403756463557,30.593604562670787,0.8387496884390372,0.006545245969495018,0
2018-03-15,29.43005659595825,-0.9536439586422762,1.6763831354570748,-2.6717359946845747,-0.9567036565891918,1.8342152339767,1.0714852404822697,29.779853682321143,0.6223552802130705,0.00579727889047736,0
2018-03-16,30.11794820591365,-0.5312298443050247,1.909873675960979,-2.252963421699953,-1.0565145644351177,1.2018810470381078,0.7289531074410149,29.43005659595825,0.6311823786935037,0.00628371363339523,0
2018-03-19,30.24054716837146,-0.5010457575419149,1.9082090347960377,-2.277080876113179,-1.1141109366600117,1.2091101439116954,0.774918391607371,30.11794820591365,0.3980430929797887,0.006193566138503768,0
2018-03-20,29.270387474351978,-0.3091606581287793,1.7167656234873,-1.7309863256825793,-1.1694864512560463,1.6438415149620895,-0.1509737033819886,30.24054716837146,0.3762256667619636,0.006193566138503768,0
2018-03-21,30.669763954763923,0.0525903400179892,1.6069510276118306,-1.5576836361737625,-1.52476395044527,1.757002508869017,-0.3340962898798008,29.270387474351978,0.5220743293595743,0.006930125326595357,0
2018-03-22,30.20946276064989,0.4037757503123487,1.7563593832663404,-2.427049524804799,-1.6408195629046756,1.6264870300468153,0.2812469240839776,30.669763954763923,0.4571504116715661,0.005688660424338135,0
2018-03-23,28.36819806448867,0.5813074824565989,1.721547304323873,-1.8142657082492688,-1.636041163190714,1.3042743934180998,-0.1568223087585938,30.20946276064989,0.8291078425702465,0.004370859071012497,0
2018-03-26,28.071366690562257,0.3750331545196248,1.6582437772013328,-2.3264943648677123,-1.7292856665773535,1.2271553486565674,0.7953477510675437,28.36819806448867,1.0080135699184705,0.004370859071012496,0
2018-03-27,28.69169069621272,0.0564826539701615,1.4109175979993798,-2.271969924237334,-1.5748775582492214,1.1573534424345908,1.222093788082424,28.071366690562257,1.0395465480784791,0.0038365587741286144,0
2018-03-28,28.03546976574281,-0.1001925444358002,1.6091675259293208,-2.446417214557634,-1.7923517395630513,1.130612952826358,1.599181019800811,28.69169069621272,0.8027893598360714,0.0038328589250789433,0
2018-03-29,28.011434851912203,-0.1828895493353277,1.9523610701499865,-2.369151177276467,-1.7859059526262415,0.9053402533160076,1.480245355772044,28.03546976574281,0.2618685429619903,0.003838515741195831,0
2018-04-04,26.04089266500056,-0.4925722493849127,1.565414818073831,-2.1922869637070432,-1.2670314569589742,0.7223512469118161,1.6641246050652834,28.011434851912203,0.9009897486393196,0.0038385157411958306,0
2018-04-05,26.311429144406148,-0.4142180085006144,1.5490722638117682,-2.405376018301025,-1.24690448214837,0.6088912525401318,1.9085349925981168,26.04089266500056,1.0465796985444855,0.003838515741195831,0
2018-04-06,28.30913497667531,0.278565669323175,1.1679495807583522,-2.945979265070738,-1.4451583483675678,0.4154656316454268,2.529156731711353,26.311429144406148,0.961181507172722,0.002342960539531012,0
2018-04-09,28.724573097050307,-0.0623884846534599,-0.0884820136345521,-0.829849528443332,-1.6476738418614338,1.1275696331579357,1.500824235434839,28.30913497667531,1.091369459528307,0.0023429605395310126,0
2018-04-10,29.16222352187458,0.0363489629619824,0.2897992477665627,-1.273115539299237,-2.0028920640247936,1.1614197310739542,1.7884396615215272,28.724573097050307,1.2836817028195369,0.0022752826955632598,0
2018-04-11,28.18813185022336,0.3577875874093443,0.3223223357775397,-1.01295098832259,-2.245724986940812,1.0062737401402804,1.5722923119362404,29.16222352187458,0.975833721531488,0.00209576336452653,0
2018-04-12,26.74288433684608,0.2016110859224307,0.5159230995496311,-1.1020020549215204,-2.209293870390851,0.8651295626333151,1.728632177206998,28.18813185022336,0.8164637461903612,0.0018344743225865727,0
2018-04-13,26.271998119077303,0.4291434227269928,0.7699210337233566,-1.2178410655169165,-2.1613698695701435,0.5168197656394291,1.6633267129972815,26.74288433684608,1.1235483738080403,0.0018343036673051465,0
2018-04-16,26.18942926314592,0.4814056856367967,0.6189669395231743,-1.4339078041763171,-1.7106368085010628,0.54072426790357,1.5034477196138427,26.271998119077303,1.1710328792568936,0.005636624826657461,0
2018-04-17,25.73569305493145,0.3645550884481379,0.6297748927344546,-1.2961842121934364,-1.7267250289317675,0.3151830910244624,1.7133961689181518,26.18942926314592,0.84409418522603,0.0060694151768075225,0
2018-04-18,27.444626154499947,1.159030004447528,0.359956947860109,-1.3617524392891545,-1.5390777020457491,0.1250378867928545,1.2568053022344206,25.73569305493145,0.5798712813884551,0.006024676539502093,0
2018-04-19,27.2747435806089,1.055551863870459,0.4159840126924425,-1.3881268404099751,-1.6405922123315615,0.0352303733399055,1.5219528028387326,27.444626154499947,0.6618848119300299,0.006024676539502093,0
2018-04-20,27.17935223284198,1.0980891345515251,0.4066477765751308,-1.472352291044384,-1.626597670669098,-0.0003399229638247,1.5945529735506558,27.2747435806089,0.6758952868410636,0.006024676539502093,0
2018-04-23,27.07452795369824,1.2571440454404217,0.3932670320605513,-1.4191921092194617,-1.6525759980425048,-0.0310855351682297,1.452442564929228,27.17935223284198,0.6152117204399468,0.005288117351410502,0
2018-04-24,26.67933982581229,1.1839550701104224,0.3768192978558513,-1.3299522594006907,-1.5589096109267304,-0.0960926879928099,1.4241801903539597,27.07452795369824,0.2563381997568427,0.005288117351410503,0
2018-04-25,26.370067074600723,1.0514409215011895,0.2954718590975957,-1.1399978200601977,-1.582802495622039,-0.05473012649911,1.4306176615825597,26.67933982581229,0.3397741863957159,0.005142643007257137,0
2018-04-26,26.53353953430017,1.209668858354786,0.2455202017702293,-0.9090452725024534,-1.4915191130492,-0.2041394270341205,1.1495147524607603,26.370067074600723,0.3112397729655231,0.011268180699327127,1
2018-04-27,26.52362922110368,1.250909893624292,0.295473120262187,-0.9070953959128278,-1.4050836375456823,-0.205138593271255,0.970934612843292,26.53353953430017,0.2400127175298131,0.011226458285787083,1
2018-04-30,26.20100894383148,0.9777929617267872,0.2825820748819301,-0.7999696759953787,-1.4370532662519793,-0.1925173541792499,1.1691652598178943,26.52362922110368,0.1629229837001273,0.011226458285787083,1
2018-05-01,26.817276564799226,1.2624817194579965,0.2450771201638706,-0.8906097010338838,-1.3650033301930318,-0.3809620294182561,1.129016221023314,26.20100894383148,0.2039766118391252,0.025350135760962567,1
2018-05-02,26.12309100917748,1.178139879503644,0.1722839231800095,-0.8768409315236774,-1.2596311857948108,-0.2534333904674075,1.0394817051022445,26.817276564799226,0.2512483662017144,0.02546173603414574,1
2018-05-03,25.205871915722465,1.0234483971402613,0.2514194353284631,-1.058872971069202,-1.3087036011803352,0.0599669401107894,1.0327417996700192,26.12309100917748,0.5434405897568946,0.02551075861659892,1
2018-05-04,26.065345368472283,1.4254285454341111,0.0862555555624351,-1.1503958173978903,-1.3436521502499006,-0.1859827660561848,1.1683466327074252,25.205871915722465,0.514657104826465,0.025442194712154816,1
2018-05-09,28.3386550234818,1.6343327147100126,-0.4077360913582148,-0.2423710770829679,-1.4994974079528398,0.2202865053408347,0.2949853563431843,26.065345368472283,1.0475270344380971,0.02544219471215482,1
2018-05-10,27.172984700116988,1.1254608730300966,-0.3414552206494354,-0.2916280790910148,-1.563163601525146,0.0617806887138874,1.0090053395216034,28.3386550234818,1.0776227983909092,0.026097797973483133,1
2018-05-11,27.73792170431147,1.4928416240645674,-0.4115717163824939,-0.1286972916324682,-1.556844247752855,0.0537489190508315,0.5505227126524126,27.172984700116988,1.1325187569783497,0.02584409946006043,1
2018-05-14,28.19172878053311,1.640953005479803,-0.8709521273186582,-0.0466678015500185,-1.7220062214537628,0.2760804076619907,0.7225927371806495,27.73792170431147,0.8250577923465514,0.02584409946006043,1
2018-05-15,27.93254729790509,1.6440730604131568,-0.8393279604115009,-0.0226469774405471,-1.6857763694984866,0.3455965738357789,0.5580816731015994,28.19172878053311,0.4074850826364951,0.025844289782983726,1
2018-05-16,27.71432065589477,1.4475787207795197,-1.2335653992890847,0.251590327075875,-1.5482612761340886,1.0681274606245863,0.014530166943194,27.93254729790509,0.3355036033407104,0.022723070069823634,1
2018-05-17,27.285967429278145,1.2833029176069015,-1.1397561000184722,0.2755041342091084,-1.452545722422072,0.9318663382986112,0.1016284323259175,27.71432065589477,0.2975440622638632,0.022290279719673574,1
2018-05-18,27.65082293267297,1.1670131546613272,-1.1077362475527337,0.4437279180540789,-1.7899607824693913,1.2059700328065253,0.0809859245001916,27.285967429278145,0.3015805907428976,0.028091497120332806,1
2018-05-21,27.8247601427868,1.2732449728314412,-0.7790154938141283,0.1167304529853847,-1.8504315215671885,1.1453999563259356,0.094071633238554,27.65082293267297,0.2200056081105357,0.03153477887484701,1
2018-05-22,27.69046219731145,1.1339569984797544,-0.3614762087123133,0.0171501282392663,-1.934416104313084,0.9752253642506296,0.1695598220557488,27.8247601427868,0.1829949791993032,0.031565940611930535,1
2018-05-23,27.67992951830233,1.0360363886035708,0.142246664621696,0.2763785516407999,-1.9290559718094813,0.4184409698418374,0.0559533971015753,27.69046219731145,0.1804477402924894,0.03197428150302478,1
2018-05-24,28.25926925734496,1.543836513603444,0.0876441038354882,-0.2394712090679416,-1.6691691261668289,0.2658730292413129,0.0112866885545273,27.67992951830233,0.2271542655019401,0.03197428150302478,1
2018-05-25,26.82865640607952,1.4743065179482135,0.0794556712990037,0.0302342411010378,-1.61655111899698,0.0950264791911288,-0.062471790542407,28.25926925734496,0.4644716516033552,0.03197428150302478,1
2018-05-30,28.879245801659703,0.915209669678938,-0.4388022841647632,-0.1980552266743451,-1.242488824903198,1.286474965533796,-0.3223382994704336,26.82865640607952,0.6815913437236216,0.025848743810954786,1
2018-05-31,30.475681419563603,0.7442838708146331,-0.630499215700945,-1.2213836980898949,-0.8268902145094437,1.4805090344397276,0.4539802230459275,28.879245801659703,1.2282135092020725,0.025848743810954786,1
2018-06-01,30.45928283571325,0.7819566644037153,-0.4822328161622644,-1.399644947266351,-0.7502412166589831,1.3305387715965675,0.5196235440873158,30.475681419563603,1.3844293536037726,0.025848743810954786,1
2018-06-04,29.11006678901528,1.00550340140044,-0.3284233973568122,-1.3929482105031052,-1.264252591709269,1.4412021310483096,0.5389186671204418,30.45928283571325,1.3368013784830968,0.011719409519662416,1
2018-06-05,27.08883728627516,1.1130161403799566,-0.2047742752517549,-1.1373407195966658,-1.6603830496777494,1.2943784837784094,0.5951034203678081,29.11006678901528,1.247485566286312,0.011609029180288784,1
2018-06-06,26.32624248245614,1.123440450128479,-0.1538905717407466,-1.1780815632267505,-1.716690858927341,1.2272378775920023,0.6979846661743632,27.08883728627516,1.7115213807615277,0.014680016002278844,1
2018-06-07,26.681602103023423,0.4251337220334479,0.2310275711811193,0.0348750172391882,-2.4824507600725,0.9264179462721932,0.8649965033465561,26.32624248245614,1.5892053412326197,0.014680016002278848,1
2018-06-08,26.262831986754065,0.4946359528478687,0.5998428177414767,-0.0479755921262512,-2.3961649114906325,0.4743979034848227,0.8752638295427158,26.681602103023423,1.0502300522869616,0.014680016002278844,1
2018-06-11,25.59266643979641,0.5451106429230341,0.7554072866676607,-0.1337245174831878,-2.476298478158928,0.4672787296358853,0.8422263364155342,26.262831986754065,0.4958592379499926,0.01552209668937864,1
2018-06-12,25.61182103276258,0.7033543982861641,0.7525497490222632,-0.2640669888080067,-2.5020722031074096,0.4496800868848809,0.860554957722115,25.59266643979641,0.4269762530749848,0.015976504863375755,1
2018-06-13,25.3769989945465,0.676152742255276,0.7887073295029985,-0.3140679979179186,-2.456618580576837,0.3986929827833774,0.907133523953108,25.61182103276258,0.4885582071979302,0.015976504863375755,1
2018-06-14,23.85366771018673,0.5054234026205995,0.5528426586501692,-0.3642957365949595,-1.9115431671596048,0.2328701112216427,0.9847027312621548,25.3769989945465,0.7999872086056025,0.01597631454045246,1
2018-06-15,26.52341014867952,1.2558938042265906,0.6085004622314131,0.13845114857385,-1.4823408591744176,-0.5777394692408362,0.0572349133834042,23.85366771018673,0.8643342042124833,0.01628186136909716,1
2018-06-18,28.315839826731715,0.8443009442415645,0.4185466141848688,1.551842385849553,-2.304889225146705,0.0162332777034448,-0.5260339968327128,26.52341014867952,1.467131185125569,0.01720180288218137,1
2018-06-19,29.212432761671995,1.1734633156604692,0.3223520721900335,1.5269625169700571,-2.489219546689022,0.3526375994548876,-0.8861959575864171,28.315839826731715,1.9389123504963357,0.010949951162264285,1
2018-06-20,29.12577773059284,1.063283915167327,0.3070865257310708,1.5175502428566574,-2.477836061299578,0.4979107007641183,-0.907995323219596,29.212432761671995,2.022210303788467,0.007506669407750084,0
2018-06-21,29.18278897234488,0.8109705240395142,0.0936737395520801,2.035997985695647,-2.5577228510909733,0.8086536574879122,-1.1915730556841844,29.12577773059284,1.0297839923717544,0.00747550767066656,0
2018-06-22,28.26483889612452,1.049776112688476,-0.6358809814241879,1.709690052423226,-1.7760676578252903,1.196492473145642,-1.544009999007863,29.18278897234488,0.4339355020553821,0.007085567467710897,0
2018-06-25,27.17160760995959,0.6041671156129276,-0.7749590289683657,2.08014586733662,-1.3899945472367603,1.0812969379560848,-1.6006563447005058,28.26483889612452,0.79289781337061,0.007085567467710897,0
2018-06-26,26.12560059669728,1.9037835727375043,-0.984155570413494,1.3467323902454718,-1.9682107160409417,1.657410774154346,-1.9555604506828763,27.17160760995959,1.1775197501720518,0.007085567467710897,0
2018-06-27,26.34582243805757,2.794871084420916,-1.1014614979712325,1.2367311316345653,-2.518968612601004,1.5728221016549528,-1.98399420713819,26.12560059669728,1.1586359478312127,0.007850898890792844,0
2018-06-28,27.045850335503047,4.720971076786028,-0.791546181401152,0.1697401071256523,-1.803764214859876,0.2942481053873162,-2.5896488930379613,26.34582243805757,0.7514603232759008,0.007850898890792844,0
2018-06-29,28.792309150846023,4.32548026357806,-1.235694585638534,1.3027509556995058,-2.13954633904933,0.7801785462278943,-3.0331688408175976,27.045850335503047,0.9370311977590764,0.022512574488996094,1
2018-07-02,27.916566770052054,4.954596617116147,-1.3651925498095037,1.3407765344433926,-2.545080138395571,0.4195983478447349,-2.804698811199195,28.792309150846023,0.9946258765629143,0.022512574488996094,1
2018-07-03,26.336446413992547,4.089781319571051,-1.2070730824599398,1.1987706580242987,-2.4816131664151824,0.1729596988269688,-1.7728254275471882,27.916566770052054,0.9497188684182082,0.022511354555186547,1
2018-07-06,26.02050128482825,4.265969942634912,-1.2700314179516818,0.9420656720665724,-2.6794532652793777,0.2230009370931247,-1.481551868563545,26.336446413992547,1.0205024534434797,0.019719329365697393,1
2018-07-09,25.20821758526125,3.441994270229221,-1.399131818354047,1.5248629441054078,-2.236566947629492,-0.135405655547669,-1.195752792803423,26.02050128482825,1.30822542537994,0.019719329365697393,1
2018-07-10,25.20216343476389,3.4851183250020696,-1.438786270673929,1.56923579896994,-2.3360041230479887,-0.2224132083095007,-1.057150521940592,25.20821758526125,0.9956670774318848,0.019719329365697393,1
2018-07-11,30.895743718650085,3.181132517872161,-1.60751701079313,1.920380673998868,-0.8957961488506063,-1.078349844229154,-1.5198501879981312,25.20216343476389,2.128932394019169,0.019292664785034677,1
2018-07-12,30.711633091471537,3.0145805188665875,-1.8406294008067,2.0530610647885785,-1.034638210805448,-0.5373453813411868,-1.6550285907018345,30.895743718650085,2.627125954622454,0.01891825727835449,1
2018-07-13,30.298779955716054,2.9742306870870614,-1.851000378498635,1.9815473750803736,-1.0265223512771875,-0.6107957596788154,-1.467459572712789,30.711633091471537,2.667258668596632,0.01893235335043098,1
2018-07-16,33.457298214039945,3.1449751108705035,-2.1662235356251927,1.4503391499678298,-0.056367694839678,-0.901530659343858,-1.4711923710296149,30.298779955716054,2.6946691721857654,0.01922203543466408,1
2018-07-17,33.24385257593442,3.3228320312560617,-2.1360064664470806,1.6031213078555613,-0.0046188557560213,-1.094269072070671,-1.6910589448378497,33.457298214039945,1.3458372659017388,0.01823538715982715,1
2018-07-18,33.13166826921223,3.3795931763903635,-2.127123674189816,1.3782724501626058,0.2147136751886353,-1.1201404100604253,-1.7253152174913615,33.24385257593442,1.368458347182395,0.017453201253727617,1
2018-07-19,32.790439251675174,3.4683519320052723,-2.2798897052111817,1.5046222721932256,0.1880045733526376,-1.1286013832217945,-1.752487689118159,33.13166826921223,1.1629998031159248,0.01745320125372762,1
2018-07-20,32.54678193559365,3.344808167141648,-2.473541103344397,1.7609428915951533,0.1336919643878715,-1.0039848964175224,-1.7619170233627632,32.790439251675174,0.3254110792617939,0.017453201253727617,1
2018-07-23,30.838790041760426,4.029954199816529,-2.489610551608037,1.5381401906833778,-0.467083183190744,-0.928557407354214,-1.6828432483469178,32.54678193559365,0.8715448789232325,0.017561038952650113,1
2018-07-24,30.07042900824017,4.439996570537156,-2.3221023916540293,1.5362756400516142,-0.588605548841354,-1.1198167190963173,-1.945747550997064,30.838790041760426,1.199895057130964,0.017605502148541972,1
2018-07-25,29.63132961528257,4.066719267630417,-2.4843010819761684,0.9208580661210356,-0.1545398899359629,-1.0696943166924506,-1.2790420451468627,30.07042900824017,1.281207289143221,0.017605502148541972,1
2018-07-26,29.805900878178864,3.98239647722002,-2.53014469496358,1.0152102110814845,-0.0224343861826845,-1.1329645339230607,-1.3120630732321783,29.63132961528257,1.0671515215942875,0.01784600426034915,1
2018-07-27,29.837335783384106,4.471581050116267,-2.404923930525612,0.7475162245084155,-0.224438799262538,-1.2573179751316204,-1.332416569704912,29.805900878178864,0.4246941344339923,0.017080672837267205,1
2018-07-30,29.51013501703105,4.69940756839649,-2.691819966964321,0.8573005973825998,-0.203745034627933,-1.437026033820329,-1.2241171303665048,29.837335783384106,0.1912247843468416,0.017080672837267205,1
2018-07-31,31.13002791872481,4.629797835795929,-3.0905430827540714,0.7545329683785509,-0.6032155142523354,-0.6257065493210483,-1.0648656578470326,29.51013501703105,0.5857522592748268,0.002418997239063956,0
2018-08-01,33.08769399583384,4.608229537183365,-3.470978045017167,0.8839533747439843,-0.026497815745234,-0.7783123757518329,-1.2163946754131223,31.13002791872481,1.3298168839540334,0.00264099854177139,0
2018-08-02,32.03528846012474,4.443424312659659,-3.199923867152438,0.9270702514013304,-0.3800719069838836,-0.9672266470101368,-0.823272142914524,33.08769399583384,1.33765211436334,0.0030617080354538107,0
2018-08-03,31.6107534035657,4.358111379619126,-2.449101167171954,0.7128144590068679,-0.6867476404935546,-1.3671077160246128,-0.5679693149358758,32.03528846012474,1.1758260045563371,0.004665373483503149,0
2018-08-06,31.28703148932528,3.991996851779726,-2.3354129823074032,0.9049031587570466,-0.5928517398246713,-1.373205917903027,-0.5954293705016722,31.6107534035657,0.700968216215929,0.004685233493140612,0
2018-08-07,30.853250183639705,3.9469076151567535,-2.6871973417858426,1.0180047449392573,-0.4792836166923973,-1.265371078126032,-0.5330603234917426,31.28703148932528,0.762315991165777,0.006613443195727041,0
2018-08-08,33.28956876226886,3.9074063129810304,-2.591097648222111,1.2979058206722218,-0.3555068697488845,-1.4930797102502191,-0.7656279054320354,30.853250183639705,0.8328637356462069,0.007010213446818009,0
2018-08-09,32.574006256747666,3.6618307264073975,-2.2043995310871844,1.0709484742092918,-0.3240952302843851,-1.3701324742249774,-0.8341519650201432,33.28956876226886,0.8874275013866668,0.006924155728122264,0
2018-08-10,32.28538678284432,3.5176815705968805,-2.2390423584737498,1.1465947701774084,-0.3649207421396632,-1.4443015976992952,-0.6160116424615816,32.574006256747666,0.8809702914648596,0.006910059656045778,0
2018-08-13,32.3511241979512,3.5049297755583675,-2.275553607780308,1.1128552265738847,-0.3780842941816873,-1.405372825026293,-0.5587742751439602,32.28538678284432,0.7932132083934836,0.006620377571812676,0
2018-08-14,32.23173261664257,3.552031988989576,-2.4629190571199464,1.201670153734307,-0.2970247365815339,-1.3221729301363725,-0.6715854188860337,32.3511241979512,0.3894452486780072,0.006622946026409945,0
2018-08-15,35.07158452629911,3.2717171784338044,-3.0910772992531363,2.1007416428286554,0.4629714781219647,-1.9758756809854647,-0.7684773191458292,32.23173261664257,1.0906519468576563,0.006485190419425268,0
2018-08-16,34.72116134332078,3.015543917191746,-2.9847959650354525,2.2192581082145537,0.5098241726732127,-1.883694465035056,-0.876135768009008,35.07158452629911,1.282499765797854,0.006692066658784038,0
2018-08-17,34.33022835235206,2.876130121683852,-3.042967898887557,2.258294315062644,0.5142253773000354,-1.8349925115229928,-0.7706894036359806,34.72116134332078,1.2073114041742592,0.006692066658784038,0
2018-08-20,34.79710041645179,2.6106357434455045,-3.108334368697067,2.3726805947481573,1.0186271976252312,-1.7984449034205616,-1.0951642637012573,34.33022835235206,1.0270564217403242,0.006584228959861541,0
2018-08-21,34.0211293632343,2.574564280244521,-2.2053818004405668,1.8710080005688745,0.6604792318122596,-1.912261547426519,-0.9884081647585718,34.79710041645179,0.3696206630657676,0.006521365075831097,0
2018-08-22,34.27172580626511,2.643960350123097,-2.238374113054676,1.9896409721387425,0.7668027669717201,-1.9099610435839989,-1.2520689325948866,34.0211293632343,0.2904145183904527,0.006642574810527201,0
2018-08-23,34.10196088646442,2.681712405671825,-2.2331569971508967,2.0013318775913174,0.7599518056919052,-1.82902962572496,-1.380809466079184,34.27172580626511,0.2704486092556184,0.007155635805145191,0
2018-08-24,33.7682472025,2.623331892758636,-2.1586158790007786,1.7009798603211568,0.8111813474858334,-1.8802463306193469,-1.096630890945494,34.10196088646442,0.3433286946007687,0.007155635805145191,0
2018-08-27,32.66689775928735,2.529968568102165,-2.200787179539219,1.5191002904153432,0.5947938723881494,-1.0846491853402622,-1.358426366026177,33.7682472025,0.5730183392346149,0.00715563580514519,0
2018-08-28,32.50866053208639,2.7865528425003365,-2.2116111779301377,1.1844562104957437,0.6604214397280357,-1.0619449845076585,-1.3578743302863168,32.66689775928735,0.7348504139308429,0.010554530358284046,1
2018-08-29,33.1949717571466,2.7926735359017245,-2.2845266469185423,1.0612149185055069,0.944672818184638,-1.2743097373711636,-1.2397248883021663,32.50866053208639,0.6143323035405973,0.010353975889911432,1
2018-08-30,31.645806963329903,2.7946456094743715,-2.305052230694024,1.0409639019740826,0.8288369529232806,-1.6212319956354986,-0.7381622380422188,33.1949717571466,0.709786024079987,0.009933266396229011,0
2018-08-31,30.001273809469115,2.9650789602763723,-2.244922122733674,0.8218593359561011,0.4739658019072283,-1.37434971037087,-0.6416322650351445,31.645806963329903,1.1181898517119362,0.008001616733225593,0
2018-09-05,30.530869296579112,3.0097353774852857,-2.242042713827434,0.769227592880914,0.6311043959031561,-1.4740578448877475,-0.6939668075541712,30.001273809469115,1.188937213841447,0.00798175672358813,0
2018-09-06,30.41088316491892,2.8430917269752216,-2.8032835261639963,0.6875563961037239,0.6514895881066582,-0.6363151644154315,-0.7425390206061735,30.530869296579112,1.1555685926465369,0.006087405151564033,0
2018-09-07,30.58918093795923,2.7686952869295416,-3.1257407740989804,0.7072992695620686,0.7161407473250669,-0.3540402342152118,-0.7123542955024891,30.41088316491892,0.5452538363446875,0.008072041192398273,0
2018-09-10,29.26791482440665,2.9342127971762,-3.0718160665780294,0.4536455534318069,0.8788341178055905,-0.41793119894983,-0.7769452028857371,30.58918093795923,0.4910585782142029,0.007990842712803918,0
2018-09-11,30.70225065564697,2.981432071885881,-3.3165096919698653,0.7754709118966279,0.92072558265028,-0.5321466534351373,-0.8289722210277888,29.26791482440665,0.5246382527772862,0.007990842712803918,0
2018-09-12,30.794117072772178,3.249990104445088,-3.611708480430405,0.9629638177190492,0.6911783691143185,-0.5159732769965728,-0.7764505338514733,30.70225065564697,0.5573332829678996,0.009149655905387953,0
2018-09-13,30.621745233298565,2.9764181462916097,-3.4090645393758017,1.4972875725815502,0.8038218439574267,-0.8242909865508963,-1.0441720369038805,30.794117072772178,0.5680031734055947,0.014903939475863846,1
2018-09-14,30.27724768881095,3.016058549605419,-3.4337140573437983,1.5623208417436656,0.7779152055166652,-0.8605838437255764,-1.0619966957963762,30.621745233298565,0.5603325740889179,0.015268893832376436,1
2018-09-17,29.98083448132155,2.985135712429368,-2.999013326788646,1.313855281101686,0.6060009190914899,-0.7918967283580975,-1.114081857475805,30.27724768881095,0.3027599646210629,0.015062017593017665,1
2018-09-18,29.73986988951462,2.7816428745569146,-2.6363818538153927,1.3950522359481283,0.4441003483549188,-0.8228128452235197,-1.1616007598210485,29.98083448132155,0.3904653942912195,0.015062017593017665,1
2018-09-19,30.24799626663463,2.9694179551493995,-3.4087984456285843,1.7339340270040615,0.6144529287852691,-0.775106415228044,-1.133900050082104,29.73986988951462,0.2974532343633443,0.01584159228806318,1
2018-09-20,29.625529395197542,2.7661086332886144,-3.176453571947852,1.8014316150677103,0.509482669277574,-0.950701368753084,-0.949867976932965,30.24799626663463,0.2620412407808843,0.01584159228806318,1
2018-09-21,29.55276877113258,2.751266765014166,-3.161086226961076,1.8569910586190508,0.4912951483851664,-0.9107736665140388,-1.0276930785432676,29.625529395197542,0.2546601411862541,0.015991138663030344,1
2018-09-24,32.76739402105603,3.1558696361778624,-3.5904484643119368,1.961869240476453,1.481958877259463,-0.9814425374069866,-2.02780675219485,29.55276877113258,1.214920073320687,0.015237575556605177,1
2018-09-25,33.039411266312925,3.263988382348381,-3.585413674547804,2.023266129642676,1.4569268940984834,-1.1521128239513014,-2.006654907590433,32.76739402105603,1.537606590202849,0.016070756593784544,1
2018-09-26,33.158390029107906,3.471238336278451,-3.6289507254960816,1.4971809680685784,1.2089906798624996,-1.2886126572406138,-1.259846601472835,33.039411266312925,1.6702613492844165,0.016102221277573294,1
2018-09-27,33.20981436421409,3.348935055398658,-3.821547673280014,1.5127708128136828,1.267134667034445,-0.9763898753278653,-1.3309029866389095,33.158390029107906,1.4047551125597366,0.012703326724434433,1
2018-09-28,33.36732425696983,3.439143927126726,-3.895698977104188,1.6599992077259031,1.2684007166417866,-0.8414973784863333,-1.6303474959038795,33.20981436421409,0.2004346017410731,0.012960939178135929,1
2018-10-01,37.42920121812951,3.574655556313024,-4.300905946549735,2.013688897936902,1.1594594956729596,-0.5588313123571367,-1.888066691016012,33.36732425696983,1.6974567014834854,0.012976106249436636,1
2018-10-02,36.90704673272447,3.419435138820264,-3.917251976867263,1.8646468050788307,1.000040717742193,-0.4383613083507707,-1.9285093764232544,37.42920121812951,1.9301527421768332,0.013362145493125581,1
2018-10-03,35.84309594698039,3.23268589882154,-2.86590843774492,1.3887003656145076,0.7126468850260022,-0.5247503465579415,-1.943374365159186,36.90704673272447,1.7607955644708997,0.013714879016348736,1
2018-10-04,37.605578137961416,3.588739831381167,-2.7274870934996995,0.405955136405435,1.4216342231126298,-1.4184380897260207,-1.270404007673518,35.84309594698039,1.5577738732116304,0.013695336652020254,1
2018-10-05,38.460326957540296,3.2854891937283384,-3.5983322631679657,0.2393157112627797,1.4220439572988894,-0.5256611248493321,-0.8228554742727088,37.605578137961416,0.8626043909520831,0.010446567261927546,1
2018-10-08,36.50684302064796,3.098031433580468,-3.50520462352313,0.1602371783837544,0.9130106679417428,0.7501050970078511,-1.4161797533906897,38.460326957540296,0.9020752867649412,0.010446567261927546,1
2018-10-09,35.76362847991307,2.7154573301971068,-2.736110553135139,-0.0011678291109653,0.6798325790043398,0.5610036537225693,-1.219015180677907,36.50684302064796,1.046410241963508,0.010479595569177968,1
2018-10-10,37.86238586060388,2.382093505237896,-3.308314051480453,-0.3001922221859718,0.9506554926459394,0.5076307089705767,-0.2318734331879897,35.76362847991307,0.9723580753126116,0.009358343914869546,0
2018-10-11,45.18567570167818,2.1036996454493746,-2.296806056839146,-0.355650847207098,1.4306314002695668,-0.4193636317430806,-0.4625105099296149,37.86238586060388,3.353794644250041,0.003601491889796389,0
2018-10-12,45.54082127491989,1.8660377977420897,-1.9695270481785323,-0.6722832166623984,1.6210212408937306,-0.4015648994354173,-0.443683874359472,45.18567570167818,4.293311506414583,0.0032365375332838,0
2018-10-15,45.29223998142251,1.9160321882000328,-2.095520527600879,-0.7209813318000347,1.6714399039719012,-0.4296604088715945,-0.3413098238994179,45.54082127491989,4.231116383357192,0.0032365375332837998,0
2018-10-16,43.31562424753172,2.1919386765841047,-1.8562772409073047,-0.6186733397723767,0.7217760047778672,-0.5351347707230452,0.0963706700407591,45.29223998142251,2.89885747607028,0.004518200767051225,0
2018-10-17,44.289238205430856,2.756237902892112,-2.8266979560599736,-0.802074758379046,1.2132554655941306,-0.7593764401489014,0.4186557861016737,43.31562424753172,0.8216782353419833,0.0037386260720057092,0
2018-10-18,43.9363673488289,2.834761886437601,-2.6193815667100733,-1.2059058270706338,1.1943063314622702,-0.950703872440278,0.7469230483211202,44.289238205430856,0.83338355988431,0.0037386260720057092,0
2018-10-19,43.11586430992665,2.9854691873656627,-2.69250241868561,-1.173801149324916,0.8000741045502036,-0.9121874432385302,0.992947719333192,43.9363673488289,0.7755184982405411,0.007911426357605372,0
2018-10-22,41.94917897143112,2.937557919921815,-2.748157031840523,-1.0302641344397472,0.4243484729110527,-0.8814879842537704,1.298002757701176,43.11586430992665,0.8050048890276349,0.007911426357605372,0
2018-10-23,42.87769407668407,3.495761228653277,-3.615649890927128,-0.6778587428275671,0.7156145425566738,-1.0647674824365887,1.146900344981331,41.94917897143112,0.824441876838514,0.00949887403843903,0
2018-10-24,42.20680948812221,1.254926105943322,-3.257689483959566,-1.636099385348249,1.961224011177476,-1.3800799836938178,3.05771873588084,42.87769407668407,0.7030551243789437,0.009467409354650283,0
2018-10-25,41.76148977473545,2.2920876391446123,-3.392569233121627,-0.8539489805613059,0.5562880310705802,-1.3789874534660551,2.7771299969337955,42.20680948812221,0.526750021548692,0.009467409354650283,0
2018-10-26,40.91272370945919,2.195924916628054,-3.6279598544885183,-1.1068579996392476,1.0077307175036294,-1.230719710770051,2.761881930766127,41.76148977473545,0.6383873034639341,0.009188350066613966,0
2018-10-29,38.59114409426672,2.2842259526691127,-2.8732753701829727,-1.1153560855172602,0.7575830315608449,-1.187565091946697,2.1343875634169693,40.91272370945919,1.483763442568801,0.009175229976890072,0
2018-10-30,36.135517282781485,1.8053406489653143,-2.833147569462736,-1.4061003398127632,1.017888726410499,-1.0784058118207258,2.4944243457204176,38.59114409426672,2.266902654902747,0.009702926423678175,0
2018-10-31,35.28048587980762,1.5992501607277978,-2.8278908155372764,-1.290428312673941,1.1684582716449263,-0.9841308922761308,2.334741588114627,36.135517282781485,2.546225828212173,0.009350192900455022,0
2018-11-01,33.88865572340775,0.9507145593067134,-2.814828457814113,-0.2266810071142426,0.6161540547768745,-0.9287601870887988,2.403401037933572,35.28048587980762,2.4987331324080007,0.009335877134221172,0
2018-11-02,34.11989580919367,1.1147927029201208,-2.626271417482436,-0.440233724221919,0.4863697138595499,-1.050935431849156,2.5162781567738435,33.88865572340775,1.7003040542265049,0.009142412101585272,0
2018-11-05,34.032105364413134,0.7642869310987335,-1.9856359955151857,0.0054902476703517,0.1694937757150683,-1.154199705603835,2.2005647466348663,34.11989580919367,0.876148584125867,0.009142415138836053,0
2018-11-06,32.563965245406344,0.9240844374112056,-2.1814651555513445,0.1013763226328663,-0.0026889563116192,-1.157993099946097,2.316686451764989,34.032105364413134,0.8633658759635834,0.009109386831585633,0
2018-11-07,32.229485603765944,1.0073851074259244,-2.0869902719690807,0.1984497632524817,-0.0145626709852608,-1.1427832499569188,2.038501322232852,32.563965245406344,0.8025142489124539,0.009524398205289338,0
2018-11-08,31.906731020830023,0.9724986916037724,-2.066112480513547,0.2108139074961545,0.0041334730220095,-1.0933052568010098,1.971971665192625,32.229485603765944,0.9267247637797112,0.009920010355259119,0
2018-11-09,32.17488575846728,1.020384315151353,-1.7210997024220849,-0.1809418360628454,0.0241943358990193,-1.0428443383403594,1.9003072257749185,31.906731020830023,0.7548676468519263,0.011491887880962203,1
2018-11-12,33.7905548474746,0.6289098945127289,-1.0428584626342126,-0.4854078782260265,0.1759037160933498,-1.2429146997791445,1.966367430033301,32.17488575846728,0.662568124243018,0.011491887880962205,1
2018-11-13,37.24022548464939,1.4365451142344252,-0.509920803223733,0.3553528863470419,-0.5660389119271807,-1.7715377660595943,1.055599480629044,33.7905548474746,1.9988671393764992,0.01021022464719478,0
2018-11-14,37.16389614494053,1.394725583339376,-0.8649750613230909,1.019060665005895,-0.6535060276624476,-1.6242067338634207,0.728901574503682,37.24022548464939,2.3336530202781125,0.010210224647194779,0
2018-11-15,38.829011547322686,1.1998360302085107,-0.4073137330097136,0.6563664350217948,-1.0323719322620324,-1.1684060432286725,0.7518892432701061,37.16389614494053,2.4609270558208043,0.014556505323309907,1
2018-11-16,40.22696706182755,0.3087442122326926,0.0059468628165966,-0.2208800353022688,-0.044944812406614,-0.4061023017949843,0.3572360744545753,38.829011547322686,2.1508425517367846,0.011715786373600795,1
2018-11-19,37.644638957021705,0.6324721284855404,0.5197080572244532,-1.122209290991143,-0.6224566145683417,-0.1127337489431816,0.7052194687926803,40.22696706182755,1.1666328594220072,0.012469169053947857,1
2018-11-20,40.11345847804998,2.20210950750284,-0.9840797228078406,0.931769776366739,-1.3059641581053612,-1.233921054885882,0.3900856519295059,37.644638957021705,1.2469039865411775,0.012797193477149481,1
2018-11-21,41.2726795411028,2.041599968929752,-1.3726685498397826,0.4989809832643583,-0.3808907806593504,-1.3195061150948506,0.5324844933998798,40.11345847804998,1.2546663977936705,0.012797193477149481,1
2018-11-27,39.965438601978114,1.851250043402612,-1.3845232639693803,0.6573585310684269,0.0883743947462454,-1.3481634937860614,0.1357037885381631,41.2726795411028,1.192671889379801,0.012797193477149481,1
2018-11-28,40.40639133480146,2.191672816405441,-1.9246907330042955,1.4659893262972208,-0.1242068783513463,-1.6388252842720572,0.0300607529250429,39.965438601978114,1.206257384682605,0.013111524827766749,1
2018-11-29,40.77910662460045,2.3530096067274044,-2.164625126641708,1.5984956225831333,-0.1535742514061233,-1.76743183258022,0.1341259813175237,40.40639133480146,0.4729888148521047,0.013109477846189937,1
2018-11-30,39.74678190612819,2.037510497177859,-2.168256043312488,2.0451683838608403,-0.2793707716690781,-1.8067841478648203,0.171732081807685,40.77910662460045,0.5504657398929118,0.012195742155712886,1
2018-12-03,39.2417017658893,2.774380412406675,-2.400115373824965,2.449146959989907,-0.7473835785377929,-2.1187213437360315,0.0426929237022086,39.74678190612819,0.5307736908237701,0.012195742155712886,1
2018-12-04,38.21741644072212,2.349698524269611,-2.6563216472479216,2.313777467160401,-0.9373411214884806,-1.9161261047717133,0.8463128820781058,39.2417017658893,0.9023725148476244,0.012200898108597443,1
2018-12-07,37.540197907563815,3.07455208053878,-3.021854318218768,3.4382400962807367,-1.02355069845132,-2.320034887426645,-0.1473522727227854,38.21741644072212,1.1375073215744929,0.01219070687163545,1
2018-12-10,37.5170007315097,3.082546918083578,-3.320943265391376,3.367605225238812,-0.7628960905533733,-2.3589607926580105,-0.0073519947196287,37.540197907563815,0.9011906876087664,0.012395331708681769,1
2018-12-11,37.01890193801784,2.9841126178909665,-3.035280495469452,3.238703051492319,-0.7822915934792265,-2.418182783036159,0.0129392026015549,37.5170007315097,0.7685243695679703,0.012395331708681769,1
2018-12-12,36.232005281862,2.46754854160333,-2.925474257818271,2.838746777039029,-0.6415056547891282,-1.4848869979309272,-0.2544284081040349,37.01890193801784,0.6581695585249427,0.011942758796702447,1
2018-12-13,36.03059124131677,2.4670144187742107,-2.9774990043930605,2.7167382408312912,-0.5386736063706845,-1.5647742000325793,-0.1028058488091838,36.232005281862,0.6327030492164651,0.027785408631430846,1
2018-12-14,35.90260407844685,2.363391067192566,-1.2011636506105847,1.557722598559813,-0.9442710955125976,-1.4757356627457048,-0.2999432568835019,36.03059124131677,0.623619891087822,0.026218666301431156,1
2018-12-17,32.81315886159034,2.187277404286008,-0.9737246178422208,1.4464526271804292,-0.8539619326890433,-1.8215409140724508,0.0154974331372828,35.90260407844685,1.446110193737012,0.026218666301431156,1
2018-12-18,32.02425517532236,2.8009377886795512,-1.6941168380555274,2.23104096164979,-1.3307264907194192,-2.043748876174182,0.0366134546197973,32.81315886159034,1.8018918509967805,0.02863368414579001,1
2018-12-19,35.684908332365474,2.4944040496439737,-2.508754727751743,1.9483475350433384,0.4789920389568269,-2.6949813363636146,0.2819924404712202,32.02425517532236,1.7139641322344668,0.028633684145790008,1
2018-12-20,35.80058446499175,1.9762935833798183,-2.4983913461645497,1.805901319968633,2.0816949288229303,-2.9275248510045127,-0.43797363500232,35.684908332365474,1.6746642958458051,0.024287403469674885,1
2018-12-21,35.63782170151439,1.9947077890732567,-2.387986158675224,1.7934941745342243,2.203465863387729,-3.070457746944076,-0.5332239213759111,35.80058446499175,1.631364376946429,0.022684566024121063,1
2018-12-28,34.27997277762525,2.2661337764913814,-2.4437113253511766,1.5524417873227794,1.9387795239317809,-2.573076720899044,-0.7405670414957286,35.63782170151439,1.4419308822992811,0.03251757144108638,1
2019-01-03,36.00855424777968,1.6385721552838932,-1.5079523834945796,1.446865452036545,1.113764274485885,-3.1365065934545338,0.4452570951427859,34.27997277762525,0.6146668034442432,0.039022270635430414,1
2019-01-04,36.18602656526343,1.802417892359335,-1.5781546458584712,1.5023111010659989,1.66260399200858,-3.4875879065494417,0.0984095669740074,36.00855424777968,0.6771949474575301,0.03949552230404306,1
2019-01-07,34.940164344592766,1.689340119494621,-1.6146121914326628,1.3600791366583431,1.7515723753427688,-3.3102902959825284,0.1239108559194583,36.18602656526343,0.7085326981387143,0.03949552230404306,1
2019-01-08,33.93190982185879,1.637874686428491,-1.7439553617259884,1.2642801492878055,1.5148825325409545,-2.465649669520725,-0.2074323370105357,34.940164344592766,0.901404089083622,0.040142746574778586,1
2019-01-09,35.85578117317296,1.7117860448948052,-1.562702830017546,1.768190333663119,1.2554954468420956,-2.1523745667954453,-1.0203944285870197,33.93190982185879,0.8439723790106458,0.040142746574778586,1
2019-01-10,35.80446254521633,1.7503704744202802,-1.550705830852154,1.766181813895745,1.2665741892530995,-2.098042558053004,-1.1343780886639667,35.85578117317296,0.8173170524321408,0.040142746574778586,1
2019-01-11,35.54718381251136,1.9274834550526807,-1.72305408985709,1.738500200542374,1.2475017378234456,-2.1668887221798645,-1.0235425813815393,35.80446254521633,0.7197588039154906,0.04014847643874639,1
2019-01-14,33.10716161346892,1.876333166244004,-1.8117389045402752,1.808944442887224,1.4195247896193672,-2.1955881560370574,-1.0974753381732598,35.54718381251136,1.1215197325303876,0.04028075483832116,1
2019-01-15,33.00116236777898,1.9552156326165413,-1.5062089237683618,1.5317098446004032,1.3075228099752811,-2.073287854414948,-1.2149515090089062,33.10716161346892,1.318315741499689,0.04031721106698902,1
2019-01-16,32.45247782700189,1.9461200801320129,-1.6515640598914605,1.4791332438855127,1.2894571558258834,-1.751910834336471,-1.3112355856154791,33.00116236777898,1.4027110634754345,0.04011258319269192,1
2019-01-17,32.191993755818885,1.929126984669864,-1.740938008054107,1.5055101590549451,1.1513045720218456,-1.6724307142429784,-1.1725729934495708,32.45247782700189,1.192836592486394,0.04011258319269191,1
2019-01-18,32.65104948557533,2.175381850509215,-1.652440266392735,1.6189519304326208,1.0328171261781218,-1.660375916539678,-1.5143347241875411,32.191993755818885,0.3395184588406244,0.043618949233941814,1
2019-01-23,34.329062799946435,1.7094638400261752,-0.4350604569515326,1.1685841007293352,0.989579438209364,-1.6365698390188106,-1.795997082994527,32.65104948557533,0.7500422899305781,0.027380687249243627,1
2019-01-24,33.826348017647966,1.566572618327451,-0.6806387622855237,1.0840569328005163,0.8832318519775733,-1.7618454923887823,-1.0913771484312331,34.329062799946435,0.8346271193039749,0.027375552053540236,1
2019-01-25,33.02216101628406,1.478717476610254,-0.6445786069612693,1.0754885663141494,1.1289509934563975,-2.0538514926558027,-0.9847269367637264,33.826348017647966,0.7766671885553375,0.027375552053540236,1
2019-01-28,33.88500198531381,1.8239502170964368,-0.8125086974995974,1.4677297386502983,0.991084174854115,-2.27949942689494,-1.1907560062063176,33.02216101628406,0.6135136136395343,0.02501387460493625,1
2019-01-29,33.65214596947603,1.7810871635625745,-0.8272994966957627,1.4131506614578395,0.8821099849652763,-2.2284402287648186,-1.0206080845251062,33.88500198531381,0.4238972377741095,0.025014903815292536,1
2019-01-30,34.38931343726076,1.9552180905262693,-1.1630074609585432,1.2094018242137654,1.3072298313438957,-2.028986538614358,-1.279855746511033,33.65214596947603,0.4409028282899843,0.02501490381529254,1
2019-01-31,33.36592867140568,1.9120616638716768,-1.1300834902106218,1.2241739945960235,1.31072833866952,-2.0849258096826366,-1.2319546972439657,34.38931343726076,0.4638663250600647,0.02501490381529254,1
2019-02-01,32.49818898390101,2.481544070453064,-0.8455186257076441,0.5843952075486749,1.153481141393912,-1.4508073934865158,-1.923094400201492,33.36592867140568,0.6272107318901471,0.01508863040517781,1
2019-02-04,32.731528563793674,2.2037573667823853,-0.8979848678931739,0.5265636563880554,1.0722662928025617,-1.0811181481990584,-1.8234842998807768,32.49818898390101,0.674871576956762,0.005997829658524822,0
2019-02-05,32.844311643253256,2.233296907858556,-0.9944516829754172,0.636294812904719,1.0118212140794345,-1.1407967822011424,-1.746164469666156,32.731528563793674,0.674490550593543,0.007406630471781616,0
2019-02-06,33.041338307442295,2.2398914902704794,-1.075288624031714,0.6910253669356701,1.0352582412406734,-1.0996698046641518,-1.7912166697509575,32.844311643253256,0.2932343731174524,0.007636945198472762,0
2019-02-07,32.96099164688946,2.272171197897177,-1.1863039838666678,0.8329976495297196,1.1856233136410816,-1.1038878038101605,-2.0006003733911504,33.041338307442295,0.1901252713005694,0.006773468858329141,0
2019-02-08,32.70589068613141,2.2754035279661684,-1.1681503152096815,0.7408003480940062,1.2563068890893732,-1.0959529225504694,-2.008407527389398,32.96099164688946,0.1292538573889582,0.006773468858329141,0
2019-02-11,32.6818488059159,2.249085147510017,-1.2138461434123575,0.7508810838623878,1.2783144032105902,-1.0600724878537324,-2.0043620033169103,32.70589068613141,0.1399681244563574,0.006773468858329141,0
2019-02-12,32.57540360169447,2.2748997317199464,-1.2737050625027355,0.8509154346662928,1.2189985598156134,-1.189231776791814,-1.881876886907304,32.6818488059159,0.1773041887134906,0.00763920709081076,0
2019-02-13,32.55799505646183,2.229410869028019,-1.088194811154808,0.7931502573222291,1.2964923226810603,-1.3107935498285574,-1.9200650880479373,32.57540360169447,0.1442959482484803,0.007664116357904556,0
2019-02-14,32.53157875468147,2.236037830726679,-1.1005144596881826,0.796808033796994,1.2428286209495685,-1.3161481911480242,-1.8590118346370348,32.55799505646183,0.0698671810344175,0.00770603649517974,0
2019-02-15,32.94722646081028,2.342555307787565,-1.138640304989139,0.8965885765818253,1.1388997802182566,-1.3794141563990652,-1.8599892031994447,32.53157875468147,0.1529855622902487,0.00770603649517974,0
2019-02-20,32.97037570950139,2.355909180945696,-1.1961997857825128,0.9296747552204944,1.107734703104514,-1.3628645742738257,-1.8342542792143632,32.94722646081028,0.1984517331929123,0.008152763098318269,0
2019-02-21,32.34075585369277,2.1887367526834254,-1.4312171838289496,0.9451057170110176,1.4617348089116984,-1.2772769242532989,-1.8870831705238904,32.97037570950139,0.2478654789921218,0.004646397057068375,0
2019-02-22,32.034925091683775,2.074061672538509,-1.4092097381189213,0.8844828120008241,1.3186230919319213,-1.2866209575174354,-1.5813368808348978,32.34075585369277,0.3585549761469453,0.004646397057068375,0
2019-02-25,33.28374674769662,2.5273252234420145,-1.7825242389281852,1.414953049660399,1.2675293217726242,-1.594221240664358,-1.8330621152824949,32.034925091683775,0.4572042176130821,0.0050481081717986915,0
2019-02-26,33.0381949377502,2.452902284750952,-1.7869709068041826,1.461214987768015,1.2401084927842492,-1.608464804418362,-1.758790054080667,33.28374674769662,0.467755365017074,0.006043427587748094,0
2019-02-27,31.905662331005257,2.203543982133228,-1.7443135820767783,1.409929560705779,1.450078698590322,-1.415172600218184,-1.9040660591343703,33.0381949377502,0.547114216985946,0.005990087191993227,0
2019-02-28,31.62328694356217,2.1369287046686507,-1.7589401568905871,1.4363803045331665,1.4403281112637485,-1.3335250470722333,-1.9211719165027488,31.905662331005257,0.6582744244665414,0.005989057981636936,0
2019-03-01,31.29566967075865,2.0579557225001626,-1.4606987933154452,1.438812435117084,1.6245710261326254,-1.638100638466803,-2.022539751967617,31.62328694356217,0.7886479214902667,0.006003206895542146,0
2019-03-04,33.00247533488945,0.8033977107430896,4.499897373576019,0.1923554325725813,-0.8789242014083349,-1.962037426845705,-2.654688888637663,31.29566967075865,0.7183249926122269,0.006114844796387593,0
2019-03-05,34.49919069144024,0.1171322953134188,8.130317790106563,-0.5912307111046626,-0.9370600356636708,-3.4995858773950244,-3.219573461256624,33.00247533488945,1.1675173738102125,0.005470349679665924,0
2019-03-06,34.65048872626595,0.1351702329058017,8.329716909739359,-0.7023318565254772,-0.8112705756015766,-3.387823961892177,-3.563460748625933,34.49919069144024,1.3979099568821651,0.0053077980907602264,0
2019-03-07,34.31339098930566,0.1823454753901625,8.022852467149221,-0.4675871034433294,-0.8087772288313939,-3.4299626140147867,-3.498870996249881,34.65048872626595,1.2709498450413554,0.0034257456088907837,0
2019-03-08,30.305696444063244,0.3650548590650366,4.844824646585892,-0.590730015829676,-0.0757246148390118,-1.100385534640291,-3.443039340341951,34.31339098930566,1.6326971340802192,0.0031954308821996384,0
2019-03-11,30.167239379693783,0.5861236957796825,4.546266470084641,-0.5280716462482342,-0.4270976516527227,-1.3578891260840682,-2.8193317418792945,30.305696444063244,2.0858604694906684,0.0034271958332597764,0
2019-03-12,29.96807073604672,0.6528284290521293,4.137557036953961,-0.4610876001105577,-0.1926637786318261,-1.3520818254234512,-2.784552261840254,30.167239379693783,2.129058423488193,0.003670155250281678,0
2019-03-13,30.241222930540303,0.7844918906829887,4.031129072009162,-0.4261110839155257,-0.1647873710162839,-1.3845170233821351,-2.840205484378201,29.96807073604672,1.6610071846582373,0.0036950018543605106,0
2019-03-14,29.937486812092143,0.7589888481878058,3.943315712559518,-0.3441450219193323,-0.1541958493981159,-1.3383902750153094,-2.8655734144145604,30.241222930540303,0.1467825232842823,0.0028235337579110794,0
2019-03-15,29.851954496385734,0.743183792513344,3.902797468512783,-0.3453642229952125,-0.1816345025215913,-1.258101599598186,-2.860880935911125,29.937486812092143,0.1466239153409194,0.002749494071938594,0
2019-03-20,29.24871842036972,0.8837028951739576,3.812667828673917,-0.5319050196262181,-0.2261515901670208,-1.048824384330714,-2.889489729723924,29.851954496385734,0.3274727724253806,0.0032066247392158282,0
2019-03-21,28.756196276756853,0.78568735711844,3.6855184925230073,-0.5794248355570923,-0.1345673433013301,-1.040551559413953,-2.716662111369078,29.24871842036972,0.5336095131538876,0.0032066247392158287,0
2019-03-22,30.805038841189788,0.7216179970512817,2.895941952824592,0.204067420736024,-0.6094655136691909,-1.3577648533968962,-1.854397003545812,28.756196276756853,0.6918158223738072,0.0027598981360773007,0
2019-03-25,30.62290721003928,0.7350395169929298,2.9396730711652834,0.1539428391540553,-0.5989096570376091,-1.34425220519438,-1.885493565080282,30.805038841189788,0.7832231184402964,0.00306012246635943,0
2019-03-26,31.184815106008006,0.8702090960812567,2.812717352420755,0.0132936986803962,-0.349843344058736,-1.392418568148183,-1.953958234975492,30.62290721003928,0.9460501873790014,0.0035046787275053223,0
2019-03-27,31.183614225706567,0.8830352471467142,2.8600937178045385,0.0008632595103321,-0.3913888658356912,-1.4003790238206764,-1.95222433480522,31.184815106008006,0.9038532718571096,0.003102967612775007,0
2019-03-28,31.076544860156563,0.8887570022588775,2.8740012652366067,0.0003063545129116,-0.4007858172228751,-1.4249598581719036,-1.9373189466136216,31.183614225706567,0.22392360110902,0.0021076481968256037,0
2019-03-29,31.262223378419133,0.9338314375435894,2.7280637462056374,0.1263932639083105,-0.5518654115931625,-1.436767769252963,-1.7996552668114076,31.076544860156563,0.2293016188937846,0.0021242002839150743,0
2019-04-01,32.07039738398203,1.0583210073370477,2.4238145080422555,0.6512803138095702,-1.177436355639922,-1.681274125145771,-1.2747053484031827,31.262223378419133,0.3622907170878735,0.0021242002839150743,0
2019-04-02,31.703195743273422,1.0679876479902148,2.443266765560433,0.5843391231856536,-1.048593354165939,-1.696642620381833,-1.3503575621885269,32.07039738398203,0.3726307634355562,0.0027280909062196213,0
2019-04-03,30.834882950181512,1.137193225690507,2.404656069516709,0.3226947664112423,-1.0786841608124045,-1.8022478488954696,-0.9836120519105768,31.703195743273422,0.4435688410360728,0.003089242768750153,0
2019-04-04,30.75268326038071,1.1463026239857426,2.4257285213329274,0.303682005000625,-1.0331826606797083,-1.8066925531268487,-1.035837936512738,30.834882950181512,0.5040537341084552,0.003373671130152778,0
2019-04-05,30.94907868906425,1.283115112298117,2.391027947956716,0.1656486729831039,-0.9402685111914356,-1.830559580124826,-1.0689636419216757,30.75268326038071,0.5268609428149023,0.0035558061116766695,0
2019-04-08,31.85829388119967,1.5065604433980422,2.282017296843632,0.2705917563288427,-1.3492242046856706,-1.918785306296484,-0.7911599855883669,30.94907868906425,0.4649720299118778,0.003750638917304621,0
2019-04-09,31.484698226959253,1.471321960697269,2.1336166364077576,0.2560093187394763,-1.2911008724008894,-1.925281597216575,-0.6445654462270376,31.85829388119967,0.4261151709038726,0.0037506389173046213,0
2019-04-10,32.13805539621329,1.6846410884992462,1.9648150802314,0.2660229076288765,-1.316436575859929,-1.9831635797876888,-0.6158789207119026,31.484698226959253,0.5248996037034225,0.003626810084154972,0
2019-04-11,32.016609923487074,1.732069363253217,1.9013584647487185,0.3542163369418301,-1.2725249633619242,-2.0088981607550336,-0.7062210408268124,32.13805539621329,0.4305488560129407,0.0033838506671330713,0
2019-04-12,31.59771264512092,1.685226039253649,1.8541989851417748,0.3387749471611183,-1.176471820068851,-2.001530526937652,-0.7001976245500332,32.016609923487074,0.2462176997329629,0.003359004063054238,0
2019-04-15,31.59480982070841,1.7653931340123528,1.851595921493872,0.3131391701532866,-1.171575069771495,-1.9648290961389328,-0.7937240597490902,31.59771264512092,0.2599950918790665,0.003359004063054238,0
2019-04-16,31.40625381886736,1.8129557813212875,1.878191567126516,0.2429434178038931,-1.163907836166774,-2.026494461642919,-0.743688468441996,31.59480982070841,0.278245337840846,0.0032707001294736042,0
2019-04-17,31.383909724302924,1.817735898244834,1.9791103949124715,0.1848812816405178,-1.1873271228909958,-1.9976471070173727,-0.796753344889451,31.40625381886736,0.2270808178215332,0.002735193096253331,0
2019-04-18,30.848449054849265,1.846007580463743,1.8285908382750424,0.1287556781045857,-1.2074730526808253,-1.827571668753556,-0.7683093754089834,31.383909724302924,0.2741694860012744,0.004990179959881605,0
2019-04-24,30.556091968731725,1.866019963955595,1.800467124549306,0.1099449788300193,-1.1671313875678218,-1.833394706708016,-0.7759059730590856,30.848449054849265,0.3902775935582836,0.005287002699349652,0
2019-04-25,29.154326553337,2.0996143281684123,1.601598067275434,-0.407796360387616,-1.0567644174535775,-1.7501913418623467,-0.4864602757403116,30.556091968731725,0.8238715548175767,0.005047824822332712,0
2019-04-26,30.217626121569392,2.138440001137994,1.2827076512158588,0.0350085450040333,-1.0209434765961802,-1.8319705324395408,-0.6032421883221617,29.154326553337,0.7447638979866126,0.004808616836537326,0
2019-04-29,29.84863301027779,2.1109424958263405,1.16278862254322,0.1803349067942434,-0.935398043258952,-1.873277966532994,-0.6453900153718641,30.217626121569392,0.5893019716099561,0.005161452090232858,0
2019-04-30,30.445907722269343,2.1711514350967125,1.1040700998712836,0.3419514639896945,-0.6808914803708266,-2.1874970792905737,-0.7487844392962866,29.84863301027779,0.5066753985118546,0.005937800559434675,0
2019-05-01,30.41240064061975,2.156774880325228,1.1328036142909097,0.3279367833745894,-0.6994041401617679,-2.092462893854633,-0.8256482439743271,30.445907722269343,0.4802290711223997,0.009517448986385298,0
2019-05-02,29.364252412316475,1.911529209763847,1.074039993503506,0.0444292863470883,-0.5917639447498733,-1.405692372404116,-1.0325421724604582,30.41240064061975,0.4066134988000881,0.01134775375744509,1
2019-05-03,30.3299810091816,1.8246898215855007,0.7491957011234951,0.6913008710495872,-1.0227356052453445,-1.8534411127749617,-0.3890096757382784,29.364252412316475,0.4177784506722475,0.010732113805655238,0
2019-05-06,29.96552056679932,1.8875998694762863,0.7962377416908233,0.5123500602414808,-1.0559184799098764,-1.814703813679358,-0.3255653778193572,30.3299810091816,0.4073037093369803,0.010259324042279258,0
2019-05-07,30.613905297139045,1.9841074642545689,0.6999964667549432,0.497838809868294,-1.0611798136686303,-1.9173930314031808,-0.2033698958059959,29.96552056679932,0.4397885061684978,0.009959276110400657,0
2019-05-08,28.992140777297948,1.0827571197197343,0.6068685081675687,0.7025493424955407,-0.4949444266537144,-2.0833459080079906,0.1861153642788675,30.613905297139045,0.5998501996404525,0.009976674842153812,0
2019-05-09,29.020890420976865,1.028323688888566,0.6016391559725329,0.7094019723663525,-0.5435309313573704,-1.895391654148629,0.09955776827855,28.992140777297948,0.6677070989757666,0.009799118053428287,0
2019-05-10,27.651605987268443,1.0343779083832958,0.6020029743780742,0.5716046727750692,-0.4619863168639657,-1.7692220368597391,0.0232227981872683,29.020890420976865,1.004594076178838,0.01007937267966782,0
2019-05-13,27.188201008926544,1.1702410691528824,0.5666292827558002,-0.393360767830929,-0.7233321151428349,-1.681728768344615,1.0615512994096985,27.651605987268443,1.2029792499226797,0.010435250374412269,0
2019-05-14,29.3730622356172,1.7692415326473876,0.3411132288013945,-0.2183476792742062,-0.3587526800276563,-1.9194506289339832,0.386196226787054,27.188201008926544,0.8603871130577616,0.010475359646315262,0
2019-05-15,29.20403143755349,1.6988439120447456,0.3278088932704444,-0.1841541596036648,-0.3688978537773524,-1.920025767779292,0.4464249758451197,29.3730622356172,0.8909590077125545,0.010572631575222093,0
2019-05-16,30.100918463616864,1.6600164216045412,0.1661899530022381,-0.0329373229400307,-0.0879772269265952,-1.9417601443843373,0.2364683196441745,29.20403143755349,1.1003849958809624,0.010572631575222093,0
2019-05-17,29.13608569092524,1.5259440236764794,0.0407677330371392,0.0306118080605211,-0.1383428197271108,-1.4651507353059,0.0061699902588632,30.100918463616864,0.968912747886474,0.010669913249478078,0
2019-05-20,28.79711963475112,1.1002716352051225,-0.2332023878517777,0.0747917852655781,-0.0481647381252052,-0.906193695852066,0.0124974013583507,29.13608569092524,0.43204192812587,0.010711984825377389,0
2019-05-21,28.323595993422582,1.0070163747895888,-0.3079463848172459,-0.1850420885049457,0.0480137443112242,-0.5848122267119025,0.0227705809332805,28.79711963475112,0.5844210027606436,0.008456997961749113,0
2019-05-22,29.950434939472306,1.279555507601347,-0.331335730912039,-0.2230760812332182,0.0499962496428558,-0.5744529309447857,-0.2006870141541581,28.323595993422582,0.676800771314066,0.009635443836315554,0
2019-05-23,34.50120107302961,2.032750208541412,-0.5098380008665271,0.2132642796697901,-1.119430950955092,-0.6626362361563904,0.0458906997668115,29.950434939472306,2.243501308415042,0.009574397383050366,0
2019-05-24,34.31691096705,1.9927442684230776,-0.5449174087520456,0.1428493582134109,-1.0671723991985689,-0.7215266314627025,0.1980228127768315,34.50120107302961,2.691451535745077,0.00936904910769986,0
2019-05-29,33.851155342790655,1.971651958275576,-0.5281862709304992,0.1818825601531486,-1.1503112798829838,-0.7195101360247818,0.2444731684095398,34.31691096705,2.5530201861525423,0.009016213854004328,0
2019-05-30,33.49908268848544,1.7652552634530103,-0.3521445274490404,-0.1892705087737942,-1.1805825539313126,-0.4238793233447262,0.3806216500458683,33.851155342790655,1.673972471853017,0.00823986538480251,0
2019-05-31,36.30075610335195,2.823892077116467,-0.0506009807509566,-0.3618752054796541,-1.7660924125097877,-0.8737527894731814,0.2284293110971189,33.49908268848544,0.9694214303709168,0.0046436648707624175,0
2019-06-03,35.51371173958609,2.845107484590363,-0.223708303382299,-0.2864750226190198,-1.5331600130582528,-1.2530030699706889,0.4512389244398989,36.30075610335195,1.0520433601128614,0.0048067372850950345,0
2019-06-04,34.405409291098984,2.793754741305385,-0.3286990168956265,-0.2351398677003437,-1.564321383530026,-1.2173866800999114,0.5517922069205206,35.51371173958609,1.046239647233432,0.004805385846943124,0
2019-06-05,34.27155167247824,3.062250933312031,-0.4548587875302696,0.2393268922541747,-1.811965133590328,-1.43469263412143,0.3999387296758225,34.405409291098984,0.9888357433299876,0.004805385846943124,0
2019-06-06,36.04832875767685,2.863983231062313,-1.0699655028908484,0.6816691496707499,-1.020318202727425,-1.5838885538059269,0.1285198786911392,34.27155167247824,0.8324498521413664,0.004805385846943124,0
2019-06-07,36.90596926522449,3.091260992924872,-1.187547763913557,0.739906069460087,-1.1178915895083392,-1.883492563490043,0.3577648545269873,36.04832875767685,0.995952505834136,0.004605852133666075,0
2019-06-10,36.70623832007274,3.108122904429301,-1.1831853416253646,0.7569642544727468,-1.1238642508678591,-1.8424042605054567,0.2843666940966365,36.90596926522449,1.1224400787365023,0.00459278442793564,0
2019-06-11,36.70126741696117,3.108264206507359,-1.0677627710576532,0.7164290072813237,-1.1182262197899533,-1.9147105531368225,0.2760063301957363,36.70623832007274,0.971696488965496,0.005010808942878474,0
2019-06-12,38.8920148472854,3.519241165213854,-1.4038796387083572,1.0708249809148054,-0.7698218279629865,-2.247230320896935,-0.1691343585603855,36.70126741696117,0.965079521965305,0.00444891584901437,0
2019-06-13,37.35893440432727,3.563902058105436,-1.4825110688604075,1.3077148667279062,-1.2731185139000072,-2.066170415019677,-0.0498169270532482,38.8920148472854,0.8250391868975813,0.004445718999478291,0
2019-06-14,36.40812591863155,3.3402786007967507,-1.3025140272304263,1.204507186589126,-1.3253898155789834,-1.8675288610849257,-0.0493530834915372,37.35893440432727,0.895196864556885,0.004348447070571462,0
2019-06-17,37.26885989988909,3.5562573114418576,-1.2528692691363092,1.1826134903860908,-1.5074944657927682,-2.3020179508387306,0.3235108839398668,36.40812591863155,0.8590152117745268,0.004457006568947277,0
2019-06-18,37.282160012056046,3.688469496661936,-0.9991650776542904,0.8212877346599949,-1.8494230038225088,-2.5986518973476427,0.9374827475025168,37.26885989988909,0.8042219694663988,0.004359724894691291,0
2019-06-19,37.05686933466516,3.7194673349124496,-1.0508784548052634,0.8738058833856002,-1.828571379884778,-2.5989395837528004,0.8851162001447923,37.282160012056046,0.3481854213657894,0.009932617593381519,0
2019-06-20,38.5521400909327,4.579111677849976,-1.3903153487137907,1.4833203556766197,-1.9155569431210184,-3.1937953024971524,0.4372355608053686,37.05686933466516,0.6960985056699445,0.011245051120270366,1
2019-06-21,38.122497514788456,4.271927085853696,-0.8867123958905117,1.3495567753565876,-2.029816254311208,-3.048956656987369,0.344001445978809,38.5521400909327,0.5778022264976803,0.009769782506235877,0
2019-06-24,38.752393207760925,4.122872339290039,-1.1950719442891924,1.6976113065225036,-1.8119835194776688,-3.180372563530669,0.3669443814849877,38.122497514788456,0.6752486935473032,0.009769782506235877,0
2019-06-25,37.87403861097077,4.712295223488235,-1.4665498777400423,1.9254703596099745,-2.7371150926369747,-3.352216120910389,0.9181155081891994,38.752393207760925,0.5942554253171868,0.009769782506235877,0
2019-06-26,38.43306117197408,5.003272813978295,-1.479094919286293,1.7717813806763036,-2.74630259013059,-3.4620336933489706,0.912377008111263,37.87403861097077,0.3123864034602663,0.009769782506235877,0
2019-06-27,37.47975186341727,4.95829958863661,-1.3365654719500502,1.539279058581526,-2.835130268808028,-3.286565595829817,0.9606826893697552,38.43306117197408,0.4399061175903553,0.009769782506235879,0
2019-06-28,37.19139791250623,4.90657737528379,-1.31156999732547,1.4675525801334572,-2.748431221358356,-3.241723526331549,0.9275947895981228,37.47975186341727,0.5795668356567188,0.010158154303591939,0
2019-07-01,36.69668283326028,5.173648925374868,-1.2508205598797546,0.7230178141545744,-2.7066670588565023,-3.382263562356746,1.4430844415635595,37.19139791250623,0.5908217109414058,0.00926068206678597,0
2019-07-02,39.11583642309543,5.629596935523868,-1.6530455950246417,2.127323840130286,-3.2763725384729456,-3.528359612642799,0.7008569704862335,36.69668283326028,0.8741932633391782,0.009777386439411248,0
2019-07-03,38.49083734422527,5.778222746542104,-1.3426178696044972,1.9341664066083448,-3.2864155564250184,-3.728677644501531,0.645321917380592,39.11583642309543,0.8830420017034287,0.009909262158292355,0
2019-07-09,37.92664305336394,5.457705447596771,-1.3582804709540357,1.7825238293825016,-3.2659406682543195,-3.2974750977322747,0.6814669599613561,38.49083734422527,0.8691271806828074,0.009909262158292355,0
2019-07-10,38.23792022974301,5.030304577337535,-1.537757504894146,1.9897978121482789,-2.396250637633531,-3.608891810872816,0.522797563914668,37.92664305336394,0.8003555875411316,0.010633859377494656,0
2019-07-11,37.745317122852185,4.902185409389396,-1.4951582708335729,1.6611971022004326,-2.3047159170031533,-3.241386971751259,0.4778786479981578,38.23792022974301,0.4801823725933737,0.01063407880867223,0
2019-07-12,37.555560684440806,4.914209194943961,-1.5455158309427006,1.7631289959214715,-2.501014486920611,-3.295507658604459,0.6646997856023518,37.745317122852185,0.3361297171920481,0.010003308205937924,0
2019-07-15,36.13134783975453,4.545938736555286,-1.4977561820744392,1.5357946702264051,-2.095084507580782,-3.109640677485571,0.6207479603591048,37.555560684440806,0.7295413843247076,0.010003308205937924,0
2019-07-16,36.70226025262206,4.831903110855288,-1.5098931001599494,1.5890443381324904,-2.3000518990701364,-3.307555468632269,0.6965530188745794,36.13134783975453,0.7567162742769263,0.00996639578357101,0
2019-07-17,37.60232238621984,4.650292934888045,-1.7905220151848111,2.2843668588275694,-1.9315434791597248,-3.5522348986663874,0.3396405992953029,36.70226025262206,0.6263490699747393,0.011205399413408933,1
2019-07-18,38.34398636796284,4.670536164496328,-1.893415017096567,2.9696275170651525,-1.6399594567037363,-4.065930760844292,-0.0408584469168826,37.60232238621984,0.7699668530286563,0.01113223620425413,1
2019-07-19,36.81984487417601,4.457332567321011,-1.6606460046668656,2.872103602152272,-1.6897122594940592,-3.9865161724414575,0.0074382671291011,38.34398636796284,0.7710784904155866,0.01113223620425413,1
2019-07-22,36.123626031560896,4.3999792133192095,-1.7686424820557252,2.518011922765883,-2.3682538491793244,-2.533922618311646,-0.2471721865383971,36.81984487417601,0.7730621607205839,0.00551727192966459,0
2019-07-23,37.692976681331096,4.37461754307877,-1.6726904080689389,2.686896547603432,-2.283826204109655,-2.5986021965905626,-0.5063952819130395,36.123626031560896,0.7679546822364616,0.004418081675472958,0
2019-07-24,36.98442303488127,4.102874807557951,-1.6084754809064017,2.6885711262426373,-1.6301275494121432,-2.831986620786352,-0.7208562826956975,37.692976681331096,0.7617159680225493,0.004507460629755606,0
2019-07-25,36.64884796422469,3.759718506079622,-1.6615065211145106,2.0773152258899508,-1.582997862894457,-2.209340872317424,-0.3831884756431822,36.98442303488127,0.5094295021261082,0.0050268578652581195,0
2019-07-26,35.291207036924526,3.7394167463422416,-1.6752841823926052,1.7836743111594124,-1.4267146188785906,-2.06443235638802,-0.3566598998424473,36.64884796422469,0.8088545680869991,0.007995523274485251,0
2019-07-29,34.835893276347186,3.6841052295570575,-1.6293408052138836,1.8935605367986543,-1.3455538286382716,-2.239852485856752,-0.362918646646813,35.291207036924526,1.066897397710706,0.007995523274485251,0
2019-07-30,34.757062806543715,3.7840002446371006,-1.4038563557803936,1.7598438743670766,-1.3412578063886675,-2.381723261977854,-0.4170066948572586,34.835893276347186,0.9330505741245916,0.007997871198805908,0
2019-07-31,34.98992908326309,3.744473114004984,-1.5095959004661654,1.9802206516891712,-1.2720147928158363,-2.358159019288121,-0.5849240531240283,34.757062806543715,0.696517439397025,0.007609499401449845,0
2019-08-01,39.79253486965887,4.860956712850079,-2.117266984959935,0.4861774246738992,0.6033864722463926,-2.544016274124402,-1.2892373506860286,34.98992908326309,1.9382343144277148,0.006513594452863406,0
2019-08-02,40.86280051592718,6.146162337403535,-3.0204967246678804,-0.1617716107043882,1.0171900373843004,-2.721803143717646,-1.259280895697919,39.79253486965887,2.7004680806598675,0.005998468397369314,0
2019-08-05,44.3279879813023,5.214599250859905,-1.6751006484737214,0.246802858796304,0.6528540226726252,-3.487960976729813,-0.9511945071252949,40.86280051592718,3.648403267825128,0.005866592678488207,0
2019-08-06,43.34904987188484,5.63551314679372,-1.7555824073734745,0.3551972371562168,0.3094065263943006,-3.4147171967095526,-1.129817306261215,44.3279879813023,3.2750069791740217,0.0072190737017465145,0
2019-08-07,43.4252179780051,5.774209323210666,-2.1440488125404964,1.05789789494691,0.519132576059393,-3.39022093413779,-1.8169700475386832,43.34904987188484,1.7215696020747246,0.006503533823121252,0
2019-08-08,44.13193750982563,6.000050394104441,-2.350025548067877,1.7178434277194832,-0.0854835686001385,-3.56033450691912,-1.7220501982367908,43.4252179780051,1.238904619153751,0.006499106080771686,0
2019-08-09,43.95837689956534,6.7332978377959005,-2.964424957017532,1.6342637023330315,0.4872079401119737,-3.753334233922388,-2.1370102893009943,44.13193750982563,0.3874114050185561,0.0064315975423236225,0
2019-08-12,43.39893706551508,7.085668159709829,-3.690483377735396,1.5536253222723797,0.9037941592963312,-3.8842457059978033,-1.9683585575453355,43.95837689956534,0.32602271553744,0.006431597542323623,0
2019-08-13,44.60616284951149,7.052879385326342,-3.155795825381062,1.7349400309806828,0.9463454440459972,-4.402145176360897,-2.1762238586110607,43.39893706551508,0.4543711556078675,0.006620379476869178,0
2019-08-14,46.39473319205192,6.42883196380158,-3.324313927269953,2.745819364448261,0.8431864107323737,-5.0799781464216185,-1.6135456652906388,44.60616284951149,1.0239560704140898,0.008686933417369369,0
2019-08-15,45.13877829369853,6.249983374287263,-3.2969546092744166,2.286598903624357,0.8625861669026715,-4.540091610600893,-1.5621222249389746,46.39473319205192,1.0311372520279616,0.00865153712814836,0
2019-08-16,43.95105222901106,6.089190437344486,-3.3158389249622284,2.341254915008125,0.6872926608138474,-4.690050364456579,-1.111848723747643,45.13877829369853,1.032193639694315,0.013612011065736875,1
2019-08-19,43.52045937635506,6.146716356026172,-3.166387695842393,2.6485715034689647,0.6235380483891939,-5.529909353099799,-0.7225288589421321,43.95105222901106,1.0023191884720484,0.014123940367387606,1
2019-08-20,43.40814410375464,6.415857373666215,-3.4679089151124907,2.870821859396898,0.5527209233757002,-5.501550763237134,-0.8699404780891857,43.52045937635506,1.1357408487120813,0.014447044050675763,1
2019-08-21,42.079079145198016,6.227029566725816,-3.359527182102964,2.7690614925036705,0.5373706686918025,-5.248735469073833,-0.9251990767444864,43.40814410375464,0.984429802896172,0.014576247336502385,1
2019-08-22,41.88483811732976,6.23913886368784,-3.3150852364753938,2.7846196232230245,0.5466414897859062,-5.27301584646987,-0.9822988937514968,42.079079145198016,0.828099906593842,0.014056850100999874,1
2019-08-23,40.7738089995551,5.28684061922721,-3.0756130480372,1.930232210677128,0.0236192275333282,-3.3723557474091503,-0.7927232619913154,41.88483811732976,1.0259040608302714,0.013924507536463453,1
2019-08-26,40.67230095465777,5.249003678718736,-3.0496302826467323,1.914399251520632,0.0627761127652286,-3.440933708849226,-0.7356150515086268,40.7738089995551,0.9989365251506016,0.013924507536463454,1
2019-08-27,40.42581805114376,5.454808461200175,-3.2984754392047706,1.890833367897061,0.4096322081641244,-3.426308969806655,-1.0304896282499303,40.67230095465777,0.6776218379753315,0.013922159612142796,1
2019-08-28,40.878157383577296,4.897000160056635,-3.0909369881286417,2.3913982182182583,0.866208781669096,-3.4047251002870054,-1.6589450715283505,40.42581805114376,0.5018688855057456,0.014634136840152263,1
2019-08-29,40.35722243375189,5.259357875458258,-3.5221945763555387,2.027008208569644,1.1061975746154555,-3.428491099948215,-1.4418779823396086,40.878157383577296,0.199892886631053,0.014634136840152263,1
2019-08-30,40.00804579215984,5.400841789801696,-3.5792792235122755,1.7862202326526884,1.240014812940478,-3.467678357104993,-1.3801192547775898,40.35722243375189,0.2951529574688689,0.014694464221620393,1
2019-09-04,41.752051262287104,4.958780358835233,-3.534274433657421,2.305346963568537,1.1104273606475816,-3.674263425924575,-1.166016823469345,40.00804579215984,0.6014625243057132,0.014694464221620393,1
2019-09-05,39.11167646091682,4.236064013002478,-3.6127591958955136,2.21832150664606,0.3619080164891262,-2.789243229033442,-0.4142911112087084,41.752051262287104,0.8797290826787542,0.01888510946897483,1
2019-09-06,38.78635170676162,4.351568008788565,-3.6568260026956896,2.145430036243805,0.3405239882069377,-2.793771431396733,-0.3869245991468792,39.11167646091682,1.0449277493961602,0.024345403667336944,1
2019-09-09,37.11218646020527,3.8952089758381616,-2.8232057300297027,2.156948139199669,0.1569482622189513,-3.1708154356512104,-0.2150842115758706,38.78635170676162,1.5221760059196048,0.024345403667336944,1
2019-09-10,36.61229154674174,3.740870917071964,-2.77004015395837,1.6737485507809744,0.1640289794520102,-2.412021396366171,-0.3965868969804154,37.11218646020527,1.8093359162408973,0.026539407777606515,1
2019-09-11,35.66218465003885,4.203589046957329,-3.0600190904901345,1.6648545038716491,0.2831142697665143,-2.6076589689715064,-0.483879761133843,36.61229154674174,1.3083517126638164,0.026550843337766288,1
2019-09-12,35.19695323464918,4.225486353304965,-3.055945071679998,1.9532580450318813,0.1971380117402628,-2.8671936407495107,-0.4527436976475982,35.66218465003885,1.2540560186378462,0.02636206140322073,1
2019-09-13,34.19168875562892,3.67143181015111,-3.1483261515825016,1.6752683100462038,0.2004488402008739,-1.8926279870166336,-0.5061948217990553,35.19695323464918,1.0335256933042594,0.023056503832882613,1
2019-09-16,45.932454493262334,7.542640228713136,-5.617602376281999,4.779341181677342,-0.2902860507067872,-3.939899804155535,-2.474193179246163,34.19168875562892,4.278294080706908,0.023056503832882616,1
2019-09-17,45.21572496497389,5.772613779132488,-2.8891967525248115,3.8045657412723344,-1.5547710081643222,-2.939910921761455,-2.1933008379542445,45.932454493262334,5.1986665992176535,0.018096029895294102,1
2019-09-18,45.22337908220968,5.562919378576311,-2.880574228750985,3.95621864674724,-1.8165073184987104,-2.6752491246035346,-2.1468073534703205,45.21572496497389,5.288690725919801,0.01758410059364337,1
2019-09-19,44.98274865027398,5.578390389625234,-3.2364341239508025,4.158576026969369,-1.9598474665603645,-2.550845896696644,-1.9898389293867984,45.22337908220968,4.470126572970018,0.017047753637657998,1
2019-09-20,45.90051477046851,5.944515564646919,-4.067527522538044,3.773903791848628,-1.7166946800124825,-2.0151963019512484,-1.919000851993767,44.98274865027398,0.3899453557761486,0.016829171397548727,1
2019-09-23,46.5933686494839,6.176290895373491,-4.1330917480527445,4.163070062352075,-2.224793789533118,-1.937360825985156,-2.044114594154534,45.90051477046851,0.5909619560796995,0.016829171397548727,1
2019-09-24,46.223387503445856,6.062273628360765,-4.261739975237015,4.104830703167249,-2.176877970604239,-2.159955848040708,-1.568530537646055,46.5933686494839,0.6029945123167948,0.013992848552858015,1
2019-09-25,45.80605736428499,6.167307826609942,-4.077656459690765,4.149816443340567,-2.129332134668372,-2.444128810197089,-1.6660068653942817,46.223387503445856,0.5358185696683759,0.014317195996202153,1
2019-09-26,45.24759834047203,5.877030251927058,-3.826676691122543,4.00059171688148,-2.1210611737299754,-2.417361711249039,-1.5125223927069718,45.80605736428499,0.4483553775866319,0.014317195996202153,1
2019-09-27,44.52505645601011,5.996207647765434,-4.124703295160037,4.039966961115347,-2.031386644775676,-2.2812231093323314,-1.5988615596127356,45.24759834047203,0.7302416593955996,0.013605218768192689,1
2019-09-30,42.03232247697628,5.405229476575121,-3.664628727466933,3.429743207724276,-0.9829809502786492,-2.3869732744316137,-1.8003897321221982,44.52505645601011,1.4811264158038528,0.013654448088794475,1
2019-10-01,42.033396288629525,5.288691935157427,-3.537881697039736,3.3641989386739937,-1.155027175865408,-2.385052311592087,-1.574929689334181,42.03232247697628,1.6005016852975156,0.013591494243927162,1
2019-10-02,43.75716295707546,1.3231968940257095,-5.463954102866785,0.5316534833537503,8.710735123575306,-1.4161047424790532,-3.685526655608925,42.033396288629525,1.3018565048896682,0.013591494243927162,1
2019-10-03,44.26148573431556,0.8436695916300838,-4.943131317515558,0.0882008856314104,8.725122921026918,-1.1768180964034682,-3.53704398436939,43.75716295707546,1.081028459617705,0.008048367973314418,0
2019-10-04,42.84479707431408,1.2519055322694008,-4.725009817414843,0.0811176227363166,9.581384304331944,-1.9229898837600068,-4.266407758162811,44.26148573431556,0.9009382820445798,0.002785881249608879,0
2019-10-07,41.23974962712254,1.9109952495271685,-4.20091939102208,0.6599320757006275,7.081973415006205,-2.302807594631391,-3.149173754580536,42.84479707431408,1.102038046052506,0.0027858812496088796,0
2019-10-08,40.3917400812443,1.7483838699284888,-4.184420454633483,0.4302961404675631,7.521219956949347,-2.488454412508112,-3.027025100203804,41.23974962712254,1.472084336767528,0.0005918771393393091,0
2019-10-09,40.88851791416143,2.9020813559978027,-4.220222486656016,2.047107239553654,5.297383232247618,-2.6601683901788906,-3.3661809509641625,40.3917400812443,1.4282815603228096,0.0019988152025273015,0
2019-10-10,40.20584521972267,2.822007369492635,-4.050425694118456,2.14198533525736,4.458824711869077,-2.1508857786209035,-3.221505943879712,40.88851791416143,0.939012040701653,0.00596352486009991,0
2019-10-11,40.10177508612956,3.021016041209436,-4.460233552444224,2.4643468520780853,4.037034735084545,-2.2721200047364576,-2.7900440711913834,40.20584521972267,0.4320967473512414,0.006197504925165859,0
2019-10-16,39.732139678213066,3.0852682758893195,-4.657568938263468,2.6563901823800933,3.8265304049639184,-2.373010540157243,-2.537609384812621,40.10177508612956,0.3791871454680197,0.006197504925165859,0
2019-10-21,39.26077735607869,3.1681363772556708,-4.798646407193671,2.606559056515106,3.929484703996374,-2.434384694650854,-2.4711490359226245,39.732139678213066,0.5391187991273906,0.006197504925165859,0
2019-10-22,38.58297936472446,2.973669834385344,-4.773039576865651,2.4727825246965693,4.258892640557399,-2.5876220803963843,-2.344683342377278,39.26077735607869,0.5971560708885774,0.007965051788407089,0
2019-10-23,38.056601634628606,3.314185839956936,-3.9823227700720496,2.200521683175644,3.7512867421587934,-2.725638429073219,-2.558033066146108,38.58297936472446,0.7448512551401196,0.008690675689754696,0
2019-10-24,38.07384812853423,3.391979109398058,-4.012471024750884,2.244599560756928,3.544144090702915,-2.778509413289039,-2.389742322817971,38.056601634628606,0.6619651444729537,0.008690675689754696,0
2019-10-25,37.49225843227408,3.153979861875456,-3.828487768242813,2.1189808384548083,3.6864169025379776,-2.774815767006096,-2.356074067619333,38.07384812853423,0.5942691985807913,0.009360893472180543,0
2019-10-28,35.021518748245995,2.7226250295658065,-3.033666030702299,1.4038280260586309,3.867249440970409,-2.724760887426464,-2.2352755784660823,37.49225843227408,1.2601585079856938,0.009503247052481578,0
2019-10-29,33.96248927730759,2.731934434925768,-3.2322865070423443,1.3775295968903487,3.948325043737404,-2.6320414117798374,-2.193461156731336,35.021518748245995,1.7033598085101744,0.009434876864062974,0
2019-10-30,33.84259055561371,2.673142312998845,-3.476526079481399,1.4842111256876702,3.7330996151864095,-2.6877233197383563,-1.726203654653165,33.96248927730759,1.776192160360893,0.009474745181312317,0
2019-10-31,33.705503384812346,2.5141448709419185,-3.776400233317215,1.4062527633306248,4.4517223901244165,-2.8146407539323177,-1.7810790371474186,33.84259055561371,1.4221945880683415,0.009478359288130504,0
2019-11-01,33.33034013911321,2.816234897293916,-4.142113884172909,1.3454815977967138,4.320040217022111,-2.9090526130738867,-1.4305902148659513,33.705503384812346,0.5658751613675679,0.009439463857125734,0
2019-11-04,34.25515832330194,2.5335021818564654,-3.453323329773656,1.3693352703603088,3.696550204648726,-2.463826001498441,-1.6822383255934024,33.33034013911321,0.3043187399072597,0.009530548164753539,0
2019-11-05,33.71742119197477,2.4453329751604302,-2.974423810139247,1.3392257679961703,3.4220576636033586,-2.460320376935665,-1.771872219685041,34.25515832330194,0.2969420548372117,0.009530548164753537,0
2019-11-06,33.62231734273773,2.396280742027016,-2.8650685956233124,1.3243546960463588,3.3894958148520264,-2.457896212308329,-1.7871664449937543,33.71742119197477,0.2992654165114888,0.009530548164753537,0
2019-11-07,32.99520973667251,2.393264619517976,-2.8971233232803097,1.2977126679969375,3.7490513065993314,-2.7593329226063426,-1.7835723482275876,33.62231734273773,0.4196999374451103,0.009356776955385544,0
2019-11-08,33.06711481696737,2.432732170369097,-2.8985673738815665,1.2672539307355937,3.8124143294287873,-2.7897564629887084,-1.8240765936632024,32.99520973667251,0.4625487385100797,0.009636351994526548,0
2019-11-13,32.663222355943326,2.3564197766791386,-2.7654465014992784,1.1816606414565491,4.162881622616272,-3.2315503625760185,-1.7039651766766657,33.06711481696737,0.3982340902066583,0.009636351994526546,0
2019-11-14,32.50579983333575,2.375839778761052,-2.753148611635293,1.1992085046602146,4.1191740150297695,-3.224849936115334,-1.716223750700404,32.663222355943326,0.3860508688373443,0.008217978371178781,0
2019-11-15,32.77856508277829,2.137942263538973,-2.820374142078812,1.074272637013422,4.204455684048025,-2.720815525953207,-1.8754809165683983,32.50579983333575,0.2074409966856263,0.004253268713606172,0
2019-11-18,32.99009511748616,2.123331561161128,-2.7508381113101663,1.031012967668719,3.9178625308302304,-2.3961209580841616,-1.925247990265752,32.77856508277829,0.2064960988249547,0.004019288648540223,0
2019-11-19,32.308946825061604,2.2334823299822792,-2.7676041992975007,1.013405035362207,3.8958481200055215,-2.555791227239327,-1.819340058813177,32.99009511748616,0.2321539075285673,0.006287581998855084,0
2019-11-20,32.155477919230925,2.2146763836480323,-2.7639431250554534,1.273706382128144,3.550312202672801,-2.4307768155919507,-1.8439750278015736,32.308946825061604,0.3038450131103837,0.009497364827872761,0
2019-11-21,31.540511085206543,2.1087186836860443,-2.5889079051158856,1.169607902961732,3.4795485868123657,-2.079076622950738,-2.0898906453935258,32.155477919230925,0.5075578669140498,0.007793225848020592,0
2019-11-22,32.05340791694263,2.05371897035639,-3.003535819699678,1.099809859660234,3.743693653756452,-1.7524029140064168,-2.1412837500669823,31.540511085206543,0.467770782303033,0.007067601946672984,0
2019-11-25,32.13849882337498,2.1771783495139383,-3.0342012831570644,1.0496290877015353,3.663160703103085,-1.7379729497086172,-2.117793907452877,32.05340791694263,0.2626924121891169,0.007089309659267673,0
2019-11-26,31.37529649248707,2.2069734246191146,-2.8439722311209152,0.9746922967391702,3.536426232676983,-2.0110142820882544,-1.8631054408260976,32.13849882337498,0.3283337059451238,0.006419091876841826,0
2019-11-27,31.45373356252804,2.030260150565669,-2.665870066581423,0.851757457183929,3.425913937023745,-1.7974714852143618,-1.84458999297756,31.37529649248707,0.3187285507792565,0.006276738296540791,0
2019-12-03,31.24219276855065,1.9633301345042264,-2.795510408422266,0.8631733039293472,3.4533265341372714,-1.8922773038066816,-1.5920422603419042,31.45373356252804,0.3692218412656174,0.006020761041615254,0
2019-12-04,31.69068236520984,2.0753759331141497,-2.6637814846650123,1.0839456097817255,2.963990940057983,-1.849753490119964,-1.60977750816889,31.24219276855065,0.3150022075701638,0.006858734275494992,0
2019-12-05,31.632713273168843,2.08347583767151,-2.630083527565227,1.0902796009914797,2.933369363114233,-1.8708486210361923,-1.6061926531758046,31.69068236520984,0.1648682141414572,0.00689070496021633,0
2019-12-06,31.903306156792286,2.060375741163159,-2.635809867646968,1.030295061048597,2.9519277400962136,-1.757210304785024,-1.6495783698759774,31.632713273168843,0.2233878593767678,0.0068803710706193165,0
2019-12-09,31.206068211619115,1.9419108163140235,-2.0471561411802752,0.9279011485643104,2.741627914944403,-1.779406390022968,-1.7848773486194918,31.903306156792286,0.2695798596474027,0.007772192068711288,0
2019-12-10,31.097485374856475,2.005954201728128,-2.0142815258062736,0.9956099548829024,2.6705702566434195,-1.858708182895358,-1.799144704552813,31.206068211619115,0.3049128647439076,0.007772192068711288,0
2019-12-11,29.728284895804908,2.231668326135602,-2.105632893871596,1.1902757449402523,2.585146402806296,-1.8790069937780016,-2.022450586232553,31.097485374856475,0.751135459105588,0.007772192068711288,0
2019-12-12,29.782237588238345,2.104103826820192,-2.0179575383447093,1.2142491948859735,2.5409994827646982,-1.7565372915827568,-2.0848576745433967,29.728284895804908,0.8531251311056101,0.010443069429516188,0
2019-12-13,29.84672390454944,2.123021261868682,-2.0156097081323825,1.302391714596963,2.436789216789744,-1.76053045860214,-2.0860620265208576,29.782237588238345,0.6711432775378431,0.010163494390375186,0
2019-12-16,30.44160780285744,2.1319118112527,-2.095146309739857,1.3082399176677797,2.41343460105317,-1.7167510417895278,-2.041688978444264,29.84672390454944,0.5260322809865573,0.011695127423166075,1
2019-12-17,30.53852153520197,2.1169759459868978,-2.1196941850013564,1.252345951045875,2.4610683899407864,-1.7202497551766371,-1.99044634679556,30.44160780285744,0.3484254716551373,0.011695127423166075,1
2019-12-18,29.62157242862908,1.9629206196686768,-2.0986320440328,1.1508403215856182,2.2182981051176744,-1.2793892104676314,-1.9540377918715284,30.53852153520197,0.3710803804430578,0.011695127423166075,1
2019-12-19,29.2932595569666,1.98390893227978,-1.802182957559462,1.1577446681557104,2.096146362532427,-1.4047006190675075,-2.030916386340946,29.62157242862908,0.4770452039755721,0.011695127423166075,1
2019-12-20,28.67839965205462,1.95993340242318,-2.026977443657924,1.1243958520841115,2.0850596410900075,-0.996506909235686,-2.145904542703694,29.2932595569666,0.7024642445809085,0.009446836936034838,0
2019-12-23,28.072126173903182,1.865456191003906,-1.8263535679936715,1.0544681644619045,1.9753868137772912,-0.8825715493291715,-2.1863860519202567,28.67839965205462,0.8383213573213071,0.006513641478316298,0
2019-12-24,28.06814078918456,1.884403298623924,-1.857441971503985,1.091910977568619,1.944701761588015,-0.8450844813638834,-2.218489584912692,28.072126173903182,0.6299661106200451,0.008070299122303094,0
2019-12-30,27.212755709416555,1.4933050622435742,0.4426558143045265,0.843366130443373,1.3190605634102108,-1.5358776581306617,-2.5625099122710178,28.06814078918456,0.6944622203272083,0.008179907416640354,0
2019-12-31,27.45192072048764,1.521321141635183,0.4216796775253626,0.839211321895827,1.4026605173162157,-1.592750130423202,-2.5921225279493814,27.212755709416555,0.5170742747192596,0.008158199704045667,0
2020-01-03,27.49622580044303,1.4674383612889788,0.4374877733500164,0.7838989686624771,1.2755103403904418,-1.2488481960806668,-2.715487247611246,27.45192072048764,0.3483024674236674,0.008323868456367857,0
2020-01-06,27.733206022971075,1.4005455332807497,0.4176284266573682,0.693377275617328,1.318553476240644,-1.1397729322145889,-2.6903317795814967,27.49622580044303,0.2895753146229241,0.008323868456367855,0
2020-01-07,27.489752724084585,1.4111986301805697,0.5221421068320871,0.6851913436672268,1.2832652743677264,-1.1362390851840227,-2.7655582698635905,27.733206022971075,0.1653042924235304,0.008488979708488255,0
2020-01-10,27.118976741281504,1.56734337660268,-0.0437576846074907,0.7923480900271889,1.2595225099764038,-0.8482881252549479,-2.7271681667438425,27.489752724084585,0.1965612009666444,0.007654157437895482,0
2020-01-13,25.11108543418929,1.203537016945189,-0.4799503716289379,0.7076007220307527,1.094924802237507,-0.5468696204091796,-1.9792425491753216,27.118976741281504,0.9597215607416006,0.007618572646355957,0
2020-01-14,25.172004325509672,1.129404254260944,-0.0292331601479438,0.6833892252295426,1.0759295218909242,-0.7332602530268,-2.126229588206667,25.11108543418929,1.1465661495285866,0.007654176992352255,0
2020-01-15,25.854624325327435,1.2872437109175818,0.5606528677742433,0.6169041801851103,0.873029536589387,-0.9858027970546376,-2.352027498411685,25.172004325509672,0.98558780032305,0.0066712716866324795,0
2020-01-16,26.045181127539667,1.2065102239860463,0.6489566122912482,0.6163216034037058,0.8259625858022299,-1.0812428864809065,-2.216508139002321,25.854624325327435,0.7284989714633712,0.0066712716866324795,0
2020-01-17,25.51935403381528,1.0891144585541843,0.6703376025721943,0.409950980175191,0.79500562531436,-0.8306517927982653,-2.133756873817675,26.045181127539667,0.3671539739701647,0.0066712716866324795,0
2020-01-22,26.989552947470745,1.0507318877313765,0.7451319585974188,0.5561921262779199,0.8885949349942281,-0.9821525112990116,-2.258498396301932,25.51935403381528,0.6138123738690219,0.004392320799569123,0
2020-01-23,26.112031759452847,1.0794597500145704,0.1705108632421921,0.587596403638579,1.3698798164832755,-0.9151070347863848,-2.2923397985922334,26.989552947470745,0.4882063526452209,0.008322624463806256,0
2020-01-24,26.865514369697863,1.3883382296009668,0.3913300059341056,0.6558940877316983,1.2387649272717551,-1.2814175992968058,-2.3929096512417187,26.112031759452847,0.5485913718660453,0.008057804788232136,0
2020-01-27,28.301785674024178,1.7717516602540018,0.5065534239841964,0.4992001690925916,0.6344799204254272,-1.365317876966314,-2.0466672967899022,26.865514369697863,0.938079793136618,0.008057804788232136,0
2020-01-28,28.903508323917453,1.0650217447685089,0.9089943521687812,0.2830687483846903,0.5559883933265155,-1.666960152771705,-1.1461130858767894,28.301785674024178,1.017920887703498,0.008556237873068152,0
2020-01-29,28.77140744826628,0.961709613924592,1.0027303406878985,0.2338482701333228,0.5061024118973356,-1.7578292177196595,-0.946561418923488,28.903508323917453,1.1077213938187016,0.00873660651657494,0
2020-01-30,28.603090689160723,0.8249549280040034,1.0825852602307209,-0.0331696833242078,0.6220319136913841,-1.6773014603961354,-0.8191009582057651,28.77140744826628,0.7396573776644431,0.008716603653391313,0
2020-01-31,27.81443851702037,0.7921183301374368,1.0143833828611115,-0.2517087615926083,0.5161001003042567,-1.1801448781721589,-0.8907481735380438,28.603090689160723,0.3883695908848986,0.008473211272289047,0
2020-02-03,28.198131937145064,0.3128636729689757,0.1557548170261622,0.2796491159833119,0.364424732076148,-0.6641290644879283,-0.4485632735666653,27.81443851702037,0.39986395918752,0.006853145744913189,0
2020-02-04,27.96534676925328,-0.0207252650114497,-0.5108352894689046,0.5052629196145553,0.0267175491432809,-0.7977282923458131,0.7973083780683283,28.198131937145064,0.3654784655274953,0.006881678253570326,0
2020-02-05,30.66134700906984,0.2051606279542479,-1.0975813115772302,1.29764368327778,-0.4126891306295122,-1.0772884689964553,1.084754599971172,27.96534676925328,1.0410382672435925,0.00893275995627317,0
2020-02-06,30.790725047703805,0.0586215976571491,-0.9318095015932796,1.1745407220671265,-0.437741386268359,-1.1065484006893227,1.2429369688266836,30.66134700906984,1.3452767486911217,0.03641386612035502,1
2020-02-07,30.355784978399228,0.5750291206807399,-1.130363941249927,1.3096863652149846,-0.6177224846372968,-1.1676076534735738,1.0309785934650706,30.790725047703805,1.2452032339310264,0.03641386612035502,1
2020-02-10,30.138181584884297,0.5355471901975308,-1.1885727512221318,1.2338225573746815,-0.5732052647118069,-1.124274336940493,1.1166826053022212,30.355784978399228,1.0340741103292213,0.03624875486823462,1
2020-02-11,29.33755379229564,0.4755885123392884,-1.0504828770940056,1.1732597147739805,-0.5500461591995984,-1.223894600315608,1.17557540949594,30.138181584884297,0.5133451374300428,0.04146911851428097,1
2020-02-12,29.997591057196896,0.8883938091462529,-1.2449759695971188,1.639821564366267,-0.7068577050643472,-1.546314081403081,0.9699323825520264,29.33755379229564,0.4760093561847308,0.04146911851428097,1
2020-02-13,30.01012516755824,0.8780917464155724,-1.2390055752430185,1.5769097849822271,-0.6868476273524236,-1.6533310759206463,1.1241827471182857,29.997591057196896,0.3404266223303858,0.05607916265894874,1
2020-02-14,29.69103210565841,0.6039008899134313,-1.244955084051976,1.3580901039242974,-0.9155224149108758,-1.082416738868138,1.280903243993257,30.01012516755824,0.2888609286319174,0.05607916265894873,1
2020-02-19,31.297219184012523,0.6054858221421373,-1.3150193067833718,1.2847566893531734,-1.1357234908973393,-1.358216271060971,1.918716557246373,29.69103210565841,0.6625609072104651,0.06141162624746456,1
2020-02-20,30.61214645461205,0.606056196222811,-1.16427642225953,1.2673134691612944,-1.1148884887647612,-1.4203117183630076,1.8261069640031908,31.297219184012523,0.5719902564789784,0.06143971080851519,1
2020-02-21,30.352454257110423,0.3074131049429454,-1.2986457047989453,1.0070035534681754,-0.843159909916571,-1.6080708759806843,2.43545983228508,30.61214645461205,0.5489321820047203,0.061014690728908035,1
2020-02-24,33.20783556642518,0.7763580331719115,-1.798972410402494,0.8910039997326571,-1.3364126399382856,-1.5851965890218085,3.053219606458023,30.352454257110423,1.203399837381112,0.0570843870646709,1
2020-02-25,35.55721427625544,0.4511718898707073,-2.35001815194457,-0.227678281979772,-0.5369154253750539,-2.0090631496743816,4.672503119103062,33.20783556642518,1.9512146567950177,0.06207875215375622,1
2020-02-26,34.90286899106392,0.3012860646786723,-1.8649425377557367,-0.1636182896141687,-0.6557516915471329,-1.8919691027271903,4.27499555696556,35.55721427625544,2.139522634258731,0.0661926804348729,1
2020-02-27,41.28511095414287,-0.3845990649563475,-2.0618509025337373,-0.8739295649703376,0.1812366422585301,-2.4212012799283693,5.560344170130256,34.90286899106392,3.594868914920704,0.06805384012267472,1
2020-02-28,40.89267883658056,-1.175298650041011,-1.9999078805754933,-0.9902681973079676,0.2526845734537311,-2.243582752371248,6.156372906841996,41.28511095414287,3.29339277958544,0.06787347147916793,1
2020-03-02,43.63114337807301,0.3853007099550201,-2.8516254104915,0.075831933451683,0.5340618809929518,-2.746209625095301,4.602640511187145,40.89267883658056,3.4225320959906305,0.06791077920362892,1
2020-03-03,42.61375757085258,0.1427520965379827,-2.406761606537453,-0.0122405638424059,0.5043331402665174,-2.910141177495721,4.682058111071087,43.63114337807301,3.0408614423810256,0.06787758421343205,1
2020-03-04,41.26531342288808,0.2446499387986112,-2.4482277436934727,-0.3951734408116767,0.4844064715453751,-2.5545220356361105,4.668866809797275,42.61375757085258,1.029062648095051,0.06787758421343205,1
2020-03-05,42.33249013918751,1.0436353334980524,-2.893063910926456,-0.0369121379284091,0.2439657741476413,-2.8872178100578125,4.529592751266979,41.26531342288808,0.980371721361973,0.06773944341043767,1
2020-03-06,49.48102045977418,2.885592687215972,-4.387726741044155,1.6501222386719832,0.6682292161109853,-4.225809818840974,3.4095924178861887,42.33249013918751,2.907471024388137,0.06908734608121848,1
2020-03-09,68.22388758252137,6.945044936247216,-11.61811044822275,6.2764709975907405,3.3006442296830567,-8.445762923651127,3.5417132083528724,49.48102045977418,10.145142514647326,0.04144057116481445,1
2020-03-10,71.4476125440864,5.898173845729312,-4.890660644905801,5.117442755846202,3.191691231574362,-11.836377496537152,2.5197303082930773,68.22388758252137,12.837051916377543,0.046292250278079435,1
2020-03-11,69.5472557280529,5.94852049915024,-6.979936973948281,5.34701675831556,3.3596768290801364,-10.294482383543372,2.619205270945706,71.4476125440864,11.936557060640707,0.046678340728643644,1
2020-03-12,67.58421914320446,3.5127386768946725,-6.009573951712572,4.9783048325970665,3.800592284546356,-8.478322016676293,2.19626017435076,69.5472557280529,7.99787320483034,0.04525160019854437,1
2020-03-13,64.24001333843113,3.066301510160386,-6.579020534159756,4.439413071691112,3.131450840060756,-5.905883926430054,1.8477390386775576,67.58421914320446,2.3842385230455183,0.04525160019854437,1
2020-03-16,65.27143143871993,2.804191220020396,-9.043552255757024,5.424617212943041,3.897722083069244,-7.780146591867303,4.697168331591641,64.24001333843113,2.657302349760758,0.030605951707880316,1
2020-03-19,65.8196137787442,4.697727532723064,-9.285005579206707,6.849821303054563,1.896377221696788,-9.52919939555035,5.370278917282638,65.27143143871993,1.8730116766396157,0.03060595170788032,1
2020-03-20,64.248505471527,5.758808177318244,-8.352263819178994,6.196382334590169,1.8538891911327584,-8.659743534095888,3.2029276502337165,65.8196137787442,1.235278315403704,0.0252734881193645,1
2020-03-23,63.09943198647964,6.218058191889691,-7.719882485113494,6.330048452315509,0.6666793508738422,-8.725621154388957,3.230717644423416,64.248505471527,0.9404799197905372,0.026338695831063103,1
2020-03-24,60.83282482649326,6.703428096655978,-7.537639210455209,6.697106257450169,-0.003211224752377,-8.389145368756562,2.529461449857994,63.09943198647964,1.7734292001858918,0.0263386958310631,1
2020-03-25,57.76030235664718,4.83096982423675,-7.712038257946482,5.994667467514407,0.109372183062554,-6.893696515387418,3.6707252985201873,60.83282482649326,2.8132299323093752,0.026338695831063103,1
2020-03-26,58.5811804383144,5.065172604196553,-6.903631861501442,5.752776957715573,0.8879325622403087,-7.182700059320504,2.380449796669515,57.76030235664718,2.501560670563709,0.020077517384761014,1
2020-03-27,58.158224669259376,5.121132777160419,-6.8031593995461535,4.78647035419208,1.1039194517437068,-7.078376825895849,2.870013642345791,58.5811804383144,2.011455168579648,0.015963589103644323,1
2020-03-30,57.83964805276775,5.05514884293938,-5.857673544335775,4.6056435262656095,1.0881531750615585,-6.328118134137971,1.4368461342071868,58.158224669259376,1.1365143489052951,0.013603996331006497,1
2020-03-31,57.35947072500517,15.525388459957483,-5.793008342367381,-1.561440951889585,-1.3002901575255257,-6.987411169233632,0.116762161058654,57.83964805276775,0.4094166778916476,0.013603996331006497,1
2020-04-01,52.81378392398661,9.752539718378342,-4.498334377223473,0.0668924718802568,-1.5425499034839731,-5.355370429919301,1.5768225203681503,57.35947072500517,2.106560170916331,0.013566688606545503,1
2020-04-02,51.55294815609528,9.39050255113355,-3.6173822956339072,0.2674236442093924,0.6670596836813836,-7.722381068679276,1.0147774852888531,52.81378392398661,2.785055686242854,0.01383407758929008,1
2020-04-03,51.64168779114402,10.54777978029102,-3.9481146180509312,-0.4973868510542729,1.353248429232245,-7.961008954614523,0.5054822141964621,51.55294815609528,2.7818741374734244,0.013992734342279581,1
2020-04-06,48.522917762515,6.824667487060078,-2.306537019573013,-1.7663266578904722,0.7193956747795607,-4.60618141191379,1.1349819275376358,51.64168779114402,2.866687403733316,0.0147804088133063,1
2020-04-07,46.93910206125492,5.387597891816379,-2.3241294406411583,-1.647834535098916,0.9449008136486744,-3.830768696073192,1.4702339663482071,48.522917762515,2.197389191671915,0.011381424439822634,0
2020-04-08,46.35962765600639,5.046279383152892,-2.121882126740517,-1.6240363157080342,0.9514714068506488,-3.6223050779264825,1.370472730371481,46.93910206125492,2.2334941026905133,0.011381424439822633,0
2020-04-09,45.62631852229273,4.849586283521549,-2.229947107842466,-1.2266906257055543,0.9888228559597216,-3.4529784913683086,1.0712070854350584,46.35962765600639,2.136364975010774,0.006529745326557645,0
2020-04-15,45.26724571826686,4.927967805966948,-2.1074883204021013,-1.4896392959039169,0.9407093968376028,-3.4432224927001744,1.1716729062016382,45.62631852229273,1.1470353539244456,0.006355228636510731,0
2020-04-16,44.19768088538253,4.847121415478411,-2.0714285846008584,-1.3672814065681642,0.7280894314363735,-3.2354156786210497,1.0989148228752912,45.26724571826686,0.939971213007157,0.002518586240027332,0
2020-04-17,43.35283507753439,4.702022214144363,-2.0999942211244216,-1.3178847319087428,0.6538479632365757,-3.3412204566704147,1.4032292323226434,44.19768088538253,1.064090658813735,0.002518586240027332,0
2020-04-22,46.65469662861125,4.291976002996935,-2.8132915629642627,1.9925886197445148,0.2147845518884725,-4.010643125034932,0.3245855133692688,43.35283507753439,1.1451316927766488,0.002518586240027332,0
2020-04-23,45.98185828817376,4.132308634580696,-2.552219802087665,1.713308272806513,-0.0895283387235252,-3.6549891318912855,0.4511203653152726,46.65469662861125,1.1907203226593237,0.002518586240027332,0
2020-04-24,45.962569807679294,4.209524222114739,-2.2757392763828546,1.450651711647744,-0.2065213772605822,-3.753974046871163,0.5760587667521264,45.98185828817376,1.2426697684352797,0.002518586240027332,0
2020-04-27,45.88052420127986,4.631364467282618,-2.404155029142068,1.8533093502324969,-0.4825280989639786,-3.870916849330145,0.2729261599210781,45.962569807679294,1.141270282669686,0.001425293967278091,0
2020-04-28,45.15954188509475,4.577795772359871,-2.2287704315510006,1.81089732521032,-0.5197113295698568,-3.770576845260325,0.1303655088109963,45.88052420127986,0.4743343697676971,0.0065596471316243824,0
2020-04-29,44.18921799982155,4.668534196154291,-2.1929453031592443,2.2853113152144253,-1.2553928137941517,-3.7932015659959455,0.2876941715806325,45.15954188509475,0.6933578205496809,0.0065596471316243824,0
2020-04-30,44.03365125803823,4.704552891748102,-2.2615134275398483,2.242476874529796,-1.3502053898822783,-3.467960313224252,0.1326493643684827,44.18921799982155,0.813430260685255,0.0065596471316243824,0
2020-05-01,43.11034906179217,4.2583419067140085,-2.095138767570905,2.0117564182958745,-1.0925273010091958,-3.579434050667063,0.4970017942372875,44.03365125803823,0.9573742769669032,0.006726593771015198,0
2020-05-04,42.99803698383641,4.169174155732742,-2.028414567499396,1.936406015456148,-1.1839885239808376,-3.162910901455425,0.2697338217467688,43.11034906179217,0.7905725038092991,0.006726593771015197,0
2020-05-05,42.6865525737874,4.580762097550294,-2.114818591087196,2.266525882816415,-1.3546914079332746,-3.0787764968320808,-0.2990014845141511,42.99803698383641,0.5964553137151292,0.014998931942410535,1
2020-05-06,42.76653111518693,4.210369851881223,-2.1566495283761222,2.4218193065329,-1.0779750452988095,-3.152738777616136,-0.2448258071230507,42.6865525737874,0.4821906059047711,0.014998931942410535,1
2020-05-07,42.58280837014324,4.18628186231222,-1.9430912632424195,2.3431173171355013,-1.1564577885669314,-3.214792543048392,-0.2150575845899833,42.76653111518693,0.1962318229368168,0.014731542959665958,1
2020-05-12,42.2990271804447,4.028556149174303,-1.97329388147946,2.155479868677025,-1.2503155725360076,-3.0227322131005576,0.0623056492646938,42.58280837014324,0.2290701297702045,0.02054941367581637,1
2020-05-13,42.33625442946512,4.013715434604505,-1.9983753145830545,1.9990882937146937,-1.2735685684471454,-3.1230394821912366,0.3821796369022427,42.2990271804447,0.1865693036872003,0.02081406679623947,1
2020-05-14,42.21931741838952,4.067035856907816,-1.9991968281816388,1.979108850033972,-1.2768230411435972,-3.1537066707483903,0.3835818331318439,42.33625442946512,0.2031506723964769,0.02081406679623947,1
2020-05-15,42.4667770809457,4.119359765596537,-2.0187435199935897,2.023055528268346,-1.184839830451283,-3.374636977722837,0.4358050343028274,42.21931741838952,0.1287999683892838,0.020827982695615675,1
2020-05-18,42.02210212111846,3.97714409057192,-1.7387388082513402,2.0795978665376698,-1.1551605034848764,-3.547718157103522,0.3848755117301428,42.4667770809457,0.1469469441334476,0.020827982695615678,1
2020-05-19,41.3780044372652,3.813085515966391,-1.689053349325933,2.087653017553152,-0.8915045027633415,-3.808471490729496,0.4882908092992259,42.02210212111846,0.3822881820641479,0.02061640893509838,1
2020-05-20,41.403958242157074,3.849814158346839,-1.680383197268735,2.133030130219176,-0.9520436643216116,-3.825320896295765,0.4749034693200951,41.3780044372652,0.4374074133612345,0.02061640893509838,1
2020-05-21,40.8950869768696,3.625848944763088,-1.4576614762663511,2.192890778021198,-1.0175308910106944,-3.8160706956831296,0.4725233401758899,41.403958242157074,0.5492873569215257,0.020616408935098383,1
2020-05-22,40.85704048220062,3.6239267215144846,-1.456248397255901,2.1933157915309813,-1.0414490068878974,-3.812318958936719,0.4927738500350589,40.8950869768696,0.4237592850594719,0.021418862435815457,1
2020-05-27,40.80435014025687,3.3906975298713515,-1.1188718168172649,2.175830242016067,-0.859367673683181,-3.895270938046215,0.3069826566592413,40.85704048220062,0.2656630517447757,0.026266665239171212,1
2020-05-28,40.455098577176365,3.333048319867604,-1.0871111145683714,2.163058668051864,-0.8877645439018318,-3.907876705097806,0.3866453756485351,40.80435014025687,0.3038100895680021,0.0263039941124699,1
2020-05-29,39.93786826057544,3.395797333199601,-1.3033225788938436,2.25254017986631,-0.7260225694100324,-3.880228098977552,0.2612357342155196,40.455098577176365,0.3616099564258781,0.026316203348825402,1
2020-06-01,40.28346618927079,2.996076283199595,-1.1271513547696477,2.452458700120612,-0.6809780885321324,-3.119202210310983,-0.5212033297074488,39.93786826057544,0.3405119091894363,0.021254959835598816,1
2020-06-02,40.12528449259322,2.9154909563843603,-1.14912433443116,2.591679012659002,-0.7666158292977343,-3.145486360399086,-0.4459434449153869,40.28346618927079,0.2960110927140005,0.021254959835598816,1
2020-06-03,41.1214902683951,2.963686294177124,-1.0909108491879924,2.281276827943058,-0.8200549352176507,-2.2780016877187435,-1.0559956499957943,40.12528449259322,0.4062066310308064,0.021254959835598816,1
2020-06-04,40.89758287738558,2.954879956996927,-0.958085670480198,2.224575403624611,-0.8835426932628865,-2.218766245387504,-1.1190607514909487,41.1214902683951,0.4569475397055008,0.021088013196208004,1
2020-06-05,41.4408716730847,2.9338705942320384,-1.0278787846881317,2.118976470103364,-1.0079541496644504,-1.8327674508272365,-1.1842466791555823,40.89758287738558,0.4984365418484791,0.021088013196208004,1
2020-06-08,41.26201238950558,2.94781741786462,-0.814992993265852,1.999438706309032,-1.0815178756364725,-1.590927857021843,-1.4598173982494789,41.4408716730847,0.4579798414810082,0.013225801768347572,1
2020-06-09,40.98479790147383,2.985800854819094,-0.5957874644632071,1.902674069488672,-1.1812490132258278,-1.6617566883604105,-1.4496817582583192,41.26201238950558,0.1942153564696269,0.01471843878051661,1
2020-06-10,40.87436131044842,2.9700344910768584,-0.5995286125799772,1.89750361533998,-1.1800429747396954,-1.693989822625578,-1.393976696471574,40.98479790147383,0.2223836934657033,0.014718438780516608,1
2020-06-11,40.186267367987966,2.8371976860648047,-0.6448089472151364,1.9376819426553968,-1.392722705552611,-1.6527467554897073,-1.0846012204627495,40.87436131044842,0.4309352151680889,0.008741911311376697,0
2020-06-12,40.38297238155807,2.7948750790039814,-0.45090517192452,2.015760361313575,-1.4912454999709626,-1.6996138344349392,-1.1688709339871322,40.186267367987966,0.3961176766455802,0.0076900727472018525,0
2020-06-15,40.42160423134295,2.684484961718708,-0.4518884166487402,1.9766057945875275,-1.412273277761111,-1.723329983528788,-1.0735990783676037,40.38297238155807,0.3062497260239115,0.0077468279301270695,0
2020-06-16,40.84599105890597,2.4909470072890967,-0.1794111251170829,2.114214177108197,-1.3935027090743173,-1.5791667431151684,-1.4530806070907314,40.42160423134295,0.2717369861989437,0.007732912030750865,0
2020-06-17,40.701251145858414,2.4294163770083026,-0.2960429351169731,2.05305520663292,-1.2494505233321052,-1.5829043687460556,-1.354073756446085,40.84599105890597,0.2358776163415173,0.010216025399902193,0
2020-06-18,40.35572552058467,2.410857543684481,-0.17089735826374,2.0346622769845766,-1.2099098951003668,-1.569194410863188,-1.4955181564417694,40.701251145858414,0.1960884451036054,0.010506792391467956,0
2020-06-19,40.028945556477005,2.4203240538289394,-0.2158087423315358,2.028370842275846,-1.1994789799789478,-1.555956143049721,-1.4774510307445778,40.35572552058467,0.2845254728415688,0.011197421351455671,0
2020-06-22,40.29596445330889,2.3914472364099337,-0.241606294569241,1.807150099166652,-1.2617997751993926,-1.095795742592944,-1.5993955232150086,40.028945556477005,0.2931687737912671,0.011197421351455671,0
2020-06-23,40.22292766240583,2.3652786772719647,-0.248312545793091,1.795436103541734,-1.230702898797655,-1.0870909872206496,-1.594608349002299,40.29596445330889,0.2196986794646943,0.010394967850738599,0
2020-06-24,40.267828520937925,2.2633175937380035,-0.3951855355936784,1.8342698507284567,-1.2233483604803856,-1.0267775520255076,-1.452275996366888,40.22292766240583,0.1113288810314267,0.007980342358361599,0
2020-06-25,40.01088700236628,2.24964818527014,-0.305147676419093,1.8694043276158272,-1.2420635873828534,-1.0901910811244573,-1.4816501679595575,40.267828520937925,0.1211132957016909,0.008137157040097364,0
2020-06-26,39.69220613971686,2.2540945149854794,-0.1678092238004649,1.9173307021843105,-1.2334053816548716,-1.2713670009797804,-1.498843610734669,40.01088700236628,0.2262281576620668,0.008201026551128266,0
2020-07-01,39.93295905343401,2.235416682606954,-0.2571637716337727,1.9594093131709656,-1.2722882124405723,-1.0905082763848697,-1.5748657353187143,39.69220613971686,0.2085966740232936,0.009170833277688065,0
2020-07-02,38.69687759360454,2.232169980989341,-0.0657085323176676,2.0605025579927485,-1.354684402283774,-1.3195873560798743,-1.552692248300767,39.93295905343401,0.5436239025407962,0.009170833277688065,0
2020-07-07,38.66136639061079,2.2124921816352074,-0.0139117627761717,2.0572207845882726,-1.3785536514312886,-1.3233218841465413,-1.5539256678694748,38.69687759360454,0.5970874192220496,0.009176757175810558,0
2020-07-08,38.17753844894233,2.2378886628083565,-0.2783837837337231,2.003238237089988,-1.297992196487903,-1.0550232488925388,-1.6097276707841823,38.66136639061079,0.6674398887087151,0.009176757175810556,0
2020-07-09,38.24742361386697,2.2266658519988622,-0.4034324497750781,2.026224401054403,-1.2922537411601187,-0.8446628526609747,-1.712541209457096,38.17753844894233,0.6308940196463398,0.009176757175810556,0
2020-07-10,38.57267594467535,2.178269065018976,-0.3113351697698903,2.1167411767624387,-1.3565447360823883,-0.8607694675372288,-1.7663608683918994,38.24742361386697,0.2161961953850824,0.008769457512006348,0
2020-07-13,38.63745408687311,2.152193418036463,-0.2590410903587337,2.063618709075554,-1.418626909890441,-0.7453996011208961,-1.7927445257419476,38.57267594467535,0.2047950116699825,0.007430102795269033,0
2020-07-14,38.63648328256404,2.050148718220437,-0.2771030162013859,2.067681752400775,-1.4253507026476333,-0.799830845640459,-1.615545906131734,38.63745408687311,0.200071900279785,0.00744953072148544,0
2020-07-15,38.57755199177708,2.047134109777141,-0.3088659312966717,2.0943683081260414,-1.4926631369821166,-0.8329938376267072,-1.506979511997688,38.63648328256404,0.1460983888582935,0.007449530721485439,0
2020-07-16,38.56342084492192,2.080904423990672,-0.3766791793705573,2.057092987977996,-1.4645522325807976,-0.7818804714876206,-1.514885528529689,38.57755199177708,0.0325317366814409,0.007449041694210465,0
2020-07-17,38.06558356013861,2.055435015806692,-0.4523576622185432,2.038383703672787,-1.3656700314170758,-0.7376521461600047,-1.538138879683851,38.56342084492192,0.2173473588552364,0.007500786939128617,0
2020-07-20,36.50036787268383,2.046945031523639,-0.8221500816731875,1.960270587712989,-1.505491117964251,-0.414579375997798,-1.2649950436013926,38.06558356013861,0.8106457046026938,0.0075007869391286175,0
2020-07-21,36.74181556362656,1.932620632047537,-1.0643225536149972,2.0272238784178835,-1.4550809846116133,0.1094281986386596,-1.549869170877474,36.50036787268383,0.8950925680862655,0.005017673569977288,0
2020-07-22,36.547066579752645,1.938591347688437,-1.0408616794459662,2.000171954618418,-1.4691259405464292,0.0907131077111489,-1.5194887900256149,36.74181556362656,0.8601051203631402,0.004726906578411524,0
2020-07-23,36.35665027822187,1.975029049791132,-1.1684944333433347,2.062010301013773,-1.6221691222710346,0.0299923834862028,-1.2763681786767496,36.547066579752645,0.623932014692369,0.005070480689822573,0
2020-07-24,36.08454388344832,1.9589344206224748,-1.0660484305933855,2.0629035838431093,-1.6420661024970018,-0.012914609672963,-1.300808861702234,36.35665027822187,0.2187743240515903,0.005070480689822573,0
2020-07-27,36.81753867459383,1.9401465133723823,-1.4661964128433955,1.8761962574061268,-1.7585851595245412,0.4376905041571284,-1.0292517025676975,36.08454388344832,0.2661654860645732,0.006617797157659766,0
2020-07-28,37.12229021826053,1.956022239296204,-1.6295916994353477,1.857277412758119,-1.9361646216553057,0.5259300827416142,-0.7734734137052772,36.81753867459383,0.3596642793085917,0.0041846198466810106,0
2020-07-29,36.97888088426762,1.9862437465588,-1.6853286675670616,1.9135710194261983,-2.008717676612455,0.5360452241048899,-0.7418136459103586,37.12229021826053,0.3905557060510682,0.0041445976918805805,0
2020-07-30,36.452101930300536,2.0835389751624662,-1.7622296501895305,1.9878877112572613,-2.103864167369342,0.5029249729429313,-0.7082578418037828,36.97888088426762,0.3767651724299206,0.011842006863032006,1
2020-07-31,35.34525026445632,2.0971017817874955,-1.4468425946187466,1.9986649737216864,-2.180783031339569,0.369282606058535,-0.8374237356093994,36.452101930300536,0.6393445782364799,0.0107990904853525,0
2020-08-03,35.47203248064445,2.007443666770782,-1.6271972749403745,1.9727083131221088,-2.098696978832684,0.4736479119879604,-0.7279056381077877,35.34525026445632,0.7421457491050926,0.013730378061265348,1
2020-08-04,34.08810258492013,1.8798926833521383,-1.1388202103643403,1.914021292766808,-2.1913741236731514,0.2546026348905608,-0.7183222769720148,35.47203248064445,0.997182871330538,0.01414830594364799,1
2020-08-07,33.914080709032724,1.8351650745226111,-1.1275921593611165,1.9524051687040664,-2.09397504079695,0.2659065109828122,-0.8319095540514247,34.08810258492013,0.9430419071918243,0.01414830594364799,1
2020-08-10,34.068895264833486,1.9470845657031248,-1.2266441487162696,1.7934209690527911,-2.061523496233134,0.3939112179997319,-0.8462491078062442,33.914080709032724,0.6823404489370989,0.014786051860936344,1
2020-08-11,33.893042779595774,1.868025972955226,-1.1177333383615615,1.853269188460312,-2.0123405893942614,0.372030173560915,-0.963251407220632,34.068895264833486,0.5976123593488897,0.014783334558072006,1
2020-08-12,34.82719717857906,1.7478759937944988,-1.2300597024422493,2.0703929405147647,-1.926482733698367,0.2368840701569361,-0.8986105683255863,33.893042779595774,0.3436127959588848,0.016327600606214646,1
2020-08-13,34.32000888341168,1.8266666015957047,-1.1068795991880502,2.0250251978230622,-2.0057679414475764,0.1687298243675157,-0.9077740831506578,34.82719717857906,0.3466501354944707,0.018127457943892693,1
2020-08-14,34.009199705231964,1.8568894523007733,-1.0794683317486211,1.985529888695762,-2.009647951829506,0.1567636431154762,-0.9100667005338812,34.32000888341168,0.3325036302320069,0.019111357064745274,1
2020-08-17,34.1550713785174,1.9658252059466887,-1.18343640009013,1.825624282063547,-1.9208371237799904,0.0829845155487862,-0.7701604796888892,34.009199705231964,0.3262081610297168,0.019111357064745274,1
2020-08-20,33.83395276443273,2.014226376222396,-1.1035055911697955,1.7498557156824202,-1.942097563466663,0.0847016006880825,-0.8031805379564458,34.1550713785174,0.3394001689267112,0.019002856636901905,1
2020-08-21,33.925677483418205,1.945835679224188,-0.965336930957256,1.7147962107824508,-1.864382947961552,0.0440094663918568,-0.8749214774796918,33.83395276443273,0.1718921375662805,0.019002856636901908,1
2020-08-24,34.18926842455021,1.9054549325885537,-0.8788341050924999,1.5297298516252358,-1.9851344545648304,0.3012127395857877,-0.8724289641422489,33.925677483418205,0.1345275776269321,0.01906130182105012,1
2020-08-25,34.490442113469804,1.7701283435685928,-1.0109907056512253,1.5350579760992975,-2.088876786752465,0.3582280003086524,-0.5635468275728499,34.18926842455021,0.229274286524287,0.019061301821050123,1
2020-08-26,34.234943267874606,1.808069231283019,-0.9756893937507264,1.5428975379366534,-2.097596592326517,0.390303019683528,-0.667983802825959,34.490442113469804,0.2339735310661781,0.022100199167418448,1
2020-08-27,34.2287778172912,1.776264650201516,-0.9090568991342084,1.5489094386715792,-2.086793577866575,0.4326482834994538,-0.7619718953717634,34.234943267874606,0.1793424724404451,0.022100199167418448,1
2020-08-28,34.71290143650845,1.6635746206823248,-1.080148710200766,1.6111294653074193,-1.8853591619604568,0.5537820268578704,-0.8629782406863917,34.2287778172912,0.2014584842949006,0.021441599618910134,1
2020-09-02,34.22063172024444,1.3676767740455844,-1.1365760623945047,1.7162521651201352,-1.7698155493730718,0.6491127050492522,-0.8266500324473922,34.71290143650845,0.1961113987465638,0.02279822176002213,1
2020-09-03,33.43769915443486,1.2446426500314756,-1.812443954549988,1.6405000716588205,-1.8600384958390304,0.7232845517261441,0.0640551769725732,34.22063172024444,0.4101700254926327,0.02264410035978811,1
2020-09-04,37.01094566052025,1.030996209670322,-1.6062141581849023,1.7029352704643037,-1.4274360603258698,0.5802165435676172,-0.2804978051914668,33.43769915443486,1.215189020140027,0.014870612441250276,1
2020-09-09,37.9381871981126,0.7751810224846789,-0.0686630453825625,0.9128181088870556,-2.181344759928094,-0.2013304756556437,0.7633391495945743,37.01094566052025,1.7164295493351749,0.014870612441250274,1
2020-09-10,38.143330918382766,1.181115260125738,-1.034387590632964,0.6584439677464538,-1.510237582528057,0.7337712921150095,-0.0287053468261841,37.9381871981126,1.948909784752886,0.014594606093870567,1
2020-09-11,37.789727829575206,1.1545483620896704,-0.5597557256118493,0.5698652233842978,-1.620292450826109,0.6847596165682814,-0.2291250256042909,38.143330918382766,1.755486727881883,0.014170754313365428,1
2020-09-14,36.9215045523814,1.239380374170688,-0.5846447968119897,0.5946366667675775,-1.696025259474089,0.7846812787197237,-0.3380282633719114,37.789727829575206,0.4990410333530773,0.014170754313365432,1
2020-09-15,37.96684244108595,0.9473250605642995,-0.0205272226513817,0.7969894082005702,-1.3498234216254383,0.0342077705435488,-0.4081715950316003,36.9215045523814,0.4301415765567902,0.014233636420084586,1
2020-09-16,38.01370205061952,0.8536097947751191,0.0537550261912889,0.8884229656912268,-1.402404069921405,0.0379592798195549,-0.4313429965557835,37.96684244108595,0.4376763569181502,0.014289210718895015,1
2020-09-17,38.27052823884096,0.7016269757350209,1.6254537692361866,0.695824144404666,-1.711779583079605,-0.6682168702109972,-0.6429084360852713,38.01370205061952,0.4618392313771386,0.012591662375320651,1
2020-09-18,37.6162451775342,0.8352599240330498,1.1724921202778091,0.6710327214967311,-1.874238737813262,-0.1263251354369869,-0.6782208925573503,38.27052823884096,0.4672264302791412,0.010831955937224962,0
2020-09-21,38.73797456418007,0.4029460538979119,1.7166701462304736,0.2062478871534576,-1.2269998730795253,-0.5764619227711973,-0.5224022914311197,37.6162451775342,0.3723093132493117,0.009848056816372377,0
2020-09-22,37.589571601543895,0.4713434905020666,1.7479990337380014,0.2533825665180504,-1.3798593761950473,-0.5983013797104904,-0.4945643348525799,38.73797456418007,0.4297208844365203,0.009848056816372377,0
2020-09-23,37.07217339655719,0.2987505974090414,1.170219078000097,0.263751105210618,-1.2875715222238782,-0.1820175084879025,-0.2631317499079744,37.589571601543895,0.5818169766457026,0.009848056816372377,0
2020-09-24,37.00988409334064,0.2734234222667986,1.342309071339646,0.2200502539640734,-1.363594947898724,-0.1401329837053491,-0.3320548159664405,37.07217339655719,0.6200101354278391,0.009848056816372377,0
2020-09-25,36.776800567973446,0.3450356368676814,1.3156091310403055,0.147240681492649,-1.3225654149243784,-0.1600098363853241,-0.325310198090925,37.00988409334064,0.7024531662994064,0.010695747285722822,0
2020-09-28,35.80102921613194,0.307481326743698,0.5788661943409137,-0.1160614001597757,-0.9949216368668125,0.4963035096723245,-0.271667993730353,36.776800567973446,0.5878074342749552,0.010991981020776708,0
2020-09-29,35.701112864997995,0.3092114842582845,1.138867080834829,-0.1999079161212744,-1.017727644914113,0.6311639521928631,-0.8616069562505877,35.80102921613194,0.5978125722498354,0.0069934845578853745,0
2020-09-30,35.94095061963564,0.4634604324231119,0.7470800886532443,-0.207299449954224,-0.941633185911532,0.5741560465182962,-0.6357639317288903,35.701112864997995,0.5391148771741038,0.007050960675698216,0
2020-10-01,35.55871821979918,0.4066124664189949,0.7430681999835431,-0.2300930474961333,-0.9628774481974904,0.6258614637118041,-0.5825716344207139,35.94095061963564,0.4291283908021517,0.0061622437563693365,0
2020-10-02,35.418752271667024,0.7040477242392171,0.5444336122703248,-0.1320881265603688,-0.9379197900091968,0.562977130157281,-0.7414505500972486,35.55871821979918,0.1822438623961844,0.0072192052570611825,0
2020-10-05,39.87049522946618,1.3085367340035408,0.6411433925638299,0.2497379007002127,-1.1808433667761076,0.4498165475832205,-1.4683912080746966,35.418752271667024,1.695056524864298,0.007610199257764874,0
2020-10-06,39.98958193428326,1.136104107539076,0.3631103083494458,0.3387531999078419,-0.8554390575664392,0.4155989775518085,-1.398127535781727,39.87049522946618,2.1092157272217023,0.007610199257764874,0
2020-10-07,37.81846618050896,0.9335080756307548,0.6592434517207848,0.4548226815776779,-1.0694661140560229,0.3767067320738617,-1.3548148269470484,39.98958193428326,1.9875401886609276,0.008169568810234803,0
2020-10-08,36.8480389107933,0.0064443087282111,2.117642241707633,-0.3170378395586475,-1.2207704984784815,0.2897044609654156,-0.875982673364136,37.81846618050896,1.7595112803035025,0.005514287581701667,0
2020-10-09,37.30216555661786,-0.1704824190566647,3.508355076099088,-0.5049350910278054,-1.6392317703630033,0.0239305364500079,-1.21763633210162,36.8480389107933,1.31417401846021,0.005550962921713641,0
2020-10-12,37.61315977695647,-0.3074497818932276,3.7659670052662215,-0.6204113739274071,-1.8462640402210533,0.0737716713916496,-1.0656134806161814,37.30216555661786,1.087960104714221,0.005550962921713641,0
2020-10-13,37.39844858446247,-0.4851237044050869,3.383963463165036,-0.7187465496389489,-1.8589769396759133,0.4857919406897797,-0.8069082101348566,37.61315977695647,0.3270193512458335,0.004850334897706131,0
2020-10-14,37.52782638660656,-0.4452401318549448,3.389632646597614,-0.5838915831963902,-2.002059645763695,0.5843325121108931,-0.9427737978934698,37.39844858446247,0.2671130627674078,0.005293243974056531,0
2020-10-15,37.595739980170414,-0.4609171930162556,3.445926858214171,-0.6017153055679927,-2.0286715475780737,0.5735884199051058,-0.9282112319569508,37.52782638660656,0.1195085735155235,0.0054470305181146764,0
2020-10-16,37.33149517791507,-0.1929000461694148,2.8404638795817427,-0.3595245103986002,-1.823086051969404,0.5121816063114419,-0.97713487735576,37.595739980170414,0.110661621844109,0.005828267398405427,0
2020-10-19,37.15267568555529,-0.1877575892352716,2.794938698948735,-0.3835483182557873,-1.869334278192989,0.6555451963762318,-1.0098437096409176,37.33149517791507,0.1552486432420207,0.006067383947195552,0
2020-10-20,37.94642548253783,-0.2370737730280705,3.064021677850392,-0.5475455710236403,-1.940247249451203,0.7671886381539279,-1.1063437225014092,37.15267568555529,0.2674612112555546,0.006067383947195552,0
2020-10-21,38.39695678012577,-0.3296257045224617,3.1525040761073173,-0.2661380369878063,-1.9431555394247848,0.8163836856745039,-1.4299684808467696,37.94642548253783,0.4453150217800665,0.006067383947195553,0
2020-10-22,38.47674666090384,-0.1301409006419582,2.869315926974902,-0.1079652493304834,-1.7067356930684996,0.6973643591722407,-1.6218384431062067,38.39695678012577,0.5395905348739225,0.006333234537486743,0
2020-10-23,38.439634469551066,-0.1514451816277162,2.9092139886095087,-0.1647458793298994,-1.7415145951508917,0.7752293351691661,-1.6267376676701586,38.47674666090384,0.5029807262378966,0.005427098883988082,0
2020-10-28,38.90443402175214,-0.2316534329068247,3.2685355547470465,-0.3107050526751642,-1.899193896544056,0.8517590054393192,-1.678742178060321,38.439634469551066,0.3040597208788285,0.005130865148934198,0
2020-10-29,38.49143040265778,-0.3127293481327804,3.3038761339772145,-0.4433365712075598,-1.8693269955204144,0.8494599274000314,-1.5279431465164914,38.90443402175214,0.1842225896911285,0.007131477080025749,0
2020-10-30,37.692229568484734,-0.2816571125572444,3.1413735350922547,-0.3604440277871212,-1.9395769093955104,0.859892243496263,-1.4195877288486374,38.49143040265778,0.392736328940425,0.007326248062292479,0
2020-11-02,37.475190685659406,-0.3109033838477852,2.996009194854525,-0.1097021235916333,-2.1344596384341497,1.0347543553206773,-1.4756984043016343,37.692229568484734,0.533246903147481,0.007608815518621763,0
2020-11-03,37.50509185211478,-0.3046327666705952,2.88835444063075,-0.1215698367767483,-2.04387207985041,0.9406744430378104,-1.3589542003708113,37.475190685659406,0.578558761085768,0.005195231876817922,0
2020-11-04,37.794776875816645,-0.3615581677896067,2.8354861781567022,-0.2109821228953752,-1.941028126195224,1.0014115521257416,-1.3233293134022284,37.50509185211478,0.3692827743574035,0.0050622709858723055,0
2020-11-05,36.99197289075358,-0.6033300000199855,2.8837963653689886,-0.428130205834961,-2.023600583163981,1.0053466371649875,-0.8340822135150394,37.794776875816645,0.2764947259094892,0.005062270985872305,0
2020-11-06,36.12445967152515,-0.5028368172162754,2.644993577853124,-0.2864421409236772,-2.0196964799173864,1.1594587423809437,-0.9954768821767356,36.99197289075358,0.5865625221239882,0.004502901433402376,0
2020-11-09,35.654904946438066,-0.6627777343235284,2.749847209037975,-0.1977808361775963,-2.5370442578549657,1.325945462526231,-0.6781898432081235,36.12445967152515,0.8111932562369129,0.004502901433402376,0
2020-11-10,35.27800965713051,-0.8462903988446921,2.736209509589797,-0.2911371995816321,-2.7404616592126985,1.2609542109137897,-0.1192744628645585,35.654904946438066,0.9144316721080572,0.004466226093390402,0
2020-11-11,35.521455142859075,-0.8810264106903816,2.72632023206816,-0.4391930247875493,-2.8648416528212506,1.2629534742605788,0.1957873819704469,35.27800965713051,0.6053138236762267,0.0044662260933904015,0
2020-11-12,35.47903858979206,-1.0280938896356524,2.7110907202233747,-0.5201358334983173,-2.7913029424209883,1.199783844690622,0.4286581006409551,35.521455142859075,0.2835071417716252,0.010196826680080423,0
2020-11-13,35.285565837427235,-0.8941951380256867,2.6638061031650224,-0.4397304078919983,-2.789389555663517,1.2079381824663136,0.2515708159498677,35.47903858979206,0.1444727418526204,0.009698233528053234,0
2020-11-18,35.49748764865939,-0.9531637373234876,2.745302070228944,-0.4604380637033376,-2.8571502491586243,1.205596170524324,0.3198538094321876,35.285565837427235,0.1074441841759168,0.009544446983995088,0
2020-11-19,35.66046738376844,-0.8635540347003499,2.507688437447516,-0.1569065038742145,-2.451087543810308,0.9561403865254504,0.0077192584119023,35.49748764865939,0.1200091114586862,0.010008925126882312,0
2020-11-20,35.44986841504967,-0.8379856606117997,2.456336034411462,0.1021980761795013,-2.3282266454169447,0.8518864434196103,-0.2442082479818328,35.66046738376844,0.1195288503547759,0.009769808578092188,0
2020-11-23,35.72691736083396,-0.962732739085812,2.433288671425708,0.0950214150807013,-2.3606436827762725,0.8393616666607175,-0.0442953313050331,35.44986841504967,0.1567469488664671,0.01056148221963848,0
2020-11-24,36.33094841850083,-1.2882589592876137,2.9008119890595827,-0.303800137102499,-2.5496466742221378,1.2107139072276003,0.0301798743250687,35.72691736083396,0.3157434899174077,0.010785350027413433,0
2020-11-25,35.41557258047396,-1.2066821332576012,2.673678837143262,-0.2838333601294938,-2.524536430160756,1.3829728569343835,-0.041599770529793,36.33094841850083,0.329376509090874,0.010519499437122243,0
2020-12-01,35.2361949033944,-1.0915779780302728,2.614850448494152,-0.5092258287700737,-2.5054086790492125,1.217253633556703,0.2741084037986971,35.41557258047396,0.3832003559768267,0.010519499437122245,0
2020-12-02,34.618611984769124,-0.91388682864725,2.369545955377084,-0.3234239730624377,-2.3820143543944114,1.0652236558885066,0.1845555448385165,35.2361949033944,0.5638497628697892,0.010951933005115207,0
2020-12-03,33.58500952099947,-0.7256309101629608,2.4718153995285723,-0.1527420283501346,-2.9576745902132453,1.19770777243862,0.1665243567591474,34.618611984769124,0.9100134990898257,0.0088767171191479,0
2020-12-04,33.86311218604778,-0.5704735538530059,2.3779217077440093,0.1280982011078411,-2.92123578787044,1.137795184141392,-0.1521057512697896,33.58500952099947,0.7249289620777277,0.008626242461180912,0
2020-12-09,32.98606800974061,-0.6200565475805533,2.16496182182538,-0.0110504536454882,-3.0418824418669246,1.0109568136721738,0.497070807595416,33.86311218604778,0.7890713873258975,0.008343675004851628,0
2020-12-10,33.63787926742653,-0.4727631099736555,2.303297558196146,0.146896224465717,-3.093933435544331,0.9105806527754036,0.2059221100807271,32.98606800974061,0.5272499217262161,0.008687695334740042,0
2020-12-11,32.78410552215337,-0.420997008748893,2.1210368353590177,0.1350827743019795,-3.029726716968927,0.8851799388120192,0.3094241772448067,33.63787926742653,0.4127508961766846,0.008429662224981966,0
2020-12-14,33.529107027360524,-0.5340121940841573,2.264100887427922,0.0828297876488086,-3.0537992979023407,0.9318415498868764,0.3090392670228943,32.78410552215337,0.4075329468571899,0.00858925416698791,0
2020-12-15,33.226998283473094,-0.5972161632155668,2.082186341462407,0.0192334996467788,-3.2266508348494094,0.9393536173283348,0.7830935396274556,33.529107027360524,0.3206631041268808,0.008589461609295083,0
2020-12-16,33.21342709135612,-0.6311352060491124,1.9366304445578384,-0.0470699375970617,-3.418381343825565,1.2369820467879262,0.9229739961259752,33.226998283473094,0.2977482012718243,0.009303674649345457,0
2020-12-17,33.201424184112746,-0.6494521750768065,1.987011293920524,-0.020785705549656,-3.438639829338472,1.245409451618543,0.8764569644258646,33.21342709135612,0.2373971321361502,0.009303674649345457,0
2020-12-18,33.7373721954097,-0.2939317980451008,1.477757780652461,0.0483981223778418,-3.187677831250018,1.193072071760683,0.7623816545041371,33.201424184112746,0.2158607417343259,0.009303674649345459,0
2020-12-21,33.910173490482016,-0.2026011615776983,1.2406556132706172,0.0301168858223856,-3.046042701185704,1.6415982878168776,0.336273075853521,33.7373721954097,0.3038152286812611,0.0035739800151766477,0
2020-12-22,33.611398275950386,-0.2860269404966846,1.241677290218579,-0.0401520917948801,-3.1045204204906858,1.622849726294913,0.5661724362687526,33.910173490482016,0.2836293427093485,0.0035739800151766477,0
2020-12-23,33.42252484431797,-0.1833852445490755,0.8716885336379603,0.1604663524707295,-2.764742868559229,1.4202149395170192,0.4957582874825874,33.611398275950386,0.246099953884768,0.0035739800151766477,0
2020-12-24,33.44264607836525,-0.1119740198218011,0.8059531594024762,0.1999643282270859,-2.8039611689260857,1.595758408147263,0.3142592929710601,33.42252484431797,0.1835131720544275,0.002668686166199908,0
2020-12-29,33.444715661111694,-0.1939205631835694,0.7205694357200088,0.227010903128658,-2.9021491954418623,1.3455373487477718,0.802952071028995,33.44264607836525,0.1849471117861484,0.0030245896074015287,0
2020-12-30,32.61270363789372,-0.1441263721003345,0.667013854074298,0.1530317773181391,-2.801065810396552,1.5553320587108523,0.5698144923935979,33.444715661111694,0.3536713151363164,0.002232915965855237,0
2020-12-31,32.34185044897947,-0.1926492298069693,0.6647156795596059,0.1305109436454969,-2.699739655727023,1.620210247733002,0.4769520145958887,32.61270363789372,0.4777883095978094,0.0020376518382216797,0
2021-01-05,33.46460054358992,-0.2571847010081356,0.6472735359812154,0.0493990820020844,-2.739716856771766,1.903080489807489,0.3971484499891189,32.34185044897947,0.4845472281691886,0.0023909657969073714,0
2021-01-06,33.91897031870092,-0.4672252202982339,0.3924128920696672,-0.1917381973392782,-2.905769635817868,1.891156214569027,1.2811639468166844,33.46460054358992,0.5862974586986143,0.0023909657969073714,0
2021-01-07,33.38340286436582,-0.6753421028292994,0.2504317803491012,-0.4041513910296981,-3.182673732163395,1.9985579903891253,2.013177455284169,33.91897031870092,0.5807575560641647,0.0019585322289144076,0
2021-01-08,33.397310358317625,-0.7461384832024294,0.2358214676447292,-0.5060989197241739,-3.217562377496531,2.0629911507627385,2.170987162015658,33.38340286436582,0.5185915490286567,0.0020722313695172067,0
2021-01-11,33.7983221358417,-0.6755373959818041,0.341762545107767,-0.1606589018519759,-2.568326392433386,1.756293488400112,1.3064666567592869,33.397310358317625,0.2223171147870843,0.0020704589274046247,0
2021-01-12,35.024945740947295,0.0718475543580723,0.4907241230590631,0.4665139857963023,-2.643401058725293,0.9539546371352794,0.6603607583765769,33.7983221358417,0.5992771151988338,0.0020704589274046247,0
2021-01-13,35.044483115261976,0.1442972423288555,0.5206726324820146,0.5019779573411967,-2.704529509200729,0.8774190627144758,0.6601626143341903,35.024945740947295,0.7538512287112826,0.0017264385975162113,0
2021-01-14,34.92988396657679,0.1077433418058095,0.5639055241204391,0.4722067334296156,-2.677774280865708,0.879281407299837,0.6546372742100122,35.044483115261976,0.6994990661114752,0.001726438597516211,0
2021-01-15,36.26231206387155,0.0564178936232302,0.4201949622603638,0.4193771981005589,-2.318309501810779,0.8568357562935762,0.5654836915330455,34.92988396657679,0.7802896900995276,0.02280904535389377,1
2021-01-20,35.84512677848885,0.1216282707925966,0.3127549532317473,0.4707068165540331,-2.207210169410992,0.8789858597973137,0.4231342690353021,36.26231206387155,0.5343234597640254,0.06844885531343481,1
2021-01-21,36.1942161177811,0.095665489966624,0.3219602067363674,0.4581028548350634,-2.0192326543841004,0.7749099012678842,0.3685942015781647,35.84512677848885,0.5646687659255152,0.10126007053614419,1
2021-01-22,34.70382923378131,-0.0834754367801018,0.3727229157374223,0.4766211813088095,-2.2631643626662035,0.9290004772466238,0.5682952251534568,36.1942161177811,0.6485644590403477,0.10536763810762577,1
2021-01-25,35.11535276328521,-0.262700757455514,0.3312641999203967,0.426257868802141,-2.204671016221861,0.9655192793305436,0.744330425624288,34.70382923378131,0.6143161847690346,0.10597005702041042,1
2021-01-26,35.072767208231475,-0.2790173281062387,0.3001908358148837,0.4232297910220826,-2.205030260628905,0.9823919028045732,0.778235059093602,35.11535276328521,0.5478561892911867,0.10624696535156469,1
2021-01-27,35.58217619601897,-0.5806379196239266,0.1596678829787721,0.2518081827797473,-2.118137103709678,0.9981606091438442,1.2891383484312402,35.072767208231475,0.5127820245800194,0.10631392416692692,1
2021-01-28,35.432301988088206,-0.6805351876614711,0.3219323884828928,0.2023467050267005,-2.2421513588491218,1.1764530063763043,1.2219544466247068,35.58217619601897,0.3058792111325042,0.10631392416692692,1
2021-01-29,34.03662599584225,-0.5296968768455343,0.1161033996477116,0.2378019300944132,-2.251261726220017,1.3153719689360228,1.111681304387413,35.432301988088206,0.5405662386171316,0.10631392416692692,1
2021-02-01,34.986426101507,-0.0105201644871506,-0.3973892433043338,0.5368986719482187,-2.15876696880848,1.188023559077241,0.8417541455745026,34.03662599584225,0.5398054860908267,0.10681085393753524,1
2021-02-02,36.55242429407227,0.6239006390668553,-0.1414006866139887,0.8878515479312163,-2.266993602007317,0.3673298620757157,0.5293122395475152,34.986426101507,0.819575247686048,0.10681088948259035,1
2021-02-03,35.17379235457017,0.3999456055247066,0.3973186873791183,0.8129833177370323,-2.0501253823620864,0.0566147663521388,0.3832630053690913,36.55242429407227,0.8094642454013928,0.10678228580244895,1
2021-02-04,35.01624442771031,0.3753825942099968,0.4131809687862087,0.8179116565665012,-2.055585995754676,0.0338780636681026,0.4152327125238755,35.17379235457017,0.8064193067564012,0.10714406479856241,1
2021-02-05,35.56596890449871,0.6332536235724788,0.1450233311507287,0.8537641945219843,-1.959789865106884,0.0445749266317276,0.2831737892299624,35.01624442771031,0.5844178328207964,0.10837732402370856,1
2021-02-08,35.631262366092855,0.6485647619225432,0.0296070084570407,0.7513716138283737,-1.886360649206317,0.418809129555949,0.0380081354424062,35.56596890449871,0.5349660941649707,0.10837737480006088,1
2021-02-09,35.592728175471905,0.6618654950840508,0.042620745214827,0.7630737738837343,-1.916088068262016,0.4312083540695808,0.0173197000098257,35.631262366092855,0.2516069620612078,0.10826367565945808,1
2021-02-10,35.08937254436523,0.5365034044017012,0.5999728305126739,0.6841910172182537,-2.0436373298689343,0.3562828418029313,-0.1333127640666291,35.592728175471905,0.2682346015777689,0.10826367565945809,1
2021-02-11,36.73770514373826,-0.8199738217516437,6.713392049278684,-0.3240320682067352,-2.946898417889855,-1.7204757135570343,-0.9020120278734144,35.08937254436523,0.5442710277009467,0.10826367565945809,1
2021-02-12,36.63378212374747,-0.8982238081455041,7.9027923832472595,-0.5146845205621364,-3.405939595081528,-2.117807400194116,-0.9661370592639722,36.73770514373826,0.6414210698440296,0.1086952812509908,1
2021-02-17,48.98034946240376,-3.070171950919783,14.702913495802324,-2.6078658008648743,-3.823448606561012,-3.8418813323490406,-1.35954580510761,36.63378212374747,5.224055291417531,0.1096289037616817,1
2021-02-18,52.40855178850549,-4.955779964941395,26.482436855321406,-4.389027225118141,-8.096463500194695,-4.960100485906364,-4.081065679160818,48.98034946240376,7.229156629702431,0.09217030976317098,1
2021-02-19,56.78105250423315,-7.672267728639739,23.66143464737796,-7.4167117552574,-5.702047548866009,3.4958448268494298,-6.36625244146423,52.40855178850549,8.236796067252824,0.046530292361322764,1
2021-02-22,55.23711775967393,-3.783540414331408,18.9770537572462,-3.7767278426135897,-5.0894424717963,1.01075589497108,-7.338098923475974,56.78105250423315,7.195920107145311,0.01310078673241327,1
2021-02-23,53.35227664781815,-2.541118434375319,14.158504247248713,-2.425069172034002,-3.492601784073765,-1.294533000132322,-4.4051818566332965,55.23711775967393,2.6575738178580486,0.011577401211285521,0
2021-02-24,52.05471116370133,-0.7135393361431461,10.97668628560075,-0.6064043770694614,-3.171978453747782,-2.198590777890365,-4.286173340749986,53.35227664781815,1.7886075314721577,0.010974982298500871,0
2021-02-25,49.95130405521824,-0.4031938636167744,10.335230897245182,-1.04664991273469,-3.23600190047216,-2.678428105532576,-2.9709571148889795,52.05471116370133,2.386786804182569,0.011565172430932127,0
2021-02-26,49.72028138918583,-0.1234955323478548,9.897716160850155,-0.8891708324105423,-3.3516341476607714,-3.01881049273552,-2.5146051556954707,49.95130405521824,2.082542517638461,0.011498213615569892,0
2021-03-01,49.06428687100527,-0.2035499543074372,9.612468734094412,-0.942298248948834,-3.5628369216952995,-3.0498423323013792,-1.85394127684147,49.72028138918583,1.6114038314176071,0.011498213615569894,0
2021-03-02,47.64393024515002,-0.4857692867122196,9.567626451003685,-0.8864926833354083,-3.1845609470027254,-2.826906522192472,-2.1838970117608567,49.06428687100527,1.43100845952091,0.012174625560639788,0
2021-03-03,47.62806990281913,-0.086733236640212,9.140438436325642,-0.6391478389789675,-3.29452813929838,-3.177437410352101,-1.9425918110559768,47.64393024515002,0.995205651978868,0.011344449765442802,0
2021-03-04,48.4537226936294,0.3517797698644145,8.582895414872912,-0.2727639038198148,-3.4281093394970297,-3.341674017933765,-1.892127923486719,47.62806990281913,0.8127415664100298,0.011344414220387705,0
2021-03-05,48.43135353671834,0.535814290211599,8.423884849324068,-0.0492784171747295,-2.944473207980372,-3.526381686519908,-2.439565827860657,48.4537226936294,0.5461517610150595,0.011344414220387707,0
2021-03-08,47.90736867786433,0.4710855540015579,8.381238017158406,-0.2360311364325351,-3.0268505239064583,-3.3987456887811307,-2.190696222039834,48.43135353671834,0.3646361892767375,0.010629321265588543,0
2021-03-09,47.363130921574175,0.2298207157257739,7.734509291068707,-0.170403671460777,-3.1802610004014813,-3.099547513902116,-1.5141178210301125,47.90736867786433,0.4324541836163882,0.009840968965417854,0
2021-03-10,47.221886717362885,0.2313144691933217,7.73490255796041,-0.160539285198821,-3.191019271923076,-3.046707778499286,-1.5679506915325474,47.363130921574175,0.5165389909440432,0.009840918189065557,0
2021-03-11,46.89965267188909,0.1301727009391715,7.6148726518863645,-0.2739418889782694,-3.2979455824378494,-3.0475412873307395,-1.1256165940786826,47.221886717362885,0.5420238300932912,0.009840918189065555,0
2021-03-12,46.60122444777653,0.0810469919241381,7.7035002229508285,-0.3155862511934373,-3.209193579775836,-3.1168823845127056,-1.1428849993929933,46.89965267188909,0.4418580712360785,0.009840918189065557,0
2021-03-15,45.70067668268455,0.0193701631770455,7.650575682313207,-0.3525744736103355,-3.178147823932142,-3.042102390160399,-1.097121157787369,46.60122444777653,0.5905842223353142,0.009840918189065555,0
2021-03-16,45.35817385912275,0.088057145810751,7.622159570853777,-0.3220323128462468,-2.9434041470956247,-3.2109351140630986,-1.2338451426595491,45.70067668268455,0.7114152375565385,0.00940931259753283,0
2021-03-17,45.43769300894334,0.0928257869588424,7.625665306439487,-0.3119748101566291,-2.960961976723749,-3.2402497007113977,-1.2053046058065529,45.35817385912275,0.6306455155866935,0.00847569008684194,0
2021-03-18,44.98496488554823,-0.4616859751790834,7.127816498159378,-0.3550659462752019,-2.184932479454853,-3.707520670208952,-0.4186114270412799,45.43769300894334,0.5430117635941021,0.00469208538696916,0
2021-03-19,44.475186154387245,-0.3478302428826403,7.007672629841855,-0.1317515834074711,-2.1882922629640404,-3.815545805228525,-0.5242527353591799,44.98496488554823,0.4250680454561804,0.004750103847690817,0
2021-03-22,44.3322358978302,-0.3983222637327781,6.867458307077348,-0.203333022760054,-2.239950305894568,-3.819266702225064,-0.2065860124648733,44.475186154387245,0.4488922412151093,0.004860477981531108,0
2021-03-23,44.94061136422982,-0.0869852004525704,6.518853214065597,0.2766446417060297,-1.9696916950919643,-3.888739297112439,-0.8500816631146564,44.3322358978302,0.394744505508889,0.0022762959311772744,0
2021-03-24,45.01580264400215,0.0519816904406393,6.145908972853347,0.1815044927654749,-2.4102439305651764,-3.821237034067624,-0.1479141914266608,44.94061136422982,0.2871381000250694,0.006584760023839666,0
2021-03-25,45.15961421160868,0.2591922600511687,5.982095989830372,0.3607304045981561,-2.40619318853566,-3.826850413255406,-0.3689750526886359,45.01580264400215,0.3221180018290956,0.007896167124095261,0
2021-03-26,45.32739676533775,0.3374582712940572,5.730215828367619,0.605089429233546,-1.978197101891784,-3.875867338093253,-0.8186990889101817,45.15961421160868,0.3383150485516547,0.010828409727085759,0
2021-03-29,45.19037932035284,0.2842644258280664,5.612409812632286,0.5935285822506966,-1.9988681758932143,-3.850409520587429,-0.640925124230409,45.32739676533775,0.1359005358300547,0.010828409727085759,0
2021-03-30,45.23999594154382,0.2724110268528772,5.515449114038553,0.5872577904150749,-1.941310593831348,-3.8783076490761648,-0.555499688398986,45.19037932035284,0.1025564248812901,0.010151997782015865,0
2021-03-31,44.39211350203468,0.3205907171432329,5.629402792879082,0.2943899403905679,-1.848828233246176,-3.9036418202827807,-0.4919133968839291,45.23999594154382,0.339669148603669,0.010129777157494106,0
2021-04-01,44.30040409532324,0.4110248858091179,5.394484490062624,0.1686369997221746,-1.695278959149956,-4.010363206904208,-0.2685042095397456,44.39211350203468,0.4471141027552603,0.010889232916003725,0
2021-04-07,43.979433290878994,0.4578634668660744,5.278009461365432,0.2165564205306882,-1.80917783500006,-3.879475417109453,-0.2637760966526885,44.30040409532324,0.5048021318295662,0.01093740152265765,0
2021-04-08,43.71335683494851,0.4784163672148231,5.303288339687336,0.246977110453658,-1.8207644091094872,-3.869848502625836,-0.338068905620505,43.979433290878994,0.5168849866439099,0.01093740152265765,0
2021-04-09,43.48343723892893,0.4902104892064329,5.295398845783378,0.2514585933337159,-1.813368435882768,-3.872488194221663,-0.3512112982191042,43.71335683494851,0.3435038345322743,0.010492494597682171,0
2021-04-12,43.40682594461051,0.4768272937707678,5.230504274103609,0.260195834095752,-1.8207277076643849,-3.844499030928862,-0.3023006633768812,43.48343723892893,0.3292989483028958,0.010492494597682171,0
2021-04-13,43.4199076837708,0.4720722307260168,5.224631813625839,0.2741203880386109,-1.7822307275374047,-3.8433157658190655,-0.3452779390339924,43.40682594461051,0.2191592918725811,0.010492494597682171,0
2021-04-14,43.52796660358789,0.6072604115731419,5.064797176201797,0.3498214257064163,-1.859899255710748,-3.7757958906846056,-0.3861838670860018,43.4199076837708,0.1105834038183888,0.010492494597682171,0
2021-04-15,43.317643464081534,0.6108205152555417,5.037033511932765,0.3519993812016242,-1.9191240103977616,-3.813733270333926,-0.2669961276582422,43.52796660358789,0.0717066146676099,0.010492494597682171,0
2021-04-16,43.00160994161861,0.6026338324932929,5.056324767439399,0.3468119462069747,-1.9469804117146128,-3.708459064470065,-0.3503310699549882,43.317643464081534,0.1794738713993068,0.011461184065855789,0
2021-04-21,42.17215062804048,0.5890395913025905,5.315843418667937,0.2650899153420791,-1.9528203768718384,-3.86798438273645,-0.3491681657043166,43.00160994161861,0.4904513540722385,0.011520017429065506,0
2021-04-22,42.06435616999144,0.5701115129707421,5.320142172258851,0.2497673857997231,-1.885997691111,-3.907218408674237,-0.3468049712440839,42.17215062804048,0.5953992514695402,0.011520017429065506,0
2021-04-23,41.93169175579605,0.5910171695512325,5.19068712876984,0.2404137326268074,-1.9867728401306604,-3.811648580340063,-0.2236966104771587,42.06435616999144,0.5550435829682778,0.012070124649623279,0
2021-04-26,41.86005527687792,0.5945229770506604,5.144351137306735,0.233659353406054,-2.016308218583953,-3.7330950919593113,-0.2231301572201895,41.93169175579605,0.4120987003975875,0.012699294664318954,1
2021-04-27,41.89544758348642,0.5913911502444673,5.166380109045091,0.2263683489544643,-2.086115660628428,-3.68636925296028,-0.2116546946553148,41.86005527687792,0.1164431278062042,0.012699294664318956,1
2021-04-30,40.83434339848734,0.8130234325826748,4.633055365931016,0.2230254729976994,-2.0842423221529964,-3.3509338488707865,-0.2339281004876108,41.89544758348642,0.4467974322695873,0.008390830571656564,0
2021-05-05,39.8024402462645,0.8512851101712506,4.33402913591698,-0.0040900304367479,-2.067229760369077,-3.002671857868896,-0.1113225974135172,40.83434339848734,0.8391160549284837,0.006211419055294216,0
2021-05-06,39.80070926269318,0.9908426804070752,3.878134351941666,0.0354575448131342,-1.8150723401299187,-2.9305123658814627,-0.1588498711504939,39.8024402462645,0.9285644871395984,0.0032791764523037188,0
2021-05-07,39.787988530898105,0.9417274225850232,3.881825971967072,0.0327471416237195,-1.837410482431588,-2.902935531771284,-0.1159545219729478,39.80070926269318,0.8381978265921537,0.0032791764523037188,0
2021-05-10,39.604284002478046,0.9174242865983347,3.7451151555650486,0.0158496265287695,-1.782043616898381,-2.9457291333848734,0.049383681591101,39.787988530898105,0.4405949644671881,0.003426806671300044,0
2021-05-11,39.55420114484343,0.9057133914961356,3.7740123836492616,0.0248475540345864,-1.814608229576355,-2.9504185221378463,0.060453422534205,39.604284002478046,0.1079858392768591,0.0036271111601059243,0
2021-05-12,39.21513272304211,0.8534562940666728,3.630971075389875,-0.006855984107279,-1.8405164398269689,-2.9168228906921114,0.2797679451698176,39.55420114484343,0.21240460575369,0.0030373804082732066,0
2021-05-13,39.2260992097896,0.8006931902490386,3.5275058260957857,0.1259861128649912,-1.4269609448560203,-3.0562882462576586,0.0290640619038606,39.21513272304211,0.2237853049710862,0.0029892118016192825,0
2021-05-14,39.11725084376771,0.7992987426057621,3.4421101829909464,0.2877622588778692,-1.4352966066927395,-3.016237713836193,-0.0776368639456477,39.2260992097896,0.1969025118157619,0.004100711147503062,0
2021-05-17,38.98553850278662,0.8404706359274172,3.434189388723807,0.2707838131277196,-1.4542797684711477,-3.0518876269563138,-0.0392764423514786,39.11725084376771,0.1882977677966837,0.004158506220470438,0
2021-05-18,38.80953612503029,0.8275088036321705,3.4624182618952544,0.2978704186407714,-1.487191351257373,-3.053780867468325,-0.0468252654424923,38.98553850278662,0.156611466043392,0.004179853660307075,0
2021-05-19,38.283708314906754,0.6540513258019125,3.549141062170808,0.3456251271585806,-1.305227297518444,-2.8241126635753995,-0.4194775540374618,38.80953612503029,0.3309507392158363,0.004179853660307076,0
2021-05-20,38.02939477429008,0.6318105945053425,3.467581910786355,0.4039823889457228,-1.3643163545477428,-2.7973747692058675,-0.3416837704838176,38.283708314906754,0.4184640741245999,0.004179853660307075,0
2021-05-21,38.17571006363223,0.6807329977323526,3.3757750602373555,0.4261750271067228,-1.2580475836112992,-2.881541545711716,-0.3430939557534187,38.02939477429008,0.3729972349631729,0.0070084329536867045,0
2021-05-24,38.21662220325836,0.6378722415070825,3.2167456408501938,0.5602456867804104,-1.1995437836636391,-2.7824366288014195,-0.4328831566726292,38.17571006363223,0.2666363389027181,0.006039743485513085,0
2021-05-25,38.18693031380353,0.6321962113257005,3.203787690637494,0.5599162315038697,-1.183971989465972,-2.7590428262023146,-0.452885317798783,38.21662220325836,0.08346653289412,0.0059809101223033696,0
2021-05-26,38.12124708608111,0.6744758688634338,2.9956423124880667,0.5462532568505125,-1.1288095111218936,-2.508297431924964,-0.5792644951551609,38.18693031380353,0.065962046125571,0.0059809101223033696,0
2021-05-27,37.98422405272132,0.64369686971982,2.8656695884640486,0.5511538136882628,-1.1322455326081189,-2.2650886091980427,-0.663186130065957,38.12124708608111,0.0823648355751264,0.01249659135470002,1
2021-05-28,37.24361002917272,0.7039059513215964,2.7915415257244813,0.6852330743398944,-1.2706615892121018,-2.1992679528500925,-0.7107510093237734,37.98422405272132,0.362410161769898,0.014079942376499802,1
2021-06-02,37.09290533699863,0.6679923279077951,2.778920424283907,0.7375972580607844,-1.2771261242180572,-2.2148057542811603,-0.6925781317532727,37.24361002917272,0.4623560048838383,0.014161334213258929,1
2021-06-03,36.86331836479226,0.6718621264429636,2.7061045347247203,0.7557854010622851,-1.363531489090743,-2.1677845247063154,-0.6024360484329121,37.09290533699863,0.4999330000801113,0.019186427121863067,1
2021-06-04,36.55262265433898,0.6843484501166976,2.6142281328180967,0.7696892211216078,-1.4836105523738246,-1.971977960706528,-0.6126772909760452,36.86331836479226,0.4789494710657254,0.019186427121863067,1
2021-06-07,36.07274365985331,0.6478319480260488,2.307514450994219,0.7601352176869742,-1.5101874763711436,-1.5811885530739278,-0.624105587262169,36.55262265433898,0.4172718395316639,0.019186427121863064,1
2021-06-08,35.99781517979668,0.6411553384242126,2.28748403976744,0.7847690257897924,-1.5161689653638488,-1.5349080344237118,-0.662331404193883,36.07274365985331,0.4289015396101683,0.019186427121863067,1
2021-06-09,36.13958012809171,0.6549515684730718,2.270634228485794,0.8296916049448182,-1.4555594222910964,-1.5043936842083443,-0.7953242954042541,35.99781517979668,0.3306545623393947,0.019150800901334065,1
2021-06-10,36.25072676460103,0.6454509180754222,2.276345785229232,0.8214524897423416,-1.4340944168282004,-1.524611935622718,-0.7845428405960713,36.13958012809171,0.1937023449692605,0.018960402122012616,1
2021-06-11,35.741202584666546,0.6106948328072939,2.341358402374671,0.8385299194927551,-1.5757325369674673,-1.6170510424707814,-0.5977995752364833,36.25072676460103,0.1711448026481964,0.019212222179610054,1
2021-06-14,35.50512135877562,0.5869518580113571,2.326246243724272,0.8774454732436521,-1.619489799064083,-1.574176037673355,-0.596977738241842,35.741202584666546,0.2711111671446883,0.019212222179610054,1
2021-06-15,35.032105020447524,0.5882651729843715,1.9559914740124749,0.8989452900685286,-1.8056175298547783,-1.140054325877593,-0.4975300813330066,35.50512135877562,0.4419491694527913,0.018184313948443966,1
2021-06-16,34.90849460591232,0.6095109053899748,1.9542841068140435,0.889215654777173,-1.8717640679445424,-1.1423430727095636,-0.4389035263270913,35.032105020447524,0.4878160385262581,0.018126518875476588,1
2021-06-17,34.75412427656409,0.6802449302833846,1.904621893087851,0.8732895064247117,-1.9133218770005085,-1.2871275998662228,-0.2577068529292163,34.90849460591232,0.3734363371810221,0.01810517143563995,1
2021-06-18,34.158091660045294,0.725671952338443,1.8343804989339936,0.8512598203934729,-1.9739811932874387,-1.3658249973990952,-0.0715060809793701,34.75412427656409,0.4362034116196339,0.018105818246820147,1
2021-06-21,33.73099395049191,0.7168724030141984,1.6305395589843046,0.6624997994846087,-1.850736482353996,-1.0393196663611088,-0.1198556127680143,34.158091660045294,0.4942569279197247,0.01810582430614465,1
2021-06-22,33.17130199507976,0.5775312142682854,1.3419927430878955,0.9065949662689352,-1.891625711077758,-0.700318811080018,-0.2341744014673334,33.73099395049191,0.6439900322387462,0.015529231141481602,1
2021-06-23,32.818147736188706,0.6072149214715328,1.391921662053179,1.0073920993634875,-1.8840273465064064,-0.9362639529235028,-0.1862373834582968,33.17130199507976,0.6892970136502722,0.015893806750203333,1
2021-06-29,32.579437423220284,0.5584260024868346,1.3290541919918948,0.9632241772561958,-1.9162439166530048,-0.9715549400499583,0.0370944849680345,32.818147736188706,0.5813224634171997,0.01589380675020333,1
2021-06-30,32.157960570478885,0.4491306148227068,1.4268268665713346,0.8442902284671874,-1.845348927799404,-0.9684337208269592,0.0935349387651238,32.579437423220284,0.5336446246532611,0.015893806750203333,1
2021-07-01,32.41087613042992,0.1784669475254841,0.6342062242447544,0.6519446192161205,-1.951925724511657,0.4827333194982168,0.0045746140270752,32.157960570478885,0.3469208402995087,0.008769999836527249,0
2021-07-02,32.73323499435519,0.2527384684512714,0.5232222699348421,0.7276094429438125,-1.6933448166534344,0.3297690596441063,-0.1399944243206015,32.41087613042992,0.2361729503518115,0.006351182032341253,0
2021-07-07,33.528625521454074,0.1222053792308557,0.3925441274382768,0.7432757829386265,-1.52834429343684,0.4102860788139097,-0.1399670749848258,32.73323499435519,0.46433702266663,0.006528419686385777,0
2021-07-08,34.097616379868626,0.0021337424587333,-0.1787754525097922,0.4737706018982006,-1.452183210407303,1.4968892643254548,-0.3418349457652974,33.528625521454074,0.7225565409019409,0.0015033267777816387,0
2021-07-09,34.390954427907644,-0.1848539644952147,-0.06550287628197,0.4547013022153123,-1.4614657991835518,1.442234033151694,-0.1851126954062683,34.097616379868626,0.761963437387778,0.0015033267777816387,0
2021-07-12,34.24242519371034,-0.1131968392099356,-0.0556144951768811,0.5327040877449463,-1.5266880073469915,1.3734288361187654,-0.2106335821299043,34.390954427907644,0.6074807283300749,0.006016968351086529,0
2021-07-13,33.8140301689408,-0.1992103106381861,0.2146606652265252,0.4544765236115893,-1.605080874410989,1.2095175654066814,-0.074363569195627,34.24242519371034,0.3088164696409316,0.008995856160974562,0
2021-07-14,34.243465829057364,0.2872692136013874,0.2067360051824434,1.2861105083840112,-1.9249479551238744,0.5350699140033459,-0.3902376860473109,33.8140301689408,0.195274554509665,0.008941106280780512,0
2021-07-15,34.47689562094314,0.2260726818413054,0.143571644816866,1.2388397647474676,-1.9573352040520309,0.643225049666603,-0.2943739370202092,34.243465829057364,0.2281084068795699,0.008930763779204888,0
2021-07-16,34.62387919014329,0.2529749081963413,0.1138706024600793,1.2408168519080522,-1.9518817586431565,0.6539977691966681,-0.309778373117993,34.47689562094314,0.2745524289622225,0.008509218714930546,0
2021-07-21,37.89342989180183,0.5127777006353043,-0.0478656080090031,1.402819318897226,-1.937563753259249,0.6324567079611545,-0.5626243662254398,34.62387919014329,1.4673360483037188,0.009789004477780087,0
2021-07-22,37.9351949510667,0.5801827199776692,-0.1419860038145111,1.3496961559030822,-1.980358436747012,0.5710923133010026,-0.378626748620229,37.89342989180183,1.7024801718947729,0.009705413363062394,0
2021-07-23,37.31191176779851,0.6197647722978523,-0.0815370672950732,1.361709806745985,-2.3515534452416764,0.5168215721666405,-0.0652056386737354,37.9351949510667,1.5658881693949611,0.009705413363062394,0
2021-07-26,36.48137394337011,0.5382945785505644,-0.1167039552371831,1.3474085961890605,-2.4235476564259484,0.8483254263517483,-0.1937769894282439,37.31191176779851,1.2305488195604486,0.009705413363062394,0
2021-07-27,35.54698294578541,0.4262721157013516,-0.1538846789971071,1.1938523147220153,-2.4068135838466924,0.8725028811178352,0.0680709513025976,36.48137394337011,0.910452861223763,0.01004010668120226,0
2021-07-28,35.19673654256832,0.3922576733565144,-0.2047742425254701,1.0081945654287328,-2.412934222577027,0.913627364572278,0.3036288617449796,35.54698294578541,1.0320770102096126,0.010287995833404935,0
2021-07-29,35.355568834302126,0.5081969624472489,-0.0552219523751897,1.049930895460184,-2.4679025655280977,0.744223752969897,0.2207729070259638,35.19673654256832,0.8020316019930114,0.012039718872079604,0
2021-07-30,34.39619783273883,0.45994020274318,-0.1019202357045092,1.0146734994163111,-2.376198882357341,0.8084930289786294,0.1950123869237212,35.355568834302126,0.6695932277665779,0.011675143263357874,0
2021-08-04,36.21256292266683,0.9810142941082152,-0.2917938827712962,1.2749441560952377,-1.7293373012435025,0.1643560238005119,-0.3991832899891618,34.39619783273883,0.5857856901784182,0.011781484548841765,0
2021-08-05,36.20347359179774,0.9745716084789712,-0.3191554298858794,1.3276383359772144,-1.5660643991027,0.1926183912593733,-0.609608506726981,36.21256292266683,0.6826652805778591,0.011796872034221433,0
2021-08-06,36.95775480153804,1.0457378806579332,-0.5559389977992417,1.4169364279178218,-1.5179145492823425,0.2875059115517704,-0.6763266730459478,36.20347359179774,0.8761759993687973,0.0118637039829745,0
2021-08-09,37.30367586879483,1.053924135015457,-0.6708765643579346,1.317630112283135,-1.3195336950383334,0.3072928827132322,-0.688436870615559,36.95775480153804,1.0044978454065905,0.0118637039829745,0
2021-08-10,37.26391431038868,1.2053560495594358,-0.817924775673593,1.543489710178708,-1.4861734362868244,0.2713757028616177,-0.716123250639344,37.30367586879483,0.4886780730262621,0.01160507449217085,0
2021-08-11,36.31153927659539,1.065648293149431,-0.8134528972966348,1.2536987688423356,-1.53243655880972,0.480926339684927,-0.4543839455703358,37.26391431038868,0.4664556417047208,0.011605074492170847,0
2021-08-12,36.73911613672961,1.064474466758904,-0.9998903219924616,1.298649525731289,-1.496427200485441,0.594838949229139,-0.4616454192414281,36.31153927659539,0.3659884910549917,0.011799069475982861,0
2021-08-13,36.798869426209215,0.9051577839369678,-1.097599181804889,1.2027957575843438,-1.5537075003816847,1.0859586063155846,-0.5426054656503232,36.73911613672961,0.3678072543419204,0.007625150348507384,0
2021-08-16,37.43792189009216,0.7932415384214586,-1.0528559100315658,1.283641326957779,-1.543220302352171,1.1117797517600911,-0.5925864047555978,36.798869426209215,0.4009147109458386,0.004646262538619351,0
2021-08-17,38.091740811873485,0.7490352439113597,-1.0540120557246604,1.2391039646774311,-1.481327219611047,1.094254034826636,-0.5470539680797177,37.43792189009216,0.6224803626306208,0.0050631407432484635,0
2021-08-18,38.09150887825479,0.808381019315485,-1.137490577729979,1.1199846460176346,-1.2894769479902566,0.9339382892980534,-0.4353364289109409,38.091740811873485,0.5918086172905368,0.0076913023737693355,0
2021-08-19,39.93222559914333,1.2371735950209608,-1.2833566459720835,1.445969622390983,-0.7349233223668161,0.5218830617968129,-1.1867463108698597,38.09150887825479,1.0472930938374654,0.007766212111840018,0
2021-08-20,37.9065202045666,0.8373007639416041,-1.3285752980840024,1.0454038856336965,-0.9675621188174368,1.2266695528987384,-0.8132367855725997,39.93222559914333,0.8542463974237856,0.006486426348990476,0
2021-08-23,41.45228077572022,0.7959256511174608,-1.850549897919331,1.2941205365275454,-0.2209379106940581,1.7863032086124166,-1.8048615876440373,37.9065202045666,1.3916699974360331,0.006559521700272412,0
2021-08-24,41.44721486446651,0.9417562683405478,-1.875120374417277,1.4001750523646592,-0.2424682518758878,1.4662731328633567,-1.6906158272754066,41.45228077572022,1.5465602373549714,0.006559521700272411,0
2021-08-25,40.78811316721183,0.6836483577547572,-1.6444016859748003,1.3751169708986382,0.1037554721564788,0.9881113967172062,-1.5062305115522827,41.44721486446651,1.3225711340657953,0.006559521700272412,0
2021-08-26,40.63876945755763,0.8133035160547468,-1.384382027011272,1.5038136709283538,-0.1541250481889715,0.6889275512540456,-1.4675376630369104,40.78811316721183,1.3128739191977608,0.006226299272648608,0
2021-08-27,40.83186014805246,1.0524199103070302,-1.98760737892994,1.6997121518141023,-0.0800426216028995,0.955443405106308,-1.639925466694602,40.63876945755763,0.3473343347642026,0.006022950355223779,0
2021-09-01,41.26719908572488,0.9007998717898698,-2.302143995482409,1.7113592064695933,0.7888861167433365,0.658533276087554,-1.757434475607948,40.83186014805246,0.3081904990823033,0.004019241187832525,0
2021-09-02,41.42732770129433,1.0023373226721386,-2.404785966947193,1.826088267972661,0.8445907158756469,0.5215059379485818,-1.7897362775218435,41.26719908572488,0.302397788818993,0.004019241187832526,0
2021-09-03,40.4206664547664,1.2564195532729467,-2.06925300810261,1.8657457751884543,0.0265184933231399,0.6329664243734068,-1.7123972380553294,41.42732770129433,0.3779104772817491,0.003912899902348635,0
2021-09-08,38.39678348799068,0.6121035736837062,-2.067059851731745,1.7768715303159297,0.103911116370754,0.9845833457943316,-1.4104097144329768,40.4206664547664,1.093946834561219,0.005131670756080909,0
2021-09-09,37.97946024948454,0.4021578814855644,-1.7881668680531388,1.572959645132352,0.0935180617062201,1.095642910543337,-1.3761116308143362,38.39678348799068,1.4436879825286972,0.005064838807327842,0
2021-09-10,36.33257642502851,0.2549313223304157,-1.1544246491599943,1.419187350052729,0.0916294902768681,0.7981221622052357,-1.4094456757052511,37.97946024948454,1.810604888239225,0.0050973587499897575,0
2021-09-13,36.84238609002368,0.04557510519097,-1.6632801950504372,1.1806114734527269,-0.0722290430429177,2.108462903928276,-1.599140244478607,36.33257642502851,1.4239170071984912,0.0050973587499897575,0
2021-09-14,36.52125779029021,0.1215331799749783,-1.658898088139147,1.2202106847588503,-0.1946547301966505,2.09177791560979,-1.5799689620078126,36.84238609002368,0.8221680052663494,0.008441325465072185,0
2021-09-15,35.63058960834163,0.003602162305512,-1.4581205351274218,1.0919825010746216,-0.1228945637626148,2.132777066337644,-1.6473466308277382,36.52125779029021,0.769463907596623,0.008247330481260171,0
2021-09-16,34.568184385843914,-0.096528095669651,-0.4502446179844985,0.9469403946232298,-0.3519467997590597,0.992844028628753,-1.04106490983877,35.63058960834163,0.8094795659022309,0.007907608035430759,0
2021-09-17,34.39406217010998,0.0643642533202815,-0.7101609323021509,0.8962206082708981,-0.4196804866152623,1.4059241598621242,-1.2366676025358925,34.568184385843914,0.9911332454179644,0.007907608035430759,0
2021-09-20,35.78385823140712,0.1891554441242178,-0.6588624025870162,0.703599624161555,-0.4898012503479059,1.6934046144723118,-1.4374960298231634,34.39406217010998,0.7949192567635218,0.011543646750506474,0
2021-09-21,34.71684775848674,0.2422953929946079,-0.4991484497402869,0.7923972132952635,-0.5640601698161909,1.445572203797307,-1.4170561905307002,35.78385823140712,0.5734330866567612,0.0089154851199856,0
2021-09-22,34.69139917433203,0.3569042113668121,-0.4585782651182775,0.8620157904151533,-0.6003213195114547,1.4629166309347887,-1.6229370480870149,34.71684775848674,0.4899886864219313,0.00884057538191492,0
2021-09-23,33.73466144943564,0.3349826444511752,-0.5350451987744955,0.7004156083203217,-0.3827077189243413,1.5134023322138717,-1.6310476672865295,34.69139917433203,0.6624443365254514,0.009101347723094986,0
2021-09-24,33.48109956292177,0.3021968618387234,-0.4339380674964828,0.6035977367271528,-0.4160106812852353,1.692776669868238,-1.748622519652391,33.73466144943564,0.8190423703349728,0.00902825237181305,0
2021-09-27,34.41284444224602,0.3809398828192538,-0.8389837136125062,0.6187453750746226,-0.2315425108655402,1.4467256210597152,-1.375884654475538,33.48109956292177,0.5073447932048163,0.009174082344470208,0
2021-09-28,32.65659932894966,0.3645045167630698,-0.9111696276677348,0.645725076691587,-0.3007894924859089,1.2475455878265946,-1.0458160611276166,34.41284444224602,0.7188035938903488,0.009174082344470208,0
2021-09-29,33.22105624673552,0.480839621512251,-0.8299414146380797,0.7134873307481424,-0.5108939299274589,0.8747834958024117,-0.7282751034972663,32.65659932894966,0.5792813940431499,0.009171964642773948,0
2021-09-30,33.77805521240986,0.5305906172509562,-0.8340496778078519,0.7265242399268619,-0.4804070932324062,0.9191224120210602,-0.8617804981586237,33.22105624673552,0.5830262589491484,0.009127418348671602,0
2021-10-01,33.72668015858806,0.5106326724962837,-0.8376434942538975,0.7013307133118865,-0.4563745783275799,0.9236557652060516,-0.8416010784327446,33.77805521240986,0.588843798238641,0.009127418348671604,0
2021-10-04,32.07057134871089,0.2492021968088309,-0.9657809645125928,0.3332790944239292,-0.6475860491014709,1.0097203916470552,0.0211653307342478,33.72668015858806,0.6516174493008317,0.009127418348671604,0
2021-10-05,33.71643961408521,0.6766466863908054,-0.8121137848013436,0.7750786275076997,-0.7541871821689652,0.4700638007421895,-0.3554881476703864,32.07057134871089,0.6483376958958645,0.01200504378856055,0
2021-10-06,34.46653477154645,0.8384539457482045,-0.858300234735367,0.9530468585011924,-0.8080166561973599,0.3261345448015498,-0.4513184581182181,33.71643961408521,0.792421429524419,0.01221632048392795,1
2021-10-07,33.79863549205706,0.763721526372203,-0.8478259487538184,0.8498535089391908,-0.9535448261244576,0.7190421975842431,-0.5312464580173653,34.46653477154645,0.7936392325588777,0.01305956011894026,1
2021-10-08,33.58512059354893,0.5604507079488155,-0.6365704429127557,1.0088688812274018,-1.0208376831612211,0.7145661037847324,-0.6264775668869849,33.79863549205706,0.7895517911938437,0.013027040176278344,1
2021-10-11,33.06329701680024,0.6058530697015598,-0.7006901650436919,1.082387600681999,-1.1408400771384164,0.8386735787868638,-0.6853840069883153,33.58512059354893,0.4500625099926658,0.013027040176278344,1
2021-10-12,33.38320372958222,0.281053180158219,-0.9230111952366248,0.6581005706754564,-1.051707126865305,1.3450221819461945,-0.3094576106779438,33.06329701680024,0.4707427385725906,0.009683073461195917,0
2021-10-13,31.98962893149645,0.1375434990925885,-0.7229044720669187,0.3496892079307407,-0.7965521609062476,1.2078559831046052,-0.175632057154766,33.38320372958222,0.6352076088811757,0.009977126318356927,0
2021-10-14,32.21512937269431,0.2110043306254976,-0.816181748868237,0.31115159524456,-0.7533539795506687,1.138885374306072,-0.0915055717572217,31.98962893149645,0.6345811386713944,0.7159965061369175,1
2021-10-15,31.85436024752531,-0.1202333601409648,-0.2709576620981515,-0.0315192074631163,-0.4602997568663749,1.2814264700543956,-0.3984164834857857,32.21512937269431,0.6092333926535862,0.7159965061369175,1
2021-10-18,32.84648205093804,-0.2470919071244157,0.5062946804141308,-0.0570196131439821,-0.6998509868937921,0.93020738715876,-0.4325395604106887,31.85436024752531,0.5743968156932887,0.7118863350989394,1
2021-10-19,32.61434491899308,-0.2647342478699421,0.4248346475458113,-0.0596653158537474,-0.7703765601848493,1.241665525182463,-0.5717240488197324,32.84648205093804,0.3740331022390997,0.7118863350989394,1
2021-10-20,32.504777947941825,-0.3046134821030364,0.513999296694382,-0.0508068770227954,-0.8266107601725192,1.2602896089993267,-0.5922577863953618,32.61434491899308,0.3429058026571594,0.7118863350989394,1
2021-10-21,32.05828773254161,-0.0917215994566209,0.4144813559710112,0.1327972823833132,-0.908460458126548,1.0173981283525686,-0.5644947091237236,32.504777947941825,0.3654569540505899,0.7142205822884509,1
2021-10-22,31.7094595389556,0.3116892766281722,0.1800197546486415,0.4767375774053128,-1.1682464536763169,0.5881844875639364,-0.388384642569743,32.05828773254161,0.4088181932271862,0.7158243042714466,1
2021-10-27,31.354968711537254,0.1688712537589562,0.4134365205799699,-0.0024298399381113,-1.164575469141501,0.5601132701541944,0.0245842645864984,31.7094595389556,0.4742151057718798,0.7169874028112415,1
2021-11-01,30.686487723051936,0.6357166609732126,0.1539983358452403,-0.1272199967624949,-0.7463358996124203,0.2342314439131407,-0.1503905443566902,31.354968711537254,0.618944308995874,0.7175416258812773,1
2021-11-02,30.749043897520583,0.6557262768121266,0.0660489969550557,-0.15393720068883,-0.5540514305866289,0.2867230817555395,-0.3005097242472554,30.686487723051936,0.5338446108689578,0.7175416258812773,1
2021-11-03,33.04557301392264,0.9696765082513464,-0.2478622229994358,0.1736862974898763,-0.2010083348477378,0.0534243767743785,-0.7479166246684334,30.749043897520583,0.8577908787493641,0.7175416258812773,1
2021-11-04,33.34710205714203,0.9862268586942716,-0.1532850199562321,0.0257035857936678,0.0258710460475199,0.0098432233046583,-0.894359693883886,33.04557301392264,1.1384847324861032,0.7175416258812773,1
2021-11-05,33.863421149832305,1.348571869875668,-0.321542673855768,0.3144939995763334,-0.0809869889457637,-0.3639313803758517,-0.8966048262746216,33.34710205714203,1.3489351342933655,0.7180357427180234,1
2021-11-08,33.66025845212094,1.299072257488309,-0.5286641280802715,0.344146429247667,-0.3409029460685531,0.3277475380467187,-1.1013991506338692,33.863421149832305,1.1268012952789577,0.719191776531602,1
2021-11-09,37.065080416178525,1.7710152474654208,-1.1161220168202357,-0.0301686195944679,0.3937308549759235,-0.4957282207047888,-0.5227272453218466,33.66025845212094,1.4610516546642986,0.7177463414971227,1
2021-11-10,36.58021296208534,1.688383878219183,-0.8231097902682745,0.2036635684733063,0.1286747209251215,-0.5498358345820242,-0.6477765427673128,37.065080416178525,1.583261441720646,0.7183367424397521,1
2021-11-11,37.234712043302586,1.44296199012814,-0.3940788574509763,-0.0131617304662974,0.2577482480497011,-1.4853690913856687,0.1918994411251025,36.58021296208534,1.5827364023867905,0.7187043024151868,1
2021-11-12,34.91881479278201,1.353317774315716,-0.4332100811143435,0.2056451241875869,-0.0832470382863732,-1.332891866401949,0.2903860872993542,37.234712043302586,1.3842246919873906,0.7187043024151868,1
2021-11-15,35.32797197243084,0.3226858807035118,0.4955259841743942,-0.4366605297469004,-0.2516144444703601,-1.873912793557296,1.743975902896651,34.91881479278201,0.9340458446865856,0.7194992055632742,1
2021-11-16,35.32845399862431,0.34881059732637,0.4651222434002156,-0.2581012890454541,-0.2783055773603067,-1.8925979604322367,1.6150719861114085,35.32797197243084,0.8784461858930629,0.7192051527061132,1
2021-11-17,69.50560609452872,-1.0130853863886422,-10.233812693176308,-3.0827955012252417,-6.899651153446217,33.79257717987808,-12.56323244564167,35.32845399862431,13.545203145913051,0.01343530395239237,1
2021-11-18,75.21591528553647,-12.667926013915626,5.724066387848142,-12.983747391951068,-13.342292678551203,45.55152806602758,-12.281628369457833,69.50560609452872,18.29895218319851,0.013435303952392369,1
2021-11-19,79.22141775706284,-14.373239802496691,6.865695691300568,-13.92279633064507,-11.987631964478489,39.14524334645391,-5.7272709401342325,75.21591528553647,19.50848176274469,0.01343530395239237,1
2021-11-22,77.15213443783362,-14.057649317485646,8.16313612247617,-14.425864586148249,-13.555988803756993,44.31484893982077,-10.43848235490605,79.22141775706284,16.302697638631834,0.01399938624666154,1
2021-11-23,64.17047501280005,-7.111276166018528,5.299690920062499,-3.416011231541633,-10.534379901063714,26.431309616604224,-10.669333238042848,77.15213443783362,5.4957026285291946,0.01399938624666154,1
2021-11-24,57.66010488132298,-7.023435505503233,3.678337902491633,-3.333084160020909,-10.924924249349484,24.014219400430605,-6.411113388048598,64.17047501280005,8.33439107602368,0.011404366715969875,0
2021-12-01,55.73193893496761,-7.027612335037912,3.838809997279842,-3.355613919175666,-8.870583876030773,20.762262651736087,-5.34726251877158,57.66010488132298,9.740755097113151,0.011148868372097923,0
2021-12-02,55.646576374104846,-6.75216928482929,3.645658102077558,-3.5240849135695944,-8.308597540869766,20.484985372239457,-5.54579173504837,55.73193893496761,8.157957015807828,0.009839939859645885,0
2021-12-03,54.641832075399456,-6.871720124410008,3.187471191273863,-3.80378266824104,-8.259853136125667,20.74167339688365,-4.99378865938079,55.646576374104846,3.4417025853600376,0.011868132623067467,0
2021-12-06,54.06667192183564,-6.260090722876574,2.727322412738731,-3.0215614923213296,-7.847708552616245,19.311929719905702,-4.909891364830293,54.641832075399456,1.2263768503166834,0.012473947065294902,0
2021-12-07,53.96785708949483,-6.0513080202542175,2.551371565719027,-3.3481524487341536,-7.880880369896014,18.84625106053112,-4.117281787365758,54.06667192183564,0.7536376368045268,0.012473947065294902,0
2021-12-08,53.73547086349393,-5.943879634935192,2.3625494745428863,-3.178672824889081,-7.658980602751077,18.66568777636017,-4.246704188327707,53.96785708949483,0.685741522551945,0.015831984068619118,1
2021-12-09,52.32127030384987,-5.40776327878551,1.4623599471727662,-2.8019909545668,-7.35912841504736,18.06591785328318,-3.9593951520562825,53.73547086349393,0.7725968938510852,0.015337867231873062,1
2021-12-10,52.40926273679138,-5.458429575040534,1.6775327137363334,-2.8886077998134514,-7.23068369026698,18.18599286942252,-4.285804518037881,52.32127030384987,0.7713337065199795,0.011304207978405513,0
2021-12-13,51.9319755515342,-5.357088639906759,1.1380443834033098,-2.751514645713822,-7.173085326183845,18.174842828042337,-4.0311985996412165,52.40926273679138,0.818236251500337,0.015715981656039046,1
2021-12-14,51.517995807064686,-5.420466302505232,0.9151271924306325,-2.928436973682748,-7.274044284056615,18.231364535765497,-3.523544167951544,51.9319755515342,0.7463689221846239,0.018480872908769305,1
2021-12-15,51.479135092391545,-5.422968794290391,0.9930045417896364,-2.9563319952172664,-7.36222064503667,18.347533386491456,-3.599016493736766,51.517995807064686,0.388792273664777,0.01811331293333458,1
2021-12-20,52.53370566895523,-4.443057117443852,0.653239094966195,-2.1212407791695007,-7.291640650755584,17.099179670203938,-3.896480217801202,51.479135092391545,0.4375660818486456,0.020369877444681325,1
2021-12-23,52.5948392969244,-4.3588912412080445,0.5479108362652214,-1.8962138697845816,-7.054342824799678,16.779538744908482,-4.018001645381396,52.53370566895523,0.478804012648969,0.019584537203569716,1
2021-12-30,51.90224155559653,-4.179551561427508,0.6281816676678904,-1.7794655495457228,-6.858246820334296,16.190401686286165,-4.001319422646533,52.5948392969244,0.479938467139695,0.019584537203569716,1
2021-12-31,51.65305327079576,-3.866463332257178,0.591108878733686,-1.675480424581668,-6.698742181298705,15.760174706728128,-4.1105976473242665,51.90224155559653,0.4548829225135616,0.021080484565002777,1
2022-01-03,51.57345171757407,-3.924915700516518,0.6305489961238395,-1.7305601330985088,-6.670336388917325,15.906809577139562,-4.211546350731052,51.65305327079576,0.432968342868942,0.02122716402950783,1
2022-01-04,51.27173233072336,-3.853361886750851,0.3117843055995006,-1.8144394344507369,-6.617992621586862,16.18296979239952,-4.208960155210567,51.57345171757407,0.4459153856107762,0.02122716402950783,1
2022-01-05,50.90824421461031,-4.066648174416565,0.3901885244044853,-2.0471334282307314,-6.672704812821312,16.42217948273177,-4.025881591667647,51.27173233072336,0.3422228498019175,0.02066308173523866,1
2022-01-06,50.61505433257117,-4.049666632249567,0.3482934531268968,-2.187548658921392,-6.663902369920243,16.716728237581012,-4.163904029616695,50.90824421461031,0.3942230567219461,0.020722651448971865,1
2022-01-07,50.60048802628005,-4.030777311407584,0.1420902395745811,-2.207333026246358,-6.697959452620966,16.948498673484092,-4.154519122783766,50.61505433257117,0.3791318703719907,0.025357456004611874,1
2022-01-10,49.39074940789597,-3.8842550345874978,0.4781390458282519,-2.1620440690957654,-6.484306601716941,16.6354681571808,-4.5830014976088425,50.60048802628005,0.6323948827592815,0.025029381741266413,1
2022-01-11,49.48209460309522,-3.5152431303132907,0.1318781689331301,-2.1577548832529434,-5.995857041979198,15.607148394872029,-4.070171508259717,49.39074940789597,0.6331734414588908,0.025729033031287176,1
2022-01-12,48.37531191652129,-3.337230312727097,-0.7439608091474357,-1.9202618562234968,-5.827058322885688,15.488661615544908,-3.660150314561192,49.48209460309522,0.8421231220407108,0.02324642805680752,1
2022-01-13,48.338885325195946,-3.37133262989912,-0.6612196994241772,-1.9709722164309584,-5.903464784024141,15.382217526585212,-3.47522819680682,48.37531191652129,0.8356943084122385,0.02264061361458009,1
2022-01-14,47.89358864423241,-2.9308446411498927,-0.8095300530800023,-1.6513935142869125,-5.88239039308474,14.81163920796772,-3.537480606366175,48.338885325195946,0.6284675181973375,0.022798165378578653,1
2022-01-19,46.40702637523257,-3.037501159892683,-0.9005765091253934,-1.5386314777276695,-5.783566196340456,14.35973614343908,-3.099460800352876,47.89358864423241,0.9951695102171964,0.02418301703599174,1
2022-01-20,45.05036782033938,-2.9720741114121667,-0.9492457577629932,-1.5332393775377824,-5.646167168150848,13.98602859822146,-2.8853021833576658,46.40702637523257,1.2967928964393132,0.024485954439529705,1
2022-01-21,43.76090259290317,-2.8407521227899863,-1.096217200003256,-1.822478671112142,-4.743432138986591,12.81942019299934,-2.316540060107372,45.05036782033938,1.7155841165525236,0.02448595443952971,1
2022-01-24,41.540612149706526,-3.289827063584804,-0.8269591597368984,-1.6420509706442663,-4.873467463718255,12.956878182362844,-2.324573524678621,43.76090259290317,2.183286077313021,0.020074180761896175,1
2022-01-25,41.56807790575552,-3.42014251264394,-1.1616956103427278,-2.127424749865509,-4.796492834021223,14.075871139870795,-2.570115432997403,41.540612149706526,1.9161030852083552,0.015875648931524183,1
2022-01-26,41.0731629465081,-3.416630562301177,-1.3007375814896744,-2.1351391596401808,-4.630681535417754,13.791931911447652,-2.308743072598868,41.56807790575552,1.5408040135939662,0.015977194795424678,1
2022-01-27,40.46003855195477,-3.444972431514061,-1.5629809092655491,-2.3176851765115467,-5.213866296258049,13.764338296305525,-1.2248334827563196,41.0731629465081,1.1152279329264798,0.013720630284077932,1
2022-01-28,39.462663465489605,-3.3655934633506144,-1.5030329639868223,-2.909351112121872,-4.103065000242555,13.339783985361802,-1.4587414456599372,40.46003855195477,0.7892939203141678,0.01715613624580601,1
2022-01-31,41.28687799031042,-3.2894358473099885,-2.312403192319801,-3.811987800448459,-3.583464907022077,12.939968344118132,0.05732340298219,39.462663465489605,0.7484923181484431,0.01715613624580601,1
2022-02-01,40.95653668024698,-3.483308679416157,-2.330692579615105,-3.83434473557548,-3.5744231757014013,13.360702091928117,-0.1379329216199707,41.28687799031042,0.6518397967071259,0.015410657819533252,1
2022-02-02,40.61450112780497,-3.855153943987928,-2.3449695646506767,-4.179677651929026,-3.634197824322158,14.467906616222212,-0.453907631332417,40.95653668024698,0.6168675630579511,0.015263978355028199,1
2022-02-03,39.46232529212861,-4.376331554142541,-2.0521010344267387,-4.694399035924483,-3.660772355222395,14.656201277199054,0.1274027025171102,40.61450112780497,0.760355697070038,0.015288355976464486,1
2022-02-04,40.08920618205427,-3.9369779245746575,-1.926437872330992,-3.848344272953845,-3.6966347053043696,13.828058427625171,-0.4196636524612991,39.46232529212861,0.645692437812849,0.015288355976464484,1
2022-02-07,38.37039715220527,-3.733796771271572,-2.045856082975404,-3.2049783266039578,-3.6209372063384415,12.764420940201084,-0.1588525530117088,40.08920618205427,0.9158400215488548,0.016555863475975582,1
2022-02-08,38.0886121676617,-3.87665645964365,-2.106724087359341,-3.221863210463491,-3.5467082206199616,12.749103266787444,0.0028487112990083,38.37039715220527,0.9701138027859836,0.01216263600827199,0
2022-02-09,37.24607201697229,-3.867663511185511,-1.7535748233191444,-2.980991279700821,-3.844680855806755,12.458401022101054,-0.0114905520888166,38.0886121676617,1.009507394837919,0.011596679199734266,0
2022-02-10,36.61624680015468,-3.4982045199578,-2.086779781096345,-2.40013687849149,-4.070346829261673,11.926769021260052,0.1286989875472519,37.24607201697229,1.1797712722392235,0.01113215682049765,0
2022-02-11,36.02910428660751,-2.8150940706398835,-2.269402504126811,-1.9125697470039464,-3.1551102899077828,10.525538254434744,-0.3733616427563127,36.61624680015468,0.8773582737312329,0.012324025165535579,0
2022-02-14,35.807079748087126,-2.7180148935050994,-2.47474769721518,-1.4693195895891753,-3.363162465860279,10.50922849700878,-0.4839838508390439,36.02910428660751,0.8323909689592989,0.012324025165535579,0
2022-02-15,36.55354838780628,-1.9248751722627144,-2.6277278520817147,-1.4840463098960797,-3.326712810132617,9.464546609271812,-0.1011844648986737,35.807079748087126,0.5025116384205865,0.012166473401537018,0
2022-02-16,35.897067410121124,-2.474863746337981,-2.65715709394163,-1.255303331371449,-3.347668784391301,9.82686660656592,-0.0918736505235515,36.55354838780628,0.3381531290130229,0.007423614052438099,0
2022-02-17,35.05796097064717,-2.156862146829462,-2.364334465280222,-0.8593404899559189,-3.34954530190495,8.618459902463359,0.1116225015071878,35.897067410121124,0.4809669574174494,0.0071206766489001335,0
2022-02-18,34.49956610270251,-2.2832299274981063,-2.2231124965811144,-0.8334308173138716,-3.262657158838004,8.38901750893353,0.2134128912975597,35.05796097064717,0.7125051763596236,0.0071206766489001335,0
2022-02-23,35.31022330221715,-1.931355859663487,-2.177844553938742,-1.6381582097911798,-2.4224607600328625,8.155202109371306,0.0146172740549617,34.49956610270251,0.7061600732975397,0.0071206766489001335,0
2022-02-24,35.76681748204017,-2.112405548439364,-2.114277375323529,-1.2763693331727115,-2.496758877016158,8.40837579684935,-0.4085646628975872,35.31022330221715,0.5046958940422618,0.0071206766489001335,0
2022-02-25,35.606944333251704,-2.222927874033962,-2.0447693391481043,-1.27444562258085,-2.532160780142036,8.46098109223854,-0.3866774763335914,35.76681748204017,0.4468001851700783,0.007019130784999635,0
2022-02-28,35.63329604973268,-1.3916789356378825,-1.7581660736848232,-0.7782241315789289,-2.5526819264555414,7.419439246333492,-0.9386881789763142,35.606944333251704,0.4569332868982418,0.007019130784999635,0
2022-03-01,36.77004438515068,-0.6289892340352008,-1.793625078835816,-0.2667890252420051,-2.7069233486455166,6.448814740254168,-1.05248805349563,35.63329604973268,0.4990999798497519,0.0054928933876541505,0
2022-03-02,38.57080410859192,0.0472624110346409,-1.9599083694459505,0.3582082470445602,-2.1352971345210188,5.185975700050875,-1.4962408541631076,36.77004438515068,1.1351482631739709,0.0064136069613117555,0
2022-03-03,38.44361418337967,0.393576133872731,-1.8453502484165,0.7855824775745095,-2.5425040243838906,4.893478287952637,-1.6847826265994796,38.57080410859192,1.297126730348695,0.0065646800837811025,0
2022-03-04,37.76988493358777,0.920080414629803,-2.457424875320936,0.624974584816778,-0.9405599241506072,3.610453442032184,-1.7575236420072156,38.44361418337967,1.105239574431906,0.006565180102450046,0
2022-03-07,37.50986090935206,0.7612376773673777,-2.333057556300317,0.6166569604866403,-1.0700848821138689,3.6354319414629295,-1.610184140902761,37.76988493358777,0.6562697344487407,0.006540802481013759,0
2022-03-08,37.6749231476283,0.6272260767085349,-2.5417244578425904,0.5423619519275586,-0.631397634539109,3.795635266360949,-1.792101202615343,37.50986090935206,0.4292514383855606,0.006540802481013759,0
2022-03-09,38.6500606426949,1.2182240545062175,-2.7876524230110853,1.0063048531723915,-0.832144388152642,3.28617777784844,-1.890909874363326,37.6749231476283,0.4511694116126429,0.005213725267769451,0
2022-03-10,38.29037798170571,0.9217697689772616,-2.838976048249773,0.879623883538466,-1.1270141212154563,3.3342114925326047,-1.169614975583093,38.6500606426949,0.4251028018896995,0.005913951583800778,0
2022-03-11,38.52626995340237,0.9984756881303376,-2.919055435023562,1.0550653562666543,-1.0040448460634064,3.3203766229878706,-1.4508173862978924,38.29037798170571,0.4571391544789633,0.005459759016560228,0
2022-03-14,40.34226539272914,1.334691982892961,-3.526643910457022,1.3794362784471923,-0.1428195449091909,2.130314638296615,-1.1749794442705557,38.52626995340237,0.8886205691108187,0.005680435489972044,0
2022-03-15,38.09956803458751,1.1194842482176544,-3.7678986894700266,1.699087972132464,0.4354053988001745,1.8281441314275413,-1.3142230611078114,40.34226539272914,0.8030739838428678,0.004572534935165907,0
2022-03-16,38.80751656718111,0.9913891904059042,-4.153953227435994,1.6393966792823669,0.7277035930711797,1.719196482946776,-0.9237327182702422,38.09956803458751,0.8003768578816421,0.007355326088842363,0
2022-03-17,38.74877052666837,1.188494547500648,-4.149343891267212,1.854882605864283,0.5510381392486225,1.5982610067445209,-1.043332408090858,38.80751656718111,0.7604997701444434,0.010820160089073081,0
2022-03-18,38.46147450896216,1.1186417570351832,-4.149681812013869,1.7619276176334235,0.921172509652199,1.567508398287302,-1.219568470594249,38.74877052666837,0.7673620302361509,0.010820130777434694,0
2022-03-21,38.11231534043367,1.5210436123082849,-3.949543802888861,2.049573165372612,0.4844177849494802,1.1119615206671445,-1.2174522804086632,38.46147450896216,0.3013185072559885,0.010880138532875155,0
2022-03-22,38.49412687758432,1.9043680711054591,-4.087881266366572,2.40742012667444,0.1575308839684934,1.1000707724276308,-1.4815085878094525,38.11231534043367,0.2470570778173118,0.010880138532875155,0
2022-03-23,37.735048646421625,1.59559450004455,-3.086575595838296,2.1986324015592054,0.1963064333637856,0.97525345163415,-1.8792111907633893,38.49412687758432,0.3518563598763809,0.010880138532875155,0
2022-04-12,38.33052111734666,2.025573555719108,-3.329869501000434,2.655742808578026,0.0501624366980095,0.5163527869628926,-1.9179620869575915,37.735048646421625,0.2800785365227439,0.010880138532875155,0
2022-04-13,38.51641072355945,2.027639288337617,-3.345358332061952,2.709702714139528,0.0342200486399173,0.4334320929288164,-1.859635811983931,38.33052111734666,0.2899758147551371,0.010880138532875155,0
2022-04-14,38.19397123360407,2.092974802703488,-3.310064014397011,2.7701116557650955,0.0182781211049114,0.3015928640802841,-1.8728934292567745,38.51641072355945,0.2847067774107925,0.01088390088244652,0
2022-04-20,37.56394437064704,1.880896335857333,-2.9009402889197657,2.6083931894687087,-0.2625138302059238,0.42420754932236,-1.7500429555227126,38.19397123360407,0.3607733207777439,0.010602163578103202,0
2022-04-21,37.75367193551606,2.0025431838348737,-2.889649384508957,2.776296888470537,-0.3774751569775061,0.3858265312825253,-1.8975420621014816,37.56394437064704,0.3573972249094385,0.009681450004445598,0
2022-04-22,37.96548201440239,2.075041834347889,-2.8967818543166786,2.905045475415589,-0.4093421458532358,0.3261776655940629,-2.000140975187624,37.75367193551606,0.3335595575277213,0.009530376881976253,0
2022-04-25,38.23340255826577,2.314894007127897,-2.943796934867682,3.267168609167495,-0.5113793711623007,-0.0002650120532319,-2.126621298212172,37.96548201440239,0.255870995897708,0.009529876863307307,0
2022-04-26,38.01864586209823,2.667630898633739,-3.3230725443706817,3.6168027766012862,-0.6096528890173296,-0.0281724704410089,-2.3235357714060085,38.23340255826577,0.2296171729021013,0.011167730888709813,0
2022-04-27,37.56775093386103,2.620667817050736,-3.258509345311907,3.5381054307639808,-0.6186580230650129,0.03584602374131,-2.317451903179105,38.01864586209823,0.2284818912242401,0.012413154480278285,0
2022-04-28,37.8472325047435,2.629582151915365,-3.307346043764749,3.5671409070031554,-0.5737778080044711,0.0330243865059625,-2.34862359365527,37.56775093386103,0.218716193200522,0.012413154480278285,0
2022-04-29,37.776959824154616,2.4433737545607954,-2.804215569331416,3.280378369197832,-0.5440692838260048,-0.5498683106321138,-1.8255989599690907,37.8472325047435,0.224908628343951,0.011471351076310546,0
2022-05-04,39.51808232114189,2.621817027722656,-2.8812314018572422,3.540742458495963,-0.4420139034599968,-0.6440737544648982,-2.1952404264364787,37.776959824154616,0.701235091751779,0.011471351076310546,0
2022-05-05,39.02601658835944,2.554544014209201,-2.87259729656262,3.496073947445632,-0.4833472871715045,-0.7304795142581035,-1.9641938636626053,39.51808232114189,0.7764585721602328,0.01101554569211458,0
2022-05-06,38.88429683769052,2.494348397529832,-2.903296813552873,3.442520109470108,-0.591637489885251,-0.7205443266875,-1.7213898768743188,39.02601658835944,0.6853744824098742,0.012964330467128384,0
2022-05-09,41.199369577585394,3.046506996585176,-3.111719010812162,3.714225373882556,-0.5111192935104301,-1.5196730588205032,-1.6182210073246348,38.88429683769052,1.1154260744531916,0.010181539313451927,0
2022-05-10,41.78871408058732,3.199027799509931,-3.256617557167333,4.044135910600902,-0.556558064247227,-1.7377873808414397,-1.6922007078548336,41.199369577585394,1.1856623725534168,0.009455647111165859,0
2022-05-13,45.04170432683518,3.0458342659274127,-2.906016271812678,3.4474988060245906,0.3194751320342668,-3.226578501833927,-0.6802134303396636,41.78871408058732,2.2446934865484804,0.009455647111165859,0
2022-05-18,45.03541713925907,2.9725045108848605,-2.982408459128872,3.3178404433230053,0.499342417668565,-3.175609743595627,-0.6316691691519409,45.04170432683518,2.3706061608763305,0.009395639355725398,0
2022-05-19,45.0697283113817,3.084804649418663,-3.023809747526041,3.37262100520252,0.7308290412541893,-3.2982533633252045,-0.8661915850241293,45.03541713925907,1.7515237217603157,0.00957557867981431,0
2022-05-20,44.538672791659536,2.680918155976276,-1.7316153589337668,3.0244022324107966,0.740848842066379,-3.5774339563444,-1.137119915175285,45.0697283113817,1.2686082351128527,0.00957557867981431,0
2022-05-25,43.61228327083768,2.470638338921473,-2.0193464196547235,2.76148341490344,0.607475473523877,-2.424920278001875,-1.3953305296921874,44.538672791659536,0.5598112510311422,0.00957557867981431,0
2022-05-26,43.69188227615165,2.5833855706158406,-2.164386987589517,2.876131383077544,0.4412032403816788,-2.522249124249883,-1.214084082235658,43.61228327083768,0.6313332422853662,0.010111847707686672,0
2022-05-27,41.719773647553545,2.40646618258692,-1.742062224961335,2.7780812328499,0.1035660179419366,-2.2419261823254115,-1.3041250260920036,43.69188227615165,1.1406210094976417,0.010328915283532596,0
2022-06-01,41.97406187035706,2.504214960654453,-1.8800951379065085,3.156728711138248,-0.004404501202071,-2.589456903237604,-1.1869871294465142,41.719773647553545,1.082130365647792,0.008691821116517544,0
2022-06-06,41.03052663924448,2.431880520819566,-1.770983305303544,2.9337300648883566,-0.2773124255052508,-2.5639614447699044,-0.7533534101292174,41.97406187035706,1.0637684188650056,0.008691821116517543,0
2022-06-07,40.52335699387706,2.381935282412927,-1.8005625832370775,2.9569625373150483,-0.3255099134884291,-2.417174972586387,-0.7956503504160826,41.03052663924448,1.0804748372481052,0.008726216282168124,0
2022-06-08,40.44374562269058,2.3927757086600856,-1.735925499325632,2.951974619150296,-0.4056647849067332,-2.490553385661328,-0.7126066579166812,40.52335699387706,0.6178649185059532,0.00905450837893529,0
2022-06-09,40.65559941273225,2.0024078244691133,-0.6327939660992667,2.610264340880043,-0.2201946515410391,-3.217423193840622,-0.5422603538682402,40.44374562269058,0.5616342558250966,0.0074731868534721,0
2022-06-10,39.78115265541138,1.9057907005533248,-0.6337685654520437,2.57147768991595,-0.2415234909636865,-3.2210563168091824,-0.3809200172443656,40.65559941273225,0.4062659569821928,0.0062329470484338645,0
2022-06-13,39.444238505633706,1.563773845120279,-1.0741458200163778,2.084679500611216,0.022671716512324,-3.3120927661074866,0.715113523880051,39.78115265541138,0.4719186153615866,0.00647064920538798,0
2022-06-14,39.86081441284559,1.5537133512774552,-0.7458399386269483,1.8925609849125795,0.1324883516385222,-3.422222687011918,0.5892999378103037,39.444238505633706,0.4463121303379587,0.006470649205387979,0
2022-06-15,39.22846260547064,1.5948286158231806,-0.6225373794251516,1.8205075014027337,0.1173918977084413,-3.640740772529087,0.7305501370198848,39.86081441284559,0.4876778447456634,0.006470649205387979,0
2022-06-16,38.39655694567577,1.0317644024162789,-0.9930596912317052,1.4187575583029108,-0.0384083430501513,-3.462695045379669,2.0436411189423334,39.22846260547064,0.5252102760810499,0.006470649205387979,0
2022-06-17,38.31184741715828,1.4324597788411193,-1.4150362938403882,1.5238073644712475,-0.396722658372826,-2.9989878522507283,1.8544796611515788,38.39655694567577,0.6027498512830056,0.004414479319587025,0
2022-06-22,37.66764405462387,1.408445306337356,-1.3324663607354568,1.729602987916408,-0.462991222338454,-2.876789868990511,1.5341991578106522,38.31184741715828,0.7661620290914705,0.004906491281276548,0
2022-06-23,37.52279404231865,1.4376538496643023,-1.3939416878967126,1.748888390928439,-0.519453947798084,-2.8551894514785383,1.5820428465805931,37.66764405462387,0.6078896699630116,0.0021675494833319,0
2022-06-24,36.92701121234656,1.247771743634928,-0.889504917926133,1.5011078645178575,-0.7652320033414668,-2.797358270306108,1.703215583420918,37.52279404231865,0.5418991127141652,0.0041194402198281395,0
2022-06-27,36.48914765318362,1.2104817357722697,-0.8734779432285564,1.537217153545905,-0.8333047460149849,-2.9200722110192725,1.879156010944638,36.92701121234656,0.6277288516687122,0.0041194402198281395,0
2022-06-28,36.19263639031244,1.0087468431552755,-0.9919435622081976,1.331366048225027,-0.9477968171502748,-2.6821690231181163,2.281796511096283,36.48914765318362,0.570812443215845,0.003939500895739224,0
2022-06-29,36.40553227192997,0.9417993062588614,-1.104695274857209,1.2824823292763965,-0.7244117277337265,-2.6959692692182866,2.3007946362739657,36.19263639031244,0.4726174588143453,0.0043603058416285916,0
2022-06-30,36.49774680607079,0.9949984031602774,-1.1569424430725488,1.068489049797286,-0.4211916154531847,-2.907909950212204,2.4225565557803868,36.40553227192997,0.2390936252111863,0.004557900746863068,0
2022-07-01,35.66349361992776,0.8590132014997351,-0.7451719956494223,0.9241401999908057,-0.5565911447135719,-2.9183657909474725,2.4369755298199327,36.49774680607079,0.3130623798976087,0.004021631718990708,0
2022-07-06,35.49970655161444,0.7259243789296193,-0.7667172292111502,0.8835030109534863,-0.3994645068207409,-2.8388534667885565,2.395607812937337,35.66349361992776,0.399854718808228,0.003871121435824261,0
2022-07-07,36.60410258086821,0.724922038253144,-0.9177583440734844,0.980017703906821,-0.3668405789030693,-3.4437015532870303,3.023360734103611,35.49970655161444,0.4584195272483685,0.003916564462231894,0
2022-07-08,36.5690132131231,0.6955762567431165,-0.9759883107509152,0.7887189760395756,-0.1401445221707824,-3.593555067280101,3.225392667419108,36.60410258086821,0.481843498411124,0.003956615665406863,0
2022-07-11,35.44472254166316,0.6575654557266315,-0.9110357122198578,0.7009790790219501,-0.1683573309413297,-3.063913474446868,2.7847619828594774,36.5690132131231,0.5198057852540257,0.003922220499756281,0
2022-07-12,37.76322653883781,1.2896007696647942,-1.286261427569407,1.2835025167880951,0.0262792895021917,-3.2796114587049097,1.966490310319235,35.44472254166316,0.8542657842808357,0.003593928402989114,0
2022-07-13,37.52470581748967,1.3009883237545257,-1.259408689686503,1.2255470419223595,0.0617233039836886,-3.1067848336189883,1.777934853644921,37.76322653883781,0.8221600498853061,0.004143168390035637,0
2022-07-14,37.1820698266444,1.2888314847482896,-1.04424820745877,1.2732585430296162,-0.0531005504399377,-3.145998489118827,1.6812572192396265,37.52470581748967,0.8297364214929062,0.004159867193508754,0
2022-07-15,36.40890326588808,1.2656101284461396,-1.1489405450348855,1.383789745689338,-0.2513458334534872,-2.862467920350684,1.6133544247035876,37.1820698266444,0.844721003493562,0.004912981810373053,0
2022-07-18,38.34398003679846,1.8583804920530456,-1.2730914879657824,2.0722016948394675,-0.4035106792649436,-3.4663402918106376,1.2123602721488451,36.40890326588808,0.6416251363823939,0.005257898589609062,0
2022-07-19,37.31125862838288,1.4806420270889298,-1.1174479967844824,2.182866401953598,-0.5479311606479751,-2.7993060392803057,0.8011767676702339,38.34398003679846,0.6218995782571833,0.005257898589609062,0
2022-07-20,37.03005123396901,1.426863151629192,-1.0832535039387596,2.110083531298068,-0.5279475274267895,-2.747723404331576,0.8219777527698611,37.31125862838288,0.6262336106890043,0.005257898589609061,0
2022-07-21,37.09901981982447,1.85088443015502,-1.373149483682684,2.071695251128471,-0.3073710672037792,-3.217311716072944,0.9752525856759198,37.03005123396901,0.6290494699251306,0.005181505051186664,0
2022-07-22,36.44080017295813,2.2087618284940813,-1.264094146173095,2.226064359696988,-0.2488034691052094,-3.5769282649854857,0.6549996920727219,37.09901981982447,0.620708928812533,0.00468949308949714,0
2022-07-25,37.2774547757851,2.179035982295707,-1.102466482900677,1.940814206580221,0.027547731585793,-3.831303218743396,0.7863717811823525,36.44080017295813,0.3137660648511102,0.004915647545495937,0
2022-07-26,36.33728483618904,2.024432557768116,-0.5494952030787537,1.9300290982362969,-0.2195809689932346,-3.9987124040709774,0.8133269201385578,37.2774547757851,0.3759290071359215,0.002963756808999697,0
2022-07-27,36.805751534676936,2.1204909330774395,-0.3239458295399675,2.0260264666678243,-0.325060089553788,-3.8051658780272017,0.3076543973756926,36.33728483618904,0.3633796343098668,0.002963756808999697,0
2022-07-28,36.77379845026669,2.340685469989449,-0.3212585150492093,1.9986673784851088,-0.2788285626639855,-4.0111189589671,0.271853188205732,36.805751534676936,0.3302061803289545,0.00302745296462846,0
2022-07-29,36.62731570235174,2.310844100898993,-0.0486455629288782,2.2104187289345987,-0.461585263230619,-3.963453476901536,-0.0475785267725497,36.77379845026669,0.305366311142751,0.0027507708933037557,0
2022-08-01,37.51219862902503,2.687098930587501,-0.2060316131503556,2.654755703672567,-0.3782070572448903,-4.346329316544464,-0.4112866473203524,36.62731570235174,0.387617500281354,0.004673028535091724,0
2022-08-02,37.65168674449672,2.769848997785111,-0.3187861804722782,2.6099717198616297,-0.3854892994318515,-4.350375711304888,-0.3251695264377279,37.51219862902503,0.4212706901278859,0.004676947003652123,0
2022-08-03,38.38092349902946,2.759526230087319,-0.3392519878107221,2.62148687298013,-0.3371389266922984,-3.965105802720173,-0.7395163858442579,37.65168674449672,0.6366679199610839,0.004606627361401281,0
2022-08-04,37.25617617892003,2.156563232500835,0.2477409166077044,2.3299453257089446,-0.3078418371447506,-3.607956674513189,-0.8184509631595454,38.38092349902946,0.5690665459954232,0.005709652257219678,0
2022-08-05,37.19635105195512,2.113149244522789,0.24985521928285,2.383176429723896,-0.2533811146861975,-3.602434408150036,-0.8903653706933041,37.25617617892003,0.4245863835708665,0.00566960105404471,0
2022-08-08,37.08445466390422,2.1033871799290065,0.5191831160925273,2.2782657920316147,-0.3599782797522506,-3.4478377101793463,-1.0930200981215474,37.19635105195512,0.4737925985452435,0.00566960105404471,0
2022-08-09,36.5312973873233,2.026195502883376,0.3823497541450618,2.4235949335477827,-0.3946614824936301,-3.4707093204094206,-0.9667693876731662,37.08445466390422,0.6029770592051741,0.00566960105404471,0
2022-08-10,37.20704870230169,2.1652000949633106,0.1931712906316107,2.5777885807248246,-0.2143777553387478,-3.751349124032272,-0.9704330869487294,36.5312973873233,0.2678442700378775,0.00567048608016512,0
2022-08-11,37.12841816754891,2.088392148613295,0.0004996746806407,2.4662991705617703,-0.2640032153054221,-3.679335716109487,-0.6118520624407964,37.20704870230169,0.2531297993054928,0.005703509337306537,0
2022-08-12,36.270501228090346,2.1070909452730646,-0.0573398559356492,2.3243829850356708,-0.3996747256249442,-3.612677623930797,-0.3617817248173374,37.12841816754891,0.3734165698632358,0.004712692563488124,0
2022-08-15,36.24131193404494,2.1706736465919168,-0.0619384139770256,2.409294040278093,-0.5089287686754327,-3.6280419071743855,-0.3810585970431672,36.270501228090346,0.4149738142622566,0.00857674182950965,0
2022-08-16,36.563652640103534,2.307411482407092,-0.197351191417046,2.642745077917196,-0.5511379189074113,-3.73662691219416,-0.4650405378056659,36.24131193404494,0.4129185039408428,0.017531965304953837,1
2022-08-17,36.743784581471296,2.321908060544901,-0.255104336318527,2.573399447610793,-0.5076463112095908,-3.650379585660872,-0.482177274966705,36.563652640103534,0.3279938260025847,0.017531965304953837,1
2022-08-18,36.145644209507566,2.2645917658781283,-0.1643090274611203,2.733738566884832,-0.4469236826800902,-3.6055519116935417,-0.7815457109282087,36.743784581471296,0.2242196465579161,0.017937195860004994,1
2022-08-19,35.36245473390721,1.9578038553318928,-0.1735770467909625,2.497149475655132,-0.4648881395524169,-4.321704487049375,0.5052163424057232,36.145644209507566,0.4761180259213775,0.017937195860004994,1
2022-08-22,35.36584726383713,1.6496638158557353,-0.3461569305573952,2.607280837184108,-0.4541313094848425,-4.325311158388904,0.8686547453913023,35.36245473390721,0.5820937566307806,0.017747777804946435,1
2022-08-23,35.24720508701224,1.6681158721794471,-0.2140538157221798,2.59322255830401,-0.6117595957413746,-4.015823444325954,0.5802984253060468,35.36584726383713,0.5817331804666648,0.01774777780494643,1
2022-08-24,34.60913990745353,1.6558256026906832,0.0101508877008513,2.39151515689899,-0.698696177514293,-4.033168172091894,0.6743727023156736,35.24720508701224,0.4884298819295852,0.01774777780494643,1
2022-08-25,34.402716959043694,1.65688983668122,0.2668211000186957,2.1739850681350354,-0.830066661949524,-3.78002883722471,0.5123994943392924,34.60913990745353,0.408855651458374,0.01768408164931767,1
2022-08-26,34.22123363331135,1.488873752051486,0.2764680668419501,2.268356182816685,-0.8187388101427047,-3.775556710079291,0.5605975185118757,34.402716959043694,0.4570936464509139,0.01754177237321656,1
2022-08-31,33.33392640508608,1.911815032655927,-0.1793971835567771,2.560461591887444,-1.0295923996955445,-3.729691182822933,0.4664041415318878,34.22123363331135,0.6201727133934258,0.015421919826194112,1
2022-09-01,33.65202666808985,2.0498697734617064,-0.0284022839884787,3.229466849306114,-1.3800420538299036,-4.038316858529934,0.1674245735804875,33.33392640508608,0.4769318929681247,0.019404356619547564,1
2022-09-02,32.36690343495736,1.7309125906160503,0.0562321221840242,2.5586099859973768,-0.1934864248009136,-4.20824236436362,0.0559740903670764,33.65202666808985,0.7244594166961484,0.019785384046321235,1
2022-09-07,33.90273927325572,2.097003597635989,-0.0600939514070679,2.413570478216471,-0.3039523831734287,-4.188584941469443,0.0420572001974912,32.36690343495736,0.6351172920471706,0.018636916124095203,1
2022-09-08,33.856239252921064,2.136539882440159,-0.1100214969642374,2.502973516316086,-0.4563696702329469,-4.184119404809529,0.110997173250471,33.90273927325572,0.5645478353294308,0.01872119266572565,1
2022-09-09,34.20245647544474,2.33632612142995,-0.2696719699228116,2.7732013498645287,-0.7887814240257365,-4.275716289525341,0.2246422121794125,33.856239252921064,0.6392840110942081,0.018808419587450508,1
2022-09-12,34.02858456042252,2.208218656809473,-0.2197710989963872,2.6332978888049485,-0.7010460282776458,-4.145624922187376,0.2249255038469879,34.20245647544474,0.6631736554038893,0.01950700283857169,1
2022-09-15,34.056862251687605,2.276887791182496,-0.2256549080761822,2.794376721243763,-0.6868500957691897,-4.340153226402621,0.1813937178217459,34.02858456042252,0.1222507567964687,0.02129124026937188,1
2022-09-16,34.2492715863004,2.3355785213367763,-0.2900716967909091,2.866864124702889,-0.6686822379065367,-4.482025738853999,0.2383370275117777,34.056862251687605,0.1392031309409146,0.02137658392178355,1
2022-09-21,33.96151620747636,2.2332379692127056,-0.2857253147413217,2.7610666742894026,-0.5894247549364353,-4.289648284700581,0.1704937108762312,34.2492715863004,0.1085520928536849,0.02137658392178355,1
2022-09-22,33.77966471695444,2.3843661693703257,-0.40725064922366,3.024545562725031,-0.6680156909896544,-4.535407619173702,0.2017622272916535,33.96151620747636,0.1516991854284055,0.017167617876526018,1
2022-09-23,36.36809849866939,2.65876667196507,-0.7902081914787606,3.223553134855072,-0.7259492273018093,-5.0130227731248125,0.6468603850852386,33.77966471695444,0.9546145330631992,0.008213063462797722,0
2022-09-26,35.86454027538395,1.422517288099124,-1.252829885570648,1.8411874313746832,6.315072680936572,-7.0258344932721695,-1.3001130215675576,36.36809849866939,1.0610999859563466,0.008394636439129638,0
2022-09-27,35.70587908389682,2.621294285268778,-1.5159829742167303,3.482302897212333,2.91967801122454,-7.188735923052514,-0.3185562964364044,35.86454027538395,1.0576064839373345,0.00804017765810402,0
2022-09-28,35.3099482413102,1.2297494266943083,-0.5112794852460025,1.7840976400832016,3.736225314053196,-5.738568994618304,-0.5002239009664011,35.70587908389682,0.8809099686922047,0.008050277803818888,0
2022-09-29,35.68955378894277,1.6509490851689996,-1.0771538966140413,1.6546162634087338,1.5606642551485286,-5.420159628860541,1.631083921748322,35.3099482413102,0.3427363076959811,0.009166914644868927,0
2022-09-30,35.28955624423502,1.962416859960129,-1.1710562960991044,2.074715110409932,1.278116943548557,-5.429274272669015,1.285081654849504,35.68955378894277,0.230550584450052,0.009166914644868927,0
2022-10-03,35.16716668530382,2.049268446580351,-1.6321315488551664,1.8430377799591344,1.6312947012375334,-4.994126951000138,1.1026575720782876,35.28955624423502,0.2221109458462606,0.010571076248395858,0
2022-10-04,34.736556270554225,1.9191368788159853,-1.5774746808364477,1.5296871955907356,1.2086167761516124,-4.504215755917042,1.4242495861951587,35.16716668530382,0.3060055703017993,0.010571076248395858,0
2022-10-05,34.91019079632651,1.924827025913988,-2.0909253179312506,1.6383096433515902,1.384974491037461,-4.343467309259539,1.486281466887747,34.736556270554225,0.3283178015018042,0.011403011127108158,0
2022-10-06,34.836455357543784,1.9188548003517096,-0.4342215081631631,1.440243062485031,0.5672375206824398,-4.8489704824427164,1.3568566070866948,34.91019079632651,0.2074998160753257,0.012211143152804423,0
2022-10-07,40.14643090766853,2.582137172148215,-0.8859123369277899,1.6265785628794251,6.684065211649154,-8.61963618157869,-1.387232428170317,34.836455357543784,2.0983828463093483,0.008224787890890572,0
2022-10-12,40.330325548066895,2.891253898979892,-0.7773675135256513,1.7815200642884896,6.893548206833868,-9.16478423889409,-1.6241704176825031,40.14643090766853,2.651874073126785,0.007843760464116906,0
2022-10-17,40.285794407886776,3.686335255278122,-2.839868579851141,1.6639178806187598,5.067347807731316,-8.845419055541136,1.2676866917640774,40.330325548066895,2.636873837554194,0.007913784890572003,0
2022-10-18,36.85604736926397,2.648988489082658,-3.1900578150892165,0.774647673982324,3.766217921969676,-4.782583406122298,0.7827871361768621,40.285794407886776,2.2527149653828595,0.008900182881956188,0
2022-10-19,36.72081338336226,2.320059612582247,-2.373541231955466,0.5877749816397682,3.474929597640837,-5.280696740177268,1.2714737802698757,36.85604736926397,1.699487349938294,0.009723413040369167,0
2022-10-20,33.87867299516942,2.2403208358090527,0.0232653646936924,0.5340998818909064,0.95063545112794,-4.280122418755832,0.5318008852342428,36.72081338336226,2.4430248320369565,0.009077974191884984,0
2022-10-21,32.80363282825409,2.065790776406237,-0.0840131536483159,0.6328200395659511,0.9041269887905696,-4.034991726389095,0.5162670752746603,33.87867299516942,2.61831310587437,0.007552135146812647,0
2022-10-24,32.720190742234315,2.0991764410823883,-0.13266929262431,0.6508581071112047,0.927933946063764,-4.015302527702763,0.4700033260697229,32.80363282825409,1.836760432095356,0.009891081031160886,0
2022-10-25,32.80529611236351,2.083351050025368,-0.1415697274770533,0.6093353879031529,0.9025091964921992,-4.202801447582923,0.74917554063925,32.720190742234315,1.5286917439347554,0.009891081031160886,0
2022-10-26,32.74973130603878,2.0453515901558017,-0.3748666489496508,0.5995597595898179,0.9274656374164968,-4.197639371449437,1.0001290332369734,32.80529611236351,0.4447702103249821,0.009891081031160886,0
2022-10-27,32.40121219051719,1.988441980817747,-0.36502036147054,0.534245549871283,1.047576791539972,-4.144587306477136,0.9393433457186812,32.74973130603878,0.1509321456652285,0.01669739503092099,1
2022-10-28,32.03975616589299,2.0124823450329803,-0.3873989917536193,0.5783708329325385,1.0262114929540762,-4.169398017851595,0.9397323386856168,32.40121219051719,0.2885451439588423,0.021565792462054867,1
2022-10-31,31.861921942582224,2.0696107312089467,-0.4174779175971923,0.6131192254063507,0.9189044085985754,-4.1022976231778365,0.9181411755611566,32.03975616589299,0.3746583871760831,0.02173607686433787,1
2022-11-01,31.810272045068203,2.100382507719454,-0.1432881778430395,0.6163786566645548,0.8084050015181758,-4.17080269596282,0.788924707903671,31.861921942582224,0.3551883901107087,0.02261495793459592,1
2022-11-02,31.02445607282959,2.0372483537924992,-0.3458288765403772,0.7333843298370253,0.6298299897423805,-3.87429762066716,0.8196638238356329,31.810272045068203,0.4517874668980077,0.021461584692605645,1
2022-11-03,30.87466866821916,2.0669318339945937,-0.3742573958264401,0.8042830144619382,0.7359965738720105,-3.920439706423786,0.6874856799216915,31.02445607282959,0.4760896402625127,0.02146158469260565,1
2022-11-04,31.27252317239869,1.9823345496876,-0.3377283929632972,0.8957221955602961,0.738115289530302,-3.715946590261837,0.4375029484469421,30.87466866821916,0.4025107582644859,0.020057423089078714,1
2022-11-07,31.18076552757213,1.9032858801115644,0.0099857130936191,0.7352165476794461,0.5671623169407369,-3.715017482277142,0.4993670244517725,31.27252317239869,0.3191941029480263,0.020057423089078714,1
2022-11-08,30.55223963990593,1.755617976232724,0.1128135688866067,0.7365555354109423,0.6565678020371775,-3.9142413227392905,0.6526864401718382,31.18076552757213,0.2537409035819675,0.019223674611902865,1
2022-11-09,31.34114039949217,1.856534555871681,1.4129918735729996,1.0120238866674385,0.4784851968825721,-5.405508428814359,0.6454729158196633,30.55223963990593,0.2931624330695306,0.019816544243024516,1
2022-11-10,36.67767194626124,1.0594406941180914,5.186675507006026,0.5247864943252765,0.1711198719112463,-8.257418920260669,1.3153963529000334,31.34114039949217,2.253940272400492,0.020301938770181042,1
2022-11-15,33.61295990714952,1.0173421931046462,3.294565948440986,0.4167079317015663,-0.2548191029910871,-5.417818503899401,0.9440215336432912,36.67767194626124,2.2547354716429715,0.020301938770181042,1
2022-11-16,32.432732772056724,0.9691660967908112,2.47692607590334,0.3614074146735131,-0.0664714325989024,-4.297995348195734,0.5569671934269755,33.61295990714952,2.1418100720769417,0.028079006590571262,1
2022-11-17,32.06954358245272,0.4388201094433697,2.812785632548951,0.1408267577485915,0.7733551981724247,-4.858875185052527,0.6930874871391874,32.432732772056724,1.8752671260567264,0.02700833205755663,1
2022-11-18,31.77198107890115,0.1159924298093013,1.7970360395804463,-0.3084145010516268,0.9546741367116268,-2.507768824786128,-0.0515192802636232,32.06954358245272,1.79481401930775,0.026176305585876653,1
2022-11-21,31.2588105109432,0.0948977726033497,1.1031422835108122,-0.3523221640282674,1.3448400759908197,-1.810726795828867,-0.3798311722478482,31.77198107890115,0.7915064300088813,0.02612316118323965,1
2022-11-22,31.038805714747856,0.5506743135421459,1.0290296984072689,-0.1627521208435931,0.6803057097262473,-1.8184740609387609,-0.2787835398933089,31.2588105109432,0.5117487535553449,0.03150208881458059,1
2022-11-23,30.689598507159666,0.6435284336414036,1.323207719289706,-0.0828651850481758,0.5678382384083971,-1.9969177390869464,-0.4547914672043758,31.038805714747856,0.4971636666919738,0.030130555880884532,1
2022-11-30,31.87039042992497,0.607814659798068,1.562018032875648,-0.2045606037010507,0.3485796013567914,-2.147386916627878,-0.1664647737015765,30.689598507159666,0.4443561350319988,0.030288250586457132,1
2022-12-01,32.06271855677164,0.5360076611438149,1.9514475546560548,-0.2614526251248765,0.1976187374610711,-2.316166453310844,-0.1074548748252164,31.87039042992497,0.5126908317240664,0.03028825058645713,1
2022-12-02,29.85999114963886,0.6603983998773248,1.883730269919481,-0.2329919627973087,0.2755307335462307,-2.3864738654139863,-0.2001935751317467,32.06271855677164,0.8037452359341892,0.02348126752498114,1
2022-12-05,30.853918732379658,0.6533693520861856,2.267481824719608,-0.185993995923777,-0.3070929661116479,-2.445315164018255,0.0175509492478944,29.85999114963886,0.8101354185902647,0.018431297117515337,1
2022-12-06,30.659079955169588,0.5661846808022997,2.051653339581435,-0.0584137533591242,-0.0563421836499471,-2.5228403703565325,0.019758286981871,30.853918732379658,0.8130679339431882,0.018801528412743657,1
2022-12-07,30.587736826248022,0.8462075354146634,1.3715111282176986,0.118593439782499,0.0862461775339586,-2.443781653345793,0.0212233723969759,30.659079955169588,0.7135525489226388,0.01791254719677074,1
2022-12-08,29.697702311281187,0.7159980522878886,1.4428907782924034,-0.0549642737234012,0.3650740117378719,-2.3423868642660066,-0.1266117043287535,30.587736826248022,0.4625812801423579,0.018524522393966108,1
2022-12-09,29.331309255237915,0.690481378881028,1.3807693925935651,-0.0797282367799478,0.299290625264629,-2.317127461259413,0.0263143013001379,29.697702311281187,0.5987092244790331,0.020127814158258768,1
2022-12-12,28.76588773525784,0.6530328535545156,1.6326790021128468,-0.2328192020698924,-0.0988303675900912,-1.9230713293485764,-0.0309909566588069,29.331309255237915,0.7290711402757023,0.02071807629731271,1
2022-12-13,29.18755051228527,0.631406799534032,2.134031173816086,-0.3615675718138806,-0.2170165407771853,-1.9463905657246607,-0.2404632950343894,28.76588773525784,0.6142107848535899,0.02071807629731271,1
2022-12-14,29.13774273300764,0.5189508509002234,2.6915887984171807,-0.5656613393326158,-0.1784986352769557,-2.23722062082896,-0.2291590538788726,29.18755051228527,0.3015111530037321,0.020718076297312715,1
2022-12-15,29.053796881821043,0.3962408618420685,2.698981256315247,-0.5752156382741163,-0.0741863602352914,-2.193889780025885,-0.2519303396220258,29.13774273300764,0.1877481563567047,0.019835166037633294,1
2022-12-16,29.258921004373736,0.4175552572670469,2.6701658280609992,-0.4214506189624369,-0.2164067581100361,-2.175360611581791,-0.2745030966737856,29.053796881821043,0.171034581149448,0.019766801623385254,1
2022-12-19,28.950071228377272,0.3937494844380627,3.690065328112402,-0.5387154837322718,-0.2722852736304442,-3.2553077038266705,-0.0175063513610833,29.258921004373736,0.1071514404874631,0.020653737680579813,1
2022-12-20,28.94377846077874,0.1750114300619714,3.54625130812756,-0.467071942529893,-0.0157764047492405,-3.309060523260956,0.0706461323505487,28.950071228377272,0.11903871430347,0.012806645433734495,0
2022-12-21,29.6641815039209,0.689195762136352,2.917407295894183,-0.5197679222687803,-0.2858610186114072,-2.9292772848393973,0.1283031676890438,28.94377846077874,0.2702162885716645,0.012806645433734495,0
2022-12-22,29.986287879643186,0.897207141115052,2.396365959826119,0.3596386446081894,-0.7065240479934491,-2.733251573302224,-0.213436124253687,29.6641815039209,0.4089644793298473,0.012728214825276633,0
2022-12-23,30.26600559803624,0.8803758136324795,2.2219093443597515,0.7093085539715158,-0.3755178420891347,-3.0754614174242727,-0.3606144524503394,29.986287879643186,0.5371666070477611,0.012992221581724691,0
2022-12-29,29.25550123833197,0.6484794149352453,1.9954425031690817,0.6396468369099644,-0.0170897277565584,-3.0529132631514946,-0.2135657641062383,30.26600559803624,0.4782316016591212,0.006796929966103151,0
2022-12-30,29.08578330505661,0.6047995181053256,1.8669923202637777,0.5448612943646438,0.1033815600494594,-2.948137289100276,-0.1718974036829283,29.25550123833197,0.4397070069090636,0.005689267515894514,0
2023-01-04,29.62503094793232,1.071985603793831,1.5025421583747274,1.1429123850847844,-0.3309273065271267,-3.429603999265113,0.0430911585388993,29.08578330505661,0.4397609716226535,0.052846222332056686,1
2023-01-05,28.788365843474576,0.756663624414335,1.4958683352312687,0.4275106567940092,0.4154000623904803,-2.9988795600847,-0.0965631187453999,29.62503094793232,0.5087685914936462,0.052846222332056686,1
2023-01-06,28.11823062974668,0.7649843627519566,1.759847604062466,0.3427063562742543,-0.1104299773328989,-2.995501537769135,0.2383931920133586,28.788365843474576,0.5064344595032985,0.052877521593164924,1
2023-01-09,28.72973691594125,0.9024232084544952,1.8263130475053628,0.4978137751894174,-0.3412217166138598,-2.944116484486773,0.058788169951359,28.11823062974668,0.4915541870840634,0.05327871761295205,1
2023-01-10,29.053887513585284,0.8585758205324456,1.8126153335971968,0.6201076122953637,-0.348652314686432,-2.905149342949381,-0.0374971087891879,28.72973691594125,0.4889048818581429,0.052687430141415185,1
2023-01-11,30.24556210002869,1.0666644761105637,1.7410794789873194,0.8130740132070606,-0.413750864785114,-2.96451995298138,-0.2425471505384417,29.053887513585284,0.6998360404739479,0.05268743014141519,1
2023-01-12,30.301632376375903,1.0007025840284527,1.7376088655288282,0.7977995703260152,-0.365503165845201,-3.058006544267602,-0.1126013097704894,30.24556210002869,0.8578095473856575,0.053158145909876935,1
2023-01-18,30.461941071252124,1.0451378240021256,1.656298399969088,0.8228748394712841,-0.3980684735273017,-3.034647484343185,-0.0915951055720136,30.301632376375903,0.7185936033519751,0.05155485414558427,1
2023-01-19,30.475808686739484,0.9655639141746412,1.768962748289869,0.8353696801450372,-0.358377069670583,-3.1767696493732704,-0.0347496235656978,30.461941071252124,0.5344393700987602,0.05096459200653033,1
2023-01-20,31.45980492169939,1.2023684347805936,1.71580911076068,1.06088472878319,-0.6377138397679212,-2.996197678399707,-0.3451507561568241,30.475808686739484,0.444474338086512,0.050964592006530335,1
2023-01-23,32.47838478762392,0.7900707384645553,1.908336315229916,0.8277946208855163,-0.8180125703002825,-2.4231866460957296,-0.2850024581839676,31.45980492169939,0.8297875723089104,0.05119134139547831,1
2023-01-24,32.50317143032972,1.144612958400927,1.4155249672419845,1.2509939730335446,-0.8505438437202342,-2.429353296207933,-0.5312347587482891,32.47838478762392,0.9043026823249872,0.05067324999833981,1
2023-01-25,32.24349376314223,1.0477304852069018,1.554808870814565,1.202884648667487,-0.8064335610549311,-2.423299582078394,-0.5756908615556262,32.50317143032972,0.7765816719536293,0.05025621988543132,1
2023-01-26,32.23483866307221,1.170855708503007,1.5078974767866016,1.3573221922493026,-0.7806342398225277,-2.6245662254267854,-0.6308749122895954,32.24349376314223,0.3792401284920102,0.04936928382823677,1
2023-01-27,31.73150555283161,0.890625431049255,1.6783793299028351,1.2212760166209566,-0.5587955746177173,-2.558695998176497,-0.6727892047788342,32.23483866307221,0.2773723653588955,0.04936928382823677,1
2023-01-30,31.16342654270929,0.9783034111290032,1.711119695202712,1.2071352285319676,-0.7895290595850515,-2.776452845615923,-0.3305764296627047,31.73150555283161,0.4767621422635701,0.049369283828236764,1
2023-01-31,30.9167938728108,1.1409515520044184,1.9045767047077165,0.7772875986779493,-0.8121892512540843,-2.8569099522782024,-0.153716651857799,31.16342654270929,0.5431276614475734,0.04940766696238772,1
2023-02-01,30.70295843347446,1.3409294352299757,1.736857077938832,0.9796441236656328,-0.9279864063197644,-2.884869738582683,-0.2445744919319943,30.9167938728108,0.5602902628864036,0.04914366020593967,1
2023-02-02,30.38385632437676,1.3170698746453375,1.7055276291130606,0.9184384554336004,-0.944323975695366,-2.7337301820848547,-0.2629818014117773,30.70295843347446,0.4548713648260273,0.049930795085933524,1
2023-02-03,29.631491758602778,1.274136053624913,2.3201876181037733,0.4359819255994068,-1.0165555530110129,-3.226194780475426,0.2124447361583388,30.38385632437676,0.5300974040006687,0.050036170412088334,1
2023-02-06,29.070430458563283,1.0309068654902056,1.594121751122183,0.0191985310008888,-1.260551074676111,-2.006464091540028,0.622788018602856,29.631491758602778,0.6902681135728366,0.00272826870586461,0
2023-02-07,30.681833205886537,1.3038350293548095,1.426976155787007,0.448219744136674,-1.44740245046858,-1.785345165331761,0.0537166865218581,29.070430458563283,0.6421842967434385,0.004716356818236871,0
2023-02-08,30.69313886569935,1.2626692240520114,1.3004283285051617,0.3927959855866056,-1.501666122292037,-1.6163345307122157,0.1621071148604658,30.681833205886537,0.6403316822399013,0.004685057557128635,0
2023-02-09,30.866543934535205,1.307230324646255,1.1665555694023648,0.502571914743525,-1.4525382937030424,-1.6035844185488424,0.0797649034597407,30.69313886569935,0.7096645853337324,0.004283861537341504,0
2023-02-10,30.864735928668424,1.3017205146557984,1.2385408139526748,0.5487062866474623,-1.4261782108689465,-1.7479999385132483,0.0852105341262525,30.866543934535205,0.6870975052585072,0.004283861537341503,0
2023-02-13,30.859967395242137,1.2681992310307688,1.295802118052752,0.5265438734773991,-1.4253758060344492,-1.809908984009538,0.1447395674830724,30.864735928668424,0.0864515941994345,0.009133047149081176,0
2023-02-14,30.31846952059428,1.2110191325537605,1.2478427631746076,0.524508934739421,-1.3902217944853923,-1.7249470369072075,0.1317980009248138,30.859967395242137,0.2116417260435119,0.00828383205799314,0
2023-02-15,29.62581558640484,1.0054594724971757,1.26339232851862,0.3587492841483133,-1.3309299834350017,-1.7722207450144465,0.4755496432853427,30.31846952059428,0.4886435251531159,0.009610004959848345,0
2023-02-16,29.58598939947829,0.9272763133725412,1.2482707059902212,0.3582345011731096,-1.3512261763620783,-1.7762934311969345,0.5937380870231341,29.62581558640484,0.563055923425998,0.009636228995402677,0
2023-02-17,30.521898721095223,1.0624493931545371,1.2145112927507895,0.256338643196921,-1.4546891035313796,-1.6781704690823112,0.5995602435114398,29.58598939947829,0.5016699474896957,0.009646069712768528,0
2023-02-22,31.118547115018007,0.968527501048893,1.1798703917843212,0.2519985665162405,-1.2998536446137772,-1.696152357432965,0.595609542697288,30.521898721095223,0.5765848225116259,0.009557323831747547,0
2023-02-23,31.533357355591743,1.0150784754589868,1.0962376879657474,0.4703710347430601,-1.3301786657859216,-1.8050380591814483,0.5535295267995752,31.118547115018007,0.7807565793343887,0.009557323831747547,0
2023-02-24,29.99934169955199,0.865557166160908,0.8289774153387575,0.3212259124962706,-1.4408709511855091,-1.7147827183472777,1.1398931755368582,31.533357355591743,0.7104296597671634,0.009557323831747547,0
2023-02-27,30.24722497521088,0.8251775319159265,1.000713870826675,0.2643219588719834,-1.4577498130495767,-1.9698937014119269,1.337430152846925,29.99934169955199,0.5649858972721554,0.010602094095139594,0
2023-02-28,30.337149869603053,0.7918918926322007,0.9817783881813278,0.2410284932649382,-1.4027173042799932,-1.916425702772181,1.3044442329737058,30.24722497521088,0.5802196849905114,0.010602094095139595,0
2023-03-01,30.19400408798695,0.8025606540212973,0.92343477894809,0.2035934359013023,-1.3887521143086072,-1.882529440845624,1.341692686283552,30.337149869603053,0.5468814732884928,0.010602094095139594,0
2023-03-02,30.08108637190878,0.869967596579178,1.0281321649723911,0.2128741344455917,-1.4231226200509717,-1.8756807499458872,1.1878294739996949,30.19400408798695,0.1195770446629178,0.010563710960988636,0
2023-03-03,30.45250924148317,0.8983474009526411,0.902556515602541,0.1450301602698793,-1.6492477383322657,-1.796344620098744,1.499658281605959,30.08108637190878,0.1261047028956456,0.01064947559646204,0
2023-03-06,30.11254802857669,0.8678363045438093,0.9944566860687304,0.1516422920725908,-1.624804351682128,-1.7574092975025806,1.3682783664995757,30.45250924148317,0.1400773823404329,0.009813648801914694,0
2023-03-07,31.36150083400828,1.0520960423344723,0.9064877034362098,0.2752960186849087,-1.5082272076465228,-1.9283850975328105,1.2027325407237504,30.11254802857669,0.4787227797782622,0.009708273475759885,0
2023-03-08,31.085295779200347,0.9919703181787884,0.8698229992222011,0.2061375561943403,-1.5075592134984852,-1.9374532193846927,1.3770815592878445,31.36150083400828,0.518131689246901,0.00970152566024885,0
2023-03-09,32.25304765362056,1.0736233313363002,0.7005086152511089,0.2630827740590913,-1.023251622081415,-1.958377502618712,0.9444144040536284,31.085295779200347,0.7458376783961735,0.007713437547876588,0
2023-03-10,32.132672110090134,0.985501594623587,0.8251171308971272,0.2752316644099277,-1.023409392162705,-2.1875621146361084,1.1251211168681658,32.25304765362056,0.7774250635830375,0.007845788335231618,0
2023-03-13,32.346518750870835,0.960853410689797,0.7921723742355469,0.2331877993282187,-1.0135360911089828,-2.0564824941277946,1.0838050009832174,32.132672110090134,0.5121090861806388,0.007846040657047677,0
2023-03-14,33.789729701754005,1.460316220403831,0.3687637682067666,0.9991520889797272,-1.044001566594119,-2.4023557344589435,0.6181252234627417,32.346518750870835,0.8631184107784519,0.00789351546826284,0
2023-03-15,36.48803595506055,2.1639219681650186,0.0346409287400875,0.9158151107474026,-0.9593822807067588,-2.345607486871604,0.1906117599258587,33.789729701754005,1.6564587342377404,0.0034604873473670895,0
2023-03-16,35.74552098275682,1.994320939475946,0.1812598838190924,0.6825056075594205,-0.9291521347125542,-2.188227805575359,0.2592935094334518,36.48803595506055,1.7579418064993977,0.003227011472798014,0
2023-03-17,36.66784947554071,1.9525957422230176,0.1153279127691213,0.7528508049220761,-0.8387414542487592,-2.158771600568615,0.1767385949031545,35.74552098275682,1.6767353857335712,0.0019008385709428075,0
2023-03-22,36.19327119030849,2.021549124028996,-0.1319085550987271,0.7833329572425409,-0.9307950061136658,-2.179486073657956,0.4373075535988096,36.66784947554071,1.0414125712609068,0.0023713529541086803,0
2023-03-23,35.283144732633914,2.039120504507288,-0.2517135176343741,0.6772213401886926,-0.8814939410444298,-1.9801324828078763,0.3969980967906945,36.19327119030849,0.5043107909655777,0.0023625559546345725,0
2023-03-24,35.36927573031805,1.9547347791688203,-0.2089258923165768,0.8383816057299232,-1.0506279947059085,-2.0368687520681776,0.5033062541919153,35.283144732633914,0.519621599437763,0.004846726965914322,0
2023-03-27,36.185442495544685,2.170125984841796,-0.4737033144474636,1.2375909100602414,-1.0341737998933338,-2.2739512560482105,0.3741114754869752,35.36927573031805,0.5312886223459874,0.004846726965914322,0
2023-03-28,35.858407465646145,2.065952776107004,-0.3426918063004605,1.101382852068472,-1.0908708581265438,-2.3282016608666374,0.594428697118166,36.185442495544685,0.3890660950151017,0.004846726965914322,0
2023-03-29,35.61572017879596,2.1393644702933585,-0.4809852623802142,1.2375393929421143,-0.9836502176392524,-2.484903235703096,0.572634852487079,35.858407465646145,0.3298265543362181,0.00428500943967017,0
2023-03-30,35.658320283394154,2.142139425373898,-0.5152832746078546,1.1476357733214613,-0.9648136272216874,-2.350770544353522,0.5410922474877036,35.61572017879596,0.2727489458936883,0.00428500943967017,0
2023-03-31,36.15139445666311,2.1682719012570395,-0.354092286732294,0.8950569055759665,-1.0036415938465373,-2.52336775187086,0.8177728256166725,35.658320283394154,0.2389317678592988,0.0044776582383551635,0
2023-04-03,37.30565548899078,1.8299830995163404,-0.5470802681606903,1.612318310428094,-0.325142887705141,-3.2472140237507143,0.6771357696721103,36.15139445666311,0.6233168446913524,0.004792810062937698,0
2023-04-04,36.02569535863226,1.7961785117380806,-0.7019177680149589,1.2642326648305549,-0.5335427034535432,-2.8289722511180058,1.0040215460178763,37.30565548899078,0.6128927898665619,0.004707045427464295,0
2023-04-05,35.29350728128032,1.699701887599815,-0.7397055159390875,1.256568445366856,-0.6295957174371996,-2.967434714790142,1.3804656151997718,36.02569535863226,0.6791793671118497,0.004707045427464295,0
2023-04-06,35.21567358552843,1.735849302957554,-0.7839009652264957,1.2670309479098505,-0.5519319588801208,-2.783561543640478,1.1165142168796995,35.29350728128032,0.7540031349530206,0.005078458713625017,0
2023-04-12,34.9432917852082,1.660594008498057,-0.7833183363307572,1.2928539942865171,-0.5662599815107097,-2.8244002293501063,1.2205305444069912,35.21567358552843,0.8532891173139441,0.005078458713625017,0
2023-04-13,34.77300203700119,1.6971416577822662,-1.09295647277245,1.464064981417149,-0.5302101129140642,-2.9625101292171623,1.4244700757042703,34.9432917852082,0.4304349399345445,0.005324435225639017,0
2023-04-14,34.488413855772194,1.607877766515852,-0.6192291806826564,1.4643539082379622,-0.6684102879016036,-3.074465651674635,1.2898734455050795,34.77300203700119,0.2941951551250845,0.00536604562568587,0
2023-04-17,35.19342963658437,1.6381070251077556,-0.0373531761435321,1.582478213233653,-0.7677649402521807,-3.4877189373299755,1.072251815384284,34.488413855772194,0.2722373947213021,0.005365793303869811,0
2023-04-18,35.11634973989502,1.5961558095736912,-0.0159103468626331,1.5570778652163533,-0.7618773673433781,-3.371202950387464,0.9957569898034182,35.19342963658437,0.2530897082151476,0.005318318492654648,0
2023-04-19,34.93729578344684,1.9272411187945764,-0.1454476206513897,1.200070407035824,-0.5232465303692875,-3.315979619473212,0.8573622446634992,35.11634973989502,0.2529096100082971,0.004973352633367059,0
2023-04-20,35.00715137358686,1.955291117016348,-0.5207053351327298,1.0383448092788718,-0.4239964698736873,-3.00975390268721,0.960819781398403,34.93729578344684,0.2463366949202458,0.0050709709384723625,0
2023-04-21,34.6624605700237,1.9733658058393693,-0.5329559573410338,1.156100417678216,-0.4725750439001679,-2.8533027202938728,0.7293674980174858,35.00715137358686,0.1830190734574114,0.006873756051014669,0
2023-04-24,34.747907758194536,2.0363575659962674,-0.5502377036135371,1.1727303506683509,-0.4211453336893838,-2.93180485904838,0.6940999796866778,34.6624605700237,0.1667755043404177,0.007354213660294218,0
2023-04-25,35.215835068887664,1.960340168469182,-0.6621687903235898,1.0058361627305905,-0.4274262776723745,-2.815934388052072,0.9393531248482724,34.747907758194536,0.1955417672594575,0.007353169942402474,0
2023-04-26,36.10337097692111,2.119695831213283,-0.6638925934373039,1.0751610430783352,-0.4888816765098838,-2.741507937650109,0.699425333305681,35.215835068887664,0.5163320310702812,0.004730995423195727,0
2023-04-27,35.75617990282642,2.228966101583291,-0.6721239391387004,1.0953268867663084,-0.5847780720761513,-2.859727387488727,0.7923364103539794,36.10337097692111,0.5606800417425305,0.004730995423195727,0
2023-04-28,35.505255378427755,2.1448342575216266,-0.6387778379400395,1.1292614933453162,-0.6534137066260284,-2.896624829801129,0.914720623500252,35.75617990282642,0.4626501188653207,0.009368273970434174,0
2023-05-03,36.70217501102753,2.1716005633202897,-1.1543760203909568,1.4836201563545508,-0.2121367037281327,-3.016367000852138,0.727659005296388,35.505255378427755,0.5138092921593382,0.008885221233286278,0
2023-05-04,36.59729343180731,2.171684053239428,-1.171780008248778,1.5013277579046953,-0.2349102983641362,-3.0024228436116203,0.7361013390804121,36.70217501102753,0.4639963476886008,0.008885221233286278,0
2023-05-05,38.073414545932266,2.2607622661635105,-0.1952677198628369,1.5670747743365556,-0.1279235962784195,-3.70664797448808,0.2020022501292664,36.59729343180731,0.9016818729333168,0.009432905598616485,0
2023-05-10,36.95277919961272,2.179003656563669,0.0997217709493347,1.638770818624968,-0.3184532664846671,-3.711472856573968,0.1124298769206575,38.073414545932266,0.8205158904165459,0.010505741016371313,0
2023-05-11,36.786795895710064,2.401940773428681,-0.1213749043952345,1.7856837143351605,-0.4561956767568116,-3.684339967221513,0.0742860606097219,36.95277919961272,0.5381909552346076,0.010505741016371311,0
2023-05-12,36.77941510720971,2.250513352587184,0.0540261106502848,1.539914110044876,-0.5997253596737666,-3.521167855012412,0.2764396414038401,36.786795895710064,0.5298184173031888,0.010549612029126167,0
2023-05-15,37.68429276714623,2.2183434017730743,0.4058048146966142,1.4700992767820047,-0.5756288061123476,-3.801906325180062,0.283287638040719,36.77941510720971,0.527413985085292,0.010178198742965444,0
2023-05-16,37.46546651499758,2.3431575987052966,0.3708468686929129,1.5437752640347426,-0.6600081036958514,-3.8991237824551326,0.3013521547180264,37.68429276714623,0.3719714994741389,0.010178198742965446,0
2023-05-17,38.926800728352944,2.6960406013913225,-0.3298197761435546,1.6207471014873676,-0.6349962768864108,-3.619369509997414,0.2673978601486921,37.46546651499758,0.7867328229682096,0.010755097606784678,0
2023-05-18,38.01618021441026,2.7988255392114727,-0.2978107099473956,1.6267333235591137,-0.7322046466252017,-3.567415740094593,0.1718722338966118,38.926800728352944,0.7042782481964769,0.011390315596827726,0
2023-05-19,37.980118804368935,2.8347167144160075,-0.3237796786912754,1.61498437096032,-0.7645542896016853,-3.576108317357977,0.2147412002746116,38.01618021441026,0.498788946788234,0.011914857903126349,0
2023-05-22,38.07699810208933,2.710625136564998,-0.2888026200068319,1.5193254419981006,-0.5631705757840413,-3.5475238037728154,0.1695464210005921,37.980118804368935,0.4707273882456941,0.011914857903126349,0
2023-05-23,37.61212397209674,2.376521110436059,-0.2112801711706042,1.3488493347113426,-0.2470510919467949,-3.211842221815316,-0.055196960214686,38.07699810208933,0.4338271684444753,0.011843666271570012,0
2023-05-24,37.14417925044552,2.407657324507074,-0.2545262954240028,1.4405983833789282,-0.2638605974514867,-3.1527410149533903,-0.177127800057125,37.61212397209674,0.3508548606377949,0.0123088013347173,0
2023-05-25,35.75189461310549,2.407394002687191,-0.3196306564600815,1.7125615685909334,-0.4228116161997794,-3.017138673284236,-0.3603746253340203,37.14417925044552,0.8466128045903054,0.010506016222174995,0
2023-05-26,35.99541183980064,2.3821337836261627,0.4532439970690454,1.6062878797365308,-0.5271825568407555,-3.458761149621868,-0.4557219539691108,35.75189461310549,0.9041233086846902,0.009704240828356935,0
2023-05-31,37.21957418872406,2.3171268282425963,0.0713773710222003,1.3805193578861648,-0.3129259360610117,-3.4530413278050167,-0.0030562932849331,35.99541183980064,0.7327494493065047,0.00982211033863964,0
2023-06-01,38.52761845301984,2.4791322119747683,0.6155198708938436,1.8293932340287973,-1.1202741244560706,-3.5546027864838425,-0.2491684059574899,37.21957418872406,0.994331170120662,0.00989147114402967,0
2023-06-02,38.46028775267933,2.7405015426186736,0.3430483007831157,2.1919859727637423,-1.2081981227225649,-3.526498777070924,-0.5408389163720484,38.52761845301984,1.174641402865397,0.009891902149013329,0
2023-06-05,38.96281348393858,2.837773877850948,0.2918400267383454,2.22240462862124,-1.1320610571595535,-4.155726067421673,-0.0642314086293041,38.46028775267933,1.0867828303083091,0.0052546236017748825,0
2023-06-06,38.13118594245511,2.439433467064718,-0.0223954898195493,1.924147401079944,-0.2976351245661863,-3.811909999472749,-0.231640254286173,38.96281348393858,0.583910970216172,0.005254623601774883,0
2023-06-07,38.84501062037884,2.1812517155470186,0.2650358234420507,1.6533777027825671,0.1291677844017806,-3.835100787628415,-0.3937322385449966,38.13118594245511,0.2950053566780094,0.005254623601774883,0
2023-06-08,38.32288195655223,2.3549914108267664,0.2688398758189159,1.8529699659174224,-0.1366469904208909,-4.108499872723122,-0.2316543894191003,38.84501062037884,0.3137921456124803,0.005485751426798743,0
2023-06-09,37.63767783548008,2.3369655804788376,-0.1099247751071565,1.840906985574767,-0.1946172667033385,-3.424318903746318,-0.4490116204968029,38.32288195655223,0.4841734191746637,0.0040977641844613805,0
2023-06-12,36.485303936218905,2.37597844112217,-0.1570853780534289,1.913728335801672,-0.2591572751505895,-3.62063662704177,-0.2528274966780484,37.63767783548008,0.7992851947868731,0.00418146744699724,0
2023-06-13,37.47348427571078,2.454912313404334,-0.2757653132833102,1.8185663568578416,0.0453524994965697,-3.369425016582065,-0.6736408398933635,36.485303936218905,0.8019643519550331,0.004362715607512709,0
2023-06-14,38.46488115928189,2.8986578690382334,-0.7885080319079569,2.0273993303803834,0.1033833801645123,-3.892139393415513,-0.348793154259654,37.47348427571078,0.707251651846972,0.004376314160836855,0
2023-06-15,38.57052861253951,2.998335322285653,-0.8973152144327741,2.1708914516705686,-0.0534781088368037,-3.8661438939545087,-0.3522895567321367,38.46488115928189,0.7576364510293944,0.004376314160836855,0
2023-06-16,37.65298736955669,2.9294556392257576,-0.7541905609951143,2.29130229410568,-0.2734042382111061,-3.812182715932853,-0.3809804181923617,38.57052861253951,0.7573026654603486,0.003553438785003622,0
2023-06-21,37.24289138788662,2.727687734387976,-0.3214231540194423,2.1882936979119485,-0.1808039748890255,-3.936277727208613,-0.477476576182835,37.65298736955669,0.5369559258246042,0.0027442596075586937,0
2023-06-22,37.41111551276205,2.72915391033078,-0.2236670633476492,2.193284788033361,-0.3724346394240561,-3.749829511565756,-0.576507484026684,37.24289138788662,0.5469089607470847,0.0022197173012600707,0
2023-06-23,36.31332377948126,2.4909340779554725,-0.3241408834923702,2.0086708947591987,-0.7355509231596349,-3.420660497639311,-0.0192526684233582,37.41111551276205,0.725606950228357,0.0022197173012600707,0
2023-06-26,36.70650770389805,2.099928454176036,0.5799321625794476,1.6702420111634844,-0.408898949805792,-3.750976735090185,-0.1902269430229921,36.31332377948126,0.4879966477344761,0.0022197173012600707,0
2023-06-27,35.62110178561233,2.1936729145839333,0.2166419986793233,1.7503178149839922,-0.5641172045325753,-3.6293942461134288,0.0328787223987623,36.70650770389805,0.6489358414298186,0.046312956125304,1
2023-06-28,36.509151100626376,2.2655518853671186,0.106676519120926,1.8280297966567467,-0.5396298738642669,-3.749741192597892,0.089112865317372,35.62110178561233,0.5795552863098561,0.046768523587881396,1
2023-07-03,36.22640656105952,2.27483465549121,0.0002184630239048,1.930339280174696,-0.5739806496091289,-3.849757072089899,0.2183453230092169,36.509151100626376,0.3667255379802939,0.048010653329887056,1
2023-07-06,36.4265734941895,2.3258583184961186,0.1258194988481196,2.002795526016607,-0.6732683251803522,-3.88953094012668,0.1083259219461876,36.22640656105952,0.3718363281165319,0.04789278381960435,1
2023-07-07,37.42930893110486,2.544110739760864,-0.0773515563330331,2.143832167627558,-0.9624111404723044,-3.895275255274083,0.2470950446910031,36.4265734941895,0.583074487507835,0.047823423014214314,1
2023-07-10,36.70100080867424,2.505575864824067,-0.0624305330292447,2.062094469728329,-0.9368331699715506,-3.783359413171457,0.2149527816198544,37.42930893110486,0.4144279102879028,0.04782299200923066,1
2023-07-11,33.855864580307305,2.455196175003783,0.1515809390105982,2.1308942834567173,-1.2020340963626994,-3.843861642663464,0.3082243415550665,36.70100080867424,1.20691044125179,0.048121963000199455,1
2023-07-12,34.0196006601308,2.4163935384043675,0.052335013468705,1.8492794811014333,-0.430539983932249,-3.8237489428743103,-0.0637191061679347,33.855864580307305,1.4658842438909934,0.04812196300019946,1
2023-07-13,33.530476622324514,2.3770235973297336,0.0565458105165177,1.7326083687249394,-0.41669388714977,-3.618760266619226,-0.1307236228021966,34.0196006601308,1.6227852697973597,0.04849252892844358,1
2023-07-14,35.2321298373977,2.598240428596071,-0.0993286054626358,2.143138183213951,-0.7137823395939051,-3.810494078711274,-0.1177735880421972,33.530476622324514,1.1683560816878134,0.04752106793940452,1
2023-07-17,34.38182315900798,2.494080440847714,-0.1458110755680608,1.8428304505445272,-0.3850185601727016,-4.299432173599297,0.4933509179478155,35.2321298373977,0.5826675147079237,0.04752106793940452,1
2023-07-18,34.814638873512195,2.411829466963596,-0.2770438560891355,1.7019144643156334,-0.2483156280356411,-4.236939017622944,0.6485545704684919,34.38182315900798,0.5942018883086484,0.047471954570354025,1
2023-07-19,34.53173173041392,2.401197812630248,-0.1693428736036208,1.696388972463268,-0.2284234054054668,-4.294022935011669,0.5942024289272374,34.814638873512195,0.5639047864086618,0.049004608388018796,1
2023-07-20,34.00370117208029,2.294292554056728,0.1364651821824676,1.646959786905434,-0.4217518722595095,-3.770912361777724,0.1149467108926045,34.53173173041392,0.413093964300243,0.04904790138848922,1
2023-07-21,33.54044577237568,2.213159550631387,0.10039449460655,1.6048595611678156,-0.4793449152881974,-3.597278017802121,0.1582093266845592,34.00370117208029,0.4426279846069644,0.05000832245272739,1
2023-07-24,33.83888711974612,2.261643730563604,0.0120342600247589,1.6716151568315745,-0.4612496773925416,-3.569869363200589,0.0858258931732005,33.54044577237568,0.4641400737652068,0.05000832245272739,1
2023-07-25,33.82390512986141,2.313723496621773,-0.042677534707423,1.7309614365545158,-0.4840563398871076,-3.458831618144124,-0.0591194404376351,33.83888711974612,0.3277958530123329,0.05659795840054178,1
2023-07-26,33.88780453240942,2.326605901894649,-0.0237878753613864,1.7623407191115827,-0.4873967957814749,-3.590132620514334,0.0123706706509629,33.82390512986141,0.1528794224674519,0.056597958400541784,1
2023-07-27,34.078697990965786,2.2760203759836166,-0.4492917361844468,1.8504974447315377,-0.8071840929899352,-2.7768416419779234,-0.0932003495628528,33.88780453240942,0.1726684081845182,0.05676259081018224,1
2023-07-28,33.23873800641445,2.280512617730277,-0.6823185358117771,1.869021211943659,-0.6617159912592463,-2.4746906823252424,-0.3308086202776725,34.078697990965786,0.2824881680268418,0.057817984885932434,1
2023-07-31,32.73071726645935,1.3447089228013365,-1.1748472804474797,0.9154683819890348,-1.127703423569761,1.1788717446172825,-1.136498345390402,33.23873800641445,0.497342187753533,0.013163140826008675,0
2023-08-01,33.09683816647705,1.2948796650651335,-0.9428500318102792,0.7322226090602477,-0.8448498329157212,1.2012065818681896,-1.4406089912675633,32.73071726645935,0.5028361592090703,0.017861227178909443,1
2023-08-02,34.08565237736784,1.1817405690471254,-1.0872373563115914,0.541914517661235,-0.9491996645249056,3.167708746381008,-2.8549268122528675,33.09683816647705,0.5451536916542444,0.016685474094327038,1
2023-08-03,33.96450820530016,1.3380434647804424,-0.9601760152293528,0.6461908029331962,-1.03823061238566,2.807829621841644,-2.793657261940268,34.08565237736784,0.5199862101800824,0.019733429118173662,1
2023-08-04,33.88879449180683,1.3052694402035243,-1.075471675530132,0.6215316483612892,-0.9975929746225178,2.6801694366913864,-2.5339058751035424,33.96450820530016,0.5385253113433569,0.019817785017064313,1
2023-08-07,33.569662070917545,1.2822130192464325,-1.0298699081739102,0.5902864649355504,-0.9281257190462364,2.159735066257316,-2.0742389232191445,33.88879449180683,0.3557818757587779,0.019817785017064313,1
2023-08-08,33.84959559056625,1.4020730685896154,-0.8668833718041022,0.769421531240214,-1.0354998134122706,2.3981595746129645,-2.667270989226415,33.569662070917545,0.1711120705375989,0.020401893319987662,1
2023-08-09,34.326307966867944,1.4595706939823965,-0.935428870608892,0.8894157781434622,-1.0597212376766103,2.2446742638708783,-2.598510627711228,33.84959559056625,0.2432011995464486,0.0204229105461721,1
2023-08-10,34.03626794475061,1.4956736769040724,-1.0183776505949171,0.9373294811993508,-1.146447040459087,2.3401969086027528,-2.608375375652172,34.326307966867944,0.2474970558889725,0.020052344617927976,1
2023-08-11,33.83541413015339,1.533593354308243,-1.0977060876752711,0.9899176872070096,-1.146027874428354,2.3293099465440004,-2.609087025955633,34.03626794475061,0.2503569919381909,0.02005234461792798,1
2023-08-14,33.63845245961623,1.5881901249060846,-1.0830137395144228,1.0335611077171285,-1.1229352181616692,2.278878640803953,-2.6946809157510723,33.83541413015339,0.2317345274248783,0.020961409969913143,1
2023-08-15,34.27521989896342,1.8092713201966169,-1.2926958583463173,1.0476062593020536,-1.196712714981067,1.839390949574688,-2.206859955745976,33.63845245961623,0.2603265948852692,0.02092682007642778,1
2023-08-16,34.618991172486524,2.003098195963755,-1.537214954702522,1.1566530495385994,-1.2569261815717132,1.6734372594832476,-2.0390473687113606,34.27521989896342,0.3421454330879075,0.019718067896187224,1
2023-08-17,34.02605786979079,1.8653735313850528,-1.686338474740038,1.1232014665422678,-1.3331446808201672,1.6028557686980345,-1.5719476110651494,34.618991172486524,0.3424358760786238,0.019732591647199677,1
2023-08-18,33.2478176781402,1.7304983986794316,-1.3622820722953657,0.9484856932207162,-1.2836845278302524,1.645192607170313,-1.678210098944847,34.02605786979079,0.4792879136101288,0.018772170582961503,1
2023-08-21,32.076488798527784,1.5373911263105209,-1.534786593982553,0.7846378654842905,-1.7732382661156083,2.470642964302405,-1.484647095999057,33.2478176781402,0.9065258486997604,0.018772170582961503,1
2023-08-22,31.8178424621857,1.5769430357491778,-1.336051948655483,0.8298822213914523,-1.8734579024269296,2.160406911074612,-1.3577223171328234,32.076488798527784,1.0827533441650417,0.012182534635147116,0
2023-08-25,32.056906220552165,1.5517674138334383,-1.4007214946435869,0.8348489218820099,-1.9373568236536909,2.4363815246600105,-1.4849195420781869,31.8178424621857,0.8513470340842667,0.012644344085111479,0
2023-08-30,31.89347259411028,1.6404346930588485,-1.3914523015033506,0.9138937449762832,-1.944448940955024,2.1054911393103257,-1.3239183348870842,32.056906220552165,0.5238213226784003,0.012514835726060583,0
2023-08-31,32.01544550913019,2.003622267652723,-1.3303817955956472,1.111020829885904,-2.106988973956488,1.7162398211789534,-1.3935121491654376,31.89347259411028,0.0999455678530355,0.01145944165031039,0
2023-09-01,32.75466147705255,2.180130108228761,-1.4660556907085844,1.1796373267701696,-2.346446102417691,2.070417533178844,-1.6176831750515022,32.01544550913019,0.3345327546497388,0.011468873480487307,0
2023-09-06,33.099062968373275,2.0192647481000776,-1.4018087051250925,1.025699008822338,-2.36902463778414,2.4544041659687705,-1.728534579981948,32.75466147705255,0.4754212402864296,0.006528836720817925,0
2023-09-07,32.90262219922908,1.939149642662324,-1.3984234513397915,0.9826285364528448,-2.390371836059205,2.645692193238081,-1.7786750849542394,33.099062968373275,0.4864236023507174,0.009324677017203574,0
2023-09-08,33.220763534083275,1.907969858634172,-1.4200441122804497,0.8483033983531652,-2.4472561122509657,3.19681591905299,-2.085788951508908,32.90262219922908,0.4229851471836809,0.006498417340890365,0
2023-09-11,31.937862960340848,1.4932983406787717,-1.3769902977588249,0.7879245929457284,-2.395392393902124,3.632442970782949,-2.1412832127464982,33.220763534083275,0.4518632248455856,0.006442310821231406,0
2023-09-12,33.14982829396724,1.6175692248655589,-1.3328485387619922,0.952572930887916,-2.4162349371990537,3.346435333837896,-2.1674940136303187,31.937862960340848,0.47401153538519,0.0073081057353499585,0
2023-09-13,33.093732036890835,1.4214283628868198,-1.4011782703193592,0.7828924503732964,-2.3968840355180507,3.598490338235605,-2.004748845658313,33.14982829396724,0.473482878045444,0.006425026441457808,0
2023-09-14,33.931442632616616,1.2167802525820957,-1.472381171172295,0.6627730279227606,-2.4847023438217817,4.227062326099614,-2.149532091610394,33.093732036890835,0.6408477972543077,0.006404009215273371,0
2023-09-15,33.76084007405303,0.6079938347337137,-1.6458036715467623,0.0650909282857163,0.0140685864886562,3.855232648492483,-2.8965823264538004,33.931442632616616,0.7004512638900572,0.006404009215273371,0
2023-09-18,32.64535918915899,0.2923168477231286,-1.403061589878392,-0.1768799531438318,-0.954946601033472,3.881732516439389,-1.6391612201068289,33.76084007405303,0.4697716928318522,0.007083117942814374,0
2023-09-19,32.585238424651045,0.4693854044392225,-1.466109467561416,-0.1426282287620033,-0.8964578690843754,3.487447808329958,-1.4516376473613837,32.64535918915899,0.5561197394352032,0.0064393932974601414,0
2023-09-20,31.39019263331072,0.0671279359473189,-1.093809102656799,-0.6455932156537223,0.0265527828106439,3.280822232182244,-1.6351006326296864,32.585238424651045,0.9210175101183944,0.006966762047353764,0
2023-09-21,30.69442002826032,-1.047172285518729,-1.1955263383187231,-0.5911253762833883,1.8121566432147835,2.9910589868000432,-1.9693916298939889,31.39019263331072,1.068117735016331,0.006417741236659224,0
2023-09-22,31.08657474076736,-0.9336238039894608,-1.2635644534966517,-0.52693540232411,2.0906987567881377,2.814345980239138,-2.180921077217057,30.69442002826032,0.7948438917267822,0.007731440271004024,0
2023-09-25,30.965673970242904,-0.9024154031023492,-1.290445358446144,-0.5022340935759235,2.2679858170504845,2.7913999063180306,-2.364290868244096,31.08657474076736,0.6594176511041452,0.007833679912329522,0
2023-09-26,30.73437522182948,-1.1156982874332773,-1.3583862649504497,-0.6229706668931936,2.619035473242974,2.9033328744328744,-2.4253131283989267,30.965673970242904,0.2535915582696382,0.007833679912329522,0
2023-09-27,33.2461111520054,-0.1219238326123282,-2.765196434659665,0.6510968198753702,2.3274558399954364,1.937068520535776,-2.028500913134584,30.73437522182948,0.9613544043878804,0.007833679912329522,0
2023-09-28,34.533632044666895,0.5737104591921849,-3.2880630954497114,1.0987518671206598,2.109723665188608,1.6853741825548294,-2.1794970786065724,33.2461111520054,1.5108879584530048,0.007371870462365159,0
2023-09-29,33.75657705547556,0.4932197414215551,-3.318268598045446,0.7497885070547596,1.7045200475057536,1.3659529446873986,-0.995212642624018,34.533632044666895,1.5254157644257222,0.007406000412942391,0
2023-10-02,36.05998084447169,-0.2059033037855098,-3.663120281882008,1.4219590448136312,2.8455684018207235,0.9701899472946494,-1.3686938082614788,33.75657705547556,1.7471613688941303,0.0074060004129423915,0
2023-10-03,36.53083802088889,-0.1128616691520196,-4.069460600195792,-0.1932517918813392,6.328546255620519,0.3613117399944707,-2.3142839343858324,36.05998084447169,1.2770570067667224,0.00739542045039271,0
2023-10-04,40.05142535421432,0.7906052974393276,-4.055133482905859,-0.5594207627930228,6.473070500130558,0.0771409351892344,-2.726262487060235,36.53083802088889,2.177554672409011,0.008909774090515491,0
2023-10-05,40.58756124807713,0.772809793498137,-4.159788248515047,-0.4946373778650219,6.956512971236995,0.3612648765335731,-3.436162014888632,40.05142535421432,2.569676659343782,0.00796247868261911,0
2023-10-06,40.781278791389774,0.5650943998920752,-2.7202605495011465,-0.2364193112667489,6.410193809059053,-0.6147987019832644,-3.403809646199964,40.58756124807713,2.0660920971706624,0.01512161830690604,1
2023-10-11,42.04284411984021,1.1212377637974829,-2.580853679487291,1.706840981589993,5.016751535107283,-1.0607249961328908,-4.2032516048745725,40.781278791389774,1.852919801069813,0.015139656466494705,1
2023-10-12,42.30570138310416,1.2117092797701048,-2.5608195489435785,1.4787838958312405,5.392363926428514,-1.192209362271376,-4.329828190814904,42.04284411984021,0.870850672731503,0.014273861552376154,1
2023-10-13,41.30086463483253,2.016954216296174,-2.82887976903005,1.83908855449506,3.968577177193256,-1.9247119771667376,-3.07102820178771,42.30570138310416,0.6761918994213515,0.014273861552376154,1
2023-10-16,41.84584160181242,2.2208100994021827,-3.2287766710145105,2.7904250933195005,3.4421380634952445,-2.1918138906114937,-3.032782694590922,41.30086463483253,0.5475501816245895,0.014273861552376154,1
2023-10-17,41.24246680521157,2.1780008254999146,-3.3074109208720284,2.338597732044235,3.5657486274578423,-1.6351833751780211,-3.139752888951941,41.84584160181242,0.4154587035018457,0.01535355416009205,1
2023-10-18,40.87331420031924,2.630059433868814,-2.1464810968226216,1.459460246228346,2.6908146630691965,-2.4461003860904715,-2.1877528602532648,41.24246680521157,0.5032980282414723,0.016438975223152026,1
2023-10-19,40.30924162126468,2.452443231837284,-2.30738270267024,1.3273367406432095,2.6283444045804805,-1.8634019016930925,-2.2373397726976414,40.87331420031924,0.5084445587193878,0.016173634516521096,1
2023-10-20,41.00420368401029,2.313345691212799,-2.216320404816756,0.5182831324186132,2.43389608635116,-2.0577059289732715,-0.99149857619254,40.30924162126468,0.5004637441954884,0.015646265766627473,1
2023-10-23,40.321371017459846,2.128170548459348,-2.179117736863069,0.4088914492323194,2.4461289132077386,-2.1119007520919664,-0.6921724219443659,41.00420368401029,0.3742566341270683,0.01905389707724452,1
2023-10-24,40.82343294166055,1.9103923749499088,-2.067810678453082,0.767629162799599,2.018472703894547,-2.229633384212012,-0.3990501789789542,40.321371017459846,0.2926401299118369,0.0176687827380927,1
2023-10-25,40.55068130400096,1.8860638971724804,-2.3619031550714014,1.140649798687221,1.6831691809661615,-1.882212105061028,-0.4657676166934354,40.82343294166055,0.274915923536374,0.0175665430967672,1
2023-10-26,39.804439678368375,1.7678236745069515,-2.3806287935510686,1.114762493796178,1.806326949847211,-1.8776802312566288,-0.4306040933426418,40.55068130400096,0.4188335904914344,0.017566543096767195,1
2023-10-27,36.94947266195813,1.8815607044904643,-1.156150612195367,1.3061428583072416,1.490239972298986,-2.1114399436701143,-1.4103529792312202,39.804439678368375,1.4105075937371874,0.022963572029412384,1
2023-10-30,35.97759357985951,1.4827760715045546,-1.0122485313516432,0.3375181604767423,1.3438034065335165,-1.772934888584421,-0.3789142185787506,36.94947266195813,1.9776887151653133,0.025296218447121054,1
2023-10-31,35.032047043167275,1.425448468996258,-0.9562127820986176,0.0615519931493793,1.351439198439639,-1.3725335289132148,-0.5096933495734364,35.97759357985951,2.153884705203552,0.02522696444595426,1
2023-11-01,34.0288775988755,1.3830932841076766,-0.9936564907911908,-0.1252785787236785,1.4488147766011634,-1.197738663770037,-0.5152343274239288,35.032047043167275,1.9776479278469328,0.02522696444595426,1
2023-11-02,32.69194169139129,1.3369622594165556,-0.8321235845710371,-0.4965320816769196,1.4639403432092948,-1.1471045906324375,-0.3251423457454585,34.0288775988755,1.4837036848849414,0.025226964445954257,1
2023-11-03,31.740595362786312,1.241038535619932,-0.7405577972813286,-0.4138961227908115,1.4440184872846924,-1.077748581142636,-0.4528545216898494,32.69194169139129,1.532109704382645,0.023691454970387004,1
2023-11-06,31.96881098741174,1.225369210893028,-0.866507620547663,-0.2353303546114151,1.2934334160500374,-1.2087872700596969,-0.2081773817242953,31.740595362786312,1.256138195719327,0.022636703314440915,1
2023-11-07,35.57655309821901,2.107632055911276,-0.1002931620977491,0.7830863541884714,0.1203745293961429,-1.9226530573707363,-0.9881467200274016,31.96881098741174,1.431002797837622,0.015255868342620573,1
2023-11-08,34.082364140198344,1.795364997025464,0.3503622640287287,0.55144316754191,0.0417722977316161,-1.765675230716912,-0.9732674956108078,35.57655309821901,1.4373347730122326,0.01526888656297339,1
2023-11-09,35.26402772534971,2.089174741770228,0.5588771836334328,0.5124769931830055,0.5900664086512695,-1.8720986599487528,-1.8784966672891923,34.082364140198344,1.609137355689995,0.01591243331592783,1
2023-11-14,36.49047584685629,2.2737046948076465,0.7668399783037163,0.6164513133472518,0.3335032527925801,-1.916130744497456,-2.0743684947537457,35.26402772534971,1.557585951082761,0.01591243331592783,1
2023-11-15,36.30275402712737,2.3305456239173186,0.4767331944036685,0.5292341096616742,0.4936901822277058,-1.3729036364099667,-2.457299473800401,36.49047584685629,0.8587601343128276,0.016174348068332282,1
2023-11-16,36.27632864678311,2.4354987375039574,0.3597798722328131,0.9620395107720388,0.3418843311337429,-1.3875350366833354,-2.7116674149592184,36.30275402712737,0.908374803971513,0.015094655460616386,1
2023-11-17,35.004944402303536,2.244423875409188,0.2946638227354969,0.7856128224734817,0.1774922552929529,-0.927806272664361,-2.5743865032467594,36.27632864678311,0.6087473317015297,0.013330125670015408,0
2023-11-20,33.912617424826685,1.8937987808783951,0.3693762310583586,0.8045653898202865,0.3936097110074188,-0.6981315231969691,-2.7632185895675025,35.004944402303536,0.9945399777985426,0.013955910623824796,0
2023-11-21,34.38458445780337,1.9885460476558323,0.3345120112126918,0.5901729834557194,0.6541131602820913,-0.541614228318221,-3.0257299742881045,33.912617424826685,0.9728341663095044,0.014203001081310443,0
2023-11-22,33.88751942277472,2.020702206472418,0.2490466185276041,0.827107425656255,0.6749947604910833,-0.684750724726918,-3.087100286420452,34.38458445780337,0.8896240539343363,0.010795369770693397,0
2023-11-27,33.96470162024887,1.7957799209929384,-0.0931250449019778,0.6291956009680018,0.3780649973621743,0.1878540628509002,-2.897769537272029,33.88751942277472,0.4272795903486336,0.010903722463750229,0
2023-11-28,33.785201653337246,1.7516475876035162,-0.6554601525175787,1.0388592007690818,0.2126759977663308,-0.0308870166832639,-2.3168356169380786,33.96470162024887,0.2072304591930258,0.010910696933830658,0
2023-11-29,33.58702446908873,1.7842151016543362,-0.6911456022883105,1.1213460264747717,0.2245186105493886,-0.0143658545397238,-2.4245682818504646,33.785201653337246,0.2637873861978342,0.01091069693383066,0
2023-11-30,33.32107553261476,1.8901478759927457,-0.7961533409173343,1.126730588233407,0.2736895013002147,0.1509999070611316,-2.64541453167016,33.58702446908873,0.2316991854840079,0.005513668001185472,0
2023-12-01,33.21079904529356,1.640164467328276,-0.9857492800601816,0.9395552451713822,-0.1800232196254887,0.2572043089720328,-1.6711515217860278,33.32107553261476,0.2804670975516354,0.0031810215834768008,0
2023-12-04,32.9698753904735,1.628387400868192,-0.951835580351248,0.9366736841776272,-0.1532164481469848,0.1549889268782969,-1.6149979834258832,33.21079904529356,0.2853823096010813,0.007022591415128995,0
2023-12-05,32.97179537663296,1.556643945877008,-0.8685359824468257,0.9308024343232706,-0.241071240614481,0.103680426358218,-1.4815195834971853,32.9698753904735,0.2318899692562037,0.007022591415128995,0
2023-12-06,31.43159248495827,1.5686614117883426,-0.9157504314767084,0.9250240304445364,-0.0747033616931664,0.1994787886429556,-1.7027104377059603,32.97179537663296,0.6883874239096347,0.007022591415128995,0
2023-12-07,31.02202035955344,1.431423654407448,-0.4716387864397062,0.8499116051281597,-0.1263930440375045,0.0608706543210193,-1.7441740833794166,31.43159248495827,0.9071614889632196,0.006830130194764685,0
2023-12-08,31.12940696952049,1.5804017505631285,-0.5896163962695322,0.961688978832516,-0.1075505763654449,-0.0104923472323252,-1.8344314095283405,31.02202035955344,0.8806048175385066,0.005794539670616557,0
2023-12-11,30.606905739549536,1.500653018542755,-0.6112797975088735,0.914170049423202,-0.1100566702114971,0.1787042401622862,-1.8721908404078595,31.12940696952049,0.8138053528884085,0.005794539670616557,0
2023-12-12,32.88835619133207,1.3864702754763505,-0.7872597260413949,0.3362033418485133,1.3127309688347193,-0.100647634281803,-2.1474972258363785,30.606905739549536,0.7823125122043537,0.020342552857509938,1
2023-12-13,33.145067751153626,0.9970828399705028,-0.9099699718416844,-0.1222067754421463,0.7061552107252504,-0.1379437544090049,-0.5331175490029185,32.88835619133207,1.045320493792575,0.02058227849207435,1
2023-12-14,37.186471302700575,1.384705710058423,-2.1026953070251464,0.6387737776585318,0.6974108265907404,-0.35889793702145,-0.259297070261101,33.145067751153626,2.3145490203146384,0.0212102392689701,1
2023-12-15,37.19872465845155,1.4493915590673812,-2.061260409282162,0.593592903162147,0.6894707839748806,-0.3431754670703797,-0.328019369851865,37.186471302700575,2.594411224240329,0.03315508310046677,1
2023-12-18,35.9314326375195,1.3912259446906423,-1.444286665111684,0.6166689830354652,0.4351607776931878,-0.3079714544121739,-0.690797585895436,37.19872465845155,1.8983096949218063,0.03329977433936578,1
2023-12-19,35.81603715345376,1.480980593877664,-1.6432763521296505,0.6798474327067048,0.5612385482065925,-0.5019164323002459,-0.5768737903610655,35.9314326375195,1.478479160357983,0.03329977433936578,1
2023-12-20,35.117924862968096,1.379836649626725,-1.883527660072698,0.5230094822150093,0.5988268774116081,-0.5630452371867192,-0.0551001119939238,35.81603715345376,0.8183471074154863,0.0326757025196619,1
2023-12-21,34.78491655097068,1.335277177515259,-1.808611312758207,0.5158111059350325,0.4517363799434308,-0.5524185394467269,0.0582051888112111,35.117924862968096,0.8324692505548146,0.032428612062176246,1
2023-12-22,33.94997433529745,1.111536425641436,-1.708798109127067,0.4566332865669871,0.6387753678141257,-0.547841524656965,0.0496945537614847,34.78491655097068,0.7244495714654084,0.03253596349690172,1
2023-12-28,33.89515913043124,1.1592054405752794,-1.6605970499062666,0.5734072054558297,0.5110653148169657,-0.5568092496252786,-0.0262716613165285,33.94997433529745,0.7262091647132402,0.03265475875594793,1
2023-12-29,34.14694330179971,1.2398704512490824,-1.721588975159553,0.6383367874556463,0.496800754658107,-0.5797977935700174,-0.0736212246332597,33.89515913043124,0.4863730085731017,0.036015353640007644,1
2024-01-03,33.263656368630244,1.1756644994889598,-1.7009240273539354,0.5660908180525848,0.5646996976195222,-0.5537106472369546,-0.0518203405701767,34.14694330179971,0.4884776279496944,0.03757099309015677,1
2024-01-04,33.08546666509667,1.1484390358629213,-1.4765461358091263,0.6263142305662086,0.180661210418406,-0.5189074669053881,0.0400391258669783,33.263656368630244,0.4155324423531666,0.03757099309015677,1
2024-01-05,30.479329716350858,0.7263788842845251,-1.322573292966824,0.8819538203656201,0.3313190129075973,-0.5320740051062791,-0.0850044194846448,33.08546666509667,1.3072134886546858,0.03757099309015677,1
2024-01-08,30.3307814569196,0.7280354011191452,-1.249442159542084,0.7761630021678965,0.0310872984985994,-0.1726496811423303,-0.1131938611012333,30.479329716350858,1.558328563518957,0.03425385416657184,1
2024-01-09,30.57696387103016,0.8900362407304474,-0.9462853012016312,1.356248759356717,-0.1452646958294559,-0.788561877036549,-0.3661731260195218,30.3307814569196,1.332206136535774,0.03581249499127842,1
2024-01-10,30.4578037405784,0.882596068071507,-0.884799142846223,1.42717356547511,-0.2081456403318471,-0.8091834035577177,-0.4076414468108322,30.57696387103016,1.0526241696617564,0.036098636852937745,1
2024-01-11,29.021123396703544,0.8469863823111332,-0.9884541814540868,1.1649193447370187,-0.2738774316804711,-0.7828845968998372,0.0333104829862413,30.4578037405784,0.5813522806967372,0.036098636852937745,1
2024-01-12,54.20582097521662,-1.9613741561596028,32.06912572540881,-4.025301822539311,-6.417713883670242,-9.053488757663906,-10.611247105375757,29.021123396703544,9.65995558696438,0.036098636852937745,1
2024-01-17,50.32340121944524,-1.3829448205419652,27.562937844123628,-2.948963580350737,-5.505450459490255,-7.624390528886404,-10.101188454854258,54.20582097521662,10.980861654025414,0.03648098703309716,1
2024-01-18,48.82347429299062,-1.709763478698302,24.272080912134843,-3.1385097976393563,-5.612060414853137,-4.649279368076405,-9.162467852867632,50.32340121944524,10.629118391192687,0.023870839253536693,1
2024-01-19,45.95098963461106,-0.7122832630550295,18.97014486277547,-3.02329865037518,-5.178680013025601,-5.590859101816013,-4.46502383450364,48.82347429299062,8.737536302197837,0.02298756686601784,1
2024-01-22,38.69240018013224,-1.3690956098227058,13.858527793815938,-3.433785768592748,-3.6464900495059833,-3.8815663373495792,-1.5275900285449224,45.95098963461106,5.18874244835811,0.023007994822776198,1
2024-01-23,37.27384277429312,0.0586020441924013,10.143553118758216,-0.453285131381671,-3.340601064746401,-5.017360650367927,-1.390908316454616,38.69240018013224,5.2960930779972735,0.010801236238875075,0
2024-01-24,36.59462266335428,0.0578970867742292,9.35241881464837,-0.3851677829149533,-3.3252734661058447,-4.161627552563097,-1.5382470998386983,37.27384277429312,4.964774106353306,0.011485866124623566,0
2024-01-25,37.48721381546852,-0.1780039968299789,8.85021975708174,-1.416740007438423,-2.1966310268106963,-3.288286392089544,-1.7705583339130953,36.59462266335428,3.442825226142113,0.011485866124623566,0
2024-01-26,37.07435062737344,0.1042046562484131,8.410241776752054,-1.2143270870441834,-1.9198103275929883,-3.508132114836664,-1.872176903526634,37.48721381546852,0.6993571998827118,0.011759920821025997,0
2024-01-29,36.81680298628013,0.0988957318594003,8.170024979977013,-1.4716380436974648,-1.9335518795999191,-3.62607885595792,-1.2376519325811022,37.07435062737344,0.3173647179147191,0.011759920821025997,0
2024-01-30,36.43799129148174,0.2208884225647978,8.09797044122247,-1.3839335228455685,-2.025805919874246,-3.573927309354931,-1.3351921117125205,36.81680298628013,0.3707458566505885,0.011652569386300531,0
2024-01-31,34.78661253878116,0.183080017572335,7.556102549524541,-0.7463479583465817,-2.1974714984085506,-3.5660971933450947,-1.2292659169966451,36.43799129148174,0.9319071787334124,0.011452565965621511,0
2024-02-01,34.350759353357375,0.233436995476536,7.617318880010275,-0.9037512945973676,-1.9746384683850888,-3.751783085049746,-1.2205830274546134,34.78661253878116,1.108928828772191,0.008688531597945892,0
2024-02-02,34.63429627418427,0.2782211714435743,7.710870079516379,-1.0433278637559391,-1.8978272825116789,-3.765841152909666,-1.2820949517826712,34.350759353357375,1.0146988596435549,0.007147805019822365,0
2024-02-05,34.438609927073664,0.2848663251508636,7.676958781411873,-1.0830690816622566,-1.821239986866905,-3.804697449045761,-1.2528185889878083,34.63429627418427,0.7692882066127759,0.007147805019822365,0
2024-02-06,34.40439934289936,0.2602958113460207,7.517481465619694,-0.9844645356496722,-1.8187724884134773,-3.8172388973289686,-1.1573013555735938,34.438609927073664,0.1629313051983332,0.007147805019822365,0
2024-02-07,34.43018969395367,0.2275624947520285,7.560825920800978,-0.9958139519565083,-1.7939915459614748,-3.8270024566061474,-1.1715804610288798,34.40439934289936,0.096334621898525,0.008187294076425591,0
2024-02-08,33.648499945311535,-0.0693225011346925,7.600508752355177,-0.6781570195812323,-1.89953461044346,-3.874680997701089,-1.0788136234946992,34.43018969395367,0.341362130052712,0.008953295747515196,0
2024-02-09,33.55458599518566,-0.0637415322628474,7.378627581148862,-0.6664342374704981,-1.971554524058176,-3.714433350489769,-0.9624639368675688,33.648499945311535,0.4043654613197168,0.008779922211079602,0
2024-02-12,33.07745940973311,-0.068068673032096,7.433228096462264,-0.6983950196167061,-1.9154305514604024,-3.765632723765617,-0.9857011285874367,33.55458599518566,0.5225000737905557,0.008779922211079602,0
2024-02-13,32.79828122532982,-0.1390734431324602,7.25640259176253,-0.7863485959613854,-1.9651597261473177,-3.577273476609152,-0.7885473499122111,33.07745940973311,0.5587876630506222,0.008779922211079602,0
2024-02-14,33.293484428298456,0.0909205583374195,7.086992339859691,-1.0424853586128844,-1.6896566547935865,-3.700290757056079,-0.74548012773456,32.79828122532982,0.3112214133779367,0.008591488425216688,0
2024-02-15,32.69832886195599,0.125722408435843,6.291061123220086,-1.0228269509667989,-1.6833336159167671,-3.0885347955378046,-0.6220881692345674,33.293484428298456,0.3148822678240792,0.00659431725871061,0
2024-02-16,32.72852816046473,0.2382481069517084,6.2773215974253525,-0.9308198420936398,-1.7359319508022648,-3.195500402511936,-0.6533175089692254,32.69832886195599,0.230172123753459,0.00659431725871061,0
2024-02-21,32.54487404308007,0.1984888995370646,6.257786249004555,-0.8966836106453426,-1.802753741537548,-3.0698947548411613,-0.6869430415175701,32.72852816046473,0.2542667758637427,0.005945928525056502,0
2024-02-22,32.644209608759844,0.3097270925142901,6.17170335894612,-0.922991423321366,-1.7925593622872658,-2.934021509476516,-0.8318581563752572,32.54487404308007,0.2633215762583195,0.005945928525056502,0
2024-02-23,32.86016222169915,0.534462106013855,5.964110613154753,-0.6831201864293899,-1.8512731064146912,-3.199342989654867,-0.7648364366696563,32.644209608759844,0.1034707706044854,0.005116607400408997,0
2024-02-26,32.57566998419505,0.6075332597292533,5.977736526694329,-0.599455905432495,-1.961580342596717,-3.2106215762082484,-0.8136119621861297,32.86016222169915,0.1138460760246655,0.005116607400408997,0
2024-02-27,32.57000345191307,0.4107731527628679,6.10876392573039,-0.6911872582644607,-2.015441751721696,-3.1988036514468283,-0.6141044170602754,32.57566998419505,0.115386981363733,0.004840839569901063,0
2024-02-28,32.11998694213552,0.4338634444228653,6.11806350396809,-0.633204656204418,-2.091925328506372,-3.1250844704493512,-0.7017124932308065,32.57000345191307,0.2412327143581515,0.005342608530895982,0
2024-02-29,31.67524509321476,0.2924503008358439,6.102834742464998,-0.7120595038426139,-1.819918125742352,-3.2399379672938613,-0.6233694464220099,32.11998694213552,0.4164787058730055,0.005342608530895982,0
2024-03-01,32.0300395550211,0.3197479663107234,5.811405716430739,-1.0361125693718192,-1.2568773698131266,-3.3394901857137307,-0.4986735578427805,31.67524509321476,0.3430795848294413,0.0066534089379781634,0
2024-03-04,32.264811032119546,0.3181864859055316,6.258006825978248,-1.595041723223054,-1.4970417162624452,-3.5651386358562727,0.0810287634579962,32.0300395550211,0.2927972279333912,0.006739067200263973,0
2024-03-05,31.50465130641832,0.4192232527600339,5.897804365862124,-1.4816790534212254,-1.48194776901821,-3.512157260244241,0.1587564640615189,32.264811032119546,0.2840465046137528,0.00672415432823838,0
2024-03-06,31.41234234380377,0.629940793405666,5.913721535028301,-1.0759442284714655,-1.8466834818139763,-3.720044222375057,0.0990096042265316,31.50465130641832,0.3223323826648335,0.007896099669527767,0
2024-03-11,30.207594744002893,0.581335765708876,5.170157337212453,-1.1404381254879885,-1.886660400976638,-2.649949766647826,-0.0744448098088788,31.41234234380377,0.7131054163671088,0.008170215199207445,0
2024-03-12,29.75067291054428,0.6098010518177315,4.908041586511866,-1.062902252404644,-1.7105818051151656,-2.57211644124368,-0.1722421395661091,30.207594744002893,0.9175234395695916,0.00681677587713923,0
2024-03-13,28.785128487541925,0.1453607106320733,5.446149179588204,-1.0794469012173655,-1.7462118780548148,-2.6750110736534256,-0.0908400372946682,29.75067291054428,1.0284434806616307,0.004492133381343048,0
2024-03-14,28.88126228747228,0.1986346982246898,5.337629110531655,-1.1761867767103285,-1.747026227857424,-2.816966082374367,0.2039152781857771,28.785128487541925,0.963533479489373,0.004395158830678594,0
2024-03-15,28.90193442260789,0.3107435781933549,5.22160241985587,-1.3932428967878945,-0.9646907382725772,-2.965131849632498,-0.2092805133562656,28.88126228747228,0.5701899693639022,0.006112424042154818,0
2024-03-18,29.303080364367208,0.6027812063497908,5.270411757418088,-1.4904220748276336,-1.179238277797653,-2.978319645350771,-0.2252129657918213,28.90193442260789,0.3599601281804365,0.006112424042154818,0
2024-03-19,29.12948125146277,0.5747511863375143,5.260277797626683,-1.568184734270674,-0.981317961349196,-3.1255302388288664,-0.1599960495154633,29.303080364367208,0.1889487830942357,0.006642052585771795,0
2024-03-20,29.05466521638802,0.1645646384539958,5.314494168134247,-1.600980726645674,-0.7725358349807827,-3.1840237585615645,0.078481513599776,29.12948125146277,0.1553712399529134,0.010406974773856482,0
2024-03-25,29.155428413685325,0.0938920148131092,5.284905895530487,-1.5282302131959122,-0.7918880194535483,-3.249389659769072,0.1907099820749398,29.05466521638802,0.1312026337105878,0.010406974773856482,0
2024-03-26,28.88678221452272,0.1031778761962218,5.165955650240443,-1.4719141734284389,-0.6795695134250157,-3.267823212941935,0.1501733733587271,29.155428413685325,0.1360344378835434,0.01296248841648689,0
2024-03-27,29.09696580058183,-0.2214600282156453,4.753761070041898,-1.5278740475831043,-0.4119428681905028,-3.408808618782876,0.8163244927302287,28.88678221452272,0.0951049593564935,0.014611361340316074,1
2024-03-28,29.19811490173808,-0.161852689230578,4.828395314973697,-1.5831609885997793,-0.4551638397595354,-3.481626061303565,0.8534082639197671,29.09696580058183,0.1076015227082748,0.014611361340316074,1
2024-04-03,29.049662199253607,-0.2337213966003206,4.83501585431072,-0.9041791638717812,-0.5618212994551586,-3.799716820119001,0.6644228257355331,29.19811490173808,0.1078404995255764,0.014611361340316074,1
2024-04-08,28.873679030566084,-0.2553737474951854,4.846658644140071,-0.908670132847158,-0.5982209450148415,-3.730605362963757,0.6462115441808784,29.049662199253607,0.1246434006072321,0.014611361340316074,1
2024-04-09,28.51965008790363,-0.1526931154444595,4.935984092976772,-1.0229617231120365,-0.3069102542259205,-3.87002294168204,0.4166039414876938,28.873679030566084,0.2383652604031817,0.014109592379321158,0
2024-04-10,28.766570287413288,0.1430450069830495,4.304691696720786,-0.9763566044276653,-0.2510839771929225,-3.522391568401193,0.3020954463179439,28.51965008790363,0.2335503715717002,0.014109592379321158,0
2024-04-11,29.479065516018554,0.264481460817958,4.64624911533177,-1.048996597167582,-0.3430259035462972,-3.814948709622712,0.2962406341868691,28.766570287413288,0.3205501348680029,0.012771647440814953,0
2024-04-12,29.94482504624124,-0.1355284674894274,4.875888841375554,-1.7249379546222166,-0.3154898303615163,-3.499889679830435,0.7999570909280405,29.479065516018554,0.5206185642761573,0.012082458817382638,0
2024-04-15,29.410064985281466,0.0915819845440388,4.882502510528232,-1.7454742933218457,-0.0079660855064815,-3.4605996222542874,0.2399555060103513,29.94482504624124,0.5147073106010185,0.013119058475372324,0
2024-04-16,28.623347355484544,0.1772299988618932,4.464803666970721,-1.556336281060446,-0.1661430104457442,-3.259202338248735,0.3396479639223073,29.410064985281466,0.4872648062143005,0.015248365868399928,1
2024-04-17,29.962649648407467,0.4305481783756617,4.701377074024156,-2.206906315322896,-0.1132959884075077,-3.1544088471805085,0.3426858985110965,28.623347355484544,0.4873764292112589,0.014974250338720248,1
2024-04-23,27.25901947126493,0.2605660725726046,4.025131203480852,-1.6031717015248104,-0.578218797621862,-2.738899202283285,0.6345924253765012,29.962649648407467,1.015128553386706,0.01476376969611796,1
2024-04-24,26.984223250152084,0.3214560618094548,3.806766650504808,-1.4013471754564517,-0.421956243225468,-2.7079192090681694,0.4029999154358366,27.25901947126493,1.16677300815679,0.016223226714794363,1
2024-04-25,26.5654410473872,0.4395763491832563,3.705676147201516,-1.6605777300086304,0.0055868802856835,-2.92500674978798,0.4347451031261513,26.984223250152084,1.2494868732889024,0.016207432940235092,1
2024-04-26,26.48672408446318,0.3711373058815477,3.4491145626652857,-1.67172341519871,0.1797091804402493,-2.782765358667333,0.4545277248789559,26.5654410473872,1.2866360669688035,0.017333072347038837,1
2024-04-29,26.907213332777044,0.5258905884921203,2.251225249547736,-1.3163030310112207,0.0089600928232478,-1.7273048931588666,0.2575319933069919,26.48672408446318,0.2832244382516449,0.017333072347038837,1
2024-04-30,26.105832204378213,0.7558268159210071,1.961533750400304,-1.3239322139586005,0.0606589051604382,-1.6190460877661792,0.1649588302430338,26.907213332777044,0.3161475477652675,0.016613729512506475,1
2024-05-01,28.10367893527892,0.1479777565840585,1.409327865272603,0.4193865507914012,-1.019128374084092,-1.2794353145491302,0.3218715159851617,26.105832204378213,0.684163336536823,0.01284880732442179,0
2024-05-08,27.970711021448096,-0.0128349965943037,1.3918511678997194,0.4871865471309551,-1.3679404691088308,-0.6432582512069649,0.1449960018794271,28.10367893527892,0.795745287496338,0.012848807324421788,0
2024-05-09,27.584035361975328,0.0543687771040026,1.2073329523075789,0.5485511349360568,-1.296538421543147,-0.5438165291740091,0.0301020863695249,27.970711021448096,0.7417367230110276,0.011332435988286267,0
2024-05-10,27.822057964146563,-0.4403814202499765,1.2081730514455953,-0.0606775271769537,-1.5838278850438403,0.3382666658436819,0.5384471151814989,27.584035361975328,0.7264976485330649,0.009683563064457083,0
2024-05-13,27.87775746874389,-0.5969763143747056,1.1786167329351152,-0.2661454726011776,-1.6501162776943286,0.6272127856302125,0.707408546104878,27.822057964146563,0.1725510729926123,0.014888674826805424,1
2024-05-14,30.369880354129005,-0.3057149567621362,0.4075325092344348,1.0536174372824352,-0.970213480847704,-0.241410356603779,0.0561888476967586,27.87775746874389,1.0304427639399942,0.01753813994210514,1
2024-05-15,29.938581678711216,-0.3172664435616426,0.1966798434617978,1.269999382252462,-0.961830246364519,-0.2661349484754938,0.0785524126874013,30.369880354129005,1.1843245089209586,0.017621259668171532,1
2024-05-20,30.76014554299596,-0.3460583684927485,0.126815558781856,1.3595922154713094,-0.8976323393812029,-0.2116226203895146,-0.0310944459896971,29.938581678711216,1.2551598970646285,0.017671486369825358,1
2024-05-21,31.42380275264333,-0.2590859025757446,0.3488490319463118,1.4121128857781482,-1.207111810513843,-0.1011786179371307,-0.1935855866977309,30.76014554299596,1.201842563182007,0.017671486369825358,1
2024-05-22,33.40862497676106,-0.3670443281468127,0.13302329376164,1.6947056673930143,-1.4319629678464183,0.286079273610504,-0.3148009387719228,31.42380275264333,1.2165442786013476,0.017671486369825355,1
2024-05-23,31.6953199265195,-1.0487390812152355,0.1362625394399295,1.1973686706801852,-0.8813680652419116,0.044546039138634,0.5519298971984075,33.40862497676106,1.1538850713311604,0.017671481744507337,1
2024-05-24,31.95662718714088,-0.0555533559170928,0.4159817295012988,0.8872775502965009,-0.7967334825188663,-0.6595619748586672,0.2085895334968244,31.6953199265195,0.8756743602757676,0.01663488208651765,1
2024-05-29,31.730114193024907,0.0189670718497811,0.5307850310176869,0.8342883253266447,-1.0298704205295426,-0.4599062423732407,0.1057362347086718,31.95662718714088,0.703502093894659,0.013686707119333567,0
2024-06-03,36.318909668317225,0.4295423916320704,1.517594705663941,0.4230291503011631,-1.4194180979425024,-1.2171163164878944,0.2663681668332294,31.730114193024907,1.7653985604989582,0.013686707119333565,0
2024-06-04,36.32129274605456,0.7057952862936343,1.2216943772921538,0.5801139921105865,-1.4678951953043793,-1.2394825485954204,0.1997740882034269,36.318909668317225,2.2191330818599453,0.01483470441794271,1
2024-06-05,36.04505860664872,0.7935773937288566,1.0050790125204143,0.6390841706179042,-1.4966600870311255,-1.1405083439704145,0.1994278541343654,36.32129274605456,2.1517658663581103,0.02630735754536466,1
2024-06-06,36.33437665716684,0.9431817552805964,0.87451812058322,0.7621345323332847,-1.4867373753499642,-1.1332184140383377,0.0401213811911973,36.04505860664872,1.8131669893847997,0.038705360213045686,1
2024-06-07,36.23764891311179,0.8083222491158004,0.576822892329524,0.7505952693204936,-2.0703055709132148,-0.4715298580047422,0.4060950181521381,36.33437665716684,0.1087138661586153,0.038066087352120005,1
2024-06-10,35.23376221335377,1.2376872027711787,0.6835953300095747,0.7808386393615105,-1.973077595750525,-1.0548654370532118,0.3258218606614758,36.23764891311179,0.4134581068728397,0.038066087352120005,1
2024-06-11,34.90952310620695,1.2212215637986077,0.6063412497599305,0.731225170743981,-1.9056278933912447,-0.9678783450816542,0.3147182541703834,35.23376221335377,0.5725798594654996,0.03819495819228864,1
2024-06-12,34.72288681668019,1.2405715105526571,0.5210380502751208,0.5839347566350348,-1.9239626772667224,-0.9728784405899672,0.5512968003938781,34.90952310620695,0.6727550581266107,0.03912377090182981,1
2024-06-17,33.62246770107241,0.8205736841313644,0.0392232949391209,0.2872986743616259,-2.1378809061521435,0.6660371160881318,0.3247481366318956,34.72288681668019,0.8430906302596353,0.03912377090182981,1
2024-06-18,34.068312775445634,0.7814825325896582,0.0332085288986241,0.5182922754910315,-2.1551052704684253,0.6697829219528075,0.152339011536303,33.62246770107241,0.58507482748728,0.03880067523805238,1
2024-06-21,32.46505070848351,0.9570603885708452,0.083269384510495,0.491401699830849,-2.051953479872462,0.2113263906755702,0.3088956162847101,34.068312775445634,0.8768233418796105,0.03880067523805238,1
2024-06-24,32.10849694261075,0.923396212909493,-0.0788154341078763,0.6644923598842674,-2.159897396125793,0.4430819885830983,0.2077422688568084,32.46505070848351,0.9785950139880656,0.03359556347570404,1
2024-06-25,32.26944030881267,0.8705614059773694,-0.1939555145420453,0.7995863046128981,-2.073331437783696,0.3275793053020983,0.2695599364333669,32.10849694261075,0.7873944067743477,0.034963027784270656,1
2024-06-26,31.70018328061425,0.7647238906058682,0.1198926983943562,0.4325259888454358,-2.104073318154284,0.1114874418508775,0.6754432984577452,32.26944030881267,0.8129550882050037,0.03487990805820426,1
2024-07-01,31.47065514558568,0.933295705863685,0.3722031520531188,0.1334699801633068,-2.202931315150491,-0.3219462298378235,1.0859087069082043,31.70018328061425,0.3662511800266119,0.04175010215029881,1
2024-07-02,30.136875646308543,0.8171190005425055,0.4647577128679621,0.043028967213079,-2.254957796529226,-0.1899760378570665,1.1200281537627534,31.47065514558568,0.7555734385376714,0.04531110006926604,1
2024-07-03,30.63612706658036,0.8699569033454537,0.3502931115355641,-0.1664115597598012,-2.405705589307635,0.1140233674223445,1.2378437667640794,30.136875646308543,0.7623946979615026,0.04531110006926603,1
2024-07-08,32.624654726098434,0.2222130215053752,-0.1941151864049914,0.8967286453880741,-2.053520530010449,0.0695596361131589,1.059134413408832,30.63612706658036,0.8644798641191316,0.04531110006926604,1
2024-07-09,32.561753969174475,0.0670234338556063,0.3492120252347837,0.6554658798190642,-2.210832496120833,0.1111929411653775,1.027938216046002,32.624654726098434,0.9996436540899212,0.04531110006926603,1
2024-07-10,32.14276759484324,0.5060938555446466,0.1751705824407685,0.8213035549220065,-2.359201479556357,-0.0510666868824651,0.907700173531404,32.561753969174475,1.03316798860207,0.044958022302133124,1
2024-07-15,33.12403656923505,-0.9674070363467484,-1.1185314387795429,0.8984950411488848,-3.725808951679344,4.453446703522209,0.4598056821345428,32.14276759484324,0.8499904620054785,0.045220682365809645,1
2024-07-16,31.862069527125712,-1.0670431842297106,-1.2961745115696068,0.8778511190534735,-3.3571853454134324,4.206641462485553,0.6359104596737275,33.12403656923505,0.4327863568445571,0.04460098922954154,1
2024-07-17,32.250037125992826,0.9163066553778512,-1.228359491861719,-0.0616965267096176,-3.8780826806542574,4.20032722234384,0.0515048215038969,31.862069527125712,0.4307471959526234,0.03453172248285195,1
2024-07-18,31.34738596119358,1.3255196314412636,-1.751047775570028,-0.3769740606139038,-3.0338036045013625,4.316887854982269,-0.4805820457382372,32.250037125992826,0.5806527114241814,0.022835451381887136,1
2024-07-19,33.248470806679784,1.2419115663622602,-1.6010579038684043,-0.9796456414018406,-3.625560734785569,5.771320056026591,-0.8069673423330332,31.34738596119358,0.7291558454318972,0.02063181962453284,1
2024-07-22,32.02767576390091,1.305599506651368,-1.865771203622462,-0.8247012900496573,-2.9132256246356247,5.119879851125438,-0.8217812394690585,33.248470806679784,0.6258850955783355,0.03295244719443058,1
2024-07-23,31.44225353020273,1.658424553910332,-1.9977809365443704,-1.0259341741412538,-1.4537942257537295,3.601046171221016,-0.7819613886919983,32.02767576390091,0.6839592412443168,0.03534735473815401,1
2024-07-24,31.091888317623383,1.2718595003789046,-2.4054048068389147,-0.818332725924245,-0.8609447458229154,2.6917301779019263,0.1210926003052428,31.44225353020273,0.7719061923274152,0.03441854202861284,1
2024-07-29,30.43132749326201,1.425806672096697,-2.4909516142923467,-0.7655347552147624,-1.1248607388886782,2.9204576897342904,0.0350827465647998,31.091888317623383,0.952632538626766,0.03519018314677435,1
2024-07-30,30.065282499571182,1.747563022680338,-2.275741670139974,-0.703087174139541,-1.310326905992846,2.8898733060258173,-0.3482805784337905,30.43132749326201,0.7009353168631932,0.03447413650405689,1
2024-07-31,30.39134843575268,1.7126784767076222,-2.801237469824299,-1.1194598642728586,-1.2416593591087697,4.10166605293217,-0.6519878364338614,30.065282499571182,0.5047019105445851,0.03447413650405688,1
2024-08-01,31.061804076871507,2.134793344210088,-2.656411822121949,-1.3876557635493736,-0.7559274310622497,3.371070674403059,-0.7058690018795701,30.39134843575268,0.403182057951405,0.03447413650405688,1
2024-08-02,34.28676869210942,2.6073017841631945,-2.7294421214295967,-1.3298993174213471,-0.973761887444372,3.2868862705316584,-0.8610847283995238,31.061804076871507,1.553602796793441,0.030674307994998706,1
2024-08-05,34.17675652091597,2.689014577746182,-2.4995302755113338,-1.3725897848335853,-1.2289672516651118,3.177488884896764,-0.7654161506329187,34.28676869210942,1.853570509457891,0.03067430799499871,1
2024-08-06,33.99075199681527,2.653307629258972,-2.28168425178899,-1.469899775504394,-1.28500195091312,3.1195770973268457,-0.736298748379312,34.17675652091597,1.693814839556759,0.02375388720125034,1
2024-08-07,34.56915488323416,2.8102367457588144,-2.526580881136568,-1.6726726915794812,-0.9667025439862726,3.09252861703774,-0.736809246094237,33.99075199681527,1.2912964907288589,0.020776240862041842,1
2024-08-12,35.39439204014298,3.1465596286245088,-2.887212232309971,-1.8317426278058049,-0.7128106769887781,2.924274979945414,-0.639069071465364,34.56915488323416,0.4924746513093813,0.02174581594392868,1
2024-08-13,34.67575543471808,2.843033382911935,-2.7828085415954167,-1.4573225980282505,-0.8476368343885401,2.9437762147917894,-0.6990416236915151,35.39439204014298,0.4859223775441836,0.021745815943928683,1
2024-08-14,34.45328464037696,3.057781079783796,-2.914118068157209,-1.461570136471491,-1.1936441585826634,2.728298309627199,-0.2167470261996267,34.67575543471808,0.4536669415035347,0.02174581594392868,1
2024-08-15,33.35945713099268,3.0094160164218486,-2.866940091402835,-1.3030429420591991,-1.2460983458330783,2.593064675283663,-0.1863993124103955,34.45328464037696,0.6539372905626959,0.021843509142496016,1
2024-08-16,33.624523269101246,2.974348950343156,-3.031671294448312,-1.0050950805072505,-0.8134746040332299,2.3493644466628383,-0.4734724180172032,33.35945713099268,0.7352905519006889,0.024367321541971625,1
2024-08-19,32.79688432066528,3.02205962305269,-3.1033039134652807,-1.015721757681738,-0.7695173953309302,2.335417688036768,-0.468934244611507,33.624523269101246,0.6961632196940818,0.0238390173796306,1
2024-08-20,32.94731913143088,3.065490274042024,-3.2891363706376726,-1.0891385765793231,-0.7510065512574551,2.764815814920511,-0.7010245904880841,32.79688432066528,0.5871192868431644,0.020976173980221825,1
2024-08-21,32.35986967373963,3.4310752477117603,-3.429635028890012,-1.3472991786080044,-0.6152817724430495,2.6461270747452224,-0.6849863425159071,32.94731913143088,0.4407915937685779,0.02125700564623362,1
2024-08-28,32.451796930885216,3.350368780554924,-3.3478057199527527,-1.420868551533565,-0.6395667338604101,2.7027377523088587,-0.6448655275170485,32.35986967373963,0.4494447655195991,0.021257005646233618,1
2024-08-29,32.33036332675135,2.897402956260387,-2.703968824087335,-0.9166633633981496,-1.1589223876513888,2.6598377634828063,-0.7776861446063301,32.451796930885216,0.2486508013328087,0.012199746053214132,0
2024-08-30,31.714157236200304,2.7875553672540283,-2.7884370258601523,-1.0944299582481714,-1.2834635589917909,2.9341883725898894,-0.5554131967438036,32.33036332675135,0.3927745421418648,0.010139572986467896,0
2024-09-04,32.175944341840776,2.88720076894007,-2.8029129798653845,-0.8475028187127309,-1.3332563219484728,2.72691091982769,-0.6304395682411701,31.714157236200304,0.2616753649046596,0.010366865214332433,0
2024-09-09,32.13053352701298,3.1279072853083045,-2.809261884909363,-0.9146212710183734,-1.3360442725309758,2.613940925100385,-0.681920781949978,32.175944341840776,0.2506255430963746,0.009595224096170923,0
2024-09-10,33.17960536459251,3.066840673562205,-2.777335094777164,-0.0867347869424914,-1.7810226184939075,2.36908937300017,-0.7908375463488122,32.13053352701298,0.48202917883505,0.009612935759750068,0
2024-09-11,33.9509067318747,3.2814446587025072,-3.002137743834739,-0.6481562272283545,-1.6478802999498292,2.349993865968703,-0.333264253658283,33.17960536459251,0.8174670212592653,0.009612935759750066,0
2024-09-12,32.92439394720157,3.453692584635472,-2.906146061175209,-0.9533602982913392,-1.6578793925937694,2.2325822887458706,-0.1688891213210159,33.9509067318747,0.6775945024700086,0.009612935759750066,0
2024-09-13,33.026065617902226,2.8482743868132605,-2.773215967417139,-0.7662649876497651,-1.116040453010121,2.2398178495920886,-0.4325708283283269,32.92439394720157,0.5813608948076608,0.01015059949193271,0
2024-09-16,32.65154026600052,2.928799639881955,-2.815356470225008,-0.752516497748446,-1.3284080748729157,2.380561852231793,-0.4130804492673761,33.026065617902226,0.4374898473750158,0.010150599491932711,0
2024-09-17,33.29881622390896,3.0230375961567795,-2.7573650712393407,-0.5987263051861493,-1.278599325051096,2.0713063728792003,-0.4596532675593936,32.65154026600052,0.4418706338121957,0.01015059949193271,0
2024-09-18,32.44538510400544,3.1046049659328734,-2.8273822518647167,-0.7575864820483202,-1.0738724100867003,2.027836315948965,-0.473600137882098,33.29881622390896,0.2963842477289585,0.009567247912173983,0
2024-09-23,32.58500051925443,2.9418093621081365,-3.028090438926445,-0.864893312672943,-1.3165450642062009,2.62593268233456,-0.3582132286371093,32.44538510400544,0.314302661010193,0.012651938360652301,0
2024-09-24,32.839102764041485,2.921383880459606,-2.863308222758365,-0.8226919057341675,-0.9938655717184686,2.3746648692292096,-0.6161830494778138,32.58500051925443,0.2959298131434594,0.012651938360652301,0
2024-09-25,33.33080777892912,3.260643065818289,-2.912932273223963,-0.8566466939144046,-1.2197897349160618,2.087706909864247,-0.3589812736280984,32.839102764041485,0.3617339948480059,0.012651938360652298,0
2024-09-26,33.65629653281517,3.475502636193692,-3.23828493902061,-0.6197738296614208,-1.4157692647127238,2.0655516013986146,-0.2672262041975495,33.33080777892912,0.4564550289363686,0.012554245162084962,0
2024-09-27,32.65687578029957,3.046121638285906,-2.778579549874582,-0.5619469364287006,-1.736001710873178,1.912794141654467,0.1176124172360886,33.65629653281517,0.4135404638209852,0.010084283211565034,0
2024-09-30,32.440652849231235,2.8109798094207203,-2.338532427364826,-0.8038292876700419,-1.862915323384657,1.8855553378728875,0.3087418911259227,32.65687578029957,0.4462033309627384,0.01820893399345032,1
2024-10-01,33.13389561861428,2.37952900609858,-2.92835432752222,0.3422524984280368,-2.2326031937524826,1.7863141508909477,0.6528618658571466,32.440652849231235,0.4425244583494834,0.01820893399345032,1
2024-10-02,32.84579900799208,2.4773652217213344,-2.966248924286015,0.2837887077337679,-2.2023539306719355,1.8348602821280409,0.5725886433748082,33.13389561861428,0.4216235871592381,0.017226370760722316,1
2024-10-07,33.846221668948296,2.774900074178252,-3.0362666561585145,0.8305741138141052,-2.393042606941763,1.6969167341592817,0.1269183409486416,32.84579900799208,0.4872839880263953,0.017291615161930115,1
2024-10-08,36.00997688169472,2.5185976110976025,-3.658229728840948,1.589885078397927,-1.4701366520635206,1.4448697055556403,-0.4249860141466977,33.846221668948296,1.2636040824796793,0.01402824718505186,0
2024-10-09,35.88301250458272,2.40130510025112,-3.686386630584484,1.5584656607592515,-1.64085189821275,1.399152678706454,-0.0316849109195955,36.00997688169472,1.3491315957505676,0.013560439764524925,0
2024-10-10,36.161623171130536,2.5671397357585626,-3.329717522203688,1.770451096990092,-1.9687861154326525,0.9515966902693926,0.0093161146182927,35.88301250458272,1.3496725665211278,0.013333147536660388,0
2024-10-11,35.46390319208201,2.326019663288692,-3.12348783163152,1.6348647953167923,-1.6963207965344722,0.8510847889400854,0.0078393806204299,36.161623171130536,0.8458305709431361,0.01682583884528974,1
2024-10-16,34.771318145996666,2.5983983519755327,-2.823363629118684,1.49436436720827,-1.351560048759592,0.336077840472093,-0.2539168817776254,35.46390319208201,0.5004064201246634,0.016808127181710597,1
2024-10-21,33.90802838020114,2.493671962547939,-2.052529392560097,1.369977003355773,-1.6825057458890482,0.3090988475986023,-0.4377126750531666,34.771318145996666,0.8132365847063329,0.016808127181710597,1
2024-10-22,34.515151908332136,2.5806499642810152,-2.208176941265549,1.6297606315956583,-1.7105889847935511,0.2480661000656101,-0.539710769883186,33.90802838020114,0.779470516368041,0.01691009233596589,1
2024-10-23,34.45858687278854,2.7395537889193378,-2.118667300117403,1.8239584959851225,-1.902479793241587,0.1981175813751272,-0.7404827729205978,34.515151908332136,0.5057594219492323,0.020879089974376163,1
2024-10-24,34.465644849458386,2.8252021169581027,-2.1110069356053547,1.707160749134662,-1.763363202929689,0.0794276828243363,-0.7374204103820503,34.45858687278854,0.2821685666841826,0.020879089974376167,1
2024-10-25,34.202091226197005,2.981059185317472,-2.2067731689049515,1.6267632153567142,-2.048170209750972,0.0448668424785025,-0.3977458644967608,34.465644849458386,0.2287427029007039,0.02088135977419157,1
2024-10-28,35.23306957952824,3.439796641607744,-2.5905425852377,2.399228252221309,-2.665334709708177,-0.2141189807803756,-0.3690286181027939,34.202091226197005,0.3467589487768945,0.024754807374209827,1
2024-10-29,35.53832571735949,3.5119994978065403,-2.761849131358844,2.5308817544280373,-2.688226736414623,-0.3408158264086414,-0.2519895580524696,35.23306957952824,0.5131146082650813,0.0211697209388912,1
2024-10-30,35.489550132542114,3.5777331530117618,-2.666479562872192,2.570075992750988,-2.7537382888474307,-0.5027447571818093,-0.2248465368613099,35.53832571735949,0.5486259038401241,0.021169720938891204,1
2024-11-05,34.135966194357685,3.514253373945447,-2.709366574985359,2.6872923271716136,-2.809498096488705,-0.0274973208131874,-0.6551837088298058,35.489550132542114,0.6220656596989712,0.027501282954771777,1
2024-11-06,34.628838857322386,2.968765525587486,-2.977079405188049,2.671810408813929,-1.8856885198328968,0.2616143811463987,-1.039422390526866,34.135966194357685,0.5418408867581382,0.027996721354766173,1
2024-11-07,33.67607015634033,2.666213890678419,-2.039764870331486,2.294160148102897,-2.0375689174131404,0.4470467678225656,-1.3300870188592608,34.628838857322386,0.7345222240038399,0.027680210842133974,1
2024-11-08,34.02297047197871,2.855414302535213,-2.37940984045332,2.728609781671679,-2.333539052913209,0.227527135256361,-1.098602326096724,33.67607015634033,0.628488959003599,0.01955556006024869,1
2024-11-13,33.64050419361451,2.720390673443585,-2.462570682746035,2.593175657113303,-2.263354347693713,0.5123591899767967,-1.1000004900939349,34.02297047197871,0.3595671721015341,0.01955556006024869,1
2024-11-18,33.571248993968275,2.822693089395326,-1.9654155167520897,2.1244471877813336,-2.1936288579819845,-0.0662157837771331,-0.7218801186654522,33.64050419361451,0.3928291077663643,0.01955556006024869,1
2024-11-19,33.26835132904318,2.8235009616910123,-1.9378616070883905,1.9782000762090133,-2.1683459177290576,0.1018559893395574,-0.797349502422136,33.571248993968275,0.2411348764711628,0.031188102406525683,1
2024-11-20,33.10033267500921,2.851991104969713,-1.5335123505511603,1.81089370998766,-2.338645121252233,0.1056575926796457,-0.8963849358336238,33.26835132904318,0.3192404769345429,0.031188102406525683,1
2024-11-21,34.45694213217759,2.5833466621131613,-1.0692124616428882,1.6058083436365165,-1.6293338337056849,-0.3079936917022503,-1.1826150186988629,33.10033267500921,0.468229828564673,0.03162759886925512,1
2024-11-22,33.65257761341685,2.4961712261124696,-0.7293904242429554,1.4506273810355292,-1.5780077089097695,-0.3283467877156809,-1.3110536862795967,34.45694213217759,0.468425021859485,0.03162759886925511,1
2024-11-25,36.13881044840621,2.340211224819281,1.1317347553225168,1.448554277338726,-1.7565791422199828,-0.8497076640253214,-2.314213451235223,33.65257761341685,1.1110876050354792,0.028134907560625762,1
2024-11-26,35.39740550744919,2.3840414308271995,1.1472889992789432,1.391172781387766,-1.8418716336675311,-0.7131069376016352,-2.3675246402247465,36.13881044840621,1.109772382368232,0.028134907560625762,1
2024-11-27,33.87552620647407,2.331862391153461,0.937544278035547,1.4631621984821734,-1.9188437941877223,-0.5530003879614811,-2.260724685521981,35.39740550744919,0.9372712898359364,0.028135029314464374,1
2024-12-03,33.652594560088275,2.689607176588249,-0.1538772385052031,2.1804896571512007,-2.670793923050005,-0.9093747455832988,-1.1360509266009453,33.87552620647407,1.030321713297473,0.02803306416020908,1
2024-12-04,33.08288121884279,2.732945835815441,0.0826080086240983,1.899407768462277,-2.451949806297112,-1.0067112341276792,-1.256300572477024,33.652594560088275,1.1473826242986016,0.023309301874808,1
2024-12-05,32.767224539030515,2.678377856615965,-0.3022974082292866,1.8015849005260984,-2.276370939644454,-0.6013759637109852,-1.2999184455573314,33.08288121884279,0.9110382240996304,0.023309301874808,1
2024-12-06,32.052224866327784,2.3958560892286496,-0.2825700424278943,1.631453763568352,-1.702832868924407,-0.3789640186531104,-1.6629429227915868,32.767224539030515,0.6503383017767065,0.024084952281690806,1
2024-12-09,33.286823781019045,2.1819830976687165,0.0304265640556815,1.436448675117035,-1.510067142050855,-0.5992155214345987,-1.5395756733559751,32.052224866327784,0.5408271958564906,0.020211504681672546,1
2024-12-10,32.66022240160299,2.1813979669111703,0.1410355222141834,1.4153319832983122,-1.7059153054875305,-0.4493381054161292,-1.582512061520006,33.286823781019045,0.4224361175056669,0.023978303422096742,1
2024-12-11,32.537451526038154,2.402638074235157,0.0175113281318881,1.2323068281284597,-1.653703182748938,-0.4999486333258085,-1.4988044144207544,32.66022240160299,0.3971928572670558,0.043128025113515066,1
2024-12-16,31.97296920650632,2.3900825478524013,-0.1007264775565079,1.2945433453693598,-1.6708330971928236,-0.0791594180877224,-1.8339069003847053,32.537451526038154,0.4742174055540811,0.04056752030716038,1
2024-12-17,32.09590257529162,2.3426962707687258,-0.098916189853941,1.3945073685054492,-1.718252972462401,0.0508496662707544,-1.9708841432285835,31.97296920650632,0.4661870917553075,0.044276297392872026,1
2024-12-18,30.37626167521272,2.1042050426221275,-0.6400345931111215,1.279645381306702,-1.7311281008156678,-0.5774067936795799,-0.4352809363224534,32.09590257529162,0.8180078929510747,0.04592492079870641,1
2024-12-19,29.87246701652286,2.0635178907789467,-0.5924175505951719,1.256149628745126,-1.764791844289407,-0.6245054407658284,-0.3379526838736657,30.37626167521272,1.0472406856752376,0.04631863825314046,1
2024-12-20,28.367621313398462,1.524110905692086,-0.5681851278472019,1.0185753534191582,-1.1716716750586995,-0.4542289281793363,-0.3486005280260036,29.87246701652286,1.3903833696148709,0.04631863825314046,1
2024-12-23,28.56972943542985,1.4298758623075392,-1.1088770737407216,0.9083466761108898,-0.8989818703766752,0.4850689497861526,-0.8154325440871841,28.367621313398462,1.3533565099006897,0.04714497423126603,1
2024-12-24,28.76153608299168,1.2555748963539832,-0.9018494606606956,0.7796635917878891,-1.0250638720370953,1.0132270246230832,-1.12155218006717,28.56972943542985,0.7896328842183898,0.035447187483781235,1
2024-12-30,29.05178617591999,1.236760819632743,-0.919340831914528,0.8025902594642798,-0.975736401827732,1.002861524787733,-1.1471353701424931,28.76153608299168,0.5248573932767445,0.035447187483781235,1
2024-12-31,28.84660337239612,1.2669526352060316,-0.94947303845798,0.7400562757984366,-1.0447271995732923,1.2785483542476774,-1.291357027220874,29.05178617591999,0.2343442870409915,0.0350076910210518,1
2025-01-03,27.707185297872527,1.3621315924873685,-0.9270084375636278,0.4557457310299249,-1.167802061692354,0.8669525611094497,-0.5900193853707645,28.84660337239612,0.4665306955897176,0.035089459809714216,1
2025-01-06,26.93787336592166,1.2194882453093596,-0.332784994390602,0.3274555506485175,-1.4369895960026224,0.893935738720266,-0.6711049442849173,27.707185297872527,0.8094671420395468,0.035334148501155564,1
2025-01-07,27.08551415023336,1.072397442629495,0.2221047144893089,0.2084033648558092,-1.260540506218725,0.5611237558659521,-0.8034887716218408,26.93787336592166,0.8769943500746402,0.03533414850115556,1
2025-01-08,26.58284498468205,1.2236257313550487,-0.3249676411278299,0.1362884057038424,-1.4845478303246042,0.6533528789484639,-0.2037515445549216,27.08551415023336,0.7952493274308587,0.03533402674731695,1
2025-01-13,27.50644653082063,1.7673374933504684,-0.8885620542655661,0.9764408833932076,-1.868715200509322,0.6266811799898775,-0.6131823019586611,26.58284498468205,0.4018343752565808,0.035334026747316956,1
2025-01-14,26.733872281786592,1.7113373757084664,-0.7831374233116823,0.998856738406854,-1.7485957268200312,0.4664359871222636,-0.6448969511058722,27.50644653082063,0.3186827408095889,0.036347263478509965,1
2025-01-15,27.554316850995388,1.6562924392529892,-0.750527479828285,0.8610207927696552,-1.4204126351847002,0.4337916244470237,-0.7801647414566788,26.733872281786592,0.3932015672083193,0.036347263478509965,1
2025-01-16,26.953776907320304,1.5927778338241607,-0.9697280285427212,1.0376544804605663,-1.225744373238182,0.3041943834715821,-0.7391542959754083,27.554316850995388,0.3971870566229428,0.035569343271811764,1
2025-01-17,28.53626786951753,0.8672397478718734,3.789619690589056,-0.2402041713899994,-1.946950653121468,-0.7718648586912904,-1.6978397552581754,26.953776907320304,0.6249610900678847,0.03585374640114161,1
2025-01-22,27.44011227205168,0.964986904927235,3.627692679723596,-0.028019988298169,-2.3686729462611136,0.0074817595171401,-2.2034684096086887,28.53626786951753,0.6244731428273519,0.04799158105451193,1
2025-01-23,28.56759337910016,1.053509278047689,3.85635790814674,-0.1861346055987907,-2.466847022073994,-0.0333461269864319,-2.223539431535216,27.44011227205168,0.6382351729611689,0.038454268168455555,1
2025-01-24,28.80932674692384,1.143468758706233,3.75249962203172,-0.2284023264208112,-2.402108660836097,0.0356823557652337,-2.3011397492462784,28.56759337910016,0.7285537735057481,0.04007381234835094,1
2025-01-27,28.55922408741711,1.243421705293675,4.171039346731533,-0.4795121334214904,-3.0352249273057126,0.1689527444571088,-2.068676735755115,28.80932674692384,0.4815415291141302,0.036034389514003784,1
2025-01-28,28.6114511421039,1.7447451039816686,3.225235055892444,-0.1434166891137049,-3.4207959526133425,0.3039744006069562,-1.7097419187540288,28.55922408741711,0.4872482019980155,0.0343857661081694,1
2025-01-29,27.999844397234003,1.4902085125428162,3.1351280125770247,-0.3470040609709919,-2.475196791642729,0.1618304556588916,-1.964966128165012,28.6114511421039,0.2705129467549131,0.034000320849522904,1
2025-01-30,27.356265435120147,1.5881407207477016,3.1329260818375984,-0.2980330185123501,-2.1709304788147383,-0.1935432614103507,-2.058560043847862,27.999844397234003,0.5289554089936093,0.034000320849522904,1
2025-01-31,27.21903825757365,1.5967646012452272,3.1035757506763924,-0.3051024695451119,-2.196546667075905,-0.1809576336076368,-2.0177335816929505,27.356265435120147,0.5827483812933691,0.033936695881652844,1
2025-02-03,26.514564488406403,1.484628387872074,2.811878443435079,-0.4493438678383015,-1.9838109123070529,-0.0813794766153077,-1.7819725745464934,27.21903825757365,0.7138286863942785,0.03393669588165285,1
2025-02-04,26.404982475116867,1.4139816118613364,2.798806806364114,-0.4673000291011053,-1.88288367680512,-0.1584197013303958,-1.7041850109888386,26.514564488406403,0.5857201531221251,0.03393669588165285,1
2025-02-05,26.817689868950367,1.3392206092457055,2.673844477298742,-0.2444021757102499,-1.9852984298608063,-0.2503427523139532,-1.5330217286594412,26.404982475116867,0.3750501799344483,0.03393669588165285,1
2025-02-06,26.878781304847635,1.5106527963605831,2.5936927590673147,-0.2143072298680977,-2.0780518081017902,-0.2757083523427366,-1.5362781651152773,26.817689868950367,0.2878136495823971,0.03548417530175098,1
2025-02-07,26.82215136294646,1.4575327543965582,2.5933618763526542,-0.2032530820584099,-2.163214657382377,-0.2260735658842381,-1.4583533254241945,26.878781304847635,0.1904687283974863,0.03545007534382673,1
2025-02-10,27.300516215214767,1.3863877137746217,2.3902739769847763,-0.2921031358585546,-2.124754455973376,0.1640330137398393,-1.523837112667313,26.82215136294646,0.284084272743773,0.035450075343826735,1
2025-02-11,27.834808022681568,1.1584032889097626,2.1603477354968885,-0.2363912329504023,-1.5390254166677035,-0.365464367997605,-1.177870006790943,27.300516215214767,0.3952837581180529,0.035450075343826735,1
2025-02-12,27.77930895668793,1.3419261846243398,2.159690085590582,-0.0443681369621113,-1.7552086411552072,-0.4482890098642649,-1.2537504822333398,27.834808022681568,0.428684121219034,0.035450075343826735,1
2025-02-13,29.09962546432345,1.0838133688380438,1.9544396154167247,-0.1305016126789135,-1.0735411186803412,-0.5352825866401751,-1.2989276662553393,27.77930895668793,0.7603927586830257,0.03443683861263372,1
2025-02-14,28.57953823569181,1.0635310486430427,1.938126300770948,-0.1371405631438991,-1.1706521707742523,-0.6107005619695736,-1.083164053526268,29.09962546432345,0.6387162545527055,0.03443683861263372,1
2025-02-19,27.71760798477986,0.9203567513123216,1.6494326103495012,-0.3399101854109796,-1.2145101806463456,0.1768182750698455,-1.1921872706743442,28.57953823569181,0.5470648455844652,0.03444810983996764,1
2025-02-20,28.029605751877213,0.8853188639543026,1.7316614217167496,-0.4326732682407526,-1.1868116752550208,0.2841091952822601,-1.2816045374575349,27.71760798477986,0.5260477316719725,0.0341637067106378,1
2025-02-21,30.28432424454108,1.0417094550894337,1.817391039865912,0.1522970522787385,-1.804658405993809,-0.1624900237117938,-1.0442491175284845,28.029605751877213,0.9044267068172412,0.0179850211062646,1
2025-02-24,31.33495361310201,0.9134966805727274,2.047603022860502,0.221601338604934,-1.988917437558176,-0.0824087002629143,-1.1113749042170702,30.28432424454108,1.39179632312609,0.008372612300902648,0
2025-02-25,34.85664751807536,1.017934546732869,2.081895062196581,0.4215265557399448,-1.1534093532826848,-0.2752597821549196,-2.0926870292317803,31.33495361310201,2.590492765539865,0.0029820109114813737,0
2025-02-26,34.47035486412308,1.0404974308868995,2.183906475204415,0.3733767030433128,-1.159165252783538,-0.3425995189627455,-2.096015837388336,34.85664751807536,2.5769434133076943,0.0028238858645573415,0
2025-02-27,32.523887417095,0.9251553360368572,1.6581435536255165,0.2153792195498951,-0.6077319933424707,-0.1301980384711281,-2.060748077398673,34.47035486412308,1.761531351078159,0.0030210114765443874,0
2025-02-28,32.3375996555026,0.9652850116308328,1.5188936586944797,0.0762287329411037,-0.2536500805217034,-0.1854930081503707,-2.121264314594338,32.523887417095,1.3410534502599043,0.00406422200103252,0
2025-03-03,32.250059138009874,0.0815973814760582,0.9619854868597956,-0.5464411477158846,1.205992806586516,0.5233138589350723,-2.2264483861415534,32.3375996555026,1.133407934198794,0.00406422200103252,0
2025-03-04,32.04059083478332,0.1917380458546471,1.1663980510081364,-0.5613460037593905,1.0224980458595263,0.3203098285331194,-2.139597967496036,32.250059138009874,0.8866535252680827,0.0036260312623956886,0
2025-03-05,31.910878023546687,-0.1095003682397397,1.168800251347128,-0.7777623550974058,1.5661848905347495,0.3659015835115498,-2.2136240020562763,32.04059083478332,0.2165877470599846,0.0036517279332777854,0
2025-03-06,30.98097647303236,0.0630316727380542,1.2258273004534264,-0.6831523412218976,1.5650575311830357,0.1590100658898565,-2.329774229042469,31.910878023546687,0.4854775753360074,0.003780483379311932,0
2025-03-07,30.48862230260411,-0.1326730870630292,1.1761947347295187,-0.7235880842971598,1.4937160065122264,0.3035308775820811,-2.117180447463633,30.98097647303236,0.6797148380478272,0.007657763735121651,0
2025-03-10,31.49608725160407,0.1554941986013247,1.0859772893138555,-0.4739548910105906,1.3580391348956202,0.137344402705231,-2.262900134505441,30.48862230260411,0.5805864437504952,0.006028515526361104,0
2025-03-11,31.515751644876108,0.1282147334032171,1.1387128356388443,-0.4562642778035428,1.336444523571824,0.0625350524956047,-2.209642867305948,31.49608725160407,0.493145321151242,0.005817926792844007,0
2025-03-12,31.82351568968197,0.4579953551686948,1.1236147917652302,-0.3611656169213439,1.0149435127791424,-0.0317544956533395,-2.203633547138382,31.515751644876108,0.4715016013171187,0.005817926792844007,0
2025-03-13,32.12871540553028,-0.0064133335627634,1.1734655516143224,-0.4107194591518848,1.0766295287512762,-0.153520689689163,-1.6794415979617878,31.82351568968197,0.5518416674228049,0.011919589711987939,0
2025-03-14,32.40592309476901,-0.0166791969081252,1.1398158733248525,-0.3011924776372847,0.9871418636906332,-0.184982921012113,-1.6241031414579687,32.12871540553028,0.3525707621137531,0.01191958971198794,0
2025-03-17,32.4684420279029,0.2560968325204804,0.8834140252066525,-0.1254587084199858,0.9657033105896532,-0.2316980740632148,-1.7480573858335808,32.40592309476901,0.3586033790670011,0.01191958971198794,0
2025-03-18,32.54931077181018,0.2611688657782451,0.9083647018061524,-0.0567232077329276,0.7838400758134503,-0.2725991815107575,-1.6240512541541563,32.4684420279029,0.2664748299361141,0.012250718078357956,0
2025-03-19,32.285092119753635,0.2546890570097133,0.9104640193552322,-0.0650022145190689,0.8784082997619089,-0.3073076329753395,-1.6712515286324403,32.54931077181018,0.1473295117616529,0.012260529866043016,0
2025-03-20,32.07624959667075,0.4364223498216191,0.8807998424283849,-0.100653378935581,0.8488332432678396,-0.387443839894845,-1.677958216687418,32.285092119753635,0.1647954853052693,0.01409826656679855,0
2025-03-21,31.948122880264155,0.4369334126130066,0.9606424409349076,-0.1356616267478774,0.8928206858875525,-0.4255019271044302,-1.72923298558316,32.07624959667075,0.2274474916798075,0.013903139682330697,0
2025-03-24,32.86074476224197,0.5546154119642726,0.8595116456605711,0.1750065062724211,0.707825026480065,-0.5992649427591701,-1.6976936476181606,31.948122880264155,0.3289549291426352,0.013904694549998264,0
2025-03-25,32.685779400270114,0.5480741263890359,0.998579214056354,0.1567449321167622,0.6941978568482776,-0.6567759974122791,-1.740820131998143,32.86074476224197,0.349862495844591,0.013904694549998264,0
2025-03-26,32.0396989538357,0.3216459282858146,1.0293346366727223,-0.1748644639509287,0.7093192638446766,-0.7219826584771045,-1.163452706375184,32.685779400270114,0.3748206349758518,0.013898026945563415,0
2025-03-27,31.87504760191437,0.3151987070512803,1.005335386671221,-0.188555712771226,0.7524852460943849,-0.7818630830323063,-1.1026005440133568,32.0396989538357,0.4083570037896493,0.013972964864898569,0
2025-03-28,30.85009612819626,0.0106878025689773,0.8223919316512873,-0.3765800106189143,0.7989448028049537,-0.8065389196440955,-0.4489056067622083,31.87504760191437,0.7115129081128373,0.013066826141543156,0
2025-03-31,31.706918516136763,0.335819611911365,0.5810702274913981,-0.1178204839703536,0.8757945712617987,-0.9176928437404568,-0.7571710829537506,30.85009612819626,0.5922348515776916,0.013066826141543156,0
2025-04-01,31.62066516018265,0.3152950052747698,0.5376900320098925,-0.314221313903154,0.9883024236974024,-0.810334475425071,-0.7167316716538368,31.706918516136763,0.4102419436842891,0.013005257307922331,0
2025-04-02,30.97353688228273,0.1258664153049267,0.6370190288314559,-0.282753531656839,1.1771411182907991,-0.8858730794335727,-0.7713999513367749,31.62066516018265,0.4129623249092178,0.012979560637040232,0
2025-04-03,35.22685202550626,2.298792028895857,-1.1349747525722669,2.0760899850164964,-0.7042930103595539,-1.2968200368184282,-1.2387942141621051,30.97353688228273,1.611811647033953,0.01285080519100609,0
2025-04-04,38.32321432905898,2.755083266982137,-1.7628643174700531,2.453213225584939,-0.7175792667485283,-2.317685926902968,-0.4101669814455277,35.22685202550626,2.8053807037743383,0.008981743280659022,0
2025-04-07,36.94322553576953,2.392998075628105,-1.9449630874411088,2.2589386913395746,-0.622728969990312,-0.9418629052439436,-1.142381804292305,38.32321432905898,2.890401844302291,0.019148533154435373,1
2025-04-08,39.174158292064895,2.274930363054961,-2.40049466028196,3.049982790289228,-0.9119677797395004,-1.4041194884261663,-0.608331224896574,36.94322553576953,2.9032118928516044,0.019173626645730902,1
2025-04-09,42.71241430850653,3.21564352946082,-4.73782939937325,3.191248245742773,-0.8246308982103807,-1.6348121661832784,0.7903806885633085,39.174158292064895,2.504569215255444,0.019173626645730902,1
2025-04-10,48.3916153612721,4.245609761847343,-5.763390993552133,3.136841390174464,-0.838589768705563,-2.69422098160559,1.9137505918414768,42.71241430850653,4.11011715266809,0.013941580399647642,0
2025-04-11,46.63757401358418,3.5857530863796807,-2.9504360334588307,2.674351084138712,-1.0222458290996368,-2.946781536719021,0.6593592287591008,48.3916153612721,4.323086078786208,0.014245933290325459,0
2025-04-14,45.62438926538741,3.1514127798902027,-2.756624808393954,2.6105076687684683,-0.7682060862791626,-2.771583550762312,0.5344939967767601,46.63757401358418,3.2415389580182747,0.014245933290325459,0
2025-04-15,43.7640002601477,2.699794450727225,-1.2840051921788849,2.128084214459621,-0.92252405768933,-2.417435361023847,-0.203914054294783,45.62438926538741,2.021283493346392,0.013914804923955445,0
2025-04-16,43.00490353218553,2.421419114898132,-1.2623689595698908,2.0204669407574887,-0.8492780138718086,-2.0499675707923304,-0.2802715114215894,43.7640002601477,1.9446843656025323,0.014014026127805414,0
2025-04-23,42.65079876407231,2.139593101483681,-1.0551179308448753,2.096931879828702,-0.8063572021277601,-2.271884370542086,-0.1031654777976625,43.00490353218553,1.542471652820174,0.01217628942704988,0
2025-04-24,43.05030462664458,2.384033526013676,-1.0595551047347325,1.855367152478044,-0.828567332475501,-2.482291933591533,0.1310136923100415,42.65079876407231,1.0658849507367982,0.01217628942704988,0
2025-04-25,42.451623054319406,2.478031553548917,-0.9678666479317366,1.508308466169046,-0.7549474459452519,-2.507130192903613,0.2436042670626452,43.05030462664458,0.4489279254825479,0.01232645373023163,0
2025-04-28,41.93999114526199,2.583585920574798,-1.017391819451104,1.3816540822041858,-0.7680783851618029,-2.530201824082939,0.350432025916862,42.451623054319406,0.4062075999343822,0.012333785014591368,0
2025-04-29,41.40908590905371,2.7450049550595192,-1.1344152808294776,1.4061482496770277,-0.7140207878545688,-2.6232957195771025,0.3205785835246102,41.93999114526199,0.5713737828532771,0.012372289007029257,0
2025-04-30,41.92938271838755,2.8362676669787,-1.2263797498138715,1.373616048188289,-0.6142922064523377,-2.652796629064828,0.2835848701640513,41.40908590905371,0.5555303056304702,0.01210022547570706,0
2025-05-07,42.47471388312562,2.8598529623614173,-1.386727849100089,1.5929839828199055,-0.4541637762739157,-2.5080263424456666,-0.103918977361646,41.92938271838755,0.3946379711891005,0.01242858727058053,0
2025-05-08,42.4091023922872,2.669175079003076,-0.962279861015553,1.6567108668883144,-0.5327714312337886,-2.641122363505218,-0.1897122901368311,42.47471388312562,0.3860618243345596,0.012428587270580532,0
2025-05-09,42.83468279870513,2.5365424440014035,-1.129085553416176,2.0767045020524506,-0.3862758870247313,-2.7177161919506365,-0.3801693136623107,42.4091023922872,0.4939926176737088,0.01216563583258267,0
2025-05-12,41.748643593618674,2.1009217513746403,-1.2171743911564483,1.9219175638151145,-0.728245497470895,-1.8331722910933064,-0.2442471354690996,42.83468279870513,0.3917967905281356,0.012165635832582672,0
2025-05-13,42.23844915955889,2.1178462660927178,-1.3981887719555182,2.0380220953409047,-0.7829346318752366,-1.860335362216455,-0.1144095953864079,41.748643593618674,0.3543000878134811,0.012948228145505685,0
2025-05-14,41.9669106682969,2.074153006011686,-1.2239865124852034,2.006452659036213,-0.841483152515619,-1.8511009724968703,-0.1640350275501969,42.23844915955889,0.3736986963851766,0.013528162172922525,0
2025-05-19,41.24525906142966,1.7831281909770311,-1.6386915924551553,2.063715083131104,-1.1001560261502066,-0.6968218819453105,-0.4111737735574747,41.9669106682969,0.5267317630409188,0.0033613722991461736,0
2025-05-20,41.1586030520795,1.7062658648791782,-1.7213678085558992,2.228291888994857,-1.2160046141425456,-0.7917861640510597,-0.2053991671245336,41.24525906142966,0.4145828111936602,0.005297395401603929,0
2025-05-21,41.622767249254885,1.8089262501182293,-1.7680573685456964,2.323477626133446,-1.2412235949107835,-0.8714579176565096,-0.2516649951386789,41.1586030520795,0.4129570722760091,0.0052974017528786685,0
2025-05-22,41.93855578793834,1.9219640819192243,-1.8605224803765417,2.512233037914383,-1.3931399944929588,-1.1453654337845562,-0.03516921117955,41.622767249254885,0.3374942995881062,0.004427785079817995,0
2025-05-23,41.66040379704575,2.0397306133048616,-1.9292698730153288,2.475856781265426,-1.4297282347889508,-1.1435410626937852,-0.0130482240722198,41.93855578793834,0.2868528053931343,0.004135111667599874,0
2025-05-28,41.43626970671806,2.356473495645096,-2.0608170730477715,2.456180863972328,-1.586031110428486,-1.413536358395201,0.2477301822540347,41.66040379704575,0.2583403648696067,0.004523404222552241,0
2025-06-02,40.530877510066645,2.2335809809604825,-1.9761387854112669,2.3139398025308555,-1.5180738359533483,-1.105630069852498,0.0523219077257719,41.43626970671806,0.4810472813116814,0.004534345131747122,0
2025-06-03,40.83148746433609,2.19591795298196,-1.8711495810777743,2.41464703972229,-1.686013520593054,-1.2391039142314115,0.1857020231979902,40.530877510066645,0.5225265233339205,0.004414040912878171,0
2025-06-04,40.71509408692508,2.101182500789342,-1.9304304929536071,2.2222342464702205,-1.7490980211361524,-0.958135838872322,0.3142476057025138,40.83148746433609,0.4358999349975282,0.004414040912878171,0
2025-06-05,40.49254671781643,2.073312794274793,-1.894522901861806,2.176467227390257,-1.7351364977151302,-0.9757974440688916,0.3556768219807829,40.71509408692508,0.3405836675901901,0.004414040912878171,0
2025-06-06,41.17099610659783,2.213074824484909,-1.6376390536666896,2.006629434935144,-2.024199021370497,-1.0211865156702171,0.4633203312873579,40.49254671781643,0.2446945100635812,0.013847474387795019,0
2025-06-09,40.91551549909903,2.3083604142024257,-1.7505791980124363,2.1183309189377386,-1.9747980971098773,-0.969591705257968,0.2682776672401168,41.17099610659783,0.2238539082668311,0.014004228354875952,0
2025-06-10,39.47478321772596,2.030482971019154,-1.006451256841527,1.80604810477017,-1.925077818004251,-0.9896362878450768,0.0846342869015313,40.91551549909903,0.584091448139405,0.01690763662754334,1
2025-06-11,38.02318418603159,2.1405641009169347,-1.121745338320716,1.6402985952262057,-1.8345823721330048,-0.8017444473813176,-0.0227905383081061,39.47478321772596,1.151908817415604,0.01690763662754334,1
2025-06-16,37.96067889054903,2.3848588475542165,-1.382580428389128,1.7635318730862917,-1.7847484100286808,-0.9237274251950958,-0.0573344570276095,38.02318418603159,1.3672333072133993,0.016433930835749587,0
2025-06-17,36.90779062390458,2.6976281310147208,-1.3942543771096882,1.9782876444680093,-1.7758318536482776,-1.3357889668008474,-0.1700405779239204,37.96067889054903,1.3939855672308124,0.016433930835749587,0
2025-06-18,36.68047052894076,2.6625183077212053,-2.147640973544834,2.313966462722636,-1.5343781085468011,-0.8401735940634705,-0.4542920942887369,36.90779062390458,0.9929220975267125,0.016675248934043693,1
2025-06-23,47.46901494790371,3.680675992840772,-2.4451144371479105,2.6822370775795576,-1.1184475161628915,-0.7680681623581727,-2.031282954751363,36.68047052894076,4.0665188774448575,0.05604577800447858,1
2025-06-24,47.54877112193682,3.562849668729969,-3.0593391307769893,2.622207203445937,-0.5483325021131247,-0.5499285359603174,-2.0274567033254787,47.46901494790371,5.077117621179338,0.06419213919114829,1
2025-06-25,47.13670019524113,3.4665345855806216,-3.0333404638529844,2.7184764581261582,-0.5194337171277148,-0.5480072513315397,-2.084229611394549,47.54877112193682,5.190700047239709,0.06360398671826879,1
2025-06-30,44.80056364885704,3.268353069440208,-2.8707769338270963,2.817466793143865,-0.95885700102993,-0.0546380845799614,-2.201547843147078,47.13670019524113,4.148246409145989,0.0636323579871406,1
2025-07-01,42.284131789442206,3.612897513732431,-2.692504337021309,2.592110002519558,-1.151104896426724,-0.5141274354111758,-1.8472708473927808,44.80056364885704,2.0483817740725576,0.06167632385977486,1
2025-07-02,42.052925697260704,3.6439869957325897,-2.7567466912169007,2.5220787280917403,-1.1604992293499157,-0.4846410653663913,-1.7641787378911258,42.284131789442206,2.3188644472047946,0.06167631750850011,1
2025-07-03,41.83573360434381,3.6708104107846857,-2.7575346530844853,2.592559830328657,-1.1015703447672571,-0.5417038163866534,-1.8625614268749504,42.052925697260704,2.0583859156546507,0.06167631750850011,1
2025-07-08,41.58090107323279,3.5837975010580223,-2.704624976440238,2.556997780333738,-1.0723479932770914,-0.5235132276443952,-1.840309084030031,41.83573360434381,1.1682869135515064,0.06189550012512199,1
2025-07-09,41.58528054540504,3.6186849575412943,-2.7291655704518862,2.6932712188085866,-1.092950361646925,-0.5183106436212181,-1.9715296006298475,41.58090107323279,0.2723087118246542,0.06150720757016962,1
2025-07-14,41.25394710238542,3.533432706298875,-2.6311042748908475,2.582557492716184,-1.1149796865285977,-0.5946809990433479,-1.7752252385522658,41.58528054540504,0.2690635799108442,0.06149626666097474,1
2025-07-15,41.17844492156957,3.4006194102832232,-2.6828489374852844,2.445126827057008,-1.1632709504983607,-0.5012940796750645,-1.498332269681531,41.25394710238542,0.2406704790760193,0.06149626666097474,1
2025-07-16,41.23994599065545,3.4075577073195085,-2.636875868062514,2.454910786650881,-1.195532738434096,-0.4957143560394224,-1.534345531434356,41.17844492156957,0.1776931538496544,0.0733968162587183,1
2025-07-17,40.45287291018484,3.2331017873772865,-2.5652305868132124,2.3529090596348468,-1.2270711758643058,-0.4125303285663078,-1.3811787557683013,41.23994599065545,0.3727861431635968,0.0733968162587183,1
2025-07-18,39.81503268754265,3.1963765537047646,-2.503115293996457,2.280342683694,-1.3053465731785634,-0.2077545219045271,-1.4605028483192115,40.45287291018484,0.5714516012828628,0.06381166361295214,1
2025-07-21,39.65125649578454,3.062054762756704,-2.455880703732131,2.317981134972792,-1.27182762302873,-0.142018162729637,-1.5103094082390027,39.81503268754265,0.6624645640610555,0.06364757836151146,1
2025-07-22,39.03235360548512,3.186262982679633,-2.210307772006217,2.517197163709417,-1.4549172358915454,-0.388762066066171,-1.649473072425116,39.65125649578454,0.7519844280345522,0.06070794837961411,1
2025-07-23,38.37645424093015,3.12052326129154,-2.251928071566565,2.5980704692528214,-1.529786711263859,-0.3293661532618195,-1.607512794452115,39.03235360548512,0.7078446523662353,0.06071511572110665,1
2025-07-28,37.88386488890153,3.061618725592451,-2.2536215886628352,2.869264360211768,-1.3676598258254051,-0.6685368400224401,-1.6410648312935388,38.37645424093015,0.7365333786601939,0.06223293519852807,1
2025-07-29,36.995334119909465,3.035287798210307,-2.202731220851624,2.945501362972617,-1.5552484227228254,-0.576483370894878,-1.6463261467135966,37.88386488890153,0.9170400430600912,0.06223293519852807,1
2025-07-30,36.55124362094932,2.8540802679220043,-1.9967941281783528,2.729579155443144,-1.705959441502369,-0.5719678944773103,-1.3089379592071106,36.995334119909465,0.901081551398105,0.061991617100233966,1
2025-07-31,35.980141452367306,2.302640900628345,-2.1650318505591035,2.22368427394853,-2.1003428841361416,1.2357082327380868,-1.4966586726197144,36.55124362094932,0.8710307767434108,0.02262108802979908,1
2025-08-01,36.04312137923285,2.111694914198287,-1.9030560182383136,2.6164337762355974,-2.329886241917209,1.1508961777174571,-1.6460826079958208,35.980141452367306,0.7014476448067029,0.013692134530206365,0
2025-08-04,35.820368183967155,2.0951246548396405,-1.9467656870311136,2.5285414152610066,-2.260877651572546,1.1519482517943285,-1.567970983291321,36.04312137923285,0.4341762009131052,0.013692134530206365,0
2025-08-05,35.6888465482299,2.231081440767907,-1.912894941447428,2.5274301465471307,-2.0715379504448848,0.7537302150869492,-1.5278089105096757,35.820368183967155,0.2945523917480894,0.01440640726264574,0
2025-08-06,35.91495442596429,2.3863571138409654,-2.0277686008716804,2.4708388121781883,-1.5049648871018189,0.3644016047352059,-1.6888640427808574,35.6888465482299,0.1245024848069259,0.014401324796258202,0
2025-08-11,35.49364170902559,2.181414077789203,-1.7448303683111714,2.245786107862412,-1.3977414010209577,0.1420946286736555,-1.4267230449931336,35.91495442596429,0.1890199049949884,0.014746106049931998,0
2025-08-12,35.75547263611519,2.238297356732083,-1.875251611678136,2.387431183910097,-1.391399407508687,0.1394185563018735,-1.4984960777572314,35.49364170902559,0.1417560069605584,0.014746106049931998,0
2025-08-13,35.57109224566361,2.210954291296053,-1.8782546763369896,2.390907006647246,-1.4389299215231883,0.1490882473684749,-1.433764947451601,35.75547263611519,0.1465967267242352,0.01481084971491178,0
2025-08-14,36.18646490653399,2.216481738075004,-2.0587685822806123,2.7043210097246533,-1.075305553043366,-0.2185964540383667,-1.568132158437313,35.57109224566361,0.2488284523238705,0.01481084971491178,0
2025-08-15,37.242612353519554,2.5364581058454743,-2.298489987704825,2.89670578034686,-0.987601632309703,-0.4933048736582419,-1.6537673925195613,36.18646490653399,0.6428966242071795,0.014810849714911782,0
2025-08-18,37.15305662151568,2.490820353891227,-2.282053805696366,2.76351871061844,-1.018143342542697,-0.3205837134693361,-1.6335582028012716,37.242612353519554,0.6962073677413049,0.014810849714911782,0
2025-08-19,37.22019961625094,2.383918500305376,-2.219277854938956,2.7475225198191726,-1.1320637061945105,-0.3152099156027539,-1.464889543388331,37.15305662151568,0.6790055833023217,0.003629612317507414,0
2025-08-20,37.4159154038337,2.429747506679252,-2.2219945720142094,2.73585461479837,-1.172429997080144,-0.3648189947310714,-1.4063585576522022,37.22019961625094,0.4372810101754117,0.006716378598244697,0
2025-08-27,37.23035971416274,2.543088916466747,-2.298540273481061,2.888102230687057,-1.2434640511073978,-0.4381761934675263,-1.4510106290978178,37.4159154038337,0.087435492732691,0.006716378598244697,0
2025-08-28,37.14151737628492,2.56825826643602,-2.24162512282185,2.852419431239017,-1.243821177184497,-0.3795843043398528,-1.5556470933288415,37.23035971416274,0.0983725140428808,0.008166644668867133,0
2025-08-29,37.07343867714013,2.617971510341349,-2.276073812017957,2.8974784649182244,-1.2491025739961508,-0.3939238460011727,-1.596349743244291,37.14151737628492,0.1149443251654881,0.011104521166293528,0
2025-09-03,37.14836659212137,2.6881010314597606,-1.6979890569126748,1.903873090535301,-0.6669307729485565,-0.4516921524264967,-1.7753621397073356,37.07343867714013,0.118005715941554,0.011778703083408167,0
2025-09-08,37.85512744463846,2.937741363709508,-2.206565494665106,2.448961016382816,-0.4687085534869419,-0.3321088331368051,-2.379319498803465,37.14836659212137,0.2870301821751967,0.014586311626112815,0
2025-09-09,37.52732988424258,2.7247657712548445,-2.4146472253782734,3.189054101919144,-0.4086800561913275,-0.3734516037578479,-2.717040987846535,37.85512744463846,0.2990663011160624,0.015236693801389183,0
2025-09-10,37.33159109764359,2.704939430792944,-2.395132934748301,3.117617965050832,-0.4448095829784817,-0.3505518889664327,-2.632062989150554,37.52732988424258,0.2818412276750124,0.015236693801389185,0
2025-09-11,38.07001322694244,2.77272869209149,-2.579338073829527,3.107581200989781,-0.2906172918732963,-0.3531525602821901,-2.6572019670962583,37.33159109764359,0.3365668664059085,0.015236693801389183,0
2025-09-12,37.8910493636641,2.754582426464605,-2.48975441229111,2.9860671815453905,0.0093197222485352,-0.5235189130339895,-2.736696004933429,38.07001322694244,0.2671634279227997,0.015236693801389183,0
2025-09-15,37.17844657708584,2.5520863982814728,-2.706915749160247,2.67341070158719,-0.4441592310333071,-0.4395932338904633,-1.6348288857846414,37.8910493636641,0.3348591481994686,0.015236693801389183,0
2025-09-16,35.800938887444566,2.541395084575621,-2.7287204706904395,2.537384918543548,-0.6216169509987335,0.0064662733420091,-1.734908854772005,37.17844657708584,0.799352730855459,0.014494049800077995,0
2025-09-17,36.024269948723784,2.567411739019704,-2.73851465189293,2.601153149536321,-0.59419676544303,-0.0384082715327802,-1.797445199687285,35.800938887444566,0.9338402621378188,0.014494049800077995,0
2025-09-22,34.837338463994925,2.502591447282885,-2.730442252049964,2.389338671569515,-0.5971750957090478,0.0008596718733802,-1.5651724429667708,36.024269948723784,1.073014955853798,0.0141492685464042,0
2025-09-23,34.443333243924684,2.4104697148730683,-2.770413519125059,2.354442742152985,-0.5370885703203028,0.2592234610544626,-1.7166338286351557,34.837338463994925,0.9607535837388516,0.0141492685464042,0
2025-09-24,34.670030657157945,2.636918603218924,-2.917778366210407,2.416271618188812,-0.7688050681406047,0.0403724876983404,-1.4069792747550562,34.443333243924684,0.6348922445053293,0.01385366278634284,0
2025-09-25,34.536175580558435,2.631838993192339,-2.905679910214289,2.379364161086244,-0.7298369356795797,0.0096534035921767,-1.3853397119768922,34.670030657157945,0.5764864549180954,0.01458177022494447,0
2025-09-26,34.49228336584324,2.7862758810316155,-2.999425743296479,2.602541166901533,-0.8880965155532108,-0.0609424221856653,-1.4403523668977845,34.536175580558435,0.1423853163033246,0.01459388086836768,0
2025-09-29,34.440807385219856,3.0618700521627407,-3.172067729829674,2.957512380166083,-1.1210321381341997,-0.200341065782859,-1.5259414985820894,34.49228336584324,0.0844132445298806,0.01459388086836768,0
2025-09-30,33.66929252832365,2.91556161245767,-3.2923953782659465,2.9204171618654744,-1.0713542709870127,0.0683882428678597,-1.54061736793805,34.440807385219856,0.3544707664714692,0.01389094705077972,0
2025-10-01,34.115266946274495,2.6985767682331563,-3.485082545784703,2.965669349361571,-0.9134529724876046,-0.3132205975774662,-0.952490001744954,33.66929252832365,0.3263054969174593,0.010804180770042436,0
2025-10-06,34.065871121170275,2.4525137240112684,-3.2187533922728937,2.9372262840290944,-1.3029648974380486,-0.2183035919032403,-0.6497181264261815,34.115266946274495,0.2969396666968059,0.010804180770042436,0
2025-10-07,33.72042647567696,2.375233638819827,-3.3495987159796714,2.823716968238731,-1.3232772224820382,-0.4456784475494302,-0.080396221047422,34.065871121170275,0.2826440163119005,0.009353914699419999,0
2025-10-08,33.2236421668938,2.1779935802179526,-3.190292312043004,2.7355939460033767,-1.2708997324901068,-0.308069114459131,-0.1443263672290897,33.72042647567696,0.3216331228534207,0.006684075268479531,0
2025-10-09,32.91561807037353,2.2841244909427747,-3.2941996859036986,2.88022209455206,-1.2190513592307155,-0.4156758660156059,-0.2354196743448167,33.2236421668938,0.4704740109943048,0.006367061212448991,0
2025-10-10,35.22967554970749,1.7412490699530885,-2.852533075951317,2.5228642328139035,-1.4477205842669427,-0.1126071960977195,0.1487475535489921,32.91561807037353,0.8038024439893587,0.002648366755902733,0
2025-10-15,34.88043434081935,1.863992650669255,-3.088226361285101,2.534673965534987,-1.7217513889178342,-0.2425198623799103,0.6538309963786011,35.22967554970749,0.9103692818670523,0.002528665557381322,0
2025-10-20,35.99672721522023,1.2671669036569426,-2.2559585660728407,2.1087834474221534,-1.7328260106469229,-0.8674515561057214,1.4802857817463897,34.88043434081935,1.1869128997115197,0.002535766168084515,0
2025-10-21,35.008905053138434,1.3843553410721992,-2.3080969287941846,2.18520997325888,-1.953306231502572,-0.6330423897183004,1.324880235683986,35.99672721522023,1.0215269623441503,0.002535766168084515,0
2025-10-22,34.1641607239786,1.343430770919387,-2.475312260544634,2.1564758340363426,-1.9487355514788147,-0.5314990122119907,1.455640219279708,35.008905053138434,0.5905166241677454,0.002687255196844235,0
2025-10-23,38.385611328689954,3.273604702108408,-4.199439630466989,4.256070617158681,-1.8216936844990768,-1.755524532523739,0.2469825282227127,34.1641607239786,1.4702268049952432,0.0026872551968442353,0
2025-10-24,38.31342779239376,3.2430698330463628,-4.095178268713318,4.284111190297095,-1.8087575894602548,-1.835641317967431,0.2123961527975471,38.385611328689954,1.7144776826054493,0.002687255196844235,0
2025-10-27,36.240962268871804,2.870727054459527,-3.21568183489683,3.353990850059896,-1.7368272766624466,-1.5774919527287936,0.3052831597686545,38.31342779239376,1.706500328026875,0.002687255196844235,0
2025-10-28,35.558923476080125,2.8072747393786024,-3.3323552468675466,3.227699143879832,-1.4625080263296608,-1.4570525134271537,0.2169419033659227,36.240962268871804,1.6277347297764275,0.002687255196844235,0
2025-10-29,35.20620613607486,1.9623007610660288,-1.7194864018485427,2.560222149161984,-0.6786636578555534,-1.206120075038713,-0.9182527754851996,35.558923476080125,1.3550063045619074,0.008961432281568807,0
2025-11-03,34.42498427735324,1.754619013980644,-1.2046851985303992,2.2419230550634808,-0.701738037272662,-1.2363758303390429,-0.8537430029020148,35.20620613607486,1.3192639648188895,0.008961432281568807,0
2025-11-04,34.12615538069186,2.0517728876455195,-1.6601176125817834,2.1911134510213106,-1.4057080398571182,-1.5014064576376889,0.3243457714097602,34.42498427735324,0.7651208895054376,0.02199132229101591,1
2025-11-05,32.50638688887779,1.2916239993649246,-1.7186419654965588,1.311786201901473,-0.5181387523220709,-2.5440808744171166,2.1774513909693467,34.12615538069186,1.0628421796223857,0.027819992559628533,1
2025-11-06,31.59372734445928,1.170787927077562,-1.55785883081425,1.1428530260738103,-0.1452030094669805,-2.521179713287068,1.91060060041693,32.50638688887779,1.323207676104295,0.02782805218605634,1
2025-11-07,31.337339794020146,1.1766927311830475,-1.473478507792499,1.1116013573660997,-0.0368650416721054,-2.493171480817763,1.7152209417332274,31.59372734445928,1.2712130609195027,0.027879923809648398,1
2025-11-10,31.593552550517103,-0.4778057766411372,-1.669486150475328,0.7875628150592355,3.274725173951813,-2.5566340793187696,0.6416380174241914,31.337339794020146,1.027476050603363,0.027879923809648398,1
2025-11-18,31.576850832214507,0.7325173914267076,-1.7802033156385897,1.4364714619094467,0.9115813981670318,-1.9388016622204,0.6384347263558077,31.593552550517103,0.4042885726089768,0.0314621282678845,1
2025-11-19,32.2378209089884,0.5891962800147219,-2.107104902343944,1.4744755289809923,0.8649075737742473,-1.868376062663514,1.0469015822374916,31.576850832214507,0.3011308554774153,0.03475559543327877,1
2025-11-20,33.16164564718819,1.081964194031304,-2.376460610437762,1.3936621969583012,0.3178600305349164,-1.8085487642375413,1.3915229531507776,32.2378209089884,0.6614575849778264,0.03448527608358492,1
2025-11-21,32.84107648946386,1.1318318375194814,-2.027574849804255,1.4733744813168812,0.2358915355529269,-2.003448567140542,1.1899255625555123,33.16164564718819,0.6417927762368335,0.03464906204992746,1
