date,system_return,system_dsv_forward_20d,rolling_threshold_75,high_dsv20_state_75,rolling_threshold_80,high_dsv20_state_80,rolling_threshold_85,high_dsv20_state_85
2016-01-05,-0.011663399970179185,0.0016780950650977528,,,,,,
2016-01-06,-0.06612627507651733,0.0014594608523229914,,,,,,
2016-01-07,-0.06332496561048569,0.0012589582888445313,,,,,,
2016-01-08,-0.04549487834313834,0.0011795123658686088,,,,,,
2016-01-11,0.05377317903188617,0.0012065558490814388,,,,,,
2016-01-12,-0.031868904275189604,0.0011557744960963789,,,,,,
2016-01-13,-0.005739741656508653,0.0011541272643822058,,,,,,
2016-01-14,-0.07423434620761259,0.0008785903565386216,,,,,,
2016-01-15,-0.06071838303229928,0.0007590275922092386,,,,,,
2016-01-20,-0.08274933181327083,0.0005664499372990215,,,,,,
2016-01-21,0.013373080649694767,0.0005664499372990216,,,,,,
2016-01-22,0.049156364367984484,0.0005664499372990215,,,,,,
2016-01-25,-0.03171147365557167,0.0005161690592286208,,,,,,
2016-01-26,0.014064703592056063,0.0005161690592286207,,,,,,
2016-01-27,0.002886226990339551,0.0005161690592286208,,,,,,
2016-01-28,-0.00195494617958065,0.000606052436033547,,,,,,
2016-01-29,0.03595549647614008,0.0006158060849283109,,,,,,
2016-02-01,-0.05420021264462191,0.0004689229323921993,,,,,,
2016-02-02,-0.044711411490769154,0.00036896741651735516,,,,,,
2016-02-03,0.011053680093247982,0.0003689811473234437,,,,,,
2016-02-04,-0.008347770527831486,0.0003654968836841771,,,,,,
2016-02-05,0.01874632053007343,0.00040168233067911803,,,,,,
2016-02-08,0.007041451605068401,0.0004016823306791179,,,,,,
2016-02-09,-0.021928645556406418,0.00037763905588219284,,,,,,
2016-02-10,-0.023256604744816115,0.00035059557266936266,,,,,,
2016-02-11,0.01082700727562575,0.0003505955726693627,,,,,,
2016-02-12,0.024246549965293854,0.00035059557266936266,,,,,,
2016-02-17,0.004962250816676901,0.00035202521978576034,,,,,,
2016-02-18,-0.035992593008414196,0.000287251882212293,,,,,,
2016-02-19,-0.05473480444231491,0.0001374569413453702,,,,,,
2016-02-22,0.0580991032306202,0.0001374569413453702,,,,,,
2016-02-23,0.006029889349511402,0.00020526464580567137,,,,,,
2016-02-24,0.05994282546584881,0.00033246854866870367,,,,,,
2016-02-25,0.01732550306746478,0.00033246854866870367,,,,,,
2016-02-26,0.0485600693512091,0.0003331820046615057,,,,,,
2016-02-29,-0.04244395540785028,0.0002453659210419482,,,,,,
2016-03-01,-0.013966852827150385,0.00024474590303468754,,,,,,
2016-03-02,0.0411015911449817,0.00024474590303468754,,,,,,
2016-03-03,0.0217545908192734,0.00024474590303468754,,,,,,
2016-03-04,-0.0005240382827345839,0.00025164076470134405,,,,,,
2016-03-07,0.012723618788726848,0.00028707220557640554,,,,,,
2016-03-08,-0.026901838968717687,0.00025088675858146465,,,,,,
2016-03-09,0.027686978680849485,0.00025088675858146465,,,,,,
2016-03-10,0.010549768908483833,0.00025088675858146465,,,,,,
2016-03-11,0.013205289383555948,0.0002529635550048444,,,,,,
2016-03-14,0.0060736022253325824,0.0002620648872829883,,,,,,
2016-03-15,0.02740738893332952,0.00037638514970409626,,,,,,
2016-03-16,-0.005347236887211236,0.0003749555025876985,,,,,,
2016-03-17,0.0028543634755426677,0.0003749555025876986,,,,,,
2016-03-18,0.0009160978035649827,0.00040771630097327145,,,,,,
2016-03-21,0.06772471237592474,0.00040771630097327145,,,,,,
2016-03-22,-0.03682599746383014,0.0003399085965129703,,,,,,
2016-03-23,-0.05043885463866766,0.00021270469364993797,,,,,,
2016-03-24,0.001880002106116183,0.0002673121077207825,,,,,,
2016-03-30,-0.0037774488555160496,0.00032053426474048537,,,,,,
2016-03-31,-0.0067206903121952676,0.0003229609723957001,,,,,,
2016-04-01,-0.01351564344565455,0.00031382734150819686,,,,,,
2016-04-04,0.022500555969264535,0.00031382734150819686,,,,,,
2016-04-05,0.015967087682092266,0.0003342528351751578,,,,,,
2016-04-06,-0.01175465224729775,0.00033707829167100147,,,,,,
2016-04-07,-0.0266200829732221,0.00030164685079593997,,,,,,
2016-04-08,0.05776527227771817,0.00032024593440507126,,,,,,
2016-04-11,0.023790440030775063,0.0003206733377234731,,,,,,
2016-04-12,0.027841837641780717,0.0003208101700624262,,,,,,
2016-04-13,-0.006444837349972,0.0003187333736390465,,,,,,
2016-04-14,-0.013491725077353084,0.00030963204136090256,,,,,,
2016-04-15,-0.04781637008830928,0.0002179914389382887,,,,,,
2016-04-18,0.0254912784905429,0.0002179914389382887,,,,,,
2016-04-19,0.055624965195455935,0.00021799143893828872,,,,,,
2016-04-20,-0.025597186714782904,0.00018523064055271578,,,,,,
2016-04-21,0.005099123977742801,0.00023090571496633792,,,,,,
2016-04-22,0.03040755379918395,0.00023090571496633787,,,,,,
2016-04-25,0.022910773244022648,0.00023090571496633795,,,,,,
2016-04-26,-0.033047666807459956,0.0001762983008954934,,,,,,
2016-04-27,-0.03284375527021988,0.00012236268788298857,,,,,,
2016-04-28,-0.009679970628918767,0.00011767759631415206,,,,,,
2016-04-29,0.008895271463802349,0.00011767759631415206,,,,,,
2016-05-02,0.010153276698769018,0.0001477973586776718,,,,,,
2016-05-03,-0.020211627181877752,0.0001273718650107108,,,,,,
2016-05-04,-0.013952812597171016,0.00013079748035309946,,,,,,
2016-05-05,0.0010625803403618843,0.00013079748035309946,,,,,,
2016-05-06,-0.019286826389601452,0.00011464904823576996,,,,,,
2016-05-09,-0.0029237076406570177,0.0001229406422634882,,,,,,
2016-05-10,-0.0016542813482174998,0.0001340668011383107,,,,,,
2016-05-11,0.029699332844181362,0.0001340668011383107,,,,,,
2016-05-12,0.012024370052319383,0.0001340668011383107,,,,,,
2016-05-13,-0.021297727577605115,0.00020488909185907401,,,,,,
2016-05-16,0.0074034445577591005,0.00020488909185907401,,,,,,
2016-05-17,0.012037897046869932,0.0002804303378745282,,,,,,
2016-05-18,0.0020848979367290676,0.0002804303378745282,,,,,,
2016-05-19,-0.030224187139978514,0.00023475526346090604,,,,,,
2016-05-20,0.008573110644032817,0.00023475526346090604,,,,,,
2016-05-23,0.028623170370178183,0.00036145264875347375,,,,,,
2016-05-24,0.0187659674961061,0.0003614826467334587,,,,,,
2016-05-25,0.025691791478118148,0.0004093936266847042,,,,,,
2016-05-26,0.0043341699191211,0.0004093936266847042,,,,,,
2016-05-27,0.01844978474875662,0.0004093936266847042,,,,,,
2016-06-01,-0.024543741509199333,0.0003792859472579212,,,,,,
2016-06-02,0.004672058718077583,0.0003792859472579212,,,,,,
2016-06-03,-0.016223232915160517,0.00036850152986237937,,,,,,
2016-06-06,0.03460666051721945,0.00036850152986237937,,,,,,
2016-06-07,-0.007000930640710301,0.00036605087837057764,,,,,,
2016-06-08,-0.013205299955790534,0.0003573842723630352,,,,,,
2016-06-09,-0.015008658310305767,0.0005319416232649903,,,,,,
2016-06-10,0.006302399189679851,0.0005319416232649903,,,,,,
2016-06-13,0.03343234594465302,0.0005862119151139046,,,,,,
2016-06-14,-0.043243947719711566,0.0004927099643946472,,,,,,
2016-06-15,0.02869792884889662,0.0005325997676449977,,,,,,
2016-06-16,-0.03886933135917164,0.0004570585216295436,,,,,,
2016-06-17,0.013257688336702966,0.000548870716525423,,,,,,
2016-06-20,0.09722812634025459,0.0005535973601478487,,,,,,
2016-06-21,0.004980507645653284,0.0005535973601478487,,,,,,
2016-06-22,-0.05033833237058369,0.0004268999748552811,,,,,,
2016-06-23,-0.0007745705905209845,0.00042811323405282946,,,,,,
2016-06-24,-0.030955122339039635,0.0004126885723341279,,,,,,
2016-06-27,0.019361206031141387,0.0004791058761320365,,,,,,
2016-06-28,0.005972608475124457,0.0005323216268765372,,,,,,
2016-06-29,-0.0004915879725270819,0.0005494844991019166,,,,,,
2016-06-30,0.00809406619510858,0.0005494844991019166,,,,,,
2016-07-01,-0.006892382629302633,0.0005510725334534382,,,,,,
2016-07-06,0.044239271260583184,0.0005510725334534383,,,,,,
2016-07-07,0.005727888741308963,0.0005510725334534383,,,,,,
2016-07-08,-0.0010236341004255828,0.0005512377084782456,,,,,,
2016-07-11,-0.060962339541020004,0.00036541928163065333,,,,,,
2016-07-12,0.05384505643039348,0.00036541928163065333,,,,,,
2016-07-13,-0.032945497977391165,0.0003111489897817391,,,,,,
2016-07-14,0.05042576568664492,0.00031114898978173907,,,,,,
2016-07-15,-0.028245283942757795,0.0002712591865313885,,,,,,
2016-07-18,0.017203131787158984,0.0002749445770652605,,,,,,
2016-07-19,-0.0428514165217159,0.00018313238216938118,,,,,,
2016-07-20,-0.009722801676909549,0.00019631570613462193,,,,,,
2016-07-21,0.020442494243525105,0.000196315706134622,,,,,,
2016-07-22,0.043210660959690526,0.00019734061665108456,,,,,,
2016-07-25,-0.004986496119588217,0.0002570170747870819,,,,,,
2016-07-26,-0.02548973057234775,0.00022455260634489475,,,,,,
2016-07-27,-0.03644648235369465,0.00015813530254698595,,,,,,
2016-07-28,-0.032623841203788535,0.00010491955180248541,,,,,,
2016-07-29,-0.01853372880027988,8.774459664036924e-05,,,,,,
2016-08-01,0.005921749716245349,8.774459664036922e-05,,,,,,
2016-08-02,-0.008903124470608214,0.0002731442871538912,,,,,,
2016-08-03,0.0111778872344476,0.000296401934538147,,,,,,
2016-08-04,0.011737996261071665,0.0004368137855246753,,,,,,
2016-08-05,-0.002085983525271166,0.0004398292039077702,,,,,,
2016-08-08,-0.0001957175586510667,0.000439827288639632,,,,,,
2016-08-09,0.005178768167068734,0.0004398272886396319,,,,,,
2016-08-10,0.0042604407791596985,0.0005433528358654898,,,,,,
2016-08-11,0.05618080207710676,0.0005774435478923811,,,,,,
2016-08-12,0.034897760049973504,0.0005832168089308349,,,,,,
2016-08-15,-0.00858532530993675,0.0005795314183969628,,,,,,
2016-08-16,0.0033994422451996686,0.0006809853744913035,,,,,,
2016-08-17,-0.018926155229029764,0.0006735822909194708,,,,,,
2016-08-18,0.0043302806700687,0.0006735822909194708,,,,,,
2016-08-19,-0.004527494928683166,0.0006725573804030082,,,,,,
2016-08-22,-0.03490550538626557,0.0006116376650894776,,,,,,
2016-08-23,-0.0006610565839146497,0.0006185418167883584,,,,,,
2016-08-24,0.015440959967785432,0.0006421466119038227,,,,,,
2016-08-25,0.03515777697650807,0.0006707514755305048,,,,,,
2016-08-26,0.042869244619787826,0.0006968993857480362,,,,,,
2016-08-29,0.014586816951288384,0.0006968993857480362,,,,,,
2016-08-30,-0.06154071364234886,0.0005075364139675571,,,,,,
2016-08-31,-0.0215674047508066,0.0004904173114994529,,,,,,
2016-09-01,-0.05299280158408844,0.00035000546051292464,,,,,,
2016-09-02,-0.008041125227827201,0.0003467724757664447,,,,,,
2016-09-07,0.033470408547288284,0.0003468556717303963,,,,,,
2016-09-08,0.04164764274567367,0.0003468556717303963,,,,,,
2016-09-09,-0.045502867431813095,0.00026236924208795616,,,,,,
2016-09-12,-0.026111572923472617,0.00022827853006106473,,,,,,
2016-09-13,-0.010745474432014332,0.00022250526902261106,,,,,,
2016-09-14,0.016379761501239817,0.00022250526902261106,,,,,,
2016-09-15,-0.04504530077474025,0.00012105131292827031,,,,,,
2016-09-16,-0.014496126390062883,0.00011279762823813871,,,,,,
2016-09-19,0.044470351660255036,0.00011279762823813871,,,,,,
2016-09-20,0.025973630575821253,0.00011279762823813871,,,,,,
2016-09-21,0.023425330147113285,0.00015479342231755665,,,,,,
2016-09-22,-0.011769453249185218,0.00022924897310836143,,,,,,
2016-09-23,-0.021727768001092166,0.00022613383415294648,,,,,,
2016-09-26,-0.023918554984230168,0.00021883349013435014,,,,,,
2016-09-27,-0.022868279435729916,0.0001926855799168187,,,,,,
2016-09-28,0.013250184232093497,0.00019510554239837377,,,,,,
2016-09-29,0.02193817099594265,0.00019510554239837377,,,,,,
2016-09-30,-0.011080202991057131,0.00019937508957361888,,,,,,
2016-10-03,0.018231665427990366,0.0002402694105148473,,,,,,
2016-10-04,0.019160601439227914,0.0002402694105148473,,,,,,
2016-10-05,-0.0012899299512115837,0.0002451841941832231,,,,,,
2016-10-06,0.004240596715083814,0.0002518670535327689,,,,,,
2016-10-07,-0.019513645268589716,0.0003699107171345886,,,,,,
2016-10-10,0.0085405075683862,0.0003699107171345886,,,,,,
2016-10-11,0.002523172480169617,0.0003937636690882687,,,,,,
2016-10-12,0.020214391335622615,0.0003979138139849475,,,,,,
2016-10-13,0.0006824953325305998,0.0004221070711944959,,,,,,
2016-10-14,-0.0067129715114877175,0.000494122977385281,,,,,,
2016-10-17,0.029080571410461668,0.0004941229773852812,,,,,,
2016-10-18,0.032432801033509005,0.000494122977385281,,,,,,
2016-10-19,-0.0289813022755769,0.00047247081557367935,,,,,,
2016-10-20,-0.04034390964694488,0.00039108926329363663,,,,,,
2016-10-21,-0.02024334762831942,0.0003860718247729793,,,,,,
2016-10-24,-0.02064195708167505,0.0003647673051648935,,,,,,
2016-10-25,0.0037505289821348174,0.00038747447733444905,,,,,,
2016-10-26,-0.006956956923188533,0.00040401509668330055,,,,,,
2016-10-27,0.021707878423935636,0.00040401509668330044,,,,,,
2016-10-28,-0.014427814866705668,0.00040754240477772544,,,,,,
2016-10-31,-0.02859871358688305,0.000366648083836497,,,,,,
2016-11-01,0.002448457331682583,0.000366648083836497,,,,,,
2016-11-02,-0.009997979428191917,0.0003616501042041695,,,,,,
2016-11-03,-0.011561020153555467,0.00035496724485462375,,,,,,
2016-11-04,-0.052360821457505306,0.0002178844636693864,,,,,,
2016-11-07,0.033542156256859156,0.0002178844636693864,,,,,,
2016-11-08,-0.02184168123276232,0.00019656513591274175,,,,,,
2016-11-09,-0.009110592622523233,0.000192414991016063,,,,,,
2016-11-10,-0.021996934881727683,0.00017682009513446886,,,,,,
2016-11-11,-0.03854065529190896,0.00010255098961798132,,,,,,
2016-11-14,0.03580239446764973,0.00010255098961798132,,,,,,
2016-11-15,0.03663438261678897,0.00010255098961798132,,,,,,
2016-11-16,-0.020171084387219314,9.424891423254046e-05,,,,,,
2016-11-17,0.013670715223947817,0.00012480852063117585,,,,,,
2016-11-18,-0.017591030464069946,0.00015939674433427918,,,,,,
2016-11-21,0.09197850968835498,0.0002457953298782106,,,,,,
2016-11-22,-0.021310641552780854,0.00022706982649067274,,,,,,
2016-11-23,-0.019473357096508315,0.00020810924466026622,,,,,,
2016-11-28,0.04785098294826059,0.00020810924466026622,,,,,,
2016-11-29,-0.01669455012021685,0.00019417384447444462,,,,,,
2016-11-30,0.058258917317752706,0.0001941738444744446,,,,,,
2016-12-01,0.030973049860013036,0.00019417384447444462,,,,,,
2016-12-02,0.025634774297258935,0.0001941738444744446,,,,,,
2016-12-05,0.01671081539957535,0.00019428979159338524,,,,,,
2016-12-06,0.016498917261192448,0.00030091176493893615,,,,,,
2016-12-07,2.647503859173316e-05,0.00037952078604083214,,,,,,
2016-12-08,-0.007118460784517215,0.0003852865946354175,,,,,,
2016-12-09,0.009975357586296632,0.0003852865946354176,,,,,,
2016-12-12,-0.0131136275133574,0.0003817424339111131,,,,,,
2016-12-13,0.007879940411543234,0.0003820174741367627,,,,,,
2016-12-14,0.011652710427868751,0.0003820174741367627,,,,,,
2016-12-15,0.08110285781452208,0.0003820174741367627,,,,,,
2016-12-16,-0.015518735053073933,0.0004070590009925622,,,,,,
2016-12-19,-0.024722300216054083,0.0003801974218541282,,,,,,
2016-12-20,-0.03164188405973802,0.000330136980511633,,,,,,
2016-12-21,-0.04156887911501378,0.00024373839496770155,,,,,,
2016-12-22,-0.008923753450222217,0.0002397567261856839,,,,,,
2016-12-23,0.004724059705215951,0.00034696862668626957,,,,,,
2016-12-29,0.01953877795590008,0.00034696862668626946,,,,,,
2016-12-30,0.0017248075528579333,0.00034696862668626946,,,,,,
2017-01-04,0.037561319726692445,0.00034696862668626957,,,,,,
2017-01-05,0.02042053962729665,0.00045466690896459625,,,,,,
2017-01-06,0.030642801064487187,0.0004696873718275199,,,,,,
2017-01-09,-0.0015228074004326796,0.0004695714247085793,,,,,,
2017-01-10,-0.04617834413348987,0.0003629494513630284,,,,,,
2017-01-11,-0.03965073040989183,0.00028434043026113234,,,,,,
2017-01-12,-0.012883658480121933,0.0004484297696047642,,,,,,
2017-01-13,0.01722793429301593,0.0004484297696047642,,,,,,
2017-01-18,-0.010054054509151764,0.0004433755690011145,,,,,,
2017-01-19,-0.002345379396385917,0.0004431005287754649,,,,,,
2017-01-20,0.007490022709295466,0.00048344397000086616,,,,,,
2017-01-23,0.010669408987702566,0.0004972729663682022,0.0004406470351246939,1.0,0.0004890226431997356,1.0,0.0005363633415221699,0.0
2017-01-24,-0.027233466080605617,0.0004601898826300275,0.0004406470351246939,1.0,0.0004890226431997356,0.0,0.0005324189761454984,0.0
2017-01-25,-0.008600031697850034,0.00047444917913559573,0.0004406470351246939,1.0,0.00048257635122710027,0.0,0.0005320746245290317,0.0
2017-01-26,0.0290609484921918,0.00047444917913559573,0.0004406470351246939,1.0,0.0004781745367327484,0.0,0.0005319416232649903,0.0
2017-01-27,0.0042387596142442,0.0004887885648854273,0.0004406470351246939,1.0,0.00047444917913559573,1.0,0.00052168945664135,0.0
2017-01-30,0.026563716261100146,0.000489202968382432,0.0004406470351246939,1.0,0.00047444917913559573,1.0,0.0005161690592286208,0.0
2017-01-31,-0.046305917656512464,0.00038199106788184623,0.0004406470351246939,0.0,0.00047444917913559573,0.0,0.0005161690592286207,0.0
2017-02-01,0.008211223060007817,0.00038199106788184623,0.0004398277674566665,0.0,0.0004740535064232125,0.0,0.0005105578398089293,0.0
2017-02-02,0.012451371247506749,0.00038283823962245603,0.0004398272886396319,0.0,0.00047191412682444746,0.0,0.0005008651730279764,0.0
2017-02-03,0.019059528727330983,0.00041243563880682184,0.00043756716130341445,0.0,0.0004696641824037318,0.0,0.0004952254735293035,0.0
2017-02-06,-0.04641083543275789,0.000344857337479461,0.0004302883719207909,0.0,0.0004694417262453033,0.0,0.000494122977385281,0.0
2017-02-07,-0.01733231828863275,0.0003298368746165373,0.00042720328965466817,0.0,0.000467176322439765,0.0,0.000494122977385281,0.0
2017-02-08,0.016363132461853818,0.0003298368746165373,0.0004233052971096922,0.0,0.00045956361042993074,0.0,0.0004932045189413691,0.0
2017-02-09,0.05974482009220424,0.0003298368746165373,0.00041504319704921985,0.0,0.0004565801990965541,0.0,0.0004912197400127709,0.0
2017-02-10,0.011561482343900817,0.00032983687461653725,0.00041249887218864836,0.0,0.0004534194810926299,0.0,0.0004896279884733893,0.0
2017-02-13,-0.05871776087952482,0.0001574481024812845,0.0004101541297152336,0.0,0.0004484297696047642,0.0,0.0004889336061093789,0.0
2017-02-14,0.007040919817793233,0.00027933354323851693,0.0004093936266847042,0.0,0.00044741892948403433,0.0,0.0004853145782104625,0.0
2017-02-15,0.004737220043747484,0.00041308071243980986,0.0004093936266847042,1.0,0.00044332056095598455,0.0,0.0004806242089861269,0.0
2017-02-16,0.0069334371873917165,0.00041469585938229707,0.0004093936266847042,1.0,0.000442446263801926,0.0,0.0004806242089861269,0.0
2017-02-17,-0.02840543653084783,0.0003754417134163468,0.0004093936266847042,0.0,0.000442446263801926,0.0,0.0004806242089861269,0.0
2017-02-22,-0.016630692329146237,0.0003616127170490106,0.0004093936266847042,0.0,0.000442446263801926,0.0,0.0004806242089861269,0.0
2017-02-23,0.022067913946748396,0.00037030824047786637,0.0004093936266847042,0.0,0.000442446263801926,0.0,0.0004806242089861269,0.0
2017-02-24,-0.018951160263039037,0.00036386213966396904,0.0004093936266847042,0.0,0.000442446263801926,0.0,0.0004806242089861269,0.0
2017-02-27,0.015665295559311183,0.000364859136666741,0.0004093936266847042,0.0,0.000442446263801926,0.0,0.0004806242089861269,0.0
2017-02-28,-0.0169348077933182,0.0003505197509169095,0.0004093936266847042,0.0,0.000442446263801926,0.0,0.0004806242089861269,0.0
2017-03-01,-0.002878900821510233,0.0003501053474199049,0.0004093936266847042,0.0,0.000442446263801926,0.0,0.0004806242089861269,0.0
2017-03-02,0.012209277237003999,0.0003501053474199049,0.0004093936266847042,0.0,0.000442446263801926,0.0,0.0004806242089861269,0.0
2017-03-03,0.025497410619166497,0.0003501053474199049,0.0004093936266847042,0.0,0.000442446263801926,0.0,0.0004806242089861269,0.0
2017-03-06,-0.0041162403734712645,0.0003522200759227299,0.0004093936266847042,0.0,0.000442446263801926,0.0,0.0004806242089861269,0.0
2017-03-07,-0.02432998116907033,0.000322622676738364,0.0004093936266847042,0.0,0.000442446263801926,0.0,0.0004806242089861269,0.0
2017-03-08,-0.028326659157396534,0.000283281782306877,0.0004093936266847042,0.0,0.000442446263801926,0.0,0.0004806242089861269,0.0
2017-03-09,0.01233590382646005,0.000283281782306877,0.0004093936266847042,0.0,0.000442446263801926,0.0,0.0004806242089861269,0.0
2017-03-10,0.0294150826015834,0.000283281782306877,0.0004093936266847042,0.0,0.000442446263801926,0.0,0.0004806242089861269,0.0
2017-03-13,0.04625397918180493,0.00028336341187566163,0.0004093936266847042,0.0,0.000442446263801926,0.0,0.0004806242089861269,0.0
2017-03-14,0.016906170038245634,0.00028337065950446533,0.0004093936266847042,0.0,0.000442446263801926,0.0,0.0004806242089861269,0.0
2017-03-15,0.030410354839112433,0.00032771538441750793,0.0004093936266847042,0.0,0.000442446263801926,0.0,0.0004806242089861269,0.0
2017-03-16,-0.04937315885321345,0.00020582994366027545,0.0004093936266847042,0.0,0.000442446263801926,0.0,0.0004806242089861269,0.0
2017-03-17,-0.05171985483376628,8.531079639948174e-05,0.0004093936266847042,0.0,0.000442446263801926,0.0,0.0004806242089861269,0.0
2017-03-20,-0.005683567440415067,8.369564945699444e-05,0.0004093936266847042,0.0,0.000442446263801926,0.0,0.0004806242089861269,0.0
2017-03-21,-0.004667537379498683,0.00010565720339641043,0.0004093936266847042,0.0,0.000442446263801926,0.0,0.0004806242089861269,0.0
2017-03-22,0.024445085053013484,0.00010974279849907816,0.0004093936266847042,0.0,0.000442446263801926,0.0,0.0004806242089861269,0.0
2017-03-23,-0.013187511841781048,0.00010250009489301448,0.0004093936266847042,0.0,0.000442446263801926,0.0,0.0004806242089861269,0.0
2017-03-24,-0.015173149278822901,9.103831311695034e-05,0.0004093936266847042,0.0,0.000442446263801926,0.0,0.0004806242089861269,0.0
2017-03-27,-0.004465416000266817,9.004131611417839e-05,0.0004093936266847042,0.0,0.000442446263801926,0.0,0.0004806242089861269,0.0
2017-03-28,0.019937929023851098,9.004131611417839e-05,0.0004093936266847042,0.0,0.000442446263801926,0.0,0.0004806242089861269,0.0
2017-03-29,0.012698823848717481,9.088633914609685e-05,0.0004093936266847042,0.0,0.000442446263801926,0.0,0.0004806242089861269,0.0
2017-03-30,0.015497472498654484,0.00018277077816596308,0.0004093936266847042,0.0,0.000442446263801926,0.0,0.0004806242089861269,0.0
2017-03-31,0.019120384261094567,0.00018277077816596308,0.0004093936266847042,0.0,0.000442446263801926,0.0,0.0004806242089861269,0.0
2017-04-03,-0.007696622952223567,0.00019229992837567356,0.0004093936266847042,0.0,0.000442446263801926,0.0,0.0004806242089861269,0.0
2017-04-04,0.006581395117977466,0.0001922999283756736,0.0004093936266847042,0.0,0.000442446263801926,0.0,0.0004806242089861269,0.0
2017-04-05,-0.003947370059872367,0.0001915208418561947,0.0004093936266847042,0.0,0.000442446263801926,0.0,0.0004806242089861269,0.0
2017-04-06,0.02105151390482543,0.00019152084185619474,0.0004093936266847042,0.0,0.000442446263801926,0.0,0.0004806242089861269,0.0
2017-04-07,0.014332375617986134,0.00019152084185619474,0.0004093936266847042,0.0,0.000442446263801926,0.0,0.0004806242089861269,0.0
2017-04-10,-0.0012777289914894672,0.0001914392122874101,0.0004093936266847042,0.0,0.000442446263801926,0.0,0.0004806242089861269,0.0
2017-04-11,-0.0003807263795337497,0.00019488397851234954,0.0004093936266847042,0.0,0.000442446263801926,0.0,0.0004806242089861269,0.0
2017-04-12,-0.029780773970144767,0.00015053925359930696,0.0004093936266847042,0.0,0.000442446263801926,0.0,0.0004806242089861269,0.0
2017-04-13,0.00035842271352258304,0.00015053925359930696,0.0004093936266847042,0.0,0.000442446263801926,0.0,0.0004806242089861269,0.0
2017-04-19,-0.016265313978217084,0.00013731123165880774,0.0004093936266847042,0.0,0.000442446263801926,0.0,0.0004806242089861269,0.0
2017-04-20,0.01732481280617303,0.00013731123165880774,0.0004093936266847042,0.0,0.000442446263801926,0.0,0.0004806242089861269,0.0
2017-04-21,-0.02147130606128415,0.00027137183791441094,0.0004093936266847042,0.0,0.000442446263801926,0.0,0.0004806242089861269,0.0
2017-04-24,-0.009039463593231297,0.0003183651066022019,0.0004093936266847042,0.0,0.000442446263801926,0.0,0.0004806242089861269,0.0
2017-04-25,-0.005390398543321468,0.0003290619344266528,0.0004093936266847042,0.0,0.000442446263801926,0.0,0.0004806242089861269,0.0
2017-04-26,-0.0009943960559861663,0.00033755313515840567,0.0004093936266847042,0.0,0.000442446263801926,0.0,0.0004806242089861269,0.0
2017-04-27,0.021823153102290566,0.0003593482892696374,0.0004093936266847042,0.0,0.000442446263801926,0.0,0.0004806242089861269,0.0
2017-04-28,0.00236298721797025,0.00041766996660167345,0.0004093936266847042,1.0,0.000442446263801926,0.0,0.0004806242089861269,0.0
2017-05-01,-0.004111016983468816,0.00041796244413499166,0.0004101541297152336,1.0,0.000442446263801926,0.0,0.0004806242089861269,0.0
2017-05-02,-0.042868272421422875,0.00035145509480981584,0.00041249887218864836,0.0,0.000442446263801926,0.0,0.0004806242089861269,0.0
2017-05-03,0.00027669593315446644,0.0003514550948098158,0.00041249887218864836,0.0,0.000442446263801926,0.0,0.0004806242089861269,0.0
2017-05-04,-0.015805727096938768,0.0003498954851085688,0.00041249887218864836,0.0,0.000442446263801926,0.0,0.0004806242089861269,0.0
2017-05-05,0.004043525726303033,0.00039220920466051057,0.00041249887218864836,0.0,0.000442446263801926,0.0,0.0004806242089861269,0.0
2017-05-08,0.01489298717006545,0.0003922092046605106,0.00041249887218864836,0.0,0.000442446263801926,0.0,0.0004806242089861269,0.0
2017-05-09,0.007760449310017083,0.00039220920466051057,0.00041249887218864836,0.0,0.000442446263801926,0.0,0.0004806242089861269,0.0
2017-05-10,0.012724580622494016,0.00039220920466051057,0.00041249887218864836,0.0,0.000442446263801926,0.0,0.0004806242089861269,0.0
2017-05-11,0.025500378520091016,0.0004212534509740608,0.00041249887218864836,1.0,0.000442446263801926,0.0,0.0004806242089861269,0.0
2017-05-12,-0.008309047904234384,0.0006209754084861986,0.00041278660736054836,1.0,0.000442446263801926,1.0,0.0004806242089861269,1.0
2017-05-15,0.016335680912469033,0.0006989777287473865,0.00041348449917543166,1.0,0.00044332056095598455,1.0,0.0004853145782104625,1.0
2017-05-16,0.01908298973300989,0.0006989777287473865,0.00041543938618714116,1.0,0.00044741892948403433,1.0,0.0004889336061093789,1.0
2017-05-17,0.042590754662802106,0.0006991983983877796,0.000417743085985003,1.0,0.0004484297696047642,1.0,0.0004896279884733893,1.0
2017-05-18,0.0478944934649059,0.0007047577510547896,0.00041878519584475894,1.0,0.0004534194810926299,1.0,0.0004912197400127709,1.0
2017-05-19,-0.05605558945448171,0.0005606372634438095,0.00042146685602916954,1.0,0.0004565801990965541,1.0,0.0004932045189413691,1.0
2017-05-22,-0.03196212251727307,0.0005095583996533508,0.0004233052971096922,1.0,0.00045956361042993074,1.0,0.000494122977385281,1.0
2017-05-23,-0.015588231232082117,0.0005019747655523462,0.00042720328965466817,1.0,0.00046769511629286907,1.0,0.000494122977385281,1.0
2017-05-24,-0.013069538559230652,0.0005199250792050932,0.0004302883719207909,1.0,0.0004696641824037318,1.0,0.0004952254735293035,1.0
2017-05-25,-0.020878292129018452,0.0004982365058078283,0.00043756716130341445,1.0,0.00047191412682444746,1.0,0.0004989185960826526,0.0
2017-05-31,-0.03415308985495637,0.00043991482847579216,0.0004398272886396319,1.0,0.0004740535064232125,0.0,0.0004995448967184096,0.0
2017-06-01,-0.004769697192142534,0.0004387773279105556,0.0004398277674566665,0.0,0.0004740535064232125,0.0,0.0004995448967184096,0.0
2017-06-02,-0.022528688241746513,0.00041340023821586513,0.0004398277674566665,0.0,0.0004740535064232125,0.0,0.0004995448967184096,0.0
2017-06-05,0.011038479890171482,0.00042322248319854396,0.0004398277674566665,0.0,0.0004740535064232125,0.0,0.0004995448967184096,0.0
2017-06-06,-0.014786102090746002,0.00041422171180562376,0.0004398277674566665,0.0,0.0004740535064232125,0.0,0.0004995448967184096,0.0
2017-06-07,-0.02909079564121333,0.000371907992253682,0.0004398277674566665,0.0,0.0004740535064232125,0.0,0.0004995448967184096,0.0
2017-06-08,0.0001660898241522673,0.000371907992253682,0.0004398277674566665,0.0,0.0004740535064232125,0.0,0.0004995448967184096,0.0
2017-06-09,0.017802734350082384,0.000371907992253682,0.0004398277674566665,0.0,0.0004740535064232125,0.0,0.0004995448967184096,0.0
2017-06-12,0.11735434104799476,0.00037192714038667524,0.0004398277674566665,0.0,0.0004740535064232125,0.0,0.0004995448967184096,0.0
2017-06-13,-0.024101554436820133,0.00041865362473038104,0.0004398277674566665,0.0,0.0004740535064232125,0.0,0.0004995448967184096,0.0
2017-06-14,-0.06374542671688392,0.00021570765009949392,0.0004398277674566665,0.0,0.0004740535064232125,0.0,0.0004995448967184096,0.0
2017-06-15,-0.03949742276685605,0.00013770532983830604,0.0004398277674566665,0.0,0.0004740535064232125,0.0,0.0004995448967184096,0.0
2017-06-16,0.01461477345571615,0.000137705329838306,0.0004398277674566665,0.0,0.0004740535064232125,0.0,0.0004995448967184096,0.0
2017-06-19,-0.0021008076560842174,0.00013748466019791289,0.0004398277674566665,0.0,0.0004740535064232125,0.0,0.0004995448967184096,0.0
2017-06-20,-0.010544527174804934,0.00022404008987452934,0.0004398277674566665,0.0,0.0004740535064232125,0.0,0.0004995448967184096,0.0
2017-06-21,-0.016118913017626184,0.00031216287198703477,0.0004398277674566665,0.0,0.0004740535064232125,0.0,0.0004995448967184096,0.0
2017-06-22,0.032093618602034836,0.00032394515441032693,0.0004398277674566665,0.0,0.0004740535064232125,0.0,0.0004995448967184096,0.0
2017-06-23,-0.009556164027724164,0.00031937914086408847,0.0004398277674566665,0.0,0.0004740535064232125,0.0,0.0004995448967184096,0.0
2017-06-26,-0.023017799877619764,0.00029288818530378083,0.0004398277674566665,0.0,0.0004740535064232125,0.0,0.0004995448967184096,0.0
2017-06-27,-0.0014600048901758356,0.0002927816045898139,0.0004398277674566665,0.0,0.0004740535064232125,0.0,0.0004995448967184096,0.0
2017-06-28,0.019621333361240032,0.00029278160458981396,0.0004398272886396319,0.0,0.00047191412682444746,0.0,0.0004976102051720714,0.0
2017-06-29,0.034061470518891995,0.00029278160458981396,0.00043903981809282467,0.0,0.0004696641824037318,0.0,0.0004952254735293035,0.0
2017-06-30,0.02559898006850395,0.00029278160458981396,0.0004373046711211454,0.0,0.00046769511629286907,0.0,0.000494122977385281,0.0
2017-07-06,-0.014015880266810799,0.0002875933248032151,0.0004302883719207909,0.0,0.00045956361042993074,0.0,0.000494122977385281,0.0
2017-07-07,-0.006213967104802018,0.00030572406701290694,0.00042720328965466817,0.0,0.0004565801990965541,0.0,0.000494122977385281,0.0
2017-07-10,0.009441211722236735,0.0003114555388272357,0.00042414185611272824,0.0,0.0004534194810926299,0.0,0.000494122977385281,0.0
2017-07-11,0.027015073526082917,0.00031465535780731134,0.00042238592419550794,0.0,0.0004484297696047642,0.0,0.0004917142945594928,0.0
2017-07-12,0.024306974548884235,0.00031465535780731134,0.00042146685602916954,0.0,0.00044741892948403433,0.0,0.0004896279884733893,0.0
2017-07-13,-0.000618839769135833,0.0003146362096743182,0.000419303581291301,0.0,0.00044332056095598455,0.0,0.0004889336061093789,0.0
2017-07-14,-0.038928326616297304,0.00023904692316559887,0.000418135239283839,0.0,0.00044332056095598455,0.0,0.0004889336061093789,0.0
2017-07-17,-0.002135400360559433,0.0002396825566068142,0.000417743085985003,0.0,0.00044332056095598455,0.0,0.0004889336061093789,0.0
2017-07-18,0.03164174032924507,0.0002396825566068142,0.000417743085985003,0.0,0.00044332056095598455,0.0,0.0004889336061093789,0.0
2017-07-19,0.04260261983549817,0.0002396825566068142,0.00041543938618714116,0.0,0.0004424633887155304,0.0,0.0004889336061093789,0.0
2017-07-20,0.03452499894464963,0.0002442314037781088,0.0004143402486997921,0.0,0.00043989770356218775,0.0,0.0004853145782104625,0.0
2017-07-21,-0.042921971609800595,0.00015211662143448237,0.0004136056066133048,0.0,0.00043982882085414254,0.0,0.0004775973559384403,0.0
2017-07-24,-0.04496971201953496,5.1002871478487035e-05,0.00041316059388382366,0.0,0.000439827288639632,0.0,0.00047444917913559573,0.0
2017-07-25,-0.015350754003170116,3.9220589055194854e-05,0.00041259690721506885,0.0,0.00043961729649381664,0.0,0.00047316324282035006,0.0
2017-07-26,0.014588762410011634,0.00018888963008063938,0.00040876571328499954,0.0,0.00043838461943337953,0.0,0.0004706615771386757,0.0
2017-07-27,0.0099884995744199,0.00019934198432061434,0.000407179851938853,0.0,0.00043409552505944916,0.0,0.0004696120062002085,0.0
2017-07-28,0.006161999275557766,0.0002000684430286644,0.000404776072760616,0.0,0.0004229994007977344,0.0,0.0004634734223575206,0.0
2017-07-31,0.001683258761210616,0.0002000684430286644,0.000404776072760616,0.0,0.0004229994007977344,0.0,0.0004634734223575206,0.0
2017-08-01,0.005239267858613651,0.0002000684430286644,0.000404776072760616,0.0,0.0004229994007977344,0.0,0.0004634734223575206,0.0
2017-08-02,0.006899893974047849,0.0002000684430286644,0.000404776072760616,0.0,0.0004229994007977344,0.0,0.0004634734223575206,0.0
2017-08-03,-0.009627009084944283,0.0001954344778325844,0.000404776072760616,0.0,0.0004229994007977344,0.0,0.0004634734223575206,0.0
2017-08-04,-0.020030682249324364,0.0003691447560233862,0.000404776072760616,0.0,0.0004229994007977344,0.0,0.0004634734223575206,0.0
2017-08-07,-0.01070651373167635,0.00041297205303225204,0.000404776072760616,1.0,0.0004229994007977344,0.0,0.0004634734223575206,0.0
2017-08-08,-0.007999773721894499,0.0004196753535692871,0.000407179851938853,1.0,0.0004229994007977344,0.0,0.0004634734223575206,0.0
2017-08-09,0.008072872580925317,0.0004390515375606378,0.00040876571328499954,1.0,0.0004229994007977344,1.0,0.0004634734223575206,0.0
2017-08-10,0.011628068062032567,0.0004390515375606378,0.0004125697423631794,1.0,0.00043409552505944916,1.0,0.0004634734223575206,0.0
2017-08-11,-0.0019049627216130669,0.00043887009341210103,0.0004129992178841415,1.0,0.00043838461943337953,1.0,0.0004634734223575206,0.0
2017-08-14,-0.004156032185171883,0.0004380064632358918,0.00041316059388382366,1.0,0.0004388515403117919,0.0,0.0004634734223575206,0.0
2017-08-15,0.010920395980024299,0.0004380064632358917,0.0004136056066133048,1.0,0.0004388515403117919,0.0,0.0004634734223575206,0.0
2017-08-16,0.018220383979508783,0.0004380064632358918,0.0004143402486997921,1.0,0.0004388515403117919,0.0,0.0004634734223575206,0.0
2017-08-17,-0.009538183444759867,0.00043345761606459717,0.00041543938618714116,1.0,0.0004388515403117919,0.0,0.0004634734223575206,0.0
2017-08-18,0.0016300992863462836,0.0004334576160645973,0.000417743085985003,1.0,0.0004388515403117919,0.0,0.0004634734223575206,0.0
2017-08-21,0.020018527526301347,0.00043345761606459717,0.000418135239283839,1.0,0.0004388515403117919,0.0,0.0004634734223575206,0.0
2017-08-22,0.020824898777969367,0.00043345761606459717,0.00041890905694010755,1.0,0.0004388515403117919,0.0,0.0004634734223575206,0.0
2017-08-23,-0.05471179781828495,0.0002870096337154619,0.00042006987792048053,0.0,0.0004388515403117919,0.0,0.0004634734223575206,0.0
2017-08-24,-0.014458460664935916,0.000276557279475487,0.00041890905694010755,0.0,0.0004388515403117919,0.0,0.0004634734223575206,0.0
2017-08-25,-0.00381171538300025,0.0004420772983046269,0.000418135239283839,1.0,0.00043862315497562285,1.0,0.0004634734223575206,0.0
2017-08-28,0.012785517721526697,0.0005203497971765386,0.000418135239283839,1.0,0.00043862315497562285,1.0,0.0004634734223575206,1.0
2017-08-29,0.004216719222780551,0.0005619253307095898,0.000418135239283839,1.0,0.00043862315497562285,1.0,0.0004696120062002085,1.0
2017-08-30,0.013264163070294066,0.0006394988307420354,0.000418135239283839,1.0,0.00043862315497562285,1.0,0.0004696120062002085,1.0
2017-08-31,0.035429166577938036,0.0006394988307420353,0.000418135239283839,1.0,0.00043862315497562285,1.0,0.0004696120062002085,1.0
2017-09-01,-0.062252982219243407,0.00044573006789873853,0.000418135239283839,1.0,0.00043862315497562285,1.0,0.0004696120062002085,0.0
2017-09-06,-0.03148293786265651,0.00039617129907554386,0.000418135239283839,0.0,0.00043862315497562285,0.0,0.0004634734223575206,0.0
2017-09-07,-0.014073464049132152,0.00038626817955843317,0.000417743085985003,0.0,0.0004380064632358918,0.0,0.00045659994974749714,0.0
2017-09-08,-0.019685621144048582,0.00037591550133868096,0.00041543938618714116,0.0,0.0004380064632358918,0.0,0.0004506127683807054,0.0
2017-09-11,0.021617902621568697,0.000375915501338681,0.0004143402486997921,0.0,0.0004370966938016329,0.0,0.0004484297696047642,0.0
2017-09-12,0.030457056075962847,0.000375915501338681,0.0004136056066133048,0.0,0.0004334576160645973,0.0,0.0004466749634958475,0.0
2017-09-13,0.023108757754022186,0.0005053181607284482,0.00041316059388382366,1.0,0.00043345761606459717,1.0,0.00044419964361528286,1.0
2017-09-14,0.010067370588124848,0.0005411731548930757,0.00041316059388382366,1.0,0.00043345761606459717,1.0,0.00044419964361528286,1.0
2017-09-15,0.008160200301479016,0.0005411731548930758,0.00041316059388382366,1.0,0.00043345761606459717,1.0,0.00044419964361528286,1.0
2017-09-18,0.005488817509916966,0.0005411731548930758,0.00041316059388382366,1.0,0.00043345761606459717,1.0,0.00044419964361528286,1.0
2017-09-19,0.002374355003118067,0.0005411731548930757,0.00041316059388382366,1.0,0.00043345761606459717,1.0,0.00044419964361528286,1.0
2017-09-20,0.0321463511011694,0.0005469614686860145,0.00041316059388382366,1.0,0.00043345761606459717,1.0,0.00044419964361528286,1.0
2017-09-21,0.020862354737321665,0.0005559887431266643,0.00041316059388382366,1.0,0.00043345761606459717,1.0,0.00044419964361528286,1.0
2017-09-22,-0.008026280179895585,0.0005542529896409243,0.00041316059388382366,1.0,0.00043345761606459717,1.0,0.00044419964361528286,1.0
2017-09-25,0.06476816049675017,0.0005542529896409243,0.0004136056066133048,1.0,0.0004334576160645973,1.0,0.0004466749634958475,1.0
2017-09-26,-0.05766220209759421,0.00038800651210373435,0.0004143402486997921,0.0,0.0004370966938016329,0.0,0.0004484297696047642,0.0
2017-09-27,-0.039565767747362535,0.00031019611979752113,0.0004143402486997921,0.0,0.0004370966938016329,0.0,0.0004484297696047642,0.0
2017-09-28,-0.028835926734908784,0.00026883138147620157,0.0004143402486997921,0.0,0.0004370966938016329,0.0,0.0004484297696047642,0.0
2017-09-29,-0.03938870397269897,0.00019766777186898117,0.0004143402486997921,0.0,0.0004370966938016329,0.0,0.0004484297696047642,0.0
2017-10-02,0.0056904243143971675,0.00019766777186898117,0.0004143402486997921,0.0,0.0004370966938016329,0.0,0.0004484297696047642,0.0
2017-10-03,-0.0002419469435537996,0.00019881272452694677,0.0004143402486997921,0.0,0.0004370966938016329,0.0,0.0004484297696047642,0.0
2017-10-04,0.0200912458964356,0.00019947600180135098,0.0004143402486997921,0.0,0.0004370966938016329,0.0,0.0004484297696047642,0.0
2017-10-05,0.02756120559112495,0.00021100770065565115,0.0004143402486997921,0.0,0.0004370966938016329,0.0,0.0004484297696047642,0.0
2017-10-06,-0.013433916608047316,0.00020198419488405274,0.0004143402486997921,0.0,0.0004370966938016329,0.0,0.0004484297696047642,0.0
2017-10-09,0.030113211808832183,0.0002019841948840527,0.0004143402486997921,0.0,0.0004370966938016329,0.0,0.0004484297696047642,0.0
2017-10-10,0.022446403427686834,0.0002019841948840527,0.0004143402486997921,0.0,0.0004370966938016329,0.0,0.0004484297696047642,0.0
2017-10-11,-0.05087291212222219,7.258153549428563e-05,0.0004143402486997921,0.0,0.0004370966938016329,0.0,0.0004484297696047642,0.0
2017-10-12,-0.026778720717998365,3.672654132965789e-05,0.0004143402486997921,0.0,0.0004370966938016329,0.0,0.0004484297696047642,0.0
2017-10-13,0.006925843394649436,3.672654132965789e-05,0.0004143402486997921,0.0,0.0004370966938016329,0.0,0.0004484297696047642,0.0
2017-10-16,0.003032391124554334,0.0002631508949952429,0.0004143402486997921,0.0,0.0004370966938016329,0.0,0.0004484297696047642,0.0
2017-10-17,0.013306299256863717,0.00028234640554961873,0.0004143402486997921,0.0,0.0004370966938016329,0.0,0.0004484297696047642,0.0
2017-10-18,-0.010759473772391184,0.00033085910137282883,0.0004143402486997921,0.0,0.0004370966938016329,0.0,0.0004484297696047642,0.0
2017-10-19,-0.013436721654220399,0.0003349551001738273,0.0004143402486997921,0.0,0.0004370966938016329,0.0,0.0004484297696047642,0.0
2017-10-20,-0.005450330614869617,0.0003349553039890222,0.0004143402486997921,0.0,0.0004370966938016329,0.0,0.0004484297696047642,0.0
2017-10-23,0.027328463573846315,0.0003349553039890223,0.0004143402486997921,0.0,0.0004370966938016329,0.0,0.0004484297696047642,0.0
2017-10-24,0.009614612799330251,0.0003737670605001442,0.0004143402486997921,0.0,0.0004370966938016329,0.0,0.0004484297696047642,0.0
2017-10-25,-0.003040087385909867,0.00037330495393444573,0.0004143402486997921,0.0,0.0004370966938016329,0.0,0.0004484297696047642,0.0
2017-10-26,-0.0020532667227216826,0.00037309415872271393,0.0004143402486997921,0.0,0.0004370966938016329,0.0,0.0004484297696047642,0.0
2017-10-27,-0.0113224471076046,0.00038559504529662634,0.0004143402486997921,0.0,0.0004370966938016329,0.0,0.0004484297696047642,0.0
2017-10-30,0.04441693363567915,0.00038559504529662634,0.0004143402486997921,0.0,0.0004370966938016329,0.0,0.0004484297696047642,0.0
2017-10-31,-0.004791408089779751,0.00038444716572248603,0.0004143402486997921,0.0,0.0004370966938016329,0.0,0.0004484297696047642,0.0
2017-11-01,-0.0036421896556995486,0.00039438444904725284,0.0004143402486997921,0.0,0.0004370966938016329,0.0,0.0004484297696047642,0.0
2017-11-02,-0.015186638110062533,0.00038588634007050095,0.0004136056066133048,0.0,0.0004370966938016329,0.0,0.0004484297696047642,0.0
2017-11-03,0.003699279738059716,0.00038588634007050095,0.00041316059388382366,0.0,0.0004334576160645973,0.0,0.0004466749634958475,0.0
2017-11-06,0.07444149013003395,0.00038588634007050095,0.0004129992178841415,0.0,0.00043345761606459717,0.0,0.00044419964361528286,0.0
2017-11-07,0.0009790350446161836,0.00038588634007050095,0.0004125697423631794,0.0,0.00043345761606459717,0.0,0.0004431967928544423,0.0
2017-11-08,0.038564117016602936,0.00038588634007050095,0.00040876571328499954,0.0,0.00043141058949138666,0.0,0.0004424354289694202,0.0
2017-11-09,0.015745279644811514,0.00038588634007050095,0.00040876571328499954,0.0,0.00043141058949138666,0.0,0.0004424354289694202,0.0
2017-11-10,0.021515388333327265,0.00038827562559814544,0.00040876571328499954,0.0,0.00043141058949138666,0.0,0.0004424354289694202,0.0
2017-11-13,-0.06729403445560163,0.00016185127193256047,0.00040876571328499954,0.0,0.00043141058949138666,0.0,0.0004424354289694202,0.0
2017-11-14,-0.019593626797699236,0.00017308746954886931,0.00040876571328499954,0.0,0.00043141058949138666,0.0,0.0004424354289694202,0.0
2017-11-15,-0.03295482047171515,0.00013432698312027753,0.00040876571328499954,0.0,0.00043141058949138666,0.0,0.0004424354289694202,0.0
2017-11-16,-0.0162007859325702,0.00019101673795402044,0.00040876571328499954,0.0,0.00043141058949138666,0.0,0.0004424354289694202,0.0
2017-11-17,-0.005450704552191733,0.00019530602226326249,0.0004084031604461271,0.0,0.00043141058949138666,0.0,0.0004424354289694202,0.0
2017-11-20,0.0158841513734445,0.00019530602226326249,0.0004084031604461271,0.0,0.00043141058949138666,0.0,0.0004424354289694202,0.0
2017-11-21,-0.02786099657626122,0.0001564942657521405,0.0004084031604461271,0.0,0.00043141058949138666,0.0,0.0004424354289694202,0.0
2017-11-22,0.003909741776975117,0.00023780532920625227,0.0004084031604461271,0.0,0.00043141058949138666,0.0,0.0004424354289694202,0.0
2017-11-27,0.019701360515412613,0.00023780532920625232,0.0004084031604461271,0.0,0.00043141058949138666,0.0,0.0004424354289694202,0.0
2017-11-28,-0.019447764395496767,0.0002188945522071147,0.0004084031604461271,0.0,0.00043141058949138666,0.0,0.0004424354289694202,0.0
2017-11-29,0.007778738494900951,0.00027374652173125776,0.0004084031604461271,0.0,0.00043141058949138666,0.0,0.0004424354289694202,0.0
2017-11-30,0.0007597638636014503,0.00027374652173125776,0.0004084031604461271,0.0,0.00043141058949138666,0.0,0.0004424354289694202,0.0
2017-12-01,-0.014560604794561949,0.0002908927917885079,0.0004084031604461271,0.0,0.00043141058949138666,0.0,0.0004424354289694202,0.0
2017-12-04,-0.007789210329100516,0.0006297831242199788,0.0004084031604461271,1.0,0.00043141058949138666,1.0,0.0004424354289694202,1.0
2017-12-05,0.0010253253138553667,0.001330490395309376,0.0004125697423631794,1.0,0.00043345761606459717,1.0,0.0004431967928544423,1.0
2017-12-06,0.0004771375022715006,0.001403669684411708,0.0004129992178841415,1.0,0.00043345761606459717,1.0,0.00044419964361528286,1.0
2017-12-07,0.035552228272825066,0.0014036761008159595,0.00041316059388382366,1.0,0.0004334576160645973,1.0,0.0004466749634958475,1.0
2017-12-08,0.00333892422991495,0.0014036761008159595,0.0004136056066133048,1.0,0.0004370966938016329,1.0,0.0004484297696047642,1.0
2017-12-11,0.02391020405552473,0.0014036761008159593,0.0004143402486997921,1.0,0.0004380064632358918,1.0,0.0004506127683807054,1.0
2017-12-12,-0.00691272092253765,0.0014365350275800247,0.00041543938618714116,1.0,0.0004380064632358918,1.0,0.00045659994974749714,1.0
2017-12-13,0.013367295508680098,0.001444057217734112,0.000417743085985003,1.0,0.00043862315497562285,1.0,0.0004634734223575206,1.0
2017-12-14,-0.024670512021717234,0.0014136255095634274,0.000418135239283839,1.0,0.0004388515403117919,1.0,0.0004696120062002085,1.0
2017-12-15,-0.017629817462218384,0.0014026270480392276,0.00041890905694010755,1.0,0.00043901524873093045,1.0,0.0004713540043853464,1.0
2017-12-18,-0.03736657010628381,0.0015086357869147275,0.00042006987792048053,1.0,0.0004390515375606378,1.0,0.00047444917913559573,1.0
2017-12-19,-0.010746900311258334,0.0015028609935997216,0.0004217457090301816,1.0,0.0004397421702927613,1.0,0.0004775973559384403,1.0
2017-12-20,0.02142780270652506,0.0016580863689010135,0.00042578126641505725,1.0,0.00044164480433886,1.0,0.0004853145782104625,1.0
2017-12-21,0.01301479897677379,0.0018448880151916349,0.00043345761606459717,1.0,0.0004428958826812973,1.0,0.0004889336061093789,1.0
2017-12-22,-0.04032643387509285,0.001773286945958891,0.00043345761606459717,1.0,0.00044332056095598455,1.0,0.0004920274676774515,1.0
2017-12-28,0.11572506719034115,0.001773286945958891,0.00043345761606459717,1.0,0.00044525916811921374,1.0,0.0004976102051720714,1.0
2017-12-29,0.009302206274317217,0.001896505736309708,0.0004345948278574209,1.0,0.0004478898292635591,1.0,0.0004995448967184096,1.0
2018-01-11,-0.03312158496332657,0.0018900992394164213,0.0004380064632358917,1.0,0.0004484297696047642,1.0,0.0005031449538639819,1.0
2018-01-12,0.04036874375033063,0.001890099239416421,0.0004380064632358918,1.0,0.0004534194810926299,1.0,0.000506802244352164,1.0
2018-01-17,-0.02355709262893924,0.001907915078506146,0.00043819917940455773,1.0,0.00045908528789694134,1.0,0.0005131867374964606,1.0
2018-01-18,-0.08269509324125818,0.0015711789557909708,0.000438800519285942,1.0,0.00046769511629286907,1.0,0.0005200737304950991,1.0
2018-01-19,-0.11838135588760564,0.0008704716847015741,0.0004389154544492352,1.0,0.0004696641824037318,1.0,0.0005276379723773264,1.0
2018-01-22,-0.03825683967667271,0.0007973106636420422,0.0004390515375606378,1.0,0.0004734968176739806,1.0,0.0005411731548930757,1.0
2018-01-23,-0.0003582290957342171,0.0007973042472377909,0.0004392673602894264,1.0,0.00047444917913559573,1.0,0.0005411731548930757,1.0
2018-01-24,0.0449168290551187,0.0008410706631400757,0.00044045544593300084,1.0,0.00048164501182781217,1.0,0.0005411731548930758,1.0
2018-01-25,0.0382626990458697,0.000842241003772876,0.0004423331059223364,1.0,0.0004877196459085151,1.0,0.0005431990647206044,1.0
2018-01-26,-0.026551162796273235,0.0008073392065567397,0.0004431692888318773,1.0,0.000489120087683031,1.0,0.0005495135010202329,1.0
2018-01-29,-0.012265553517136733,0.0008077423182964378,0.00044396419372552047,1.0,0.0004956589667710483,1.0,0.0005542529896409243,1.0
2018-01-30,0.055242305445856295,0.0008077423182964378,0.00044640499332524494,1.0,0.0004980437979199031,1.0,0.0005548605033609332,1.0
2018-01-31,-0.009531066743399902,0.0008032002566330807,0.0004484297696047642,1.0,0.0005012271136034427,1.0,0.0005576157252376651,1.0
2018-02-01,-0.059299539113030396,0.0006273784896821897,0.0004499890544447222,1.0,0.0005046494816932279,1.0,0.0005610880869868326,1.0
2018-02-02,0.05509438333592798,0.0006273784896821897,0.00045604765238095406,1.0,0.0005087103518683703,1.0,0.0005825928579314025,1.0
2018-02-05,-0.05571810752372915,0.00047215311438089755,0.0004625352681496655,1.0,0.0005178517432947448,0.0,0.0006232164869047955,0.0
2018-02-06,-0.06112309650052444,0.0002853514680902764,0.00046960041148831443,0.0,0.0005178517432947448,0.0,0.0006232164869047955,0.0
2018-02-07,-0.013935561862636267,0.00027890600870161196,0.0004625352681496655,0.0,0.0005178517432947448,0.0,0.0006232164869047955,0.0
2018-02-08,0.015515668823898349,0.0002789060087016119,0.00045136979786108,0.0,0.0005178517432947448,0.0,0.0006232164869047955,0.0
2018-02-09,-0.049642479863684676,0.00015568721835079502,0.00045136979786108,0.0,0.0005178517432947448,0.0,0.0006232164869047955,0.0
2018-02-12,-0.03112731039805917,0.00018057717677834664,0.00045136979786108,0.0,0.0005178517432947448,0.0,0.0006232164869047955,0.0
2018-02-13,0.01705938665385965,0.00021797553072922953,0.00045136979786108,0.0,0.0005178517432947448,0.0,0.0006232164869047955,0.0
2018-02-14,-0.030186973927886915,0.00017285977166535388,0.0004493450215815608,0.0,0.0005178517432947448,0.0,0.0006232164869047955,0.0
2018-02-15,-0.010186068519153199,0.0001721793468160828,0.0004493450215815608,0.0,0.0005178517432947448,0.0,0.0006232164869047955,0.0
2018-02-16,0.019208284827247447,0.0001721793468160828,0.0004493450215815608,0.0,0.0005178517432947448,0.0,0.0006232164869047955,0.0
2018-02-21,-0.0006044508714561492,0.00017216107877328257,0.0004429904907031548,0.0,0.0005178517432947448,0.0,0.0006232164869047955,0.0
2018-02-22,0.047139629685200586,0.0002342343238861437,0.00044045544593300084,0.0,0.0005178517432947448,0.0,0.0006232164869047955,0.0
2018-02-23,-0.029585947982880265,0.00026363169285780906,0.0004392673602894264,0.0,0.0005178517432947448,0.0,0.0006232164869047955,0.0
2018-02-26,-0.004838058769383084,0.0002624613522250089,0.0004390515375606378,0.0,0.0005178517432947448,0.0,0.0006232164869047955,0.0
2018-02-27,-0.0026321666952310832,0.0002909160726706309,0.0004389154544492352,0.0,0.0005178517432947448,0.0,0.0006232164869047955,0.0
2018-02-28,-0.012589918104408232,0.00028317576322932917,0.000438800519285942,0.0,0.0005178517432947448,0.0,0.0006232164869047955,0.0
2018-03-01,0.015149836723909233,0.00028317576322932917,0.00043819917940455773,0.0,0.0005178517432947448,0.0,0.0006232164869047955,0.0
2018-03-02,0.03501209979230504,0.0002831757632293292,0.00043819917940455773,0.0,0.0005178517432947448,0.0,0.0006232164869047955,0.0
2018-03-05,0.017541871897322467,0.0002831757632293292,0.00043819917940455773,0.0,0.0005178517432947448,0.0,0.0006232164869047955,0.0
2018-03-06,0.004336042179519751,0.00036138171853477516,0.00043819917940455773,0.0,0.0005178517432947448,0.0,0.0006232164869047955,0.0
2018-03-07,0.016460185802876132,0.0003613817185347752,0.00043819917940455773,0.0,0.0005178517432947448,0.0,0.0006232164869047955,0.0
2018-03-08,0.004228422275679683,0.0003647656107331628,0.00043819917940455773,0.0,0.0005178517432947448,0.0,0.0006232164869047955,0.0
2018-03-09,-0.0080802658776846,0.00038752474467208944,0.00043819917940455773,0.0,0.0005178517432947448,0.0,0.0006232164869047955,0.0
2018-03-12,0.0190664147776527,0.00040058919676908727,0.00043819917940455773,0.0,0.0005178517432947448,0.0,0.0006232164869047955,0.0
2018-03-13,0.048207406792441614,0.00040059772953315864,0.00043819917940455773,0.0,0.0005178517432947448,0.0,0.0006232164869047955,0.0
2018-03-14,-0.03829763205693212,0.0003272622984747509,0.00043819917940455773,0.0,0.0005178517432947448,0.0,0.0006232164869047955,0.0
2018-03-15,-0.027348986800568267,0.000289863944523868,0.00043819917940455773,0.0,0.0005178517432947448,0.0,0.0006232164869047955,0.0
2018-03-16,-0.002989684539447616,0.0003141856816697615,0.00043819917940455773,0.0,0.0005178517432947448,0.0,0.0006232164869047955,0.0
2018-03-19,-0.009494603461517618,0.00030967830692518836,0.00043819917940455773,0.0,0.0005178517432947448,0.0,0.0006232164869047955,0.0
2018-03-20,0.07021392375305217,0.00030967830692518836,0.00043819917940455773,0.0,0.0005178517432947448,0.0,0.0006232164869047955,0.0
2018-03-21,0.029451467509387468,0.00034650626632976787,0.00043819917940455773,0.0,0.0005178517432947448,0.0,0.0006232164869047955,0.0
2018-03-22,-0.03523442779806737,0.00028443302121690676,0.00043819917940455773,0.0,0.0005178517432947448,0.0,0.0006232164869047955,0.0
2018-03-23,-0.038252786793631186,0.00021854295355062484,0.00043819917940455773,0.0,0.0005178517432947448,0.0,0.0006232164869047955,0.0
2018-03-26,0.0036406486148844327,0.00021854295355062478,0.00043819917940455773,0.0,0.0005178517432947448,0.0,0.0006232164869047955,0.0
2018-03-27,-0.024000473129168216,0.00019182793870643072,0.00043819917940455773,0.0,0.0005178517432947448,0.0,0.0006232164869047955,0.0
2018-03-28,-0.0019234991680972494,0.00019164294625394717,0.00043819917940455773,0.0,0.0005178517432947448,0.0,0.0006232164869047955,0.0
2018-03-29,0.013797891976668317,0.00019192578705979154,0.00043819917940455773,0.0,0.0005178517432947448,0.0,0.0006232164869047955,0.0
2018-04-04,0.0005140647615227492,0.00019192578705979154,0.00043819917940455773,0.0,0.0005178517432947448,0.0,0.0006232164869047955,0.0
2018-04-05,0.034599132697075576,0.00019192578705979154,0.00043819917940455773,0.0,0.0005178517432947448,0.0,0.0006232164869047955,0.0
2018-04-06,-0.0395489457016103,0.0001171480269765506,0.00043819917940455773,0.0,0.0005178517432947448,0.0,0.0006232164869047955,0.0
2018-04-09,0.06447758471028336,0.00011714802697655063,0.00043819917940455773,0.0,0.0005178517432947448,0.0,0.0006232164869047955,0.0
2018-04-10,-0.008226654482093686,0.00011376413477816299,0.00043819917940455773,0.0,0.0005178517432947448,0.0,0.0006232164869047955,0.0
2018-04-11,-0.022813885583841415,0.0001047881682263265,0.00043819917940455773,0.0,0.0005178517432947448,0.0,0.0006232164869047955,0.0
2018-04-12,-0.0161644375695524,9.172371612932864e-05,0.00043819917940455773,0.0,0.0005178517432947448,0.0,0.0006232164869047955,0.0
2018-04-13,-0.0004131044437262316,9.171518336525733e-05,0.00043819917940455773,0.0,0.0005178517432947448,0.0,0.0006232164869047955,0.0
2018-04-16,0.04485945857087386,0.00028183124133287303,0.00043819917940455773,0.0,0.0005178517432947448,0.0,0.0006232164869047955,0.0
2018-04-17,0.030657066783040966,0.00030347075884037614,0.00043819917940455773,0.0,0.0005178517432947448,0.0,0.0006232164869047955,0.0
2018-04-18,-0.022256975458567637,0.00030123382697510464,0.00043819917940455773,0.0,0.0005178517432947448,0.0,0.0006232164869047955,0.0
2018-04-19,1.8914438797716995e-05,0.00030123382697510464,0.00043819917940455773,0.0,0.0005178517432947448,0.0,0.0006232164869047955,0.0
2018-04-20,0.0082550014696659,0.00030123382697510464,0.00043819917940455773,0.0,0.0005178517432947448,0.0,0.0006232164869047955,0.0
2018-04-23,-0.027139623948971545,0.00026440586757052513,0.00043819917940455773,0.0,0.0005178517432947448,0.0,0.0006232164869047955,0.0
2018-04-24,0.013589712731031933,0.0002644058675705252,0.00043819917940455773,0.0,0.0005178517432947448,0.0,0.0006232164869047955,0.0
2018-04-25,-0.012061274565872616,0.00025713215036285685,0.00043819917940455773,0.0,0.0005178517432947448,0.0,0.0006232164869047955,0.0
2018-04-26,0.004690641732500567,0.0005634090349663564,0.00043819917940455773,1.0,0.0005178517432947448,1.0,0.0006232164869047955,0.0
2018-04-27,-0.006459288934553383,0.0005613229142893541,0.000438800519285942,1.0,0.0005202648535822495,1.0,0.0006232164869047955,0.0
2018-04-30,0.008091055327114967,0.0005613229142893541,0.0004389154544492352,1.0,0.0005370084833497686,1.0,0.0006232164869047955,0.0
2018-05-01,-0.002378406213599199,0.0012675067880481283,0.0004390515375606378,1.0,0.0005411731548930757,1.0,0.0006232164869047955,1.0
2018-05-02,0.03319066016790435,0.001273086801707287,0.0004392673602894264,1.0,0.0005411731548930758,1.0,0.0006273784896821897,1.0
2018-05-03,0.03343348670718597,0.0012755379308299459,0.00044045544593300084,1.0,0.0005411731548930758,1.0,0.0006282201117704159,1.0
2018-05-04,-0.008280332387295882,0.0012721097356077407,0.0004429904907031548,1.0,0.0005458038059274268,1.0,0.0006331836215026985,1.0
2018-05-09,0.03853943911191363,0.001272109735607741,0.0004523358295192783,1.0,0.0005527946854499425,1.0,0.0006394988307420353,1.0
2018-05-10,0.0057846448176239506,0.0013048898986741566,0.0004786739622376303,1.0,0.0005542529896409243,1.0,0.000660316445043908,1.0
2018-05-11,-0.018464940952948553,0.0012922049730030214,0.0004991710707439579,1.0,0.0005556415924295163,1.0,0.0006989777287473865,1.0
2018-05-14,0.0544110780695183,0.0012922049730030214,0.0005028106143463718,1.0,0.0005597075593803806,1.0,0.0006990549631215241,1.0
2018-05-15,0.031601324790839984,0.0012922144891491863,0.0005063782204596738,1.0,0.0005611857841202453,1.0,0.0007011441718212331,1.0
2018-05-16,-0.06166296424396345,0.0011361535034911817,0.0005121500695412864,1.0,0.0005613229142893541,1.0,0.0007371490247188395,1.0
2018-05-17,-0.02080361387235548,0.0011145139859836787,0.0005200312586979546,1.0,0.0005618048474255427,1.0,0.0007973064929792788,1.0
2018-05-18,-0.021228149218852133,0.0014045748560166404,0.0005255556366056728,1.0,0.0005631122941150031,1.0,0.0007993720211889057,1.0
2018-05-21,0.04171334672625062,0.0015767389437423504,0.0005411731548930757,1.0,0.0006094621337822308,1.0,0.0008046488891063613,1.0
2018-05-22,0.000556243110352816,0.0015782970305965268,0.0005411731548930757,1.0,0.0006260978734429916,1.0,0.0008074802956656341,1.0
2018-05-23,0.012703415638312503,0.0015987140751512392,0.0005411731548930758,1.0,0.0006273784896821897,1.0,0.0008077423182964378,1.0
2018-05-24,0.011782397105507901,0.0015987140751512392,0.0005426202333413105,1.0,0.0006293021973124209,1.0,0.0008194072389917108,1.0
2018-05-25,0.020265022540351067,0.0015987140751512392,0.0005487843489247419,1.0,0.0006375556894376241,1.0,0.0008414802823615558,1.0
2018-05-30,-0.07826581432573221,0.0012924371905477393,0.0005542529896409243,1.0,0.0006394988307420354,1.0,0.0008521217420979202,1.0
2018-05-31,0.052439992382098406,0.0012924371905477393,0.0005546869280123593,1.0,0.000687081949146317,1.0,0.0009558864901503093,1.0
2018-06-01,0.015053406902486901,0.0012924371905477393,0.0005571508732059505,1.0,0.0006989777287473865,1.0,0.0011220878171113047,1.0
2018-06-04,-0.11886687634194974,0.0005859704759831208,0.0005608086761551957,1.0,0.000699154264459701,0.0,0.0011821271530861122,0.0
2018-06-05,-0.010564103046788868,0.0005804514590144391,0.0005613229142893541,1.0,0.000699154264459701,0.0,0.0011821271530861122,0.0
2018-06-06,-0.007001612846564583,0.0007340008001139422,0.0005614735183944131,1.0,0.000699154264459701,1.0,0.0011821271530861122,0.0
2018-06-07,0.043159367836032324,0.0007340008001139424,0.0005622962567737815,1.0,0.0007036458805213877,1.0,0.0011821271530861122,0.0
2018-06-08,0.009027059418389884,0.0007340008001139422,0.0005676696409783771,1.0,0.000728152190302112,1.0,0.0011821271530861122,0.0
2018-06-11,-0.025604750757004385,0.000776104834468932,0.0005818312132566095,1.0,0.0007340008001139422,1.0,0.0011821271530861122,0.0
2018-06-12,-0.009341066907648618,0.0007988252431687878,0.0005947217091088902,1.0,0.0007340008001139424,1.0,0.0011821271530861122,0.0
2018-06-13,0.0320338990894768,0.0007988252431687878,0.0006225761787851964,1.0,0.0007676840275979346,1.0,0.0011821271530861122,0.0
2018-06-14,-0.0004362601555218,0.0007988157270226229,0.0006273784896821897,1.0,0.0007930643646840193,1.0,0.0011821271530861122,0.0
2018-06-15,-0.0260979203422845,0.000814093068454858,0.000627979648316637,1.0,0.0007973093803611919,1.0,0.0011821271530861122,0.0
2018-06-18,0.1490948788529855,0.0008600901441090684,0.000627979648316637,1.0,0.0007985147143465068,1.0,0.0011821271530861122,0.0
2018-06-19,-0.07906865194194906,0.0005474975581132143,0.000627979648316637,0.0,0.0007988233399395549,0.0,0.0011821271530861122,0.0
2018-06-20,-0.058679483250231514,0.0003753334703875042,0.0006273784896821897,0.0,0.0007988233399395549,0.0,0.0011821271530861122,0.0
2018-06-21,-0.005582269886302949,0.000373775383533328,0.000596322479407888,0.0,0.0007988233399395549,0.0,0.0011821271530861122,0.0
2018-06-22,-0.020207446426855735,0.00035427837338554484,0.000596322479407888,0.0,0.0007988233399395549,0.0,0.0011821271530861122,0.0
2018-06-25,0.021498355848210898,0.00035427837338554484,0.000596322479407888,0.0,0.0007988233399395549,0.0,0.0011821271530861122,0.0
2018-06-26,0.014539293030300866,0.00035427837338554484,0.000596322479407888,0.0,0.0007988233399395549,0.0,0.0011821271530861122,0.0
2018-06-27,0.004426910715636769,0.00039254494453964223,0.000596322479407888,0.0,0.0007988233399395549,0.0,0.0011821271530861122,0.0
2018-06-28,0.03577091703326907,0.00039254494453964223,0.000596322479407888,0.0,0.0007988233399395549,0.0,0.0011821271530861122,0.0
2018-06-29,0.051512576561545564,0.0011256287244498047,0.000596322479407888,1.0,0.0007988233399395549,1.0,0.0011821271530861122,0.0
2018-07-02,0.031003812382403198,0.0011256287244498047,0.0006273784896821897,1.0,0.0007988252431687878,1.0,0.0011821271530861122,0.0
2018-07-03,-0.0011045061383005332,0.0011255677277593273,0.000627979648316637,1.0,0.0008023252539402221,1.0,0.0011821271530861122,0.0
2018-07-06,-0.05585704435828339,0.0009859664682848697,0.0006322120508504929,1.0,0.000806511416572008,1.0,0.0011821271530861122,0.0
2018-07-09,0.020757449940738203,0.0009859664682848697,0.0006394988307420353,1.0,0.0008076616959484981,1.0,0.0011821271530861122,0.0
2018-07-10,0.02215079161995623,0.0009859664682848697,0.0006631243230850122,1.0,0.0008077423182964378,1.0,0.0011821271530861122,0.0
2018-07-11,-0.03869992181423768,0.0009646332392517339,0.0007340008001139422,1.0,0.000812822918423174,1.0,0.0011821271530861122,0.0
2018-07-12,-0.023273669778749683,0.0009459128639177245,0.0007340008001139422,1.0,0.0008356751442030325,1.0,0.0011821271530861122,0.0
2018-07-13,0.025427584208947068,0.000946617667521549,0.0007445268087026898,1.0,0.0008420069356463159,1.0,0.0011821271530861122,0.0
2018-07-16,0.015558539821415392,0.000961101771733204,0.0007814046876611467,1.0,0.0008565203160418301,1.0,0.0011821271530861122,0.0
2018-07-17,-0.03141095787837309,0.0009117693579913575,0.0007973058513388537,1.0,0.0008683953765830731,1.0,0.0011821271530861122,0.0
2018-07-18,-0.030330537632627098,0.0008726600626863809,0.0007976869294871874,1.0,0.0009035098233334013,0.0,0.0011821271530861122,0.0
2018-07-19,0.0016956229573227837,0.000872660062686381,0.0007988181060591641,1.0,0.0009039474989303626,0.0,0.0011821271530861122,0.0
2018-07-20,0.009317272705236383,0.0008726600626863809,0.0007988252431687878,1.0,0.0009039474989303626,0.0,0.0011821271530861122,0.0
2018-07-23,0.011719717363734637,0.0008780519476325056,0.0007999189965348611,1.0,0.0009039474989303626,0.0,0.0011821271530861122,0.0
2018-07-24,-0.00428960232872255,0.0008802751074270986,0.0008042349941139955,1.0,0.0009050258759195875,0.0,0.0011821271530861122,0.0
2018-07-25,0.020588242708392403,0.0008802751074270986,0.0008074399844916643,1.0,0.0009054705078785061,0.0,0.0011821271530861122,0.0
2018-07-26,0.022560160557575787,0.0008923002130174576,0.0008077423182964378,1.0,0.0009054705078785061,0.0,0.0011821271530861122,0.0
2018-07-27,-0.02766462403651905,0.0008540336418633602,0.0008093300058360428,1.0,0.0009078755289965777,0.0,0.0011821271530861122,0.0
2018-07-30,0.1028892329835655,0.0008540336418633602,0.0008208374671261624,1.0,0.0009078755289965777,0.0,0.0011821271530861122,0.0
2018-07-31,-0.1210854062148005,0.0001209498619531978,0.0008413632482982757,0.0,0.0009078755289965777,0.0,0.0011821271530861122,0.0
2018-08-01,0.001285818930039415,0.0001320499270885695,0.0008413632482982757,0.0,0.0009078755289965777,0.0,0.0011821271530861122,0.0
2018-08-02,0.016939925815867334,0.00015308540177269055,0.0008413632482982757,0.0,0.0009078755289965777,0.0,0.0011821271530861122,0.0
2018-08-03,-0.018110334479354083,0.00023326867417515748,0.0008413632482982757,0.0,0.0009078755289965777,0.0,0.0011821271530861122,0.0
2018-08-06,0.0548116210338107,0.0002342616746570306,0.0008413632482982757,0.0,0.0009078755289965777,0.0,0.0011821271530861122,0.0
2018-08-07,0.00242484134408935,0.000330672159786352,0.0008413632482982757,0.0,0.0009078755289965777,0.0,0.0011821271530861122,0.0
2018-08-08,-0.032726432249259814,0.00035051067234090046,0.0008413632482982757,0.0,0.0009078755289965777,0.0,0.0011821271530861122,0.0
2018-08-09,-0.012932756793897417,0.0003462077864061132,0.0008413632482982757,0.0,0.0009078755289965777,0.0,0.0011821271530861122,0.0
2018-08-10,-0.003754473608441833,0.0003455029828022889,0.0008413632482982757,0.0,0.0009078755289965777,0.0,0.0011821271530861122,0.0
2018-08-13,-0.017020049477986285,0.0003310188785906338,0.0008413632482982757,0.0,0.0009078755289965777,0.0,0.0011821271530861122,0.0
2018-08-14,0.012966584287923764,0.00033114730132049726,0.0008413632482982757,0.0,0.0009078755289965777,0.0,0.0011821271530861122,0.0
2018-08-15,-0.011736933457452884,0.0003242595209712634,0.0008413632482982757,0.0,0.0009078755289965777,0.0,0.0011821271530861122,0.0
2018-08-16,0.012935881687595867,0.00033460333293920186,0.0008413632482982757,0.0,0.0009078755289965777,0.0,0.0011821271530861122,0.0
2018-08-17,0.0022903939111495663,0.00033460333293920186,0.0008413632482982757,0.0,0.0009078755289965777,0.0,0.0011821271530861122,0.0
2018-08-20,-0.010384493195264619,0.00032921144799307703,0.0008413632482982757,0.0,0.0009078755289965777,0.0,0.0011821271530861122,0.0
2018-08-21,-0.007928674796612833,0.0003260682537915548,0.0008413632482982757,0.0,0.0009078755289965777,0.0,0.0011821271530861122,0.0
2018-08-22,0.013819106852482518,0.00033212874052636007,0.0008413632482982757,0.0,0.0009078755289965777,0.0,0.0011821271530861122,0.0
2018-08-23,-0.01550813050651745,0.00035778179025725953,0.0008413632482982757,0.0,0.0009078755289965777,0.0,0.0011821271530861122,0.0
2018-08-24,0.00656862594189405,0.00035778179025725953,0.0008413632482982757,0.0,0.0009078755289965777,0.0,0.0011821271530861122,0.0
2018-08-27,0.08150159084008197,0.0003577817902572595,0.0008413632482982757,0.0,0.0009078755289965777,0.0,0.0011821271530861122,0.0
2018-08-28,0.025060414948834753,0.0005277265179142023,0.0008413632482982757,0.0,0.0009078755289965777,0.0,0.0011821271530861122,0.0
2018-08-29,-0.01489970814168635,0.0005176987944955716,0.0008413632482982757,0.0,0.0009078755289965777,0.0,0.0011821271530861122,0.0
2018-08-30,-0.020511204101232583,0.0004966633198114506,0.0008413632482982757,0.0,0.0009078755289965777,0.0,0.0011821271530861122,0.0
2018-08-31,-0.04395053654966478,0.0004000808366612796,0.0008413632482982757,0.0,0.0009078755289965777,0.0,0.0011821271530861122,0.0
2018-09-05,-0.004456457072323534,0.0003990878361794065,0.0008413632482982757,0.0,0.0009078755289965777,0.0,0.0011821271530861122,0.0
2018-09-06,-0.0439113846580409,0.00030437025757820165,0.0008413632482982757,0.0,0.0009078755289965777,0.0,0.0011821271530861122,0.0
2018-09-07,-0.038311742571388745,0.00040360205961991364,0.0008413632482982757,0.0,0.0009078755289965777,0.0,0.0011821271530861122,0.0
2018-09-10,-0.009011019897567382,0.0003995421356401959,0.0008413632482982757,0.0,0.0009078755289965777,0.0,0.0011821271530861122,0.0
2018-09-11,0.031594025513015364,0.0003995421356401959,0.0008413632482982757,0.0,0.0009078755289965777,0.0,0.0011821271530861122,0.0
2018-09-12,0.012901286846027133,0.0004574827952693977,0.0008413632482982757,0.0,0.0009078755289965777,0.0,0.0011821271530861122,0.0
2018-09-13,-0.001602639883838019,0.0007451969737931923,0.0008413632482982757,0.0,0.0009078755289965777,0.0,0.0011821271530861122,0.0
2018-09-14,0.02009495475796588,0.0007634446916188217,0.0008413632482982757,0.0,0.0009078755289965777,0.0,0.0011821271530861122,0.0
2018-09-17,-0.01438319294728295,0.0007531008796508832,0.0008413632482982757,0.0,0.0009078755289965777,0.0,0.0011821271530861122,0.0
2018-09-18,0.03859133548383502,0.0007531008796508832,0.0008413632482982757,0.0,0.0009078755289965777,0.0,0.0011821271530861122,0.0
2018-09-19,0.006460342242439249,0.000792079614403159,0.0008413632482982757,0.0,0.0009078755289965777,0.0,0.0011821271530861122,0.0
2018-09-20,0.008147495513984717,0.000792079614403159,0.0008413632482982757,0.0,0.0009078755289965777,0.0,0.0011821271530861122,0.0
2018-09-21,-0.011009529267689099,0.0007995569331515172,0.0008413632482982757,0.0,0.0009078755289965777,0.0,0.0011821271530861122,0.0
2018-09-24,-0.027451103919973185,0.0007618787778302589,0.0008413632482982757,0.0,0.0009078755289965777,0.0,0.0011821271530861122,0.0
2018-09-25,0.013928758683903766,0.0008035378296892273,0.0008413632482982757,0.0,0.0009078755289965777,0.0,0.0011821271530861122,0.0
2018-09-26,0.015731988776801483,0.0008051110638786647,0.0008413632482982757,0.0,0.0009078755289965777,0.0,0.0011821271530861122,0.0
2018-09-27,-0.05830003904920525,0.0006351663362217216,0.0008413632482982757,0.0,0.0009078755289965777,0.0,0.0011821271530861122,0.0
2018-09-28,-0.004631072698071183,0.0006480469589067964,0.0008413632482982757,0.0,0.0009078755289965777,0.0,0.0011821271530861122,0.0
2018-10-01,0.07053736224374625,0.0006488053124718317,0.0008413632482982757,0.0,0.0009078755289965777,0.0,0.0011821271530861122,0.0
2018-10-02,0.018311337092335716,0.0006681072746562791,0.0008413632482982757,0.0,0.0009078755289965777,0.0,0.0011821271530861122,0.0
2018-10-03,0.006413142351324751,0.0006857439508174368,0.0008413632482982757,0.0,0.0009078755289965777,0.0,0.0011821271530861122,0.0
2018-10-04,-0.0058187739741574,0.0006847668326010127,0.0008413632482982757,0.0,0.0009078755289965777,0.0,0.0011821271530861122,0.0
2018-10-05,-0.05875734558070677,0.0005223283630963773,0.0008413632482982757,0.0,0.0009078755289965777,0.0,0.0011821271530861122,0.0
2018-10-08,0.06160230327643471,0.0005223283630963773,0.0008413632482982757,0.0,0.0009078755289965777,0.0,0.0011821271530861122,0.0
2018-10-09,0.028051833217882394,0.0005239797784588984,0.0008413632482982757,0.0,0.0009078755289965777,0.0,0.0011821271530861122,0.0
2018-10-10,-0.03404134534039505,0.0004679171957434773,0.0008413632482982757,0.0,0.0009078755289965777,0.0,0.0011821271530861122,0.0
2018-10-11,-0.07587392190386075,0.00018007459448981944,0.0008413632482982757,0.0,0.0009078755289965777,0.0,0.0011821271530861122,0.0
2018-10-12,-0.01910377859253475,0.00016182687666419,0.0008413632482982757,0.0,0.0009078755289965777,0.0,0.0011821271530861122,0.0
2018-10-15,0.015663388577679748,0.00016182687666418998,0.0008413632482982757,0.0,0.0009078755289965777,0.0,0.0011821271530861122,0.0
2018-10-16,0.016152310543226283,0.00022591003835256124,0.0008413632482982757,0.0,0.0009078755289965777,0.0,0.0011821271530861122,0.0
2018-10-17,-0.027920864869224852,0.00018693130360028547,0.0008413632482982757,0.0,0.0009078755289965777,0.0,0.0011821271530861122,0.0
2018-10-18,0.0142002571377289,0.00018693130360028547,0.0008413632482982757,0.0,0.0009078755289965777,0.0,0.0011821271530861122,0.0
2018-10-19,-0.01645466832431663,0.0003955713178802686,0.0008413632482982757,0.0,0.0009078755289965777,0.0,0.0011821271530861122,0.0
2018-10-22,0.034647731624236684,0.0003955713178802686,0.0008413632482982757,0.0,0.0009078755289965777,0.0,0.0011821271530861122,0.0
2018-10-23,-0.028864875492185384,0.0004749437019219515,0.0008413632482982757,0.0,0.0009078755289965777,0.0,0.0011821271530861122,0.0
2018-10-24,-0.005609338979661386,0.00047337046773251415,0.0008413632482982757,0.0,0.0009078755289965777,0.0,0.0011821271530861122,0.0
2018-10-25,0.01878498182835475,0.00047337046773251415,0.0008413632482982757,0.0,0.0009078755289965777,0.0,0.0011821271530861122,0.0
2018-10-26,-0.016705067735161016,0.0004594175033306983,0.0008413632482982757,0.0,0.0009078755289965777,0.0,0.0011821271530861122,0.0
2018-10-29,-0.003894492431717567,0.0004587614988445036,0.0008413632482982757,0.0,0.0009078755289965777,0.0,0.0011821271530861122,0.0
2018-10-30,-0.019647881404592903,0.0004851463211839087,0.0008413632482982757,0.0,0.0009078755289965777,0.0,0.0011821271530861122,0.0
2018-10-31,-0.018781201325345335,0.0004675096450227511,0.0008413632482982757,0.0,0.0009078755289965777,0.0,0.0011821271530861122,0.0
2018-11-01,-0.0037836181405963318,0.0004667938567110586,0.0008413632482982757,0.0,0.0009078755289965777,0.0,0.0011821271530861122,0.0
2018-11-02,-0.014270818813154765,0.0004571206050792636,0.0008413632482982757,0.0,0.0009078755289965777,0.0,0.0011821271530861122,0.0
2018-11-05,0.03599924897551895,0.00045712075694180263,0.0008413632482982757,0.0,0.0009078755289965777,0.0,0.0011821271530861122,0.0
2018-11-06,-0.005747025948298934,0.00045546934157928164,0.0008413632482982757,0.0,0.0009078755289965777,0.0,0.0011821271530861122,0.0
2018-11-07,-0.006128746876451668,0.0004762199102644669,0.0008413632482982757,0.0,0.0009078755289965777,0.0,0.0011821271530861122,0.0
2018-11-08,0.008470864117437084,0.0004960005177629559,0.0008413632482982757,0.0,0.0009078755289965777,0.0,0.0011821271530861122,0.0
2018-11-09,0.024498728024086747,0.0005745943940481102,0.0008413632482982757,0.0,0.0009078755289965777,0.0,0.0011821271530861122,0.0
2018-11-12,0.004363843547910233,0.0005745943940481102,0.0008413632482982757,0.0,0.0009078755289965777,0.0,0.0011821271530861122,0.0
2018-11-13,-0.03580032449248783,0.000510511232359739,0.0008413632482982757,0.0,0.0009078755289965777,0.0,0.0011821271530861122,0.0
2018-11-14,0.024598230201489546,0.0005105112323597389,0.0008413632482982757,0.0,0.0009078755289965777,0.0,0.0011821271530861122,0.0
2018-11-15,0.06327976719914817,0.0007278252661654953,0.0008413632482982757,0.0,0.0009078755289965777,0.0,0.0011821271530861122,0.0
2018-11-16,-0.06666000596506823,0.0005857893186800398,0.0008413632482982757,0.0,0.0009078755289965777,0.0,0.0011821271530861122,0.0
2018-11-19,0.019240422937677682,0.0006234584526973928,0.0008413632482982757,0.0,0.0009078755289965777,0.0,0.0011821271530861122,0.0
2018-11-20,-0.04919988534552722,0.000639859673857474,0.0008413632482982757,0.0,0.0009078755289965777,0.0,0.0011821271530861122,0.0
2018-11-21,0.029471540212049768,0.000639859673857474,0.0008413632482982757,0.0,0.0009078755289965777,0.0,0.0011821271530861122,0.0
2018-11-27,0.001965309860620532,0.000639859673857474,0.0008413632482982757,0.0,0.0009078755289965777,0.0,0.0011821271530861122,0.0
2018-11-28,0.005175433852005467,0.0006555762413883374,0.0008413632482982757,0.0,0.0009078755289965777,0.0,0.0011821271530861122,0.0
2018-11-29,-0.001430727638934685,0.0006554738923094969,0.0008413632482982757,0.0,0.0009078755289965777,0.0,0.0011821271530861122,0.0
2018-11-30,-0.030228061308609434,0.0006097871077856443,0.0008413632482982757,0.0,0.0009078755289965777,0.0,0.0011821271530861122,0.0
2018-12-03,0.0042869431181657165,0.0006097871077856443,0.0008413632482982757,0.0,0.0009078755289965777,0.0,0.0011821271530861122,0.0
2018-12-04,0.0227590591514696,0.0006100449054298722,0.0008413632482982757,0.0,0.0009078755289965777,0.0,0.0011821271530861122,0.0
2018-12-07,-0.0031923716829328312,0.0006095353435817725,0.0008413632482982757,0.0,0.0009078755289965777,0.0,0.0011821271530861122,0.0
2018-12-10,-5.511125821236719e-05,0.0006197665854340885,0.0008413632482982757,0.0,0.0009078755289965777,0.0,0.0011821271530861122,0.0
2018-12-11,0.004914545841425649,0.0006197665854340885,0.0008413632482982757,0.0,0.0009078755289965777,0.0,0.0011821271530861122,0.0
2018-12-12,-0.021273761115029047,0.0005971379398351224,0.0008413632482982757,0.0,0.0009078755289965777,0.0,0.0011821271530861122,0.0
2018-12-13,-0.019890001256153332,0.0013892704315715423,0.0008413632482982757,1.0,0.0009078755289965777,1.0,0.0011821271530861122,1.0
2018-12-14,-0.0396469106703547,0.0013109333150715578,0.000845189163295497,1.0,0.0009390841627324515,1.0,0.0012691178196939927,1.0
2018-12-17,0.013466267246815917,0.0013109333150715578,0.0008540336418633602,1.0,0.000946476706800784,1.0,0.0012721097356077407,1.0
2018-12-18,0.000829336605302517,0.0014316842072895006,0.0008555477674247873,1.0,0.0009582049508908732,1.0,0.0012724517087425822,1.0
2018-12-19,0.0023496298049240807,0.0014316842072895004,0.0008626855292571949,1.0,0.000963926945748028,1.0,0.0012739446969002176,1.0
2018-12-20,-0.0659263276401403,0.0012143701734837443,0.0008710187791977758,1.0,0.0009816998224782428,1.0,0.0012813713955905223,0.0
2018-12-21,-0.0400354523585512,0.001134228301206053,0.0008726600626863809,1.0,0.0009859664682848697,1.0,0.0012813713955905223,0.0
2018-12-28,-0.027447817405889714,0.001625878572054319,0.0008726600626863809,1.0,0.0009859664682848697,1.0,0.0012813713955905223,1.0
2019-01-03,-0.05242759904110283,0.0019511135317715207,0.0008740080339229121,1.0,0.0010888044824439184,1.0,0.0012922049730030214,1.0
2019-01-04,0.0035081435262997646,0.001974776115202153,0.0008786077375811538,1.0,0.0011233569794041978,1.0,0.001292208303654179,1.0
2019-01-07,0.02804379027291087,0.001974776115202153,0.0008802751074270986,1.0,0.0011256165251117092,1.0,0.0012922924346386799,1.0
2019-01-08,-0.01772939227997583,0.0020071373287389293,0.0008832813838246884,1.0,0.0011256287244498047,1.0,0.0012924371905477393,1.0
2019-01-09,0.06368586707606018,0.0020071373287389293,0.0008971674992609325,1.0,0.0011325083858548036,1.0,0.0012924371905477393,1.0
2019-01-10,0.03148107683329245,0.0020071373287389293,0.0009203052344729493,1.0,0.001135768463034156,1.0,0.0012967956383919852,1.0
2019-01-11,0.012769619245561884,0.0020074238219373194,0.0009460890648186806,1.0,0.0011987268394852326,1.0,0.001307005094413247,1.0
2019-01-14,-0.0022706723419632685,0.002014037741916058,0.0009502386935744628,1.0,0.0012568794651352522,1.0,0.0013109333150715578,1.0
2019-01-15,0.02136783944446251,0.002015860553349451,0.0009619846386128365,1.0,0.0012711891460958182,1.0,0.0013177782931547942,1.0
2019-01-16,-0.0143048199673082,0.002005629159634596,0.0009619846386128365,1.0,0.0012711891460958182,1.0,0.001338351305846552,1.0
2019-01-17,0.0200780779010395,0.0020056291596345956,0.0009619846386128365,1.0,0.0012711891460958182,1.0,0.001338351305846552,1.0
2019-01-18,0.0026171656643693667,0.0021809474616970906,0.0009619846386128365,1.0,0.0012711891460958182,1.0,0.001338351305846552,1.0
2019-01-23,-0.12742943923873393,0.0013690343624621812,0.0009619846386128365,1.0,0.0012711891460958182,1.0,0.001338351305846552,1.0
2019-01-24,-0.002266097019854633,0.0013687776026770119,0.0009619846386128365,1.0,0.0012711891460958182,1.0,0.0013312686816582756,1.0
2019-01-25,0.03881829836511331,0.0013687776026770119,0.0009619846386128365,1.0,0.0012711891460958182,1.0,0.0013311788157334664,1.0
2019-01-28,-0.04914283105763095,0.0012506937302468124,0.0009619846386128365,1.0,0.0012711891460958182,0.0,0.0013311788157334664,0.0
2019-01-29,0.017042921617040952,0.001250745190764627,0.0009619846386128365,1.0,0.0012641441764878654,0.0,0.0013109333150715578,0.0
2019-01-30,0.1414957857196922,0.001250745190764627,0.0009619846386128365,1.0,0.001250734898661064,1.0,0.001307005094413247,0.0
2019-01-31,0.03484286010891972,0.001250745190764627,0.0009619846386128365,1.0,0.001250734898661064,1.0,0.0012967956383919852,0.0
2019-02-01,-0.1028901749309057,0.0007544315202588905,0.0009619846386128365,0.0,0.001250734898661064,0.0,0.0012924371905477393,0.0
2019-02-04,-0.09619434669230142,0.0002998914829262411,0.0009502386935744628,0.0,0.0012434290188941992,0.0,0.0012924371905477393,0.0
2019-02-05,-0.021754348269085167,0.00037033152358908084,0.0009460890648186806,0.0,0.0011987268394852326,0.0,0.0012922924346386799,0.0
2019-02-06,0.018674825006772647,0.0003818472599236381,0.0009203052344729493,0.0,0.001135768463034156,0.0,0.001292208303654179,0.0
2019-02-07,-0.031008960339759663,0.00033867344291645704,0.0008971674992609325,0.0,0.0011325083858548036,0.0,0.0012922049730030214,0.0
2019-02-08,0.0233051357642077,0.00033867344291645704,0.0008832813838246884,0.0,0.0011256287244498047,0.0,0.0012813713955905223,0.0
2019-02-11,0.033788476065600245,0.00033867344291645704,0.0008802751074270986,0.0,0.0011256165251117092,0.0,0.0012739446969002176,0.0
2019-02-12,-0.0023937134264175168,0.000381960354540538,0.0008786077375811538,0.0,0.0011233569794041978,0.0,0.0012724517087425822,0.0
2019-02-13,-0.011723239844826351,0.0003832058178952278,0.0008740080339229121,0.0,0.0010888044824439184,0.0,0.0012721097356077407,0.0
2019-02-14,-0.0060378993588709,0.000385301824758987,0.0008726600626863809,0.0,0.0009859664682848697,0.0,0.0012691178196939927,0.0
2019-02-15,0.0009515130475942834,0.000385301824758987,0.0008726600626863809,0.0,0.0009859664682848697,0.0,0.0012691178196939927,0.0
2019-02-20,0.013022820079524369,0.0004076381549159134,0.0008726600626863809,0.0,0.0009859664682848697,0.0,0.0012691178196939927,0.0
2019-02-21,-0.059214576256610106,0.00023231985285341876,0.0008726600626863809,0.0,0.0009859664682848697,0.0,0.0012691178196939927,0.0
2019-02-22,0.009296370197615185,0.00023231985285341876,0.0008726600626863809,0.0,0.0009859664682848697,0.0,0.0012691178196939927,0.0
2019-02-25,0.01026815754027175,0.0002524054085899346,0.0008726600626863809,0.0,0.0009859664682848697,0.0,0.0012691178196939927,0.0
2019-02-26,0.0244221069653057,0.0003021713793874047,0.0008726600626863809,0.0,0.0009859664682848697,0.0,0.0012691178196939927,0.0
2019-02-27,-0.007303450948344117,0.0002995043595996613,0.0008726600626863809,0.0,0.0009859664682848697,0.0,0.0012691178196939927,0.0
2019-02-28,-0.0010145000523857498,0.0002994528990818468,0.0008726600626863809,0.0,0.0009859664682848697,0.0,0.0012691178196939927,0.0
2019-03-01,0.028416261534780985,0.0003001603447771073,0.0008726600626863809,0.0,0.0009859664682848697,0.0,0.0012691178196939927,0.0
2019-03-04,0.09330941604702121,0.00030574223981937965,0.0008726600626863809,0.0,0.0009859664682848697,0.0,0.0012691178196939927,0.0
2019-03-05,-0.025692697156928606,0.0002735174839832962,0.0008726600626863809,0.0,0.0009859664682848697,0.0,0.0012691178196939927,0.0
2019-03-06,-0.012749572106768782,0.0002653899045380113,0.0008726600626863809,0.0,0.0009859664682848697,0.0,0.0012691178196939927,0.0
2019-03-07,-0.04338262880312169,0.00017128728044453918,0.0008726600626863809,0.0,0.0009859664682848697,0.0,0.0012691178196939927,0.0
2019-03-08,-0.015176123572610549,0.0001597715441099819,0.0008726600626863809,0.0,0.0009859664682848697,0.0,0.0012691178196939927,0.0
2019-03-11,-0.009903498432835082,0.00017135979166298882,0.0008726600626863809,0.0,0.0009859664682848697,0.0,0.0012691178196939927,0.0
2019-03-12,0.0050732722850132,0.0001835077625140839,0.0008726600626863809,0.0,0.0009859664682848697,0.0,0.0012691178196939927,0.0
2019-03-13,0.012407976156844566,0.00018475009271802552,0.0008726600626863809,0.0,0.0009859664682848697,0.0,0.0012691178196939927,0.0
2019-03-14,-0.029520638483092315,0.00014117668789555396,0.0008726600626863809,0.0,0.0009859664682848697,0.0,0.0012691178196939927,0.0
2019-03-15,-0.0127414135618117,0.0001374747035969297,0.0008726600626863809,0.0,0.0009859664682848697,0.0,0.0012691178196939927,0.0
2019-03-20,-0.00885304275054845,0.00016033123696079142,0.0008726600626863809,0.0,0.0009859664682848697,0.0,0.0012691178196939927,0.0
2019-03-21,0.013427554338312582,0.00016033123696079142,0.0008726600626863809,0.0,0.0009859664682848697,0.0,0.0012691178196939927,0.0
2019-03-22,-0.0211359079090189,0.00013799490680386502,0.0008726600626863809,0.0,0.0009859664682848697,0.0,0.0012691178196939927,0.0
2019-03-25,0.0026066715051301496,0.0001530061233179715,0.0008726600626863809,0.0,0.0009859664682848697,0.0,0.0012691178196939927,0.0
2019-03-26,0.0159990797035004,0.00017523393637526612,0.0008726600626863809,0.0,0.0009859664682848697,0.0,0.0012691178196939927,0.0
2019-03-27,-0.020042732217198232,0.00015514838063875034,0.0008726600626863809,0.0,0.0009859664682848697,0.0,0.0012691178196939927,0.0
2019-03-28,-0.03154868326807638,0.00010538240984128019,0.0008726600626863809,0.0,0.0009859664682848697,0.0,0.0012691178196939927,0.0
2019-03-29,0.0010316988808276673,0.00010621001419575372,0.0008726600626863809,0.0,0.0009859664682848697,0.0,0.0012691178196939927,0.0
2019-04-01,0.061063303654031204,0.00010621001419575372,0.0008726600626863809,0.0,0.0009859664682848697,0.0,0.0012691178196939927,0.0
2019-04-02,-0.003761504207788534,0.00013640454531098107,0.0008726600626863809,0.0,0.0009859664682848697,0.0,0.0012691178196939927,0.0
2019-04-03,-0.010565883817525533,0.00015446213843750765,0.0008726600626863809,0.0,0.0009859664682848697,0.0,0.0012691178196939927,0.0
2019-04-04,-0.003952160229036434,0.0001686835565076389,0.0008726600626863809,0.0,0.0009859664682848697,0.0,0.0012691178196939927,0.0
2019-04-05,0.029022349151214568,0.00017779030558383348,0.0008726600626863809,0.0,0.0009859664682848697,0.0,0.0012691178196939927,0.0
2019-04-08,0.0282267984036958,0.00018753194586523103,0.0008726600626863809,0.0,0.0009859664682848697,0.0,0.0012691178196939927,0.0
2019-04-09,0.002999867615654801,0.00018753194586523106,0.0008726600626863809,0.0,0.0009859664682848697,0.0,0.0012691178196939927,0.0
2019-04-10,-0.018161614252849484,0.0001813405042077486,0.0008726600626863809,0.0,0.0009859664682848697,0.0,0.0012691178196939927,0.0
2019-04-11,-0.0155871555141373,0.00016919253335665358,0.0008726600626863809,0.0,0.0009859664682848697,0.0,0.0012691178196939927,0.0
2019-04-12,-0.0049846368051076,0.0001679502031527119,0.0008726600626863809,0.0,0.0009859664682848697,0.0,0.0012691178196939927,0.0
2019-04-15,0.019737598425172902,0.0001679502031527119,0.0008726600626863809,0.0,0.0009859664682848697,0.0,0.0012691178196939927,0.0
2019-04-16,-0.009397017270423283,0.0001635350064736802,0.0008726600626863809,0.0,0.0009859664682848697,0.0,0.0012691178196939927,0.0
2019-04-17,-0.023141024895632283,0.00013675965481266657,0.0008726600626863809,0.0,0.0009859664682848697,0.0,0.0012691178196939927,0.0
2019-04-18,0.023631781571467003,0.00024950899799408024,0.0008726600626863809,0.0,0.0009859664682848697,0.0,0.0012691178196939927,0.0
2019-04-24,0.0026382071455383995,0.0002643501349674826,0.0008726600626863809,0.0,0.0009859664682848697,0.0,0.0012691178196939927,0.0
2019-04-25,-0.017326982722970816,0.0002523912411166356,0.0008726600626863809,0.0,0.0009859664682848697,0.0,0.0012691178196939927,0.0
2019-04-26,-0.021084502866937416,0.00024043084182686633,0.0008726600626863809,0.0,0.0009859664682848697,0.0,0.0012691178196939927,0.0
2019-04-29,0.016011316148809667,0.0002580726045116429,0.0008726600626863809,0.0,0.0009859664682848697,0.0,0.0012691178196939927,0.0
2019-04-30,0.02940930983538768,0.0002968900279717337,0.0008726600626863809,0.0,0.0009859664682848697,0.0,0.0012691178196939927,0.0
2019-05-01,-0.00406842562786525,0.00047587244931926486,0.0008726600626863809,0.0,0.0009859664682848697,0.0,0.0012691178196939927,0.0
2019-05-02,0.0174010272562822,0.0005673876878722545,0.0008726600626863809,0.0,0.0009859664682848697,0.0,0.0012691178196939927,0.0
2019-05-03,-0.024860400966391468,0.0005366056902827619,0.0008726600626863809,0.0,0.0009859664682848697,0.0,0.0012691178196939927,0.0
2019-05-06,-0.021743729288601337,0.0005129662021139629,0.0008726600626863809,0.0,0.0009859664682848697,0.0,0.0012691178196939927,0.0
2019-05-07,-0.017321891694575448,0.0004979638055200329,0.0008726600626863809,0.0,0.0009859664682848697,0.0,0.0012691178196939927,0.0
2019-05-08,-0.013495739384112734,0.0004988337421076906,0.0008726600626863809,0.0,0.0009859664682848697,0.0,0.0012691178196939927,0.0
2019-05-09,-0.013958252241163717,0.0004899559026714143,0.0008726600626863809,0.0,0.0009859664682848697,0.0,0.0012691178196939927,0.0
2019-05-10,0.008009729622228517,0.000503968633983391,0.0008726600626863809,0.0,0.0009859664682848697,0.0,0.0012691178196939927,0.0
2019-05-13,-0.014353236538135099,0.0005217625187206134,0.0008726600626863809,0.0,0.0009859664682848697,0.0,0.0012691178196939927,0.0
2019-05-14,0.017983951858193965,0.0005237679823157631,0.0008726600626863809,0.0,0.0009859664682848697,0.0,0.0012691178196939927,0.0
2019-05-15,0.0015014499748699998,0.0005286315787611047,0.0008726600626863809,0.0,0.0009859664682848697,0.0,0.0012691178196939927,0.0
2019-05-16,0.015282744480839668,0.0005286315787611047,0.0008726600626863809,0.0,0.0009859664682848697,0.0,0.0012691178196939927,0.0
2019-05-17,0.0036834993122278653,0.0005334956624739039,0.0008726600626863809,0.0,0.0009859664682848697,0.0,0.0012691178196939927,0.0
2019-05-20,0.035090385550680316,0.0005355992412688695,0.0008726600626863809,0.0,0.0009859664682848697,0.0,0.0012691178196939927,0.0
2019-05-21,-0.04748670196621654,0.0004228498980874557,0.0008726600626863809,0.0,0.0009859664682848697,0.0,0.0012691178196939927,0.0
2019-05-22,-0.01722854432237522,0.00048177219181577767,0.0008726600626863809,0.0,0.0009859664682848697,0.0,0.0012691178196939927,0.0
2019-05-23,-0.007813222975519687,0.0004787198691525183,0.0008726600626863809,0.0,0.0009859664682848697,0.0,0.0012691178196939927,0.0
2019-05-24,-0.014329978204816164,0.000468452455384993,0.0008726600626863809,0.0,0.0009859664682848697,0.0,0.0012691178196939927,0.0
2019-05-29,-0.018783909435885066,0.00045081069270021636,0.0008726600626863809,0.0,0.0009859664682848697,0.0,0.0012691178196939927,0.0
2019-05-30,-0.027863030510011235,0.0004119932692401255,0.0008726600626863809,0.0,0.0009859664682848697,0.0,0.0012691178196939927,0.0
2019-05-31,-0.05996832925836848,0.00023218324353812089,0.0008726600626863809,0.0,0.0009859664682848697,0.0,0.0012691178196939927,0.0
2019-06-03,-0.042782061323173685,0.00024033686425475173,0.0008726600626863809,0.0,0.0009859664682848697,0.0,0.0012582227814597166,0.0
2019-06-04,-0.0015490592047770837,0.00024026929234715618,0.0008632326237533965,0.0,0.0009816998224782428,0.0,0.001250745190764627,0.0
2019-06-05,0.0195807545949678,0.00024026929234715618,0.0008555477674247873,0.0,0.000963926945748028,0.0,0.001250745190764627,0.0
2019-06-06,0.017292448311719916,0.00024026929234715618,0.0008540336418633602,0.0,0.0009582049508908732,0.0,0.0012507117414280475,0.0
2019-06-07,-0.01412564027848113,0.00023029260668330377,0.0008240782118069835,0.0,0.000946476706800784,0.0,0.0012270834183508179,0.0
2019-06-10,-0.004156442818375283,0.000229639221396782,0.000807356565022713,0.0,0.0009390841627324515,0.0,0.001163529337988578,0.0
2019-06-11,-0.016740807215888217,0.0002505404471439237,0.0008039311382365866,0.0,0.0009078755289965777,0.0,0.001134902122005848,0.0
2019-06-12,-0.02370428429343745,0.00022244579245071853,0.0008005521572859447,0.0,0.000889895191899386,0.0,0.0011286385763144915,0.0
2019-06-13,-0.006333188131028067,0.00022228594997391457,0.0007990081656644701,0.0,0.0008802751074270986,0.0,0.0011256287244498047,0.0
2019-06-14,-0.009862653238699467,0.0002174223535285731,0.0007988252431687878,0.0,0.00087983047546818,0.0,0.0011255890766009944,0.0
2019-06-17,0.06476044199464072,0.00022285032844736384,0.0007988181060591641,0.0,0.0008769735706432808,0.0,0.0011255890766009944,0.0
2019-06-18,-0.009863147279443114,0.00021798624473456457,0.000793763642558025,0.0,0.000872660062686381,0.0,0.001034826909100929,0.0
2019-06-19,-0.0064862605482135,0.0004966308796690759,0.000792079614403159,0.0,0.0008726600626863809,0.0,0.0009859664682848697,0.0
2019-06-20,0.03256678790788618,0.0005622525560135183,0.0007800985294524887,0.0,0.0008701460789709185,0.0,0.0009859664682848697,0.0
2019-06-21,-0.03840922563700661,0.0004884891253117939,0.0007666097273313494,0.0,0.0008588788436599268,0.0,0.0009720998694133313,0.0
2019-06-24,0.04262509299044695,0.0004884891253117939,0.0007622702562773996,0.0,0.0008540336418633602,0.0,0.0009623377853646895,0.0
2019-06-25,0.012927273918023898,0.0004884891253117939,0.0007562933346517327,0.0,0.0008460455271816602,0.0,0.0009516871039956282,0.0
2019-06-26,0.02337800817295642,0.0004884891253117939,0.0007534335398028851,0.0,0.0008122966675396194,0.0,0.000946159545179063,0.0
2019-06-27,0.018719701381611716,0.000488489125311794,0.0007531008796508832,0.0,0.0008047964170407772,0.0,0.0009237195850655858,0.0
2019-06-28,0.01104117452253995,0.0005079077151795969,0.000747172950257615,0.0,0.0008027416503816853,0.0,0.0008991144137583224,0.0
2019-07-01,-0.04464725283141629,0.0004630341033392985,0.000747172950257615,0.0,0.0008027416503816853,0.0,0.0008991144137583224,0.0
2019-07-02,-0.0010237901484162007,0.0004888693219705624,0.000747172950257615,0.0,0.0008027416503816853,0.0,0.0008991144137583224,0.0
2019-07-03,0.012773065673943417,0.0004954631079146178,0.000747172950257615,0.0,0.0008027416503816853,0.0,0.0008991144137583224,0.0
2019-07-09,0.00787803620418345,0.0004954631079146178,0.000747172950257615,0.0,0.0008027416503816853,0.0,0.0008991144137583224,0.0
2019-07-10,0.05932719209341436,0.0005316929688747328,0.000747172950257615,0.0,0.0008027416503816853,0.0,0.0008991144137583224,0.0
2019-07-11,-0.002051416869382985,0.0005317039404336115,0.0007321681930724195,0.0,0.0008027416503816853,0.0,0.0008991144137583224,0.0
2019-07-12,-0.0264249719239656,0.0005001654102968962,0.0006962642796544514,0.0,0.0008027416503816853,0.0,0.0008991144137583224,0.0
2019-07-15,0.0015233792220370667,0.0005001654102968962,0.0006850111121551188,0.0,0.0008027416503816853,0.0,0.0008991144137583224,0.0
2019-07-16,-0.0060755594283091,0.0004983197891785505,0.0006722721641424624,0.0,0.0008027416503816853,0.0,0.0008991144137583224,0.0
2019-07-17,0.0016097984749694953,0.0005602699706704466,0.0006587089997053229,0.0,0.0007980614694018456,0.0,0.0008991144137583224,0.0
2019-07-18,-0.0104191889500006,0.0005566118102127064,0.000655499479579207,0.0,0.000792079614403159,0.0,0.0008991144137583224,0.0
2019-07-19,0.04031759076914227,0.0005566118102127064,0.000655499479579207,0.0,0.000792079614403159,0.0,0.0008991144137583224,0.0
2019-07-22,-0.07493306529556587,0.0002758635964832295,0.000655499479579207,0.0,0.000792079614403159,0.0,0.0008991144137583224,0.0
2019-07-23,-0.0362275244377648,0.0002209040837736479,0.000655499479579207,0.0,0.000792079614403159,0.0,0.0008991144137583224,0.0
2019-07-24,0.0071209051291532995,0.00022537303148778028,0.000655499479579207,0.0,0.000792079614403159,0.0,0.0008991144137583224,0.0
2019-07-25,0.013645816808176748,0.00025134289326290597,0.000655499479579207,0.0,0.000792079614403159,0.0,0.0008991144137583224,0.0
2019-07-26,0.0201225302855601,0.00039977616372426257,0.000655499479579207,0.0,0.000792079614403159,0.0,0.0008991144137583224,0.0
2019-07-29,0.017672248800437933,0.00039977616372426257,0.000655499479579207,0.0,0.000792079614403159,0.0,0.0008991144137583224,0.0
2019-07-30,0.012798003861924166,0.00039989355994029537,0.000655499479579207,0.0,0.000792079614403159,0.0,0.0008991144137583224,0.0
2019-07-31,-0.019707150919299865,0.0003804749700724923,0.0006504724574312481,0.0,0.0007863526298462919,0.0,0.0008844838943837241,0.0
2019-08-01,-0.03310445511689387,0.0003256797226431703,0.0006482365472980552,0.0,0.0007631315088611092,0.0,0.0008802751074270986,0.0
2019-08-02,-0.022754175856164766,0.00029992341986846574,0.0006419064951198047,0.0,0.0007603893263159853,0.0,0.0008788300535606131,0.0
2019-08-05,-0.011483715377921366,0.00029332963392441036,0.000639859673857474,0.0,0.0007541653921372891,0.0,0.0008745472224175245,0.0
2019-08-06,0.012582037692543367,0.00036095368508732575,0.000639859673857474,0.0,0.0007531008796508832,0.0,0.0008726600626863809,0.0
2019-08-07,-0.026918343544919315,0.0003251766911560626,0.0006363396706306597,0.0,0.0007515200984793451,0.0,0.0008726600626863809,0.0
2019-08-08,-0.0021042201285907344,0.00032495530403858433,0.0006263854235784751,0.0,0.000741722632267653,0.0,0.0008605528891514173,0.0
2019-08-09,-0.008216357979546866,0.0003215798771161811,0.0006206895522499145,0.0,0.0007194090030958841,0.0,0.0008540336418633602,0.0
2019-08-12,0.032515180887649986,0.0003215798771161812,0.0006197665854340885,0.0,0.000685548527174152,0.0,0.0008222339661733078,0.0
2019-08-13,0.01922968547826145,0.00033101897384345887,0.0006124753254309263,0.0,0.0006814349210120662,0.0,0.0008040884616555303,0.0
2019-08-14,-0.0351994833745884,0.0004343466708684685,0.0006098515571967013,0.0,0.0006656010680026909,0.0,0.0008009502469397157,0.0
2019-08-15,-0.005949478062906816,0.000432576856407418,0.0006097871077856443,0.0,0.0006555557715725693,0.0,0.0007946966759650844,0.0
2019-08-16,0.022214655519638016,0.0006806005532868437,0.0006095982846327405,1.0,0.0006541401763419639,1.0,0.000792079614403159,0.0
2019-08-19,0.06384334842609218,0.0007061970183693803,0.0006095982846327405,1.0,0.0006541401763419639,1.0,0.0007734669145933396,0.0
2019-08-20,-0.014602851526233251,0.0007223522025337881,0.0006095982846327405,1.0,0.0006541401763419639,1.0,0.0007624268476562559,0.0
2019-08-21,-0.009454044334709236,0.0007288123668251192,0.0006095982846327405,1.0,0.0006541401763419639,1.0,0.0007570380604088694,0.0
2019-08-22,-0.0227902881838408,0.0007028425050499938,0.0006095982846327405,1.0,0.0006541401763419639,1.0,0.0007535666038636857,0.0
2019-08-23,-0.05448546053055927,0.0006962253768231727,0.0006095982846327405,1.0,0.0006541401763419639,1.0,0.0007531008796508832,0.0
2019-08-26,0.0074004289506098666,0.0006962253768231727,0.0006095982846327405,1.0,0.0006541401763419639,1.0,0.000747963340843384,0.0
2019-08-27,-0.0015322938101606342,0.0006961079806071398,0.0006095982846327405,1.0,0.0006541401763419639,1.0,0.0007345469792639447,0.0
2019-08-28,0.04318602372747299,0.0007317068420076131,0.0006097871077856443,1.0,0.0006555557715725693,1.0,0.0007345469792639447,0.0
2019-08-29,0.021175509531702347,0.0007317068420076131,0.0006098515571967013,1.0,0.0006656010680026909,1.0,0.0007364283881325657,0.0
2019-08-30,-0.0016206367264691825,0.0007347232110810197,0.0006124753254309263,1.0,0.0006781018975607309,1.0,0.0007364283881325657,0.0
2019-09-04,0.03119179014453477,0.0007347232110810197,0.0006197665854340885,1.0,0.000683933576738179,1.0,0.00073838902803028,0.0
2019-09-05,-0.03677609309399665,0.0009442554734487414,0.0006206895522499145,1.0,0.000685548527174152,1.0,0.00073838902803028,1.0
2019-09-06,-0.0030095415891854883,0.0012172701833668472,0.0006263854235784751,1.0,0.0006940351746491994,1.0,0.000747963340843384,1.0
2019-09-09,0.04146030386017521,0.0012172701833668472,0.0006363396706306597,1.0,0.0006962018975799661,1.0,0.0007531008796508832,1.0
2019-09-10,0.03630185356647594,0.0013269703888803257,0.000639859673857474,1.0,0.0006962253768231727,1.0,0.0007535666038636857,1.0
2019-09-11,0.013212463628510704,0.0013275421668883145,0.000639859673857474,1.0,0.0007015190794046296,1.0,0.0007570380604088694,1.0
2019-09-12,-0.013739793831988702,0.0013181030701610364,0.0006419064951198047,1.0,0.0007055261157055031,1.0,0.0007624268476562559,1.0
2019-09-13,-0.05749397855722038,0.0011528251916441306,0.0006482365472980552,1.0,0.0007191211657009067,1.0,0.0007734669145933396,1.0
2019-09-16,0.127366033397293,0.0011528251916441308,0.0006504724574312481,1.0,0.000726730653439154,1.0,0.000792079614403159,1.0
2019-09-17,-0.07043063209703938,0.0009048014947647051,0.000655499479579207,1.0,0.0007286149466931945,1.0,0.0007946966759650844,1.0
2019-09-18,-0.022625854716468316,0.0008792050296821685,0.0006587089997053229,1.0,0.0007311279469711144,1.0,0.0008009502469397157,1.0
2019-09-19,-0.023159165701410134,0.0008523876818828999,0.0006712305943139202,1.0,0.0007317068420076131,1.0,0.0008040884616555303,1.0
2019-09-20,-0.0147845270505779,0.0008414585698774364,0.0006816421231153859,1.0,0.0007341199372663384,1.0,0.0008216578801801467,1.0
2019-09-23,0.08371546331270907,0.0008414585698774364,0.0006850111121551188,1.0,0.0007347232110810197,1.0,0.0008452837590793486,0.0
2019-09-24,-0.05325713890823194,0.0006996424276429008,0.0006883349582648625,1.0,0.0007431022212507579,0.0,0.0008452837590793486,0.0
2019-09-25,0.004697028183123099,0.0007158597998101077,0.0006961373296611481,1.0,0.0007431022212507579,0.0,0.0008452837590793486,0.0
2019-09-26,0.009612139910370516,0.0007158597998101077,0.0006962253768231727,1.0,0.0007431022212507579,0.0,0.0008452837590793486,0.0
2019-09-27,-0.026682901416627547,0.0006802609384096344,0.0006970796395281047,0.0,0.0007431022212507579,0.0,0.0008452837590793486,0.0
2019-09-30,0.010249749739616017,0.0006827224044397238,0.0006970796395281047,0.0,0.0007431022212507579,0.0,0.0008452837590793486,0.0
2019-10-01,-0.0079343459004075,0.0006795747121963582,0.0006970796395281047,0.0,0.0007431022212507579,0.0,0.0008452837590793486,0.0
2019-10-02,0.12379034521152611,0.0006795747121963582,0.0006970796395281047,0.0,0.0007431022212507579,0.0,0.0008452837590793486,0.0
2019-10-03,-0.07445217438471992,0.00040241839866572086,0.0006970796395281047,0.0,0.0007431022212507579,0.0,0.0008452837590793486,0.0
2019-10-04,-0.07395506432245968,0.00013929406248044395,0.0006970796395281047,0.0,0.0007431022212507579,0.0,0.0008452837590793486,0.0
2019-10-07,0.017738432592080633,0.00013929406248044398,0.0006970796395281047,0.0,0.0007431022212507579,0.0,0.0008452837590793486,0.0
2019-10-08,-0.04684019758999283,2.9593856966965455e-05,0.0006970796395281047,0.0,0.0007431022212507579,0.0,0.0008452837590793486,0.0
2019-10-09,-0.0033816505082242664,9.994076012636507e-05,0.0006970796395281047,0.0,0.0007431022212507579,0.0,0.0008452837590793486,0.0
2019-10-10,0.003532366031985333,0.0002981762430049955,0.0006970796395281047,0.0,0.0007431022212507579,0.0,0.0008452837590793486,0.0
2019-10-11,0.0012657744422151006,0.000309875246258293,0.0006962253768231727,0.0,0.0007347232110810197,0.0,0.0008452837590793486,0.0
2019-10-16,0.009405148530006851,0.000309875246258293,0.0006961373296611481,0.0,0.0007341199372663384,0.0,0.0008452837590793486,0.0
2019-10-21,0.012893805119438467,0.000309875246258293,0.0006883349582648625,0.0,0.0007317068420076131,0.0,0.0008452837590793486,0.0
2019-10-22,0.01769991446266188,0.0003982525894203544,0.0006850111121551188,0.0,0.0007311279469711144,0.0,0.0008452837590793486,0.0
2019-10-23,0.017717180944158716,0.00043453378448773483,0.000683233511480046,0.0,0.0007286149466931945,0.0,0.0008452837590793486,0.0
2019-10-24,0.002983765061339884,0.00043453378448773483,0.0006811310160750638,0.0,0.000726730653439154,0.0,0.0008452837590793486,0.0
2019-10-25,9.286994629300062e-06,0.00046804467360902715,0.0006803458421289367,0.0,0.0007210537219890521,0.0,0.0008452837590793486,0.0
2019-10-28,0.029741218491715436,0.00047516235262407886,0.0006797462687496772,0.0,0.0007158597998101077,0.0,0.0008452837590793486,0.0
2019-10-29,-0.018009648618008585,0.0004717438432031487,0.0006795747121963582,0.0,0.0007139272435219623,0.0,0.0008452837590793486,0.0
2019-10-30,0.012505881236639385,0.00047373725906561586,0.0006709741340412989,0.0,0.0007055261157055031,0.0,0.0008452837590793486,0.0
2019-10-31,0.04241483818354058,0.0004739179644065252,0.0006709741340412989,0.0,0.0007055261157055031,0.0,0.0008452837590793486,0.0
2019-11-01,-0.0070163609229988684,0.0004719731928562867,0.0006709741340412989,0.0,0.0007055261157055031,0.0,0.0008452837590793486,0.0
2019-11-04,0.02288325672524522,0.0004765274082376769,0.0006709741340412989,0.0,0.0007055261157055031,0.0,0.0008452837590793486,0.0
2019-11-05,0.0023743085090320005,0.00047652740823767687,0.0006615758590903427,0.0,0.0007055261157055031,0.0,0.0008452837590793486,0.0
2019-11-06,0.004662514966569667,0.00047652740823767687,0.000655499479579207,0.0,0.0007055261157055031,0.0,0.0008452837590793486,0.0
2019-11-07,-0.014382795807269583,0.0004678388477692772,0.0006437632284704797,0.0,0.0007055261157055031,0.0,0.0008452837590793486,0.0
2019-11-08,0.02367927113237506,0.00048181759972632735,0.0006437632284704797,0.0,0.0007055261157055031,0.0,0.0008452837590793486,0.0
2019-11-13,0.04498602771727101,0.0004818175997263273,0.0006437632284704797,0.0,0.0007055261157055031,0.0,0.0008452837590793486,0.0
2019-11-14,-0.03766130140273655,0.00041089891855893907,0.0006437632284704797,0.0,0.0007055261157055031,0.0,0.0008452837590793486,0.0
2019-11-15,-0.06296594045650877,0.0002126634356803086,0.0006437632284704797,0.0,0.0007055261157055031,0.0,0.0008452837590793486,0.0
2019-11-18,-0.015296406933196734,0.00020096443242701112,0.0006437632284704797,0.0,0.0007055261157055031,0.0,0.0008452837590793486,0.0
2019-11-19,0.01404792835460233,0.0003143790999427542,0.0006437632284704797,0.0,0.0007055261157055031,0.0,0.0008452837590793486,0.0
2019-11-20,0.03603509169833075,0.0004748682413936381,0.0006437632284704797,0.0,0.0007055261157055031,0.0,0.0008452837590793486,0.0
2019-11-21,-0.04204220335854472,0.0003896612924010296,0.0006437632284704797,0.0,0.0007055261157055031,0.0,0.0008452837590793486,0.0
2019-11-22,-0.02693740710141955,0.0003533800973336492,0.0006437632284704797,0.0,0.0007055261157055031,0.0,0.0008452837590793486,0.0
2019-11-25,0.012812874856853215,0.00035446548296338363,0.0006437632284704797,0.0,0.0007055261157055031,0.0,0.0008452837590793486,0.0
2019-11-26,-0.0258885647038581,0.0003209545938420913,0.0006437632284704797,0.0,0.0007055261157055031,0.0,0.0008452837590793486,0.0
2019-11-27,-0.011931201963802084,0.00031383691482703954,0.0006437632284704797,0.0,0.0007055261157055031,0.0,0.0008452837590793486,0.0
2019-12-03,-0.015999289200634367,0.0003010380520807627,0.0006437632284704797,0.0,0.0007055261157055031,0.0,0.0008452837590793486,0.0
2019-12-04,-0.006314136302721302,0.0003429367137747496,0.0006437632284704797,0.0,0.0007055261157055031,0.0,0.0008452837590793486,0.0
2019-12-05,-0.0019010804344335834,0.0003445352480108165,0.0006437632284704797,0.0,0.0007055261157055031,0.0,0.0008452837590793486,0.0
2019-12-06,-0.0032146367752848176,0.0003440185535309658,0.0006437632284704797,0.0,0.0007055261157055031,0.0,0.0008452837590793486,0.0
2019-12-09,-0.009543809911550167,0.0003886096034355644,0.0006437632284704797,0.0,0.0007055261157055031,0.0,0.0008452837590793486,0.0
2019-12-10,0.02347038096691233,0.0003886096034355644,0.0006437632284704797,0.0,0.0007055261157055031,0.0,0.0008452837590793486,0.0
2019-12-11,0.04018927789643383,0.0003886096034355644,0.0006437632284704797,0.0,0.0007055261157055031,0.0,0.0008452837590793486,0.0
2019-12-12,-0.005752704221982717,0.0005221534714758094,0.0006437632284704797,0.0,0.0007055261157055031,0.0,0.0008452837590793486,0.0
2019-12-13,-0.01672049757456408,0.0005081747195187593,0.0006437632284704797,0.0,0.0007055261157055031,0.0,0.0008452837590793486,0.0
2019-12-16,0.017659190160701683,0.0005847563711583037,0.0006437632284704797,0.0,0.0007055261157055031,0.0,0.0008452837590793486,0.0
2019-12-17,0.00454011415880325,0.0005847563711583037,0.0006437632284704797,0.0,0.0007055261157055031,0.0,0.0008452837590793486,0.0
2019-12-18,0.050792098739655095,0.0005847563711583037,0.0006437632284704797,0.0,0.0007055261157055031,0.0,0.0008452837590793486,0.0
2019-12-19,0.01417946722434415,0.0005847563711583037,0.0006437632284704797,0.0,0.0007055261157055031,0.0,0.0008452837590793486,0.0
2019-12-20,-0.047626603388388526,0.00047234184680174194,0.0006437632284704797,0.0,0.0007055261157055031,0.0,0.0008452837590793486,0.0
2019-12-23,-0.05665494531828336,0.00032568207391581486,0.0006437632284704797,0.0,0.0007055261157055031,0.0,0.0008452837590793486,0.0
2019-12-24,-0.007962906717340049,0.0004035149561151547,0.0006437632284704797,0.0,0.0007055261157055031,0.0,0.0008452837590793486,0.0
2019-12-30,0.0320345173411291,0.0004089953708320177,0.0006437632284704797,0.0,0.0007055261157055031,0.0,0.0008452837590793486,0.0
2019-12-31,-0.00465915363501665,0.00040790998520228333,0.000639859673857474,0.0,0.0007022024895685752,0.0,0.0008452837590793486,0.0
2020-01-03,0.0016402825572662313,0.00041619342281839285,0.000639859673857474,0.0,0.0007022024895685752,0.0,0.0008452837590793486,0.0
2020-01-06,0.040215016677542494,0.00041619342281839274,0.000639859673857474,0.0,0.0007022024895685752,0.0,0.0008452837590793486,0.0
2020-01-07,0.005463862917352051,0.00042444898542441276,0.000639859673857474,0.0,0.0007022024895685752,0.0,0.0008452837590793486,0.0
2020-01-10,-0.029628390964226852,0.0003827078718947741,0.0006247898575399348,0.0,0.0007022024895685752,0.0,0.0008452837590793486,0.0
2020-01-13,-0.005965298948043166,0.00038092863231779784,0.0006197665854340885,0.0,0.0007022024895685752,0.0,0.0008452837590793486,0.0
2020-01-14,0.030698052723074003,0.00038270884961761275,0.0006124753254309263,0.0,0.0007022024895685752,0.0,0.0008452837590793486,0.0
2020-01-15,-0.03135132063757084,0.000333563584331624,0.0006098515571967013,0.0,0.0007022024895685752,0.0,0.0008452837590793486,0.0
2020-01-16,0.03225958084267196,0.000333563584331624,0.0006098515571967013,0.0,0.0007022024895685752,0.0,0.0008452837590793486,0.0
2020-01-17,0.012031059952415166,0.000333563584331624,0.0006096627340437975,0.0,0.0007022024895685752,0.0,0.0008452837590793486,0.0
2020-01-22,-0.051999720832621,0.00021961603997845613,0.0006002372907717849,0.0,0.0007022024895685752,0.0,0.0008452837590793486,0.0
2020-01-23,0.006872829003908649,0.00041613122319031283,0.0005878517633275083,0.0,0.0007022024895685752,0.0,0.0008452837590793486,0.0
2020-01-24,-0.03913608351369475,0.0004028902394116068,0.0005847563711583037,0.0,0.0007022024895685752,0.0,0.0008452837590793486,0.0
2020-01-27,0.008709905859397968,0.0004028902394116068,0.0005847563711583037,0.0,0.0007022024895685752,0.0,0.0008452837590793486,0.0
2020-01-28,0.007573831669562432,0.0004278118936534076,0.0005847563711583037,0.0,0.0007022024895685752,0.0,0.0008452837590793486,0.0
2020-01-29,0.010787955405137634,0.000436830325828747,0.0005717298586937668,0.0,0.0006989590174789552,0.0,0.0008414585698774364,0.0
2020-01-30,-0.004472456057204584,0.0004358301826695657,0.0005635363389782024,0.0,0.0006962253768231727,0.0,0.0007848909876253811,0.0
2020-01-31,-0.016630916129279697,0.00042366056361445233,0.0005607656170062145,0.0,0.0006962018975799661,0.0,0.0007416211192932744,0.0
2020-02-03,-0.040250037607135934,0.00034265728724565945,0.0005575263503271415,0.0,0.0006934308653736567,0.0,0.0007347232110810197,0.0
2020-02-04,-0.010469397993068152,0.0003440839126785163,0.0005566118102127064,0.0,0.0006822980342091478,0.0,0.0007327625711833054,0.0
2020-02-05,0.0377170595887848,0.0004466379978136585,0.000541607220265248,0.0,0.0006805326303114019,0.0,0.0007317068420076131,0.0
2020-02-06,-0.01287123740446855,0.001820693306017751,0.0005358508535223426,1.0,0.0006801236931669791,1.0,0.000729825433138992,1.0
2020-02-07,0.006788685649358218,0.001820693306017751,0.0005358508535223426,1.0,0.0006801236931669791,1.0,0.000729825433138992,1.0
2020-02-10,-0.012849562331861714,0.001812437743411731,0.0005358508535223426,1.0,0.0006801236931669791,1.0,0.000729825433138992,1.0
2020-02-11,-0.006558908486654367,0.0020734559257140485,0.0005358508535223426,1.0,0.0006801236931669791,1.0,0.000729825433138992,1.0
2020-02-12,0.03390367290628922,0.0020734559257140485,0.0005358508535223426,1.0,0.0006801236931669791,1.0,0.000729825433138992,1.0
2020-02-13,-0.0059669377402732674,0.002803958132947437,0.0005358508535223426,1.0,0.0006801236931669791,1.0,0.000729825433138992,1.0
2020-02-14,0.058972464196849754,0.0028039581329474365,0.0005358508535223426,1.0,0.0006801236931669791,1.0,0.000729825433138992,1.0
2020-02-19,0.035081393471030516,0.003070581312373228,0.0005358508535223426,1.0,0.0006801236931669791,1.0,0.000729825433138992,1.0
2020-02-20,0.02668624813918567,0.0030719855404257594,0.0005358508535223426,1.0,0.0006801236931669791,1.0,0.000729825433138992,1.0
2020-02-21,-0.02061601512434352,0.003050734536445402,0.0005358508535223426,1.0,0.0006801236931669791,1.0,0.000729825433138992,1.0
2020-02-24,-0.06269213399013575,0.002854219353233545,0.0005358508535223426,1.0,0.0006801236931669791,1.0,0.000729825433138992,1.0
2020-02-25,-0.03559232160476147,0.003103937607687811,0.0005358508535223426,1.0,0.0006801236931669791,1.0,0.000729825433138992,1.0
2020-02-26,0.0005140887171698839,0.003309634021743645,0.0005358508535223426,1.0,0.0006801236931669791,1.0,0.000729825433138992,1.0
2020-02-27,-0.022325614993455766,0.003402692006133736,0.0005358508535223426,1.0,0.0006801236931669791,1.0,0.000729825433138992,1.0
2020-02-28,-0.013430139370341083,0.0033936735739583967,0.0005358508535223426,1.0,0.0006801236931669791,1.0,0.000729825433138992,1.0
2020-03-02,0.01227766189606585,0.003395538960181446,0.0005358508535223426,1.0,0.0006801236931669791,1.0,0.000729825433138992,1.0
2020-03-03,-0.0057615093679408,0.003393879210671603,0.0005358508535223426,1.0,0.0006801236931669791,1.0,0.000729825433138992,1.0
2020-03-04,0.010978367009600384,0.003393879210671603,0.0005358508535223426,1.0,0.0006801236931669791,1.0,0.000729825433138992,1.0
2020-03-05,-0.011753331570001533,0.0033869721705218833,0.0005358508535223426,1.0,0.0006801236931669791,1.0,0.000729825433138992,1.0
2020-03-06,-0.04528886952334806,0.0034543673040609243,0.0005358508535223426,1.0,0.0006801236931669791,1.0,0.000729825433138992,1.0
2020-03-09,-0.16627319361942874,0.0020720285582407224,0.0005358508535223426,1.0,0.0006801236931669791,1.0,0.000729825433138992,1.0
2020-03-10,0.03209809830530957,0.0023146125139039716,0.0005358508535223426,1.0,0.0006801236931669791,1.0,0.000729825433138992,1.0
2020-03-11,0.003112090792063769,0.0023339170364321824,0.000541607220265248,1.0,0.0006805326303114019,1.0,0.0007317068420076131,1.0
2020-03-12,-0.07254917591939046,0.0022625800099272185,0.0005566118102127064,1.0,0.0006822980342091478,1.0,0.0007327625711833054,1.0
2020-03-13,0.016474034212840535,0.0022625800099272185,0.0005575263503271415,1.0,0.0006934308653736567,1.0,0.0007347232110810197,1.0
2020-03-16,-0.12101920711467273,0.0015302975853940157,0.0005607656170062145,1.0,0.0006962018975799661,1.0,0.0007720805866597649,1.0
2020-03-19,0.01932924411884508,0.001530297585394016,0.0005635363389782024,1.0,0.0006962253768231727,1.0,0.0008414585698774364,1.0
2020-03-20,-0.07302371935553419,0.001263674405968225,0.0005717298586937668,1.0,0.0006989590174789552,1.0,0.0008452837590793486,1.0
2020-03-23,-0.0052994868667299785,0.0013169347915531551,0.0005847563711583037,1.0,0.0007022024895685752,1.0,0.0008617737536126438,1.0
2020-03-24,0.001432447722232534,0.001316934791553155,0.0005847563711583037,1.0,0.0007055261157055031,1.0,0.0008881637924610562,1.0
2020-03-25,0.0707610167610765,0.0013169347915531551,0.0005847563711583037,1.0,0.0007139272435219623,1.0,0.0009186103873041176,1.0
2020-03-26,-0.07912760862241501,0.0010038758692380507,0.0006084609564178174,1.0,0.0007158597998101077,1.0,0.0010172548748171265,0.0
2020-03-27,-0.06413991176417917,0.0007981794551822161,0.0006795747121963582,1.0,0.0007210537219890521,1.0,0.0010560081320801777,0.0
2020-03-30,-0.04857563970384566,0.0006801998165503248,0.0006797462687496772,1.0,0.000727520333966853,0.0,0.0010560081320801777,0.0
2020-03-31,0.018938705417464615,0.0006801998165503248,0.0006802150970151522,0.0,0.000727520333966853,0.0,0.0010560081320801777,0.0
2020-04-01,-0.006108004949326218,0.0006783344303272752,0.0006802150970151522,0.0,0.000727520333966853,0.0,0.0010560081320801777,0.0
2020-04-02,0.0939947197445185,0.000691703879464504,0.0006802150970151522,1.0,0.000727520333966853,0.0,0.0010560081320801777,0.0
2020-04-03,0.03474124433437196,0.0006996367171139791,0.0006803458421289367,1.0,0.000727520333966853,0.0,0.0010560081320801777,0.0
2020-04-06,0.007490304643537215,0.0007390204406653151,0.0006811310160750638,1.0,0.000727520333966853,1.0,0.0010560081320801777,0.0
2020-04-07,-0.05830080937245783,0.0005690712219911317,0.0006849677731959188,0.0,0.0007311279469711144,0.0,0.0010560081320801777,0.0
2020-04-08,0.07489938201262461,0.0005690712219911316,0.0006849677731959188,0.0,0.0007311279469711144,0.0,0.0010560081320801777,0.0
2020-04-09,-0.06965399567336383,0.00032648726632788225,0.0006849677731959188,0.0,0.0007311279469711144,0.0,0.0010560081320801777,0.0
2020-04-15,-0.01964918447580478,0.00031776143182553655,0.0006849677731959188,0.0,0.0007311279469711144,0.0,0.0010560081320801777,0.0
2020-04-16,-0.061940636067798004,0.0001259293120013666,0.0006849677731959188,0.0,0.0007311279469711144,0.0,0.0010560081320801777,0.0
2020-04-17,0.008172865711159202,0.0001259293120013666,0.0006849677731959188,0.0,0.0007311279469711144,0.0,0.0010560081320801777,0.0
2020-04-22,0.19959565912086044,0.0001259293120013666,0.0006849677731959188,0.0,0.0007311279469711144,0.0,0.0010560081320801777,0.0
2020-04-23,0.01477148212466485,0.0001259293120013666,0.0006849677731959188,0.0,0.0007311279469711144,0.0,0.0010560081320801777,0.0
2020-04-24,0.027585291075198453,0.0001259293120013666,0.0006849677731959188,0.0,0.0007311279469711144,0.0,0.0010560081320801777,0.0
2020-04-27,-0.0330649704785781,7.126469836390455e-05,0.0006849677731959188,0.0,0.0007311279469711144,0.0,0.0010560081320801777,0.0
2020-04-28,0.034837530014980085,0.00032798235658121913,0.0006849677731959188,0.0,0.0007311279469711144,0.0,0.0010560081320801777,0.0
2020-04-29,0.06589594713034955,0.00032798235658121913,0.0006849677731959188,0.0,0.0007311279469711144,0.0,0.0010560081320801777,0.0
2020-04-30,0.025599415078888552,0.00032798235658121913,0.0006849677731959188,0.0,0.0007311279469711144,0.0,0.0010560081320801777,0.0
2020-05-01,0.005186733520162016,0.00033632968855075993,0.0006849677731959188,0.0,0.0007311279469711144,0.0,0.0010560081320801777,0.0
2020-05-04,0.06397002262671568,0.0003363296885507599,0.0006849677731959188,0.0,0.0007311279469711144,0.0,0.0010560081320801777,0.0
2020-05-05,0.08460320268031656,0.0007499465971205268,0.0006849677731959188,1.0,0.0007311279469711144,1.0,0.0010560081320801777,0.0
2020-05-06,0.008964118222471984,0.0007499465971205268,0.000692804904750163,1.0,0.0007317068420076131,1.0,0.0010560081320801777,0.0
2020-05-07,-0.016352032985062683,0.0007365771479832979,0.0006961373296611481,1.0,0.0007341199372663384,1.0,0.0010560081320801777,0.0
2020-05-12,-0.012595902230070751,0.0010274706837908186,0.0006962253768231727,1.0,0.0007347232110810197,1.0,0.0010560081320801777,0.0
2020-05-13,-0.028065538851529615,0.0010407033398119735,0.0006970782118958743,1.0,0.0007362063606028423,1.0,0.001071344761539477,0.0
2020-05-14,0.04483401048783877,0.0010407033398119735,0.0006996381447462095,1.0,0.0007385317821289116,1.0,0.0010799459879532278,0.0
2020-05-15,0.06268477522871893,0.0010413991347807837,0.000700442446994674,1.0,0.0007477613658294845,1.0,0.0010799459879532278,0.0
2020-05-18,0.030969442630236783,0.001041399134780784,0.0007036811333798404,1.0,0.0007499465971205268,1.0,0.0010803982546829544,0.0
2020-05-19,-0.01454557529000807,0.001030820446754919,0.0007086127137295622,1.0,0.0007885328835698788,1.0,0.0010803982546829546,0.0
2020-05-20,0.011568302689146598,0.001030820446754919,0.0007158597998101077,1.0,0.0008328027469383929,1.0,0.0010803982546829546,0.0
2020-05-21,0.01881672494282945,0.001030820446754919,0.0007174829004910279,1.0,0.0008414585698774364,1.0,0.0010803982546829546,0.0
2020-05-22,0.0016870763267112486,0.0010709431217907728,0.0007239672436066209,1.0,0.0008502018594818073,1.0,0.0010803982546829546,0.0
2020-05-27,0.015806656865041766,0.0013133332619585606,0.0007295359856207427,1.0,0.000873841560122315,1.0,0.0010996018462394476,1.0
2020-05-28,0.0016863496453148514,0.001315199705623495,0.0007317068420076131,1.0,0.0008996822017481981,1.0,0.0011528251916441306,1.0
2020-05-29,0.015501537284912768,0.0013158101674412702,0.0007324609342759647,1.0,0.0009363646777119346,1.0,0.0011753809387470811,1.0
2020-06-01,-0.07165440087214665,0.001062747991779941,0.0007347232110810197,1.0,0.0009919517900801895,1.0,0.0012172701833668472,0.0
2020-06-02,0.04762504263231948,0.001062747991779941,0.0007351866953065893,1.0,0.0010227517208802653,1.0,0.0012172701833668472,0.0
2020-06-03,0.09129305391336569,0.001062747991779941,0.0007371879711538022,1.0,0.0010301504941620991,1.0,0.0012172701833668472,0.0
2020-06-04,-0.01292078323441795,0.0010544006598104002,0.000741751979779118,1.0,0.001030820446754919,1.0,0.0012172701833668472,0.0
2020-06-05,0.060980508005172816,0.0010544006598104002,0.0007499465971205268,1.0,0.001030820446754919,1.0,0.0012172701833668472,0.0
2020-06-08,-0.09095239508333652,0.0006612900884173786,0.0007620048116359491,0.0,0.0010387267612005627,0.0,0.0012172701833668472,0.0
2020-06-09,0.06690656884867348,0.0007359219390258305,0.0007620048116359491,0.0,0.0010387267612005627,0.0,0.0012172701833668472,0.0
2020-06-10,0.014078283102332084,0.0007359219390258305,0.0007620048116359491,0.0,0.0010387267612005627,0.0,0.0012172701833668472,0.0
2020-06-11,-0.07730800391382456,0.00043709556556883485,0.0007620048116359491,0.0,0.0010387267612005627,0.0,0.0012172701833668472,0.0
2020-06-12,-0.032439599125911184,0.0003845036373600926,0.0007620048116359491,0.0,0.0010387267612005627,0.0,0.0012172701833668472,0.0
2020-06-15,0.0013344978850676151,0.0003873413965063535,0.0007620048116359491,0.0,0.0010387267612005627,0.0,0.0012172701833668472,0.0
2020-06-16,-0.0037304020394864634,0.00038664560153754327,0.0007620048116359491,0.0,0.0010387267612005627,0.0,0.0012172701833668472,0.0
2020-06-17,0.02787189080253533,0.0005108012699951097,0.0007620048116359491,0.0,0.0010387267612005627,0.0,0.0012172701833668472,0.0
2020-06-18,0.008833970293214116,0.0005253396195733978,0.0007620048116359491,0.0,0.0010387267612005627,0.0,0.0012172701833668472,0.0
2020-06-19,0.0231188471490277,0.0005598710675727835,0.0007620048116359491,0.0,0.0010387267612005627,0.0,0.0012172701833668472,0.0
2020-06-22,0.0600322225261988,0.0005598710675727835,0.0007620048116359491,0.0,0.0010387267612005627,0.0,0.0012172701833668472,0.0
2020-06-23,-0.0283276102189555,0.0005197483925369299,0.0007620048116359491,0.0,0.0010387267612005627,0.0,0.0012172701833668472,0.0
2020-06-24,-0.06962616464631494,0.0003990171179180799,0.0007620048116359491,0.0,0.0010387267612005627,0.0,0.0012172701833668472,0.0
2020-06-25,-0.0061097359434502665,0.0004068578520048682,0.0007620048116359491,0.0,0.0010387267612005627,0.0,0.0012172701833668472,0.0
2020-06-26,-0.0034941717696050493,0.00041005132755641334,0.0007620048116359491,0.0,0.0010387267612005627,0.0,0.0012172701833668472,0.0
2020-07-01,-0.008550418183908167,0.00045854166388440326,0.0007620048116359491,0.0,0.0010387267612005627,0.0,0.0012172701833668472,0.0
2020-07-02,0.03392200361358937,0.00045854166388440326,0.0007620048116359491,0.0,0.0010387267612005627,0.0,0.0012172701833668472,0.0
2020-07-07,0.007936518694282416,0.00045883785879052787,0.0007620048116359491,0.0,0.0010387267612005627,0.0,0.0012172701833668472,0.0
2020-07-08,0.01988369860012507,0.0004588378587905278,0.0007620048116359491,0.0,0.0010387267612005627,0.0,0.0012172701833668472,0.0
2020-07-09,0.011544525908040433,0.0004588378587905278,0.0007620048116359491,0.0,0.0010387267612005627,0.0,0.0012172701833668472,0.0
2020-07-10,-0.020251586197997117,0.00043847287560031743,0.0007620048116359491,0.0,0.0010387267612005627,0.0,0.0012172701833668472,0.0
2020-07-13,-0.0386346607616663,0.00037150513976345163,0.0007620048116359491,0.0,0.0010387267612005627,0.0,0.0012172701833668472,0.0
2020-07-14,0.008424357928020217,0.000372476536074272,0.0007620048116359491,0.0,0.0010387267612005627,0.0,0.0012172701833668472,0.0
2020-07-15,0.02819982233436417,0.00037247653607427194,0.0007620048116359491,0.0,0.0010387267612005627,0.0,0.0012172701833668472,0.0
2020-07-16,-0.0006993048512444836,0.00037245208471052327,0.0007620048116359491,0.0,0.0010387267612005627,0.0,0.0012172701833668472,0.0
2020-07-17,-0.007533603581634535,0.00037503934695643084,0.0007620048116359491,0.0,0.0010387267612005627,0.0,0.0012172701833668472,0.0
2020-07-20,0.06666713359028163,0.0003750393469564309,0.0007620048116359491,0.0,0.0010387267612005627,0.0,0.0012172701833668472,0.0
2020-07-21,-0.049830847566054194,0.0002508836784988644,0.0007620048116359491,0.0,0.0010387267612005627,0.0,0.0012172701833668472,0.0
2020-07-22,-0.017051891143382417,0.0002363453289205762,0.0007620048116359491,0.0,0.0010387267612005627,0.0,0.0012172701833668472,0.0
2020-07-23,-0.026279820394890716,0.00025352403449112863,0.0007620048116359491,0.0,0.0010387267612005627,0.0,0.0012172701833668472,0.0
2020-07-24,0.008122087237504365,0.00025352403449112863,0.0007620048116359491,0.0,0.0010387267612005627,0.0,0.0012172701833668472,0.0
2020-07-27,0.08018115122155221,0.0003308898578829883,0.0007620048116359491,0.0,0.0010387267612005627,0.0,0.0012172701833668472,0.0
2020-07-28,-0.04932724714575867,0.00020923099233405052,0.0007620048116359491,0.0,0.0010387267612005627,0.0,0.0012172701833668472,0.0
2020-07-29,-0.013933540649614199,0.000207229884594029,0.0007620048116359491,0.0,0.0010387267612005627,0.0,0.0012172701833668472,0.0
2020-07-30,-0.008722313190112333,0.0005921003431516003,0.0007620048116359491,0.0,0.0010387267612005627,0.0,0.0012172701833668472,0.0
2020-07-31,-0.03229421585484783,0.000539954524267625,0.0007620048116359491,0.0,0.0010387267612005627,0.0,0.0012172701833668472,0.0
2020-08-03,0.03421761923661202,0.0006865189030632674,0.0007620048116359491,0.0,0.0010387267612005627,0.0,0.0012172701833668472,0.0
2020-08-04,-0.0024339059395328834,0.0007074152971823994,0.0007620048116359491,0.0,0.0010387267612005627,0.0,0.0012172701833668472,0.0
2020-08-07,0.0022206055748341482,0.0007074152971823994,0.0007620048116359491,0.0,0.0010387267612005627,0.0,0.0012172701833668472,0.0
2020-08-10,0.046876641334431646,0.0007393025930468172,0.0007620048116359491,0.0,0.0010387267612005627,0.0,0.0012172701833668472,0.0
2020-08-11,-0.0016813922001423336,0.0007391667279036003,0.0007620048116359491,0.0,0.0010387267612005627,0.0,0.0012172701833668472,0.0
2020-08-12,-0.012380722734627448,0.0008163800303107322,0.0007620048116359491,1.0,0.0010387267612005627,0.0,0.0012172701833668472,0.0
2020-08-13,-0.0044077121294848155,0.0009063728971946347,0.0008027295989643452,1.0,0.0010387267612005627,0.0,0.0012172701833668472,0.0
2020-08-14,0.00015689191783958313,0.0009555678532372637,0.0008226496652024083,1.0,0.0010387267612005627,0.0,0.0012172701833668472,0.0
2020-08-17,0.013996585588363834,0.0009555678532372637,0.0008414585698774364,1.0,0.0010387267612005627,0.0,0.0012172701833668472,0.0
2020-08-20,-0.010416353865118468,0.0009501428318450953,0.0008441908478788022,1.0,0.0010387267612005627,0.0,0.0012172701833668472,0.0
2020-08-21,0.02768394095110172,0.0009501428318450954,0.0008590920188327171,1.0,0.0010387267612005627,0.0,0.0012172701833668472,0.0
2020-08-24,0.058588535913046934,0.0009530650910525059,0.0008856041459528027,1.0,0.0010387267612005627,0.0,0.0012172701833668472,0.0
2020-08-25,0.029564369751901996,0.0009530650910525061,0.0009051943453721875,1.0,0.0010387267612005627,0.0,0.0012172701833668472,0.0
2020-08-26,-0.03215902783665518,0.0011050099583709224,0.0009158435412581614,1.0,0.0010387267612005627,1.0,0.0012172701833668472,0.0
2020-08-27,0.009228435958824933,0.0011050099583709224,0.0009457273130478299,1.0,0.0010407033398119735,1.0,0.0012172701833668472,0.0
2020-08-28,-0.03933594371357059,0.0010720799809455068,0.0009501428318450953,1.0,0.0010412599757870216,1.0,0.0012172701833668472,0.0
2020-09-02,0.007471785936432264,0.0011399110880011064,0.000950873396646948,1.0,0.001041399134780784,1.0,0.0012172701833668472,0.0
2020-09-03,-0.012414564037211367,0.0011322050179894054,0.0009530650910525059,1.0,0.0010518003548044771,1.0,0.0012172701833668472,0.0
2020-09-04,-0.08816738579847898,0.0007435306220625138,0.0009536907815986956,0.0,0.0010544006598104002,0.0,0.0012172701833668472,0.0
2020-09-09,0.024177490110793787,0.0007435306220625138,0.0009536907815986956,0.0,0.0010544006598104002,0.0,0.0012172701833668472,0.0
2020-09-10,-0.0541413665870455,0.0007297303046935284,0.0009536907815986956,0.0,0.0010544006598104002,0.0,0.0012172701833668472,0.0
2020-09-11,-0.0205876608798847,0.0007085377156682714,0.0009536907815986956,0.0,0.0010544006598104002,0.0,0.0012172701833668472,0.0
2020-09-14,0.04568602926029983,0.0007085377156682716,0.0009536907815986956,0.0,0.0010544006598104002,0.0,0.0012172701833668472,0.0
2020-09-15,-0.025253631764329546,0.0007116818210042293,0.0009536907815986956,0.0,0.0010544006598104002,0.0,0.0012172701833668472,0.0
2020-09-16,-0.00033132592165478395,0.0007144605359447507,0.0009536907815986956,0.0,0.0010544006598104002,0.0,0.0012172701833668472,0.0
2020-09-17,-0.041201314828223166,0.0006295831187660326,0.0009536907815986956,0.0,0.0010544006598104002,0.0,0.0012172701833668472,0.0
2020-09-18,-0.04265308035645787,0.0005415977968612481,0.0009536907815986956,0.0,0.0010544006598104002,0.0,0.0012172701833668472,0.0
2020-09-21,-0.03136716628662182,0.0004924028408186188,0.0009536907815986956,0.0,0.0010544006598104002,0.0,0.0012172701833668472,0.0
2020-09-22,0.02446728393353481,0.0004924028408186188,0.0009536907815986956,0.0,0.0010544006598104002,0.0,0.0012172701833668472,0.0
2020-09-23,0.052365820470849894,0.0004924028408186188,0.0009536907815986956,0.0,0.0010544006598104002,0.0,0.0012172701833668472,0.0
2020-09-24,0.01572864360491277,0.0004924028408186188,0.0009536907815986956,0.0,0.0010544006598104002,0.0,0.0012172701833668472,0.0
2020-09-25,-0.007644945006225651,0.0005347873642861411,0.0009536907815986956,0.0,0.0010544006598104002,0.0,0.0012172701833668472,0.0
2020-09-28,0.05623661340750665,0.0005495990510388354,0.0009536907815986956,0.0,0.0010544006598104002,0.0,0.0012172701833668472,0.0
2020-09-29,-0.06382084626332597,0.00034967422789426874,0.0009536907815986956,0.0,0.0010544006598104002,0.0,0.0012172701833668472,0.0
2020-09-30,0.0019916387471507154,0.0003525480337849108,0.0009536907815986956,0.0,0.0010544006598104002,0.0,0.0012172701833668472,0.0
2020-10-01,-0.029811355543297266,0.0003081121878184668,0.0009536907815986956,0.0,0.0010544006598104002,0.0,0.0012172701833668472,0.0
2020-10-02,-0.03683235182705545,0.0003609602628530591,0.0009536907815986956,0.0,0.0010544006598104002,0.0,0.0012172701833668472,0.0
2020-10-05,0.09911678338126467,0.0003805099628882437,0.0009536907815986956,0.0,0.0010544006598104002,0.0,0.0012172701833668472,0.0
2020-10-06,0.025160846738450867,0.0003805099628882437,0.0009536907815986956,0.0,0.0010544006598104002,0.0,0.0012172701833668472,0.0
2020-10-07,0.020108856044960682,0.00040847844051174014,0.0009536907815986956,0.0,0.0010544006598104002,0.0,0.0012172701833668472,0.0
2020-10-08,-0.05152942099939739,0.00027571437908508335,0.0009536907815986956,0.0,0.0010544006598104002,0.0,0.0012172701833668472,0.0
2020-10-09,0.07150652750805157,0.00027754814608568204,0.0009536907815986956,0.0,0.0010544006598104002,0.0,0.0012172701833668472,0.0
2020-10-12,0.0029648212745147667,0.00027754814608568204,0.0009536907815986956,0.0,0.0010544006598104002,0.0,0.0012172701833668472,0.0
2020-10-13,-0.026469378987945852,0.00024251674488530656,0.0009536907815986956,0.0,0.0010544006598104002,0.0,0.0012172701833668472,0.0
2020-10-14,-0.007462176336484568,0.0002646621987028266,0.0009536907815986956,0.0,0.0010544006598104002,0.0,0.0012172701833668472,0.0
2020-10-15,0.02540419475166025,0.00027235152590573383,0.0009536907815986956,0.0,0.0010544006598104002,0.0,0.0012172701833668472,0.0
2020-10-16,-0.0077187321367412675,0.00029141336992027136,0.0009536907815986956,0.0,0.0010544006598104002,0.0,0.0012172701833668472,0.0
2020-10-19,0.03571447965211028,0.0003033691973597776,0.0009536907815986956,0.0,0.0010544006598104002,0.0,0.0012172701833668472,0.0
2020-10-20,0.04275788008810153,0.0003033691973597776,0.0009536907815986956,0.0,0.0010544006598104002,0.0,0.0012172701833668472,0.0
2020-10-21,0.001505111691032118,0.00030336919735977767,0.0009536907815986956,0.0,0.0010544006598104002,0.0,0.0012172701833668472,0.0
2020-10-22,0.011726242262754248,0.0003166617268743371,0.0009536907815986956,0.0,0.0010544006598104002,0.0,0.0012172701833668472,0.0
2020-10-23,-0.030102087195054448,0.0002713549441994041,0.0009536907815986956,0.0,0.0010544006598104002,0.0,0.0012172701833668472,0.0
2020-10-28,-0.0172114419806675,0.0002565432574467099,0.0009530650910525059,0.0,0.0010518003548044771,0.0,0.0011753809387470811,0.0
2020-10-29,-0.008637358095839034,0.00035657385400128744,0.000950873396646948,0.0,0.001041399134780784,0.0,0.0011528251916441306,0.0
2020-10-30,-0.007581300535715585,0.00036631240311462397,0.0009501428318450953,0.0,0.0010412599757870216,0.0,0.0011444310242761649,0.0
2020-11-02,0.04401144389175967,0.00038044077593108816,0.0009173153808572499,0.0,0.0010407033398119735,0.0,0.0011349021424935006,0.0
2020-11-03,-0.04912823670562421,0.0002597615938408961,0.0009051943453721875,0.0,0.0010387267612005627,0.0,0.0011145282292373913,0.0
2020-11-04,-0.01977356823397568,0.0002531135492936153,0.0008856041459528027,0.0,0.001030820446754919,0.0,0.0011050099583709224,0.0
2020-11-05,0.012239246921012699,0.0002531135492936152,0.0008590920188327171,0.0,0.001030820446754919,0.0,0.0010836054730444021,0.0
2020-11-06,-0.023650994745886045,0.0002251450716701188,0.0008441908478788022,0.0,0.001030820446754919,0.0,0.0010836054730444021,0.0
2020-11-09,0.03465292342308338,0.0002251450716701188,0.0008414585698774364,0.0,0.001030820446754919,0.0,0.0010836054730444021,0.0
2020-11-10,-0.006056016843765634,0.00022331130466952013,0.0008226496652024083,0.0,0.001030820446754919,0.0,0.0010836054730444021,0.0
2020-11-11,0.037587383907594064,0.00022331130466952007,0.0008027295989643452,0.0,0.001030820446754919,0.0,0.0010836054730444021,0.0
2020-11-12,0.004542249482736266,0.0005098413340040212,0.0007620048116359491,0.0,0.001030820446754919,0.0,0.0010836054730444021,0.0
2020-11-13,-0.02232919953843375,0.00048491167640266167,0.0007620048116359491,0.0,0.001030820446754919,0.0,0.0010836054730444021,0.0
2020-11-18,-0.012401070278735849,0.0004772223491997544,0.0007620048116359491,0.0,0.001030820446754919,0.0,0.0010836054730444021,0.0
2020-11-19,-0.020995611591223397,0.0005004462563441156,0.0007620048116359491,0.0,0.001030820446754919,0.0,0.0010836054730444021,0.0
2020-11-20,-0.015463393831566365,0.0004884904289046094,0.0007620048116359491,0.0,0.001030820446754919,0.0,0.0010836054730444021,0.0
2020-11-23,0.03467404225279761,0.000528074110981924,0.0007620048116359491,0.0,0.001030820446754919,0.0,0.0010836054730444021,0.0
2020-11-24,0.06211693369415334,0.0005392675013706717,0.0007620048116359491,0.0,0.001030820446754919,0.0,0.0010836054730444021,0.0
2020-11-25,-0.016304925338412,0.0005259749718561121,0.0007620048116359491,0.0,0.001030820446754919,0.0,0.0010836054730444021,0.0
2020-12-01,0.02612649381430177,0.0005259749718561122,0.0007620048116359491,0.0,0.001030820446754919,0.0,0.0010836054730444021,0.0
2020-12-02,0.0020922913869214164,0.0005475966502557604,0.0007620048116359491,0.0,0.001030820446754919,0.0,0.0010836054730444021,0.0
2020-12-03,-0.04555453749043344,0.00044383585595739503,0.0007620048116359491,0.0,0.001030820446754919,0.0,0.0010836054730444021,0.0
2020-12-04,-0.015882288880371485,0.0004313121230590456,0.0007620048116359491,0.0,0.001030820446754919,0.0,0.0010836054730444021,0.0
2020-12-09,-0.016809742898964402,0.0004171837502425814,0.0007620048116359491,0.0,0.001030820446754919,0.0,0.0010836054730444021,0.0
2020-12-10,0.006982262920354248,0.0004343847667370021,0.0007620048116359491,0.0,0.001030820446754919,0.0,0.0010836054730444021,0.0
2020-12-11,-0.016063409032894483,0.0004214831112490983,0.0007620048116359491,0.0,0.001030820446754919,0.0,0.0010836054730444021,0.0
2020-12-14,0.05903368114371802,0.00042946270834939555,0.0007620048116359491,0.0,0.001030820446754919,0.0,0.0010836054730444021,0.0
2020-12-15,0.02991720959840145,0.00042947308046475415,0.0007620048116359491,0.0,0.001030820446754919,0.0,0.0010836054730444021,0.0
2020-12-16,0.025578339524491067,0.00046518373246727285,0.0007620048116359491,0.0,0.001030820446754919,0.0,0.0010836054730444021,0.0
2020-12-17,0.03333210950656995,0.00046518373246727285,0.0007620048116359491,0.0,0.001030820446754919,0.0,0.0010836054730444021,0.0
2020-12-18,0.009325096512161799,0.00046518373246727296,0.0007620048116359491,0.0,0.001030820446754919,0.0,0.0010836054730444021,0.0
2020-12-21,-0.07570073042375497,0.0001786990007588324,0.0007620048116359491,0.0,0.001030820446754919,0.0,0.0010836054730444021,0.0
2020-12-22,0.002476484607329,0.0001786990007588324,0.0007620048116359491,0.0,0.001030820446754919,0.0,0.0010836054730444021,0.0
2020-12-23,0.0022284981319232295,0.0001786990007588324,0.0007620048116359491,0.0,0.001030820446754919,0.0,0.0010836054730444021,0.0
2020-12-24,-0.030088101451848703,0.0001334343083099954,0.0007620048116359491,0.0,0.001030820446754919,0.0,0.0010836054730444021,0.0
2020-12-29,0.0014531909258317331,0.00015122948037007644,0.0007620048116359491,0.0,0.001030820446754919,0.0,0.0010836054730444021,0.0
2020-12-30,-0.028136695640147435,0.00011164579829276186,0.0007620048116359491,0.0,0.001030820446754919,0.0,0.0010836054730444021,0.0
2020-12-31,-0.014962212663070717,0.00010188259191108399,0.0007620048116359491,0.0,0.001030820446754919,0.0,0.0010836054730444021,0.0
2021-01-05,0.06428835878528273,0.00011954828984536857,0.0007620048116359491,0.0,0.001030820446754919,0.0,0.0010836054730444021,0.0
2021-01-06,0.05438723281984603,0.00011954828984536857,0.0007620048116359491,0.0,0.001030820446754919,0.0,0.0010836054730444021,0.0
2021-01-07,-0.020795037100062197,9.792661144572039e-05,0.0007620048116359491,0.0,0.001030820446754919,0.0,0.0010836054730444021,0.0
2021-01-08,0.027039700407511455,0.00010361156847586033,0.0007620048116359491,0.0,0.001030820446754919,0.0,0.0010836054730444021,0.0
2021-01-11,-0.0013313309553159177,0.00010352294637023123,0.0007620048116359491,0.0,0.001030820446754919,0.0,0.0010836054730444021,0.0
2021-01-12,0.005658945215087467,0.00010352294637023123,0.0007620048116359491,0.0,0.001030820446754919,0.0,0.0010836054730444021,0.0
2021-01-13,-0.01854778503995593,8.632192987581056e-05,0.0007620048116359491,0.0,0.001030820446754919,0.0,0.0010836054730444021,0.0
2021-01-14,0.0012570125983889832,8.632192987581055e-05,0.0007620048116359491,0.0,0.001030820446754919,0.0,0.0010836054730444021,0.0
2021-01-15,-0.01263297043477675,0.0011404522676946884,0.0007620048116359491,1.0,0.001030820446754919,1.0,0.0010836054730444021,1.0
2021-01-20,-0.0004554583484498674,0.0034224427656717404,0.0008027295989643452,1.0,0.001030820446754919,1.0,0.0011050099583709224,1.0
2021-01-21,-0.02672476454621027,0.00506300352680721,0.0008388782470317078,1.0,0.0010387267612005627,1.0,0.0011145282292373913,1.0
2021-01-22,0.005502014163714483,0.005268381905381288,0.0009173153808572499,1.0,0.0010407033398119735,1.0,0.0011349021424935006,1.0
2021-01-25,0.037887630715146815,0.005298502851020521,0.0009501428318450953,1.0,0.0010412599757870216,1.0,0.00114010050089386,1.0
2021-01-26,-0.0009518153818941672,0.0053123482675782345,0.000950873396646948,1.0,0.001041399134780784,1.0,0.0011835800160904255,1.0
2021-01-27,0.0072151654508705,0.005315696208346346,0.0009530650910525059,1.0,0.0010518003548044771,1.0,0.0012810550055648421,1.0
2021-01-28,0.0385812238907945,0.005315696208346346,0.0009536907815986956,1.0,0.0010544006598104002,1.0,0.0013139865172412876,1.0
2021-01-29,0.018007918348801166,0.005315696208346346,0.0009555678532372637,1.0,0.0010610785253860329,1.0,0.0013154133672597162,1.0
2021-02-01,-0.018865403287542534,0.005340542696876762,0.0009676448572374604,1.0,0.001062747991779941,1.0,0.00131620378588043,1.0
2021-02-02,0.03280067186590754,0.005340544474129518,0.0010097745728762427,1.0,0.001062747991779941,1.0,0.001316934791553155,1.0
2021-02-03,-0.005348240845492684,0.005339114290122448,0.0010283081245318437,1.0,0.0010693040957886065,1.0,0.0013169347915531551,1.0
2021-02-04,-0.018796647538475885,0.00535720323992812,0.001030820446754919,1.0,0.0010718526091145599,1.0,0.001391611769397455,1.0
2021-02-05,0.01564514318168222,0.005418866201185428,0.001030820446754919,1.0,0.0010984239628858397,1.0,0.0015302975853940157,1.0
2021-02-08,0.07565939609734067,0.0054188687400030435,0.0010332911700191827,1.0,0.0011050099583709224,1.0,0.0016290466407002146,1.0
2021-02-09,-0.010662979911957015,0.005413183782972904,0.0010407033398119735,1.0,0.001126766006065709,1.0,0.001815327190323838,1.0
2021-02-10,0.012774634483778432,0.005413183782972905,0.0010408772885541762,1.0,0.0011383698739987663,1.0,0.001820693306017751,1.0
2021-02-11,0.10357465258022075,0.005413183782972905,0.0010413991347807837,1.0,0.001140344031755972,1.0,0.0019086606442957896,1.0
2021-02-12,0.02708848663445873,0.00543476406254954,0.001044649516038188,1.0,0.001239029978313519,1.0,0.0020725281368563866,1.0
2021-02-17,0.19802928698224923,0.005481445188084085,0.0010544006598104002,1.0,0.0013034014907604941,1.0,0.0020734559257140485,1.0
2021-02-18,-0.1457470366710195,0.004608515488158549,0.0010564874928027854,1.0,0.001314826416890508,1.0,0.002139649355188657,1.0
2021-02-19,-0.21363524381957255,0.002326514618066138,0.001062747991779941,1.0,0.001315688075077715,1.0,0.0022625800099272185,1.0
2021-02-22,-0.1830995037206812,0.0006550393366206635,0.001062747991779941,0.0,0.001316709866730778,0.0,0.0022807913863190817,0.0
2021-02-23,-0.0640903079371724,0.000578870060564276,0.001062747991779941,0.0,0.001316709866730778,0.0,0.0022807913863190817,0.0
2021-02-24,-0.02454422361340138,0.0005487491149250435,0.001062747991779941,0.0,0.001316709866730778,0.0,0.0022807913863190817,0.0
2021-02-25,-0.01666776180761825,0.0005782586215466064,0.001062747991779941,0.0,0.001316709866730778,0.0,0.0022807913863190817,0.0
2021-02-26,-0.008182836632991916,0.0005749106807784946,0.001062747991779941,0.0,0.001316709866730778,0.0,0.0022807913863190817,0.0
2021-03-01,0.02073362100088323,0.0005749106807784946,0.001062747991779941,0.0,0.001316709866730778,0.0,0.0022807913863190817,0.0
2021-03-02,0.041512188850745,0.0006087312780319894,0.001062747991779941,0.0,0.001316709866730778,0.0,0.0022807913863190817,0.0
2021-03-03,-0.029203308233998703,0.0005672224882721401,0.001062747991779941,0.0,0.001316709866730778,0.0,0.0022807913863190817,0.0
2021-03-04,-0.0001885339627138334,0.0005672207110193853,0.001062747991779941,0.0,0.001316709866730778,0.0,0.0022807913863190817,0.0
2021-03-05,0.020431927036388752,0.0005672207110193853,0.001062747991779941,0.0,0.001316709866730778,0.0,0.0022807913863190817,0.0
2021-03-08,-0.02674122201394623,0.0005314660632794271,0.001062747991779941,0.0,0.001316709866730778,0.0,0.0022807913863190817,0.0
2021-03-09,-0.03511779072131629,0.0004920484482708927,0.001062747991779941,0.0,0.001316709866730778,0.0,0.0022807913863190817,0.0
2021-03-10,-0.00022533608742608376,0.0004920459094532779,0.001062747991779941,0.0,0.001316709866730778,0.0,0.0022807913863190817,0.0
2021-03-11,0.028881108498955935,0.0004920459094532778,0.001062747991779941,0.0,0.001316709866730778,0.0,0.0022807913863190817,0.0
2021-03-12,0.015922612328085832,0.0004920459094532779,0.001062747991779941,0.0,0.001316709866730778,0.0,0.0022807913863190817,0.0
2021-03-15,0.05034842232443004,0.0004920459094532778,0.001062747991779941,0.0,0.001316709866730778,0.0,0.0022807913863190817,0.0
2021-03-16,-0.02077511953112968,0.0004704656298766415,0.001062747991779941,0.0,0.001316709866730778,0.0,0.0022807913863190817,0.0
2021-03-17,-0.03055523704196859,0.00042378450434209697,0.001062747991779941,0.0,0.001316709866730778,0.0,0.0022807913863190817,0.0
2021-03-18,-0.0615110128340672,0.000234604269348458,0.001062747991779941,0.0,0.001316709866730778,0.0,0.0022807913863190817,0.0
2021-03-19,0.04228216155129025,0.00023750519238454086,0.001062747991779941,0.0,0.001316709866730778,0.0,0.0022807913863190817,0.0
2021-03-22,-0.009794010100579316,0.00024302389907655543,0.001062747991779941,0.0,0.001316709866730778,0.0,0.0022807913863190817,0.0
2021-03-23,-0.050834850745859715,0.00011381479655886371,0.001062747991779941,0.0,0.001316709866730778,0.0,0.0022807913863190817,0.0
2021-03-24,0.045446885136701816,0.0003292380011919833,0.001062747991779941,0.0,0.001316709866730778,0.0,0.0022807913863190817,0.0
2021-03-25,-0.029461914671432218,0.000394808356204763,0.001062747991779941,0.0,0.001315688075077715,0.0,0.0022807913863190817,0.0
2021-03-26,0.029707750906858833,0.0005414204863542879,0.0010564874928027854,0.0,0.001314826416890508,0.0,0.0022807913863190817,0.0
2021-03-29,0.014861901420469932,0.0005414204863542879,0.0010544006598104002,0.0,0.0013034014907604941,0.0,0.0022807913863190817,0.0
2021-03-30,-0.02600792081404997,0.0005075998891007933,0.001044649516038188,0.0,0.001239029978313519,0.0,0.0022807913863190817,0.0
2021-03-31,-0.0047599807366156995,0.0005064888578747053,0.0010413991347807837,0.0,0.001140344031755972,0.0,0.0022807913863190817,0.0
2021-04-01,0.051258045728750666,0.0005444616458001862,0.0010408772885541762,0.0,0.0011383698739987663,0.0,0.0022625800099272185,0.0
2021-04-07,0.000548288030191466,0.0005468700761328824,0.0010407033398119735,0.0,0.001126766006065709,0.0,0.002138721566330995,0.0
2021-04-08,0.0032441857012219665,0.0005468700761328824,0.0010332911700191827,0.0,0.0011050099583709224,0.0,0.0017199034258903601,0.0
2021-04-09,-0.021092816904706633,0.0005246247298841086,0.001030820446754919,0.0,0.0010984239628858397,0.0,0.0015302975853940157,0.0
2021-04-12,0.021438161095114452,0.0005246247298841086,0.001030820446754919,0.0,0.0010718526091145599,0.0,0.001391611769397455,0.0
2021-04-13,0.006033004784552667,0.0005246247298841086,0.0010283081245318437,0.0,0.0010693040957886065,0.0,0.0013169347915531551,0.0
2021-04-14,0.03725935524316932,0.0005246247298841086,0.0010097745728762427,0.0,0.001062747991779941,0.0,0.001316934791553155,0.0
2021-04-15,0.009210310883418817,0.0005246247298841086,0.0009676448572374604,0.0,0.001062747991779941,0.0,0.00131620378588043,0.0
2021-04-16,0.012521750047449383,0.0005730592032927894,0.0009555678532372637,0.0,0.0010610785253860329,0.0,0.0013154133672597162,0.0
2021-04-21,0.013044347352678865,0.0005760008714532753,0.0009536907815986956,0.0,0.0010544006598104002,0.0,0.0013139865172412876,0.0
2021-04-22,0.0015089653531305325,0.0005760008714532753,0.0009530650910525059,0.0,0.0010518003548044771,0.0,0.0012810550055648421,0.0
2021-04-23,-0.007616985015191814,0.000603506232481164,0.000950873396646948,0.0,0.001041399134780784,0.0,0.0011835800160904255,0.0
2021-04-26,-0.014363034766042332,0.0006349647332159477,0.0009501428318450953,0.0,0.0010412599757870216,0.0,0.00114010050089386,0.0
2021-04-27,0.025464351503640917,0.0006349647332159478,0.0009173153808572499,0.0,0.0010407033398119735,0.0,0.0011349021424935006,0.0
2021-04-30,-0.0656388916166505,0.0004195415285828282,0.0008388782470317078,0.0,0.0010387267612005627,0.0,0.0011145282292373913,0.0
2021-05-05,-0.046684167726996566,0.0003105709527647108,0.0008027295989643452,0.0,0.001030820446754919,0.0,0.0011050099583709224,0.0
2021-05-06,-0.054150185622862806,0.00016395882261518595,0.0007620048116359491,0.0,0.001030820446754919,0.0,0.0010836054730444021,0.0
2021-05-07,0.014357786685053052,0.00016395882261518595,0.0007499465971205268,0.0,0.0010301504941620991,0.0,0.0010713410224949297,0.0
2021-05-10,0.015143332635852866,0.0001713403335650022,0.000745134615827017,0.0,0.0010227517208802653,0.0,0.001065616287283732,0.0
2021-05-11,-0.0006609024823631002,0.00018135555800529623,0.0007435306220625138,0.0,0.0009942142660378937,0.0,0.001062747991779941,0.0
2021-05-12,-0.02755822487950955,0.00015186902041366032,0.0007403596003007413,0.0,0.0009555678532372637,0.0,0.001062747991779941,0.0
2021-05-13,-0.0069403607005633335,0.00014946059008096412,0.0007392006941894045,0.0,0.0009550673008003122,0.0,0.0010573222259997394,0.0
2021-05-14,0.0033745446087817843,0.0002050355573751531,0.0007390570124748864,0.0,0.0009530650910525061,0.0,0.0010544006598104002,0.0
2021-05-17,0.015344458505975565,0.0002079253110235219,0.0007371879711538022,0.0,0.0009524806392110239,0.0,0.0010459496685411495,0.0
2021-05-18,0.012435399544639016,0.00020899268301535377,0.0007360857412651973,0.0,0.0009501428318450954,0.0,0.0010413991347807837,0.0
2021-05-19,0.004257055191787165,0.00020899268301535382,0.0007359219390258305,0.0,0.0009413888449150037,0.0,0.001040946868051057,0.0
2021-05-20,0.014376532881837151,0.00020899268301535377,0.0007312782132766039,0.0,0.0008883743238178552,0.0,0.001040946868051057,0.0
2021-05-21,0.02603617981489645,0.0003504216476843352,0.0007182779781319451,0.0,0.0008883743238178552,0.0,0.001040946868051057,0.0
2021-05-24,-0.031123776573122038,0.0003019871742756542,0.0007182779781319451,0.0,0.0008883743238178552,0.0,0.001040946868051057,0.0
2021-05-25,-0.007670290946875181,0.0002990455061151685,0.0007182779781319451,0.0,0.0008883743238178552,0.0,0.001040946868051057,0.0
2021-05-26,0.050284475982491424,0.0002990455061151685,0.0007182779781319451,0.0,0.0008883743238178552,0.0,0.001040946868051057,0.0
2021-05-27,-0.0246602044046563,0.0006248295677350011,0.0007182779781319451,0.0,0.0008883743238178552,0.0,0.001040946868051057,0.0
2021-05-28,-0.02890444226042455,0.00070399711882499,0.0007182779781319451,0.0,0.0008883743238178552,0.0,0.001040946868051057,0.0
2021-06-02,0.0010252906782242,0.0007080667106629465,0.0007123764997393596,0.0,0.0008883743238178552,0.0,0.001040946868051057,0.0
2021-06-03,0.010051785186901849,0.0009593213560931534,0.0007123764997393596,1.0,0.0008883743238178552,1.0,0.001040946868051057,0.0
2021-06-04,0.026235143977718586,0.0009593213560931534,0.0007182779781319451,1.0,0.0009413888449150037,1.0,0.001040946868051057,0.0
2021-06-07,0.04535876669437578,0.0009593213560931532,0.0007312782132766039,1.0,0.0009501428318450954,1.0,0.001040946868051057,0.0
2021-06-08,0.0042439955078203825,0.0009593213560931534,0.0007359219390258305,1.0,0.0009524806392110239,1.0,0.001040946868051057,0.0
2021-06-09,-0.012150317650017435,0.0009575400450667033,0.0007360857412651973,1.0,0.0009530650910525061,1.0,0.001040946868051057,0.0
2021-06-10,-0.014168319621503236,0.0009480201061006308,0.0007372245429633736,1.0,0.0009550673008003122,0.0,0.001040946868051057,0.0
2021-06-11,-0.0130278550297776,0.0009606111089805027,0.0007392006941894045,1.0,0.0009550673008003122,1.0,0.001040946868051057,0.0
2021-06-14,0.020430524508017717,0.0009606111089805027,0.0007403596003007413,1.0,0.0009555678532372637,1.0,0.001040946868051057,0.0
2021-06-15,-0.03333915634631115,0.0009092156974221983,0.0007435306220625138,1.0,0.0009571456067008154,0.0,0.001040946868051057,0.0
2021-06-16,-0.007602307081891483,0.0009063259437738294,0.000745134615827017,1.0,0.0009571456067008154,0.0,0.001040946868051057,0.0
2021-06-17,-0.004620328974936433,0.0009052585717819975,0.0007499465971205268,1.0,0.0009571456067008154,0.0,0.001040946868051057,0.0
2021-06-18,0.027947038040286115,0.0009052909123410073,0.0007665549554180781,1.0,0.0009571456067008154,0.0,0.001040946868051057,0.0
2021-06-21,0.04002161236083999,0.0009052912153072326,0.0008385996656785485,1.0,0.0009571456067008154,0.0,0.001040946868051057,0.0
2021-06-22,-0.05318438956479269,0.0007764615570740801,0.00090526665692175,0.0,0.0009571456067008154,0.0,0.001040946868051057,0.0
2021-06-23,0.007778718335545133,0.0007946903375101666,0.00090526665692175,0.0,0.0009571456067008154,0.0,0.001040946868051057,0.0
2021-06-29,0.04914268830719831,0.0007946903375101665,0.00090526665692175,0.0,0.0009571456067008154,0.0,0.001040946868051057,0.0
2021-06-30,0.011538470887522682,0.0007946903375101666,0.00090526665692175,0.0,0.0009571456067008154,0.0,0.001040946868051057,0.0
2021-07-01,-0.08440264755134214,0.00043849999182636243,0.00090526665692175,0.0,0.0009571456067008154,0.0,0.001040946868051057,0.0
2021-07-02,-0.04918147826352922,0.00031755910161706266,0.0008385996656785485,0.0,0.0009555678532372637,0.0,0.001040946868051057,0.0
2021-07-07,-0.009021742445843148,0.00032642098431928885,0.0008001127607103081,0.0,0.0009550673008003122,0.0,0.001040946868051057,0.0
2021-07-08,-0.07088788971752606,7.516633888908194e-05,0.0007946903375101666,0.0,0.0009530650910525061,0.0,0.0010345229875639715,0.0
2021-07-09,0.0179186241127954,7.516633888908194e-05,0.0007946903375101665,0.0,0.0009524806392110239,0.0,0.001030820446754919,0.0
2021-07-12,0.02978494924359768,0.00030084841755432645,0.0007810187521831017,0.0,0.0009501428318450954,0.0,0.001030820446754919,0.0
2021-07-13,0.010940278140756765,0.0004497928080487281,0.0007517633558154054,0.0,0.0009497182866962024,0.0,0.000985184377201548,0.0
2021-07-14,-0.010583194152396566,0.0004470553140390256,0.0007435306220625138,0.0,0.0009402592243649447,0.0,0.0009606111089805027,0.0
2021-07-15,-0.00321597599114545,0.0004465381889602444,0.0007403596003007413,0.0,0.0009086471373766856,0.0,0.0009597727696037256,0.0
2021-07-16,-0.020531562635959833,0.0004254609357465273,0.0007392006941894045,0.0,0.0009063635065104736,0.0,0.0009593213560931534,0.0
2021-07-21,0.0212378974500201,0.0004894502238890043,0.0007367331362452729,0.0,0.0009061189980805101,0.0,0.0009593213560931534,0.0
2021-07-22,-0.009142817657467084,0.0004852706681531197,0.0007359219390258305,0.0,0.0009052911547139875,0.0,0.0009593213560931533,0.0
2021-07-23,0.020301838270829483,0.0004852706681531197,0.0007312782132766039,0.0,0.0009052844442292054,0.0,0.0009581635039259608,0.0
2021-07-26,0.04054386862572363,0.0004852706681531197,0.0007182779781319451,0.0,0.0008874828634877455,0.0,0.0009562581203775675,0.0
2021-07-27,-0.0008042457212784834,0.0005020053340601129,0.0007123764997393596,0.0,0.0008120420917506194,0.0,0.0009555678532372637,0.0
2021-07-28,-7.784166302718502e-05,0.0005143997916702467,0.000709323742002261,0.0,0.0007946903375101666,0.0,0.0009539410578171712,0.0
2021-07-29,-0.015874070956014497,0.0006019859436039802,0.0007085377156682714,0.0,0.0007946903375101666,0.0,0.000953065091052506,0.0
2021-07-30,-0.019093863116764215,0.0005837571631678938,0.0007081844619142777,0.0,0.0007910445814229495,0.0,0.000951165622567689,0.0
2021-08-04,0.0012620633988790822,0.0005890742274420883,0.0007081844619142777,0.0,0.0007910445814229495,0.0,0.000951165622567689,0.0
2021-08-05,0.025151512883841553,0.0005898436017110716,0.0007075781505525362,0.0,0.0007910445814229495,0.0,0.000951165622567689,0.0
2021-08-06,0.0172378179261416,0.000593185199148725,0.0007074152971823994,0.0,0.0007910445814229495,0.0,0.000951165622567689,0.0
2021-08-09,0.02190699260148313,0.000593185199148725,0.0007074152971823994,0.0,0.0007910445814229495,0.0,0.000951165622567689,0.0
2021-08-10,-0.016081961659065433,0.0005802537246085424,0.0007074152971823994,0.0,0.0007910445814229495,0.0,0.000951165622567689,0.0
2021-08-11,0.016908644237144634,0.0005802537246085424,0.0007074152971823994,0.0,0.0007910445814229495,0.0,0.000951165622567689,0.0
2021-08-12,0.03292051937353302,0.0005899534737991431,0.0007074152971823994,0.0,0.0007910445814229495,0.0,0.000951165622567689,0.0
2021-08-13,-0.06718364066724049,0.00038125751742536923,0.0007074152971823994,0.0,0.0007910445814229495,0.0,0.000951165622567689,0.0
2021-08-16,-0.05457918843192919,0.00023231312693096758,0.0007074152971823994,0.0,0.0007910445814229495,0.0,0.000951165622567689,0.0
2021-08-17,-0.0075666451134747,0.00025315703716242315,0.0007074152971823994,0.0,0.0007910445814229495,0.0,0.000951165622567689,0.0
2021-08-18,0.0031708901869101497,0.0003845651186884668,0.0007074152971823994,0.0,0.0007910445814229495,0.0,0.000951165622567689,0.0
2021-08-19,0.006391573004237617,0.0003883106055920009,0.0007074152971823994,0.0,0.0007910445814229495,0.0,0.000951165622567689,0.0
2021-08-20,-0.03577409345950699,0.00032432131744952384,0.0007074152971823994,0.0,0.0007910445814229495,0.0,0.000951165622567689,0.0
2021-08-23,0.06282282027835924,0.0003279760850136206,0.0007074152971823994,0.0,0.0007910445814229495,0.0,0.000951165622567689,0.0
2021-08-24,0.053128689460105884,0.00032797608501362055,0.0007074152971823994,0.0,0.0007910445814229495,0.0,0.000951165622567689,0.0
2021-08-25,0.059071643860751144,0.0003279760850136206,0.0007074152971823994,0.0,0.0007910445814229495,0.0,0.000951165622567689,0.0
2021-08-26,-0.018312294485401382,0.0003113149636324304,0.0007074152971823994,0.0,0.0007910445814229495,0.0,0.000951165622567689,0.0
2021-08-27,-0.015744688359163383,0.00030114751776118894,0.0007074152971823994,0.0,0.0007910445814229495,0.0,0.000951165622567689,0.0
2021-09-01,-0.04476281009265675,0.00020096205939162628,0.0007074152971823994,0.0,0.0007910445814229495,0.0,0.000951165622567689,0.0
2021-09-02,0.01651835359035915,0.0002009620593916263,0.0007074152971823994,0.0,0.0007910445814229495,0.0,0.000951165622567689,0.0
2021-09-03,-0.010312191109744366,0.00019564499511743176,0.0007074152971823994,0.0,0.0007910445814229495,0.0,0.000951165622567689,0.0
2021-09-08,-0.0039226885397221,0.00025658353780404544,0.0007074152971823994,0.0,0.0007910445814229495,0.0,0.000951165622567689,0.0
2021-09-09,-0.008175080963089382,0.0002532419403663921,0.0007074152971823994,0.0,0.0007910445814229495,0.0,0.000951165622567689,0.0
2021-09-10,0.009533613146421033,0.00025486793749948786,0.0007074152971823994,0.0,0.0007910445814229495,0.0,0.000951165622567689,0.0
2021-09-13,0.10962527369807146,0.00025486793749948786,0.0007074152971823994,0.0,0.0007910445814229495,0.0,0.000951165622567689,0.0
2021-09-14,0.009997513118789781,0.00042206627325360927,0.0007074152971823994,0.0,0.0007910445814229495,0.0,0.000951165622567689,0.0
2021-09-15,-0.013928208205365639,0.00041236652406300854,0.0007074152971823994,0.0,0.0007910445814229495,0.0,0.000951165622567689,0.0
2021-09-16,-0.018431561133810986,0.00039538040177153794,0.0007074152971823994,0.0,0.0007910445814229495,0.0,0.000951165622567689,0.0
2021-09-17,0.017991437730379898,0.00039538040177153794,0.0007074152971823994,0.0,0.0007910445814229495,0.0,0.000951165622567689,0.0
2021-09-20,-0.021774579741119734,0.0005771823375253237,0.0007074152971823994,0.0,0.0007910445814229495,0.0,0.000951165622567689,0.0
2021-09-21,-0.05126559889946545,0.00044577425599928,0.0007074152971823994,0.0,0.0007910445814229495,0.0,0.000951165622567689,0.0
2021-09-22,-0.008655041194048814,0.000442028769095746,0.0007074152971823994,0.0,0.0007910445814229495,0.0,0.000951165622567689,0.0
2021-09-23,0.0111004187820127,0.0004550673861547493,0.0007074152971823994,0.0,0.0007910445814229495,0.0,0.000951165622567689,0.0
2021-09-24,-0.00854958193609105,0.0004514126185906525,0.0007074152971823994,0.0,0.0007910445814229495,0.0,0.000951165622567689,0.0
2021-09-27,0.04839749394360696,0.0004587041172235104,0.0007074152971823994,0.0,0.0007910445814229495,0.0,0.000951165622567689,0.0
2021-09-28,0.02762105544470855,0.0004587041172235104,0.0007074152971823994,0.0,0.0007910445814229495,0.0,0.000951165622567689,0.0
2021-09-29,-0.0014552325230897658,0.00045859823213869743,0.0007074152971823994,0.0,0.0007910445814229495,0.0,0.000951165622567689,0.0
2021-09-30,-0.006674301019758283,0.0004563709174335801,0.0007048516634143424,0.0,0.0007910445814229495,0.0,0.000951165622567689,0.0
2021-10-01,0.01081633429330235,0.00045637091743358016,0.0006672787821717451,0.0,0.0007910445814229495,0.0,0.000951165622567689,0.0
2021-10-04,0.04960738611627322,0.00045637091743358016,0.0006399833840671267,0.0,0.0007910445814229495,0.0,0.000951165622567689,0.0
2021-10-05,0.04930013091849165,0.0006002521894280275,0.0006349647332159477,0.0,0.0007910445814229495,0.0,0.000951165622567689,0.0
2021-10-06,-0.03513058979168924,0.0006108160241963975,0.0006309285223785113,0.0,0.0007698753700717672,0.0,0.000951165622567689,0.0
2021-10-07,0.0034485322175098836,0.000652978005947013,0.0006260179554927589,1.0,0.0007435306220625138,0.0,0.000951165622567689,0.0
2021-10-08,-0.0057026259444150325,0.0006513520088139173,0.0006260179554927589,1.0,0.0007407705585887168,0.0,0.0009501428318450953,0.0
2021-10-11,0.0278977612752092,0.0006513520088139173,0.0006260179554927589,1.0,0.0007266763509437731,0.0,0.0009487630601111934,0.0
2021-10-12,-0.057827041382751264,0.00048415367305979586,0.0006260179554927589,0.0,0.0007139047929566464,0.0,0.0009227972404596495,0.0
2021-10-13,0.02374479224547497,0.0004988563159178463,0.0006143194100810484,0.0,0.0007110529999370378,0.0,0.0009073373575507586,0.0
2021-10-14,0.045297893047613585,0.035799825306845875,0.0006092524645730914,1.0,0.0007085377156682716,1.0,0.0009056533702705414,1.0
2021-10-15,0.004766855985932235,0.035799825306845875,0.0006092524645730914,1.0,0.0007085377156682716,1.0,0.0009056533702705414,1.0
2021-10-18,-0.06411061564185838,0.03559431675494697,0.0006092524645730914,1.0,0.0007085377156682716,1.0,0.0009056533702705414,1.0
2021-10-19,0.0011526036966014823,0.03559431675494697,0.0006092524645730914,1.0,0.0007085377156682716,1.0,0.0009056533702705414,1.0
2021-10-20,0.005851309526266999,0.03559431675494697,0.0006092524645730914,1.0,0.0007085377156682716,1.0,0.0009056533702705414,1.0
2021-10-21,-0.016148447020691053,0.035711029114422546,0.0006092524645730914,1.0,0.0007085377156682716,1.0,0.0009056533702705414,1.0
2021-10-22,0.01406699251016775,0.03579121521357233,0.0006092524645730914,1.0,0.0007085377156682716,1.0,0.0009056533702705414,1.0
2021-10-27,-0.012076008142476483,0.035849370140562074,0.0006092524645730914,1.0,0.0007085377156682716,1.0,0.0009073373575507586,1.0
2021-11-01,0.016344803514839797,0.03587708129406387,0.0006092524645730914,1.0,0.0007085377156682716,1.0,0.0009227972404596495,1.0
2021-11-02,0.02429189302401295,0.03587708129406387,0.0006092524645730914,1.0,0.0007085377156682716,1.0,0.0009513520847387561,1.0
2021-11-03,0.008087267429528517,0.03587708129406387,0.0006092524645730914,1.0,0.0007110529999370378,1.0,0.0009581635039259608,1.0
2021-11-04,0.007171343042538182,0.03587708129406387,0.0006092524645730914,1.0,0.0007139047929566464,1.0,0.0009593213560931533,1.0
2021-11-05,0.0165721000470075,0.03590178713590117,0.0006092524645730914,1.0,0.000764061352848215,1.0,0.0009593213560931534,1.0
2021-11-08,-0.05364350324027083,0.035959588826580104,0.0006092524645730914,1.0,0.0007910445814229495,1.0,0.0009593213560931534,1.0
2021-11-09,-0.03801887734375307,0.03588731707485614,0.0006092524645730914,1.0,0.0007946903375101666,1.0,0.0009597727696037256,1.0
2021-11-10,-0.029038588722806583,0.03591683712198761,0.0006143194100810484,1.0,0.0007946903375101666,1.0,0.0009606111089805027,1.0
2021-11-11,0.003431990556723432,0.03593521512075934,0.0006273633591052378,1.0,0.0008831449249276326,1.0,0.0010235555145304666,1.0
2021-11-12,0.0016275280954061164,0.03593521512075934,0.0006349647332159477,1.0,0.0009052844442292054,1.0,0.001555574090324689,1.0
2021-11-15,0.058687376627820885,0.03597496027816371,0.0006390615521154402,1.0,0.0009052911547139875,1.0,0.002710089469728093,1.0
2021-11-16,-0.017147969476325995,0.03596025763530566,0.0006513520088139173,1.0,0.0009061189980805101,1.0,0.0038375682185421167,1.0
2021-11-17,-0.8402495937628061,0.0006717651976196185,0.0006517585080971912,1.0,0.0009086377466925246,0.0,0.0047675863016855774,0.0
2021-11-18,0.8023083636570417,0.0006717651976196184,0.0006534933386154256,1.0,0.0009086377466925246,0.0,0.0047675863016855774,0.0
2021-11-19,0.03167203660896832,0.0006717651976196185,0.0006592208018704022,1.0,0.0009086377466925246,0.0,0.0047675863016855774,0.0
2021-11-22,0.011672360531392768,0.000699969312333077,0.0006717651976196184,1.0,0.0009086377466925246,0.0,0.0047675863016855774,0.0
2021-11-23,0.0338099942332245,0.000699969312333077,0.0006717651976196185,1.0,0.0009086377466925246,0.0,0.0047675863016855774,0.0
2021-11-24,-0.050941334206042,0.0005702183357984938,0.0006788162262979831,0.0,0.0009086377466925246,0.0,0.0047675863016855774,0.0
2021-12-01,-0.040046497761922796,0.0005574434186048961,0.0006788162262979831,0.0,0.0009086377466925246,0.0,0.0047675863016855774,0.0
2021-12-02,-0.036179117076734164,0.0004919969929822942,0.0006788162262979831,0.0,0.0009086377466925246,0.0,0.0047675863016855774,0.0
2021-12-03,-0.023541942783802384,0.0005934066311533734,0.0006788162262979831,0.0,0.0009086377466925246,0.0,0.0047675863016855774,0.0
2021-12-06,0.01818878185072821,0.0006236973532647451,0.0006788162262979831,0.0,0.0009086377466925246,0.0,0.0047675863016855774,0.0
2021-12-07,0.0346647728812551,0.0006236973532647451,0.0006788162262979831,0.0,0.0009086377466925246,0.0,0.0047675863016855774,0.0
2021-12-08,0.022835328761067652,0.0007915992034309559,0.0006788162262979831,1.0,0.0009086377466925246,0.0,0.0047675863016855774,0.0
2021-12-09,-0.022228738982363685,0.0007668933615936531,0.000699969312333077,1.0,0.0009086377466925246,0.0,0.0047675863016855774,0.0
2021-12-10,-0.06351109551462288,0.0005652103989202756,0.0007009762639560552,0.0,0.0009086377466925246,0.0,0.0047675863016855774,0.0
2021-12-13,0.029667819395431366,0.0007857990828019524,0.0007009762639560552,1.0,0.0009086377466925246,0.0,0.0047675863016855774,0.0
2021-12-14,-0.0378634464575233,0.0009240436454384653,0.0007050145167844792,1.0,0.0009086377466925246,1.0,0.0047675863016855774,0.0
2021-12-15,-0.019171853729744698,0.000905665646666729,0.0007227733733956231,1.0,0.0009210780558352121,0.0,0.0047675863016855774,0.0
2021-12-20,0.051479707410832735,0.0010184938722340663,0.0007692854104637599,1.0,0.0009210780558352121,1.0,0.0047675863016855774,0.0
2021-12-23,-0.0281940268157528,0.0009792268601784859,0.0007787959385060481,1.0,0.000943224813968198,1.0,0.0047675863016855774,0.0
2021-12-30,0.019288408796754482,0.0009792268601784859,0.0007872491129592033,1.0,0.000955636057273489,1.0,0.0047675863016855774,0.0
2021-12-31,-0.015796552308643217,0.0010540242282501388,0.0007923719869507586,1.0,0.0009589650938878632,1.0,0.0047675863016855774,0.0
2022-01-03,0.09900977638878156,0.0010613582014753916,0.0007946903375101665,1.0,0.0009593213560931534,1.0,0.0047675863016855774,0.0
2022-01-04,0.024550002437978734,0.0010613582014753916,0.0007946903375101666,1.0,0.0009593213560931534,1.0,0.0047675863016855774,0.0
2022-01-05,-0.023750416717800333,0.001033154086761933,0.0008223323960781243,1.0,0.0009593213560931534,1.0,0.0047675863016855774,0.0
2022-01-06,0.04713263336856598,0.0010361325724485932,0.00090526665692175,1.0,0.0009603531584030328,1.0,0.0047675863016855774,0.0
2022-01-07,0.06112313834965338,0.0012678728002305938,0.0009052909880825637,1.0,0.0009606111089805027,1.0,0.0047675863016855774,0.0
2022-01-10,-0.03671816497489677,0.0012514690870633206,0.0009053848231471066,1.0,0.0009755037099388894,1.0,0.0047675863016855774,0.0
2022-01-11,0.043990430094935216,0.0012864516515643588,0.0009058307209435042,1.0,0.0009792268601784859,1.0,0.0047675863016855774,0.0
2022-01-12,-0.05081747566986588,0.001162321402840376,0.0009070483821859216,1.0,0.0010106404698229507,1.0,0.0047675863016855774,0.0
2022-01-13,-0.024613298077003687,0.0011320306807290044,0.000912922684426265,1.0,0.0010302220438563599,1.0,0.0047675863016855774,0.0
2022-01-14,0.038897149180901834,0.0011399082689289327,0.0009300377606040067,1.0,0.0010355368753112613,1.0,0.0047675863016855774,0.0
2022-01-19,-0.05794857205595506,0.001209150851799587,0.0009504000908421489,1.0,0.0010504458970898298,1.0,0.0047675863016855774,0.0
2022-01-20,0.046262366716225085,0.0012242977219764852,0.0009579853728233158,1.0,0.0010598914068303412,1.0,0.0047675863016855774,0.0
2022-01-21,0.04918312614179395,0.0012242977219764854,0.0009593213560931532,1.0,0.0010613582014753916,1.0,0.0047675863016855774,0.0
2022-01-24,-0.06642118395236217,0.0010037090380948088,0.0009593213560931534,1.0,0.0011178961848782826,0.0,0.0047675863016855774,0.0
2022-01-25,-0.06479607881941617,0.0007937824465762092,0.0009593213560931534,0.0,0.0011178961848782826,0.0,0.0047675863016855774,0.0
2022-01-26,0.12334292367383311,0.0007988597397712339,0.0009593213560931534,0.0,0.0011178961848782826,0.0,0.0047675863016855774,0.0
2022-01-27,-0.0475033105303909,0.0006860315142038966,0.0009593213560931534,0.0,0.0011178961848782826,0.0,0.0047675863016855774,0.0
2022-01-28,-0.0030923950225961315,0.0008578068122903005,0.0009593213560931534,0.0,0.0011178961848782826,0.0,0.0047675863016855774,0.0
2022-01-31,0.07228885761467467,0.0008578068122903005,0.0009593213560931534,0.0,0.0011178961848782826,0.0,0.0047675863016855774,0.0
2022-02-01,-0.041778923230173855,0.0007705328909766626,0.0009593213560931534,0.0,0.0011178961848782826,0.0,0.0047675863016855774,0.0
2022-02-02,-0.012111129778226891,0.0007631989177514099,0.0009593213560931534,0.0,0.0011178961848782826,0.0,0.0047675863016855774,0.0
2022-02-03,0.007536793816799552,0.0007644177988232242,0.0009593213560931534,0.0,0.0011178961848782826,0.0,0.0047675863016855774,0.0
2022-02-04,0.00508515325320255,0.0007644177988232242,0.0009593213560931534,0.0,0.0011178961848782826,0.0,0.0047675863016855774,0.0
2022-02-07,-0.007718141857546299,0.0008277931737987791,0.0009593213560931534,0.0,0.0011178961848782826,0.0,0.0047675863016855774,0.0
2022-02-08,-0.068079398907746,0.0006081318004135995,0.0009593213560931534,0.0,0.0011178961848782826,0.0,0.0047675863016855774,0.0
2022-02-09,-0.03193977732825128,0.0005798339599867133,0.0009593213560931534,0.0,0.0011178961848782826,0.0,0.0047675863016855774,0.0
2022-02-10,-0.026450922290550932,0.0005566078410248825,0.0009593213560931534,0.0,0.0011178961848782826,0.0,0.0047675863016855774,0.0
2022-02-11,-0.009990538472863067,0.0006162012582767789,0.0009593213560931534,0.0,0.0011178961848782826,0.0,0.0047675863016855774,0.0
2022-02-14,0.11213328878731434,0.0006162012582767789,0.0009593213560931534,0.0,0.0011178961848782826,0.0,0.0047675863016855774,0.0
2022-02-15,-0.012551962555654902,0.0006083236700768509,0.0009593213560931534,0.0,0.0011178961848782826,0.0,0.0047675863016855774,0.0
2022-02-16,-0.0688686333590068,0.000371180702621905,0.0009593213560931534,0.0,0.0011178961848782826,0.0,0.0047675863016855774,0.0
2022-02-17,-0.017405097056263898,0.00035603383244500666,0.0009593213560931534,0.0,0.0011178961848782826,0.0,0.0047675863016855774,0.0
2022-02-18,0.04092025981798458,0.00035603383244500666,0.0009593213560931534,0.0,0.0011178961848782826,0.0,0.0047675863016855774,0.0
2022-02-23,0.020037909295802715,0.00035603383244500666,0.0009593213560931534,0.0,0.0011178961848782826,0.0,0.0047675863016855774,0.0
2022-02-24,0.08929052290418234,0.00035603383244500666,0.0009593213560931534,0.0,0.0011178961848782826,0.0,0.0047675863016855774,0.0
2022-02-25,-0.0100769967698962,0.0003509565392499817,0.0009593213560931534,0.0,0.0011178961848782826,0.0,0.0047675863016855774,0.0
2022-02-28,0.02777160351476975,0.0003509565392499817,0.0009593213560931534,0.0,0.0011178961848782826,0.0,0.0047675863016855774,0.0
2022-03-01,-0.05869470903500464,0.0002746446693827075,0.0009593213560931534,0.0,0.0011178961848782826,0.0,0.0047675863016855774,0.0
2022-03-02,0.03722938870352254,0.0003206803480655878,0.0009593213560931534,0.0,0.0011178961848782826,0.0,0.0047675863016855774,0.0
2022-03-03,0.020175165359983403,0.00032823400418905514,0.0009593213560931534,0.0,0.0011178961848782826,0.0,0.0047675863016855774,0.0
2022-03-04,0.055482244474896615,0.0003282590051225023,0.0009593213560931534,0.0,0.0011178961848782826,0.0,0.0047675863016855774,0.0
2022-03-07,-0.0049373698905679,0.000327040124050688,0.0009593213560931534,0.0,0.0011178961848782826,0.0,0.0047675863016855774,0.0
2022-03-08,0.044090268958167256,0.000327040124050688,0.0009593213560931534,0.0,0.0011178961848782826,0.0,0.0047675863016855774,0.0
2022-03-09,-0.036429070990684195,0.0002606862633884726,0.0009593213560931534,0.0,0.0011178961848782826,0.0,0.0047675863016855774,0.0
2022-03-10,-0.015542750333721883,0.0002956975791900389,0.0009593213560931534,0.0,0.0011178961848782826,0.0,0.0047675863016855774,0.0
2022-03-11,-0.02131179408779445,0.0002729879508280114,0.0009593213560931534,0.0,0.0011178961848782826,0.0,0.0047675863016855774,0.0
2022-03-14,-0.015333913746468928,0.0002840217744986022,0.0009593213560931534,0.0,0.0010613582014753916,0.0,0.0047675863016855774,0.0
2022-03-15,-0.035939938842681506,0.00022862674675829534,0.0009593213560931532,0.0,0.0010598914068303412,0.0,0.0047675863016855774,0.0
2022-03-16,0.0036120039411392997,0.00036776630444211816,0.0009579853728233158,0.0,0.0010504458970898298,0.0,0.003125214922598469,0.0
2022-03-17,0.048478879612080784,0.0005410080044536541,0.0009504000908421489,0.0,0.0010355368753112613,0.0,0.0016504736898399757,0.0
2022-03-18,-0.00017120642040069876,0.0005410065388717347,0.0009300377606040067,0.0,0.0010302220438563599,0.0,0.0012743753981974114,0.0
2022-03-21,0.024080690823296447,0.0005440069266437577,0.000912922684426265,0.0,0.0010155369054062149,0.0,0.0012572103866718661,0.0
2022-03-22,0.008793522009141951,0.0005440069266437577,0.0009070483821859216,0.0,0.0009988126025115445,0.0,0.0012338076997568776,0.0
2022-03-23,0.04337407868978488,0.0005440069266437577,0.0009058307209435042,0.0,0.0009792268601784859,0.0,0.0012242977219764852,0.0
2022-04-12,0.020107041323100535,0.0005440069266437577,0.0009053848231471066,0.0,0.0009755037099388894,0.0,0.0012144522563615012,0.0
2022-04-13,0.02696882074122695,0.0005440069266437577,0.0009052909880825637,0.0,0.0009606111089805027,0.0,0.0011787117099760997,0.0
2022-04-14,0.009593795554523834,0.000544195044122326,0.00090526665692175,0.0,0.0009603531584030328,0.0,0.0011477528657979378,0.0
2022-04-20,-0.04380446862317098,0.0005301081789051601,0.0008696697521632247,0.0,0.0009593213560931534,0.0,0.0011347878365989793,0.0
2022-04-21,-0.03034326240959605,0.0004840725002222799,0.0008578068122903005,0.0,0.0009593213560931534,0.0,0.0010860935692141556,0.0
2022-04-22,-0.012291180678411137,0.00047651884409881265,0.0008352965834216594,0.0,0.0009593213560931534,0.0,0.0010613582014753916,0.0
2022-04-25,-0.0007071199820001487,0.00047649384316536536,0.0008060930982781203,0.0,0.0009589650938878632,0.0,0.0010565911188789771,0.0
2022-04-26,0.015924035359323865,0.0005583865444354906,0.0007957326880754335,0.0,0.000955636057273489,0.0,0.0010423946519791342,0.0
2022-04-27,0.005636981982936116,0.0006206577240139143,0.0007946903375101666,0.0,0.000943224813968198,0.0,0.0010341965567522641,0.0
2022-04-28,0.007736836504679867,0.0006206577240139143,0.0007946903375101665,0.0,0.0009210780558352121,0.0,0.0010236249473188196,0.0
2022-04-29,-0.030688815616894367,0.0005735675538155273,0.0007940094193096985,0.0,0.0009086377466925246,0.0,0.0010088837300435487,0.0
2022-05-04,0.06422039259231915,0.0005735675538155273,0.0007921450142172692,0.0,0.0009061938843524094,0.0,0.0009877956224491988,0.0
2022-05-05,-0.02134959915773513,0.0005507772846057291,0.0007872491129592033,0.0,0.0009055907603948297,0.0,0.0009792268601784859,0.0
2022-05-06,-0.013556498412552916,0.0006482165233564193,0.0007787959385060481,0.0,0.0009052911547139875,0.0,0.0009671266218997966,0.0
2022-05-09,-0.052752167288903466,0.0005090769656725964,0.0007787959385060481,0.0,0.0009052911547139875,0.0,0.0009671266218997966,0.0
2022-05-10,-0.05886284057222108,0.0004727823555582929,0.0007787959385060481,0.0,0.0009052911547139875,0.0,0.0009671266218997966,0.0
2022-05-13,0.01368499656234942,0.0004727823555582929,0.0007787959385060481,0.0,0.0009052911547139875,0.0,0.0009671266218997966,0.0
2022-05-18,-0.007746467287768117,0.0004697819677862699,0.0007787959385060481,0.0,0.0009052911547139875,0.0,0.0009671266218997966,0.0
2022-05-19,0.08873042553006531,0.0004787789339907155,0.0007787959385060481,0.0,0.0009052911547139875,0.0,0.0009671266218997966,0.0
2022-05-20,0.023084222059568532,0.0004787789339907155,0.0007787959385060481,0.0,0.0009052911547139875,0.0,0.0009671266218997966,0.0
2022-05-25,0.04076083284108259,0.0004787789339907155,0.0007787959385060481,0.0,0.0009052911547139875,0.0,0.0009671266218997966,0.0
2022-05-26,0.03425069381276962,0.0005055923853843336,0.0007787959385060481,0.0,0.0009052911547139875,0.0,0.0009671266218997966,0.0
2022-05-27,-0.0019396776978057827,0.0005164457641766298,0.0007787959385060481,0.0,0.0009052911547139875,0.0,0.0009671266218997966,0.0
2022-06-01,-0.04046102034075577,0.00043459105582587725,0.0007787959385060481,0.0,0.0009052911547139875,0.0,0.0009671266218997966,0.0
2022-06-06,0.023154300618927717,0.00043459105582587714,0.0007787959385060481,0.0,0.0009052911547139875,0.0,0.0009671266218997966,0.0
2022-06-07,0.014272244178877833,0.0004363108141084062,0.0007787959385060481,0.0,0.0009052911547139875,0.0,0.0009671266218997966,0.0
2022-06-08,0.03474827234253113,0.0004527254189467645,0.0007787959385060481,0.0,0.0009052911547139875,0.0,0.0009671266218997966,0.0
2022-06-09,-0.04047040925667179,0.000373659342673605,0.0007787959385060481,0.0,0.0009052911547139875,0.0,0.0009671266218997966,0.0
2022-06-10,-0.03529055952472947,0.00031164735242169325,0.0007787959385060481,0.0,0.0009052911547139875,0.0,0.0009671266218997966,0.0
2022-06-13,0.05016997006717904,0.000323532460269399,0.0007787959385060481,0.0,0.0009052911547139875,0.0,0.0009671266218997966,0.0
2022-06-14,0.031533277287834,0.00032353246026939895,0.0007787959385060481,0.0,0.0009052911547139875,0.0,0.0009671266218997966,0.0
2022-06-15,0.00036135761512080003,0.00032353246026939895,0.0007787959385060481,0.0,0.0009052911547139875,0.0,0.0009671266218997966,0.0
2022-06-16,0.017903449865495986,0.00032353246026939895,0.0007787959385060481,0.0,0.0009052911547139875,0.0,0.0009671266218997966,0.0
2022-06-17,-0.04617968627246565,0.00022072396597935126,0.0007787959385060481,0.0,0.0009052911547139875,0.0,0.0009671266218997966,0.0
2022-06-22,0.005310537862093334,0.0002453245640638274,0.0007787959385060481,0.0,0.0009052911547139875,0.0,0.0009671266218997966,0.0
2022-06-23,-0.05233490038152979,0.00010837747416659501,0.0007787959385060481,0.0,0.0009052911547139875,0.0,0.0009671266218997966,0.0
2022-06-24,0.017902401810257113,0.00020597201099140696,0.0007787959385060481,0.0,0.0009052911547139875,0.0,0.0009671266218997966,0.0
2022-06-27,0.010243362732841517,0.00020597201099140696,0.0007787959385060481,0.0,0.0009052911547139875,0.0,0.0009671266218997966,0.0
2022-06-28,-0.0134141464167093,0.00019697504478696123,0.0007787959385060481,0.0,0.0009052911547139875,0.0,0.0009671266218997966,0.0
2022-06-29,0.006781195378971499,0.00021801529208142958,0.0007787959385060481,0.0,0.0009052911547139875,0.0,0.0009671266218997966,0.0
2022-06-30,0.03322172571904128,0.0002278950373431534,0.0007787959385060481,0.0,0.0009052911547139875,0.0,0.0009671266218997966,0.0
2022-07-01,-0.023157483193826583,0.00020108158594953537,0.0007787959385060481,0.0,0.0009052911547139875,0.0,0.0009671266218997966,0.0
2022-07-06,-0.014860347419131531,0.00019355607179121306,0.0007787959385060481,0.0,0.0009052911547139875,0.0,0.0009671266218997966,0.0
2022-07-07,0.013602928987168686,0.0001958282231115947,0.0007787959385060481,0.0,0.0009052911547139875,0.0,0.0009671266218997966,0.0
2022-07-08,0.023587069577042336,0.00019783078327034317,0.0007787959385060481,0.0,0.0009052911547139875,0.0,0.0009671266218997966,0.0
2022-07-11,-0.0058647391800984,0.00019611102498781407,0.0007787959385060481,0.0,0.0009052911547139875,0.0,0.0009671266218997966,0.0
2022-07-12,-0.018118832654648784,0.0001796964201494557,0.0007787959385060481,0.0,0.0009052911547139875,0.0,0.0009671266218997966,0.0
2022-07-13,-0.007518809742194166,0.00020715841950178182,0.0007787959385060481,0.0,0.0009052911547139875,0.0,0.0009671266218997966,0.0
2022-07-14,-0.002276793036320683,0.00020799335967543772,0.0007787959385060481,0.0,0.0009052911547139875,0.0,0.0009671266218997966,0.0
2022-07-15,-0.015417592449994083,0.00024564909051865265,0.0007787959385060481,0.0,0.0009052911547139875,0.0,0.0009671266218997966,0.0
2022-07-18,0.06932093389748661,0.00026289492948045306,0.0007787959385060481,0.0,0.0009052911547139875,0.0,0.0009671266218997966,0.0
2022-07-19,0.046807621448351155,0.00026289492948045306,0.0007787959385060481,0.0,0.0009052911547139875,0.0,0.0009671266218997966,0.0
2022-07-20,0.027388904541870953,0.00026289492948045306,0.0007787959385060481,0.0,0.0009052911547139875,0.0,0.0009671266218997966,0.0
2022-07-21,-0.0087403397200794,0.0002590752525593332,0.0007787959385060481,0.0,0.0009052911547139875,0.0,0.0009671266218997966,0.0
2022-07-22,-0.02218134264848552,0.000234474654474857,0.0007787959385060481,0.0,0.0009052911547139875,0.0,0.0009671266218997966,0.0
2022-07-25,0.017026619507363967,0.00024578237727479685,0.0007787959385060481,0.0,0.0009052911547139875,0.0,0.0009671266218997966,0.0
2022-07-26,-0.04418020751984127,0.00014818784044998487,0.0007787959385060481,0.0,0.0009052911547139875,0.0,0.0009671266218997966,0.0
2022-07-27,0.021880246820007204,0.00014818784044998487,0.0007787959385060481,0.0,0.0009052911547139875,0.0,0.0009671266218997966,0.0
2022-07-28,0.009405480814820084,0.000151372648231423,0.0007787959385060481,0.0,0.0009052911547139875,0.0,0.0009671266218997966,0.0
2022-07-29,-0.020513530800166196,0.00013753854466518777,0.0007787959385060481,0.0,0.0009052911547139875,0.0,0.0009671266218997966,0.0
2022-08-01,-0.014056845493725713,0.00023365142675458618,0.0007787959385060481,0.0,0.0009052911547139875,0.0,0.0009671266218997966,0.0
2022-08-02,0.01588371411512752,0.00023384735018260614,0.0007787959385060481,0.0,0.0009052911547139875,0.0,0.0009671266218997966,0.0
2022-08-03,-0.008385680786366869,0.00023033136807006403,0.0007787959385060481,0.0,0.0009052911547139875,0.0,0.0009671266218997966,0.0
2022-08-04,-0.006741144295120317,0.0002854826128609839,0.0007787959385060481,0.0,0.0009052911547139875,0.0,0.0009671266218997966,0.0
2022-08-05,-0.006328601992143916,0.0002834800527022355,0.0007787959385060481,0.0,0.0009052911547139875,0.0,0.0009671266218997966,0.0
2022-08-08,0.0061823672915140016,0.0002834800527022355,0.0007787959385060481,0.0,0.0009052911547139875,0.0,0.0009671266218997966,0.0
2022-08-09,0.03633022412106977,0.0002834800527022355,0.0007787959385060481,0.0,0.0009052911547139875,0.0,0.0009671266218997966,0.0
2022-08-10,-0.02461244577415737,0.000283524304008256,0.0007787959385060481,0.0,0.0009052911547139875,0.0,0.0009671266218997966,0.0
2022-08-11,-0.004677883068585153,0.0002851754668653268,0.0007787959385060481,0.0,0.0009052911547139875,0.0,0.0009671266218997966,0.0
2022-08-12,-0.03147724215712699,0.0002356346281744062,0.0007787959385060481,0.0,0.0009052911547139875,0.0,0.0009671266218997966,0.0
2022-08-15,-0.018571935258233283,0.0004288370914754825,0.0007787959385060481,0.0,0.0009052911547139875,0.0,0.0009671266218997966,0.0
2022-08-16,0.0171878205247512,0.0008765982652476918,0.0007787959385060481,1.0,0.0009052911547139875,0.0,0.0009671266218997966,0.0
2022-08-17,0.013622238498558448,0.0008765982652476918,0.0007872491129592033,1.0,0.0009052911547139875,0.0,0.0009671266218997966,0.0
2022-08-18,0.01841041782587635,0.0008968597930002497,0.0007921450142172692,1.0,0.0009052911547139875,0.0,0.0009671266218997966,0.0
2022-08-19,0.0031747405197644503,0.0008968597930002497,0.0007940094193096985,1.0,0.0009052911547139875,0.0,0.0009671266218997966,0.0
2022-08-22,-0.015038432631055533,0.0008873888902473217,0.0007946903375101665,1.0,0.0009052911547139875,0.0,0.0009671266218997966,0.0
2022-08-23,0.029124609909570567,0.0008873888902473216,0.0007946903375101665,1.0,0.0009052844442292054,0.0,0.0009671266218997966,0.0
2022-08-24,0.014195577431814035,0.0008873888902473216,0.0007946903375101665,1.0,0.000903578816025648,0.0,0.0009671266218997966,0.0
2022-08-25,-0.007980987133729951,0.0008842040824658835,0.0007946903375101665,1.0,0.0008968597930002497,0.0,0.0009671266218997966,0.0
2022-08-26,-0.012005118681823282,0.0008770886186608279,0.0007946903375101665,1.0,0.0008949656124496643,0.0,0.0009671266218997966,0.0
2022-08-31,-0.0460418564680275,0.0007710959913097056,0.0007946903375101665,0.0,0.0008873888902473217,0.0,0.0009671266218997966,0.0
2022-09-01,-0.0019795122026395498,0.0009702178309773782,0.0007940094193096985,1.0,0.0008873888902473216,1.0,0.0009671266218997966,1.0
2022-09-02,0.014609026891107683,0.0009892692023160618,0.0007940094193096985,1.0,0.0008873888902473216,1.0,0.0009733709911977658,1.0
2022-09-07,-0.033889053132627224,0.0009318458062047601,0.0007940094193096985,1.0,0.0008873888902473216,1.0,0.0009792268601784859,0.0
2022-09-08,0.007714950561162916,0.0009360596332862825,0.0007940094193096985,1.0,0.0008873888902473216,1.0,0.0009792268601784859,0.0
2022-09-09,0.03396873002367697,0.0009404209793725254,0.0007940094193096985,1.0,0.0008873888902473216,1.0,0.0009792268601784859,0.0
2022-09-12,0.01128927704583445,0.0009753501419285845,0.0007940094193096985,1.0,0.0008873888902473216,1.0,0.0009792268601784859,0.0
2022-09-15,-0.024630418451708186,0.0010645620134685939,0.0007940094193096985,1.0,0.0008873888902473216,1.0,0.0009792268601784859,1.0
2022-09-16,-0.007409847983917933,0.0010688291960891775,0.0007940094193096985,1.0,0.0008873888902473216,1.0,0.0009827416799266374,1.0
2022-09-21,0.0109235207310672,0.0010688291960891775,0.0007946903375101665,1.0,0.0008873888902473217,1.0,0.0009943231448386232,1.0
2022-09-22,-0.06487654464640925,0.0008583808938263009,0.0007946903375101665,1.0,0.0008949656124496643,0.0,0.0010088837300435487,0.0
2022-09-23,-0.09463204254080215,0.0004106531731398861,0.0007957326880754335,0.0,0.0008949656124496643,0.0,0.0010088837300435487,0.0
2022-09-26,0.015923555426937002,0.0004197318219564819,0.0007950517698749654,0.0,0.0008949656124496643,0.0,0.0010088837300435487,0.0
2022-09-27,-0.020130339168805786,0.000402008882905201,0.0007950517698749654,0.0,0.0008949656124496643,0.0,0.0010088837300435487,0.0
2022-09-28,0.02850601858574382,0.0004025138901909444,0.0007950517698749654,0.0,0.0008949656124496643,0.0,0.0010088837300435487,0.0
2022-09-29,-0.0060610560911639995,0.00045834573224344636,0.0007950517698749654,0.0,0.0008949656124496643,0.0,0.0010088837300435487,0.0
2022-09-30,0.0012378636053498667,0.00045834573224344636,0.0007950517698749654,0.0,0.0008949656124496643,0.0,0.0010088837300435487,0.0
2022-10-03,0.010109830301103167,0.0005285538124197929,0.0007950517698749654,0.0,0.0008949656124496643,0.0,0.0010088837300435487,0.0
2022-10-04,0.013513219052328633,0.0005285538124197929,0.0007950517698749654,0.0,0.0008949656124496643,0.0,0.0010088837300435487,0.0
2022-10-05,-0.0013466990991119643,0.0005701505563554079,0.0007950517698749654,0.0,0.0008949656124496643,0.0,0.0010088837300435487,0.0
2022-10-06,0.02868214672561732,0.0006105571576402212,0.0007950517698749654,0.0,0.0008949656124496643,0.0,0.0010088837300435487,0.0
2022-10-07,-0.06313758992798071,0.0004112393945445286,0.0007950517698749654,0.0,0.0008949656124496643,0.0,0.0010088837300435487,0.0
2022-10-12,-0.019519923841390004,0.0003921880232058453,0.0007950517698749654,0.0,0.0008949656124496643,0.0,0.0010088837300435487,0.0
2022-10-17,0.024316970032080665,0.0003956892445286002,0.0007950517698749654,0.0,0.0008949656124496643,0.0,0.0010088837300435487,0.0
2022-10-18,-0.009180225576228865,0.00044500914409780943,0.0007950517698749654,0.0,0.0008949656124496643,0.0,0.0010088837300435487,0.0
2022-10-19,-0.009339535412688435,0.00048617065201845834,0.0007950517698749654,0.0,0.0008949656124496643,0.0,0.0010088837300435487,0.0
2022-10-20,-0.02643072551257687,0.00045389870959424924,0.0007950517698749654,0.0,0.0008949656124496643,0.0,0.0010088837300435487,0.0
2022-10-21,-0.04889677846143275,0.0003776067573406323,0.0007950517698749654,0.0,0.0008949656124496643,0.0,0.0010088837300435487,0.0
2022-10-24,-0.01184269815356475,0.0004945540515580443,0.0007950517698749654,0.0,0.0008949656124496643,0.0,0.0010088837300435487,0.0
2022-10-25,0.04566457683095467,0.0004945540515580443,0.0007950517698749654,0.0,0.0008949656124496643,0.0,0.0010088837300435487,0.0
2022-10-26,0.0265913926328904,0.0004945540515580443,0.0007950517698749654,0.0,0.0008949656124496643,0.0,0.0010088837300435487,0.0
2022-10-27,-0.0008179619281446492,0.0008348697515460494,0.0007950517698749654,1.0,0.0008949656124496643,0.0,0.0010088837300435487,0.0
2022-10-28,-0.013474901718822069,0.0010782896231027433,0.0008060930982781203,1.0,0.0008949656124496643,1.0,0.0010088837300435487,1.0
2022-10-31,-0.00712543149749835,0.0010868038432168933,0.0008295623182355967,1.0,0.0008968597930002497,1.0,0.0010236249473188196,1.0
2022-11-01,-0.0031780726415341493,0.001130747896729796,0.0008406040167321121,1.0,0.0009039044759334333,1.0,0.0010341965567522641,1.0
2022-11-02,-0.033961349236893916,0.0010730792346302822,0.0008578068122903005,1.0,0.0009203680456841182,1.0,0.0010423946519791342,1.0
2022-11-03,0.0017203526671031664,0.0010730792346302824,0.0008579503326743006,1.0,0.0009302853740515012,1.0,0.0010565911188789771,1.0
2022-11-04,-0.03747214436787587,0.0010028711544539358,0.0008629352366816487,1.0,0.000935216867869978,1.0,0.0010613582014753916,0.0
2022-11-07,0.05236149601669234,0.0010028711544539358,0.0008765982652476918,1.0,0.0009395487101552769,1.0,0.0010613582014753916,0.0
2022-11-08,-0.0288747030664533,0.0009611837305951432,0.0008767208536009758,1.0,0.0009642584606564079,0.0,0.0010613582014753916,0.0
2022-11-09,-0.02842766303613903,0.0009908272121512257,0.0008788674846120917,1.0,0.0009684110109009313,1.0,0.0010613582014753916,0.0
2022-11-10,0.058022548861719474,0.0010150969385090522,0.000885000284411243,1.0,0.0009743236797383433,1.0,0.0010613582014753916,0.0
2022-11-15,0.007121165082236219,0.0010150969385090522,0.0008873888902473216,1.0,0.0009784515165285057,1.0,0.0010613582014753916,0.0
2022-11-16,-0.008368059897915182,0.001403950329528563,0.0008873888902473216,1.0,0.0009792268601784859,1.0,0.0010613582014753916,1.0
2022-11-17,-0.03272116338113045,0.0013504166028778315,0.0008897566159355538,1.0,0.0009872607338885467,1.0,0.0010624795356730123,1.0
2022-11-18,-0.030173781336415902,0.0013088152792938327,0.0008968597930002497,1.0,0.0009905156101841929,1.0,0.0010660555273857982,1.0
2022-11-21,-0.0072900207569662825,0.0013061580591619826,0.0008990612564168696,1.0,0.001000462365993394,1.0,0.0010688291960891775,1.0
2022-11-22,-0.029411832633042364,0.0015751044407290294,0.0009102601463596631,1.0,0.0010028711544539358,1.0,0.001070316709578564,1.0
2022-11-23,-0.04979151919659297,0.0015065277940442265,0.000925994185630039,1.0,0.001003541461366634,1.0,0.0010730792346302822,1.0
2022-11-30,0.058659495278901685,0.0015144125293228565,0.0009328992629751407,1.0,0.0010128193584262037,1.0,0.0010749028705956437,1.0
2022-12-01,0.015281338495730884,0.0015144125293228565,0.0009371499698078433,1.0,0.0010150969385090522,1.0,0.0010812696001426957,1.0
2022-12-02,-0.08250444267720372,0.001174063376249057,0.0009456116671781798,1.0,0.0010178144854890636,1.0,0.001102184261946409,1.0
2022-12-05,-0.07106314380511036,0.0009215648558757669,0.0009634422556907019,0.0,0.0010302220438563599,0.0,0.001131196871129519,0.0
2022-12-06,-0.014867958040986833,0.0009400764206371828,0.0009634422556907019,0.0,0.0010302220438563599,0.0,0.001131196871129519,0.0
2022-12-07,-0.029815788032063084,0.000895627359838537,0.0009634422556907019,0.0,0.0010302220438563599,0.0,0.001131196871129519,0.0
2022-12-08,0.043383718092863656,0.0009262261196983053,0.0009634422556907019,0.0,0.0010302220438563599,0.0,0.001131196871129519,0.0
2022-12-09,0.018569187219953747,0.0010063907079129384,0.0009634422556907019,1.0,0.0010302220438563599,0.0,0.001131196871129519,0.0
2022-12-12,0.07299562333304509,0.0010359038148656356,0.0009715009087151797,1.0,0.0010302220438563599,1.0,0.001131196871129519,0.0
2022-12-13,0.06542612804701292,0.0010359038148656356,0.0009763193214910598,1.0,0.0010353538692448952,1.0,0.001131196871129519,0.0
2022-12-14,0.02470572270093055,0.0010359038148656358,0.0009792268601784859,1.0,0.0010359038148656356,1.0,0.001131196871129519,0.0
2022-12-15,-0.03742995667667698,0.0009917583018816648,0.00098173744571288,1.0,0.0010359038148656358,0.0,0.001131196871129519,0.0
2022-12-16,-0.022031671002366717,0.0009883400811692626,0.0009896587047748527,0.0,0.0010359038148656358,0.0,0.001131196871129519,0.0
2022-12-19,0.0734495241912958,0.0010326868840289907,0.0009896587047748527,1.0,0.0010359038148656358,0.0,0.001131196871129519,0.0
2022-12-20,-0.088583814813121,0.0006403322716867247,0.0009910599845838355,0.0,0.0010359038148656358,0.0,0.001131196871129519,0.0
2022-12-21,0.0256573116906699,0.0006403322716867247,0.0009910599845838355,0.0,0.0010359038148656358,0.0,0.001131196871129519,0.0
2022-12-22,-0.008856105716276366,0.0006364107412638317,0.0009910599845838355,0.0,0.0010359038148656358,0.0,0.001131196871129519,0.0
2022-12-23,0.18173956611933928,0.0006496110790862345,0.0009910599845838355,0.0,0.0010359038148656358,0.0,0.001131196871129519,0.0
2022-12-29,-0.07901888084613085,0.00033984649830515754,0.0009910599845838355,0.0,0.0010359038148656358,0.0,0.001131196871129519,0.0
2022-12-30,-0.033281563217622996,0.00028446337579472573,0.0009910599845838355,0.0,0.0010359038148656358,0.0,0.001131196871129519,0.0
2023-01-04,-0.012557655257754067,0.002642311116602834,0.0009910599845838355,1.0,0.0010359038148656358,1.0,0.001131196871129519,1.0
2023-01-05,0.010925585723648336,0.002642311116602834,0.0009945365150247326,1.0,0.0010360868209320017,1.0,0.0011347878365989793,1.0
2023-01-06,0.006905474150195417,0.002643876079658246,0.0010028711544539358,1.0,0.0010504458970898298,1.0,0.0011477528657979378,1.0
2023-01-09,0.03334389598272055,0.0026639358806476027,0.001003080625364154,1.0,0.0010598914068303412,1.0,0.0011664310935334144,1.0
2023-01-10,-0.02431640334294653,0.0026343715070707594,0.0010043794555493412,1.0,0.0010613582014753916,1.0,0.0011863439926917423,1.0
2023-01-11,0.03766788273843718,0.0026343715070707594,0.0010085672655619669,1.0,0.0010639212510699535,1.0,0.0012144522563615012,1.0
2023-01-12,-0.02473813245164982,0.0026579072954938466,0.0010150969385090522,1.0,0.001067975759565061,1.0,0.0012242977219764852,1.0
2023-01-18,-0.04004112591190038,0.0025777427072792135,0.0010159461719403057,1.0,0.0010688291960891775,1.0,0.0012338076997568776,1.0
2023-01-19,-0.024295311050775717,0.0025482296003265163,0.0010220421251827974,1.0,0.0010722292269220613,1.0,0.0012572103866718661,1.0
2023-01-20,0.030305471368359312,0.0025482296003265167,0.0010220421251827974,1.0,0.0010722292269220613,1.0,0.0012572103866718661,1.0
2023-01-23,0.056434439951900284,0.0025595670697739154,0.0010220421251827974,1.0,0.0010722292269220613,1.0,0.0012572103866718661,1.0
2023-01-24,-0.022761621144779965,0.0025336624999169905,0.0010220421251827974,1.0,0.0010722292269220613,1.0,0.0012572103866718661,1.0
2023-01-25,-0.020421315161088083,0.002512810994271566,0.0010220421251827974,1.0,0.0010722292269220613,1.0,0.0012572103866718661,1.0
2023-01-26,-0.029781471709681484,0.0024684641914118387,0.0010220421251827974,1.0,0.0010722292269220613,1.0,0.0012572103866718661,1.0
2023-01-27,0.004108211494718715,0.0024684641914118387,0.0010220421251827974,1.0,0.0010722292269220613,1.0,0.0012572103866718661,1.0
2023-01-30,0.010003665257480034,0.0024684641914118383,0.0010220421251827974,1.0,0.0010722292269220613,1.0,0.0012572103866718661,1.0
2023-01-31,0.032299626132424465,0.0024703833481193862,0.0010220421251827974,1.0,0.0010722292269220613,1.0,0.0012572103866718661,1.0
2023-02-01,-0.01624828472325795,0.0024571830102969833,0.0010220421251827974,1.0,0.0010722292269220613,1.0,0.0012572103866718661,1.0
2023-02-02,-0.006977959196891534,0.002496539754296676,0.0010220421251827974,1.0,0.0010722292269220613,1.0,0.0012572103866718661,1.0
2023-02-03,0.1165177456771158,0.0025018085206044167,0.0010220421251827974,1.0,0.0010722292269220613,1.0,0.0012572103866718661,1.0
2023-02-06,-0.21751930838832392,0.0001364134352932305,0.0010220421251827974,0.0,0.0010722292269220613,0.0,0.0012572103866718661,0.0
2023-02-07,0.005626017143674139,0.00023581784091184356,0.0010159461719403057,0.0,0.0010688291960891775,0.0,0.0012338076997568776,0.0
2023-02-08,-0.005594574256208931,0.00023425287785643176,0.0010150969385090522,0.0,0.001067975759565061,0.0,0.0012242977219764852,0.0
2023-02-09,-0.020029878177041716,0.00021419307686707518,0.0010085672655619669,0.0,0.0010639212510699535,0.0,0.0012144522563615012,0.0
2023-02-10,0.030802343590978252,0.00021419307686707515,0.0010043794555493412,0.0,0.0010613582014753916,0.0,0.0011863439926917423,0.0
2023-02-13,0.019652549635480934,0.0004566523574540588,0.001003080625364154,0.0,0.0010598914068303412,0.0,0.0011664310935334144,0.0
2023-02-14,-0.03290426971772987,0.00041419160289965696,0.0010028711544539358,0.0,0.0010504458970898298,0.0,0.0011477528657979378,0.0
2023-02-15,0.0013302271965070663,0.00048050024799241726,0.0009945365150247326,0.0,0.0010360868209320017,0.0,0.0011347878365989793,0.0
2023-02-16,0.022737786350805183,0.00048181144977013386,0.0009910599845838355,0.0,0.0010359038148656358,0.0,0.001131196871129519,0.0
2023-02-17,0.011983979590613869,0.0004823034856384264,0.0009910599845838355,0.0,0.0010359038148656358,0.0,0.001131196871129519,0.0
2023-02-22,-0.015058200056712599,0.00047786619158737733,0.0009910599845838355,0.0,0.0010359038148656358,0.0,0.001131196871129519,0.0
2023-02-23,0.001199350771394982,0.00047786619158737733,0.0009910599845838355,0.0,0.0010359038148656358,0.0,0.001131196871129519,0.0
2023-02-24,0.06789824306858075,0.00047786619158737733,0.0009910599845838355,0.0,0.0010359038148656358,0.0,0.001131196871129519,0.0
2023-02-27,0.0009037120844312627,0.0005301047047569797,0.0009910599845838355,0.0,0.0010359038148656358,0.0,0.001131196871129519,0.0
2023-02-28,0.0012457926494554674,0.0005301047047569798,0.0009910599845838355,0.0,0.0010359038148656358,0.0,0.001131196871129519,0.0
2023-03-01,0.011451827412482385,0.0005301047047569797,0.0009910599845838355,0.0,0.0010359038148656358,0.0,0.001131196871129519,0.0
2023-03-02,-0.006195412347128934,0.0005281855480494318,0.0009910599845838355,0.0,0.0010359038148656358,0.0,0.001131196871129519,0.0
2023-03-03,0.055478091815636794,0.000532473779823102,0.0009910599845838355,0.0,0.0010359038148656358,0.0,0.001131196871129519,0.0
2023-03-06,-0.028910669216525336,0.0004906824400957347,0.0009910599845838355,0.0,0.0010359038148656358,0.0,0.001131196871129519,0.0
2023-03-07,-0.010265248470193467,0.0004854136737879942,0.0009910599845838355,0.0,0.0010359038148656358,0.0,0.001131196871129519,0.0
2023-03-08,-0.002597655772236833,0.00048507628301244245,0.0009910599845838355,0.0,0.0010359038148656358,0.0,0.001131196871129519,0.0
2023-03-09,-0.04458798170328257,0.0003856718773938294,0.0009910599845838355,0.0,0.0010359038148656358,0.0,0.001131196871129519,0.0
2023-03-10,0.012677878241935068,0.0003922894167615809,0.0009910599845838355,0.0,0.0010359038148656358,0.0,0.001131196871129519,0.0
2023-03-13,0.003297767566932131,0.00039230203285238387,0.0009910599845838355,0.0,0.0010359038148656358,0.0,0.001131196871129519,0.0
2023-03-14,0.004037309075776017,0.000394675773413142,0.0009910599845838355,0.0,0.0010359038148656358,0.0,0.001131196871129519,0.0
2023-03-15,-0.06963609417349363,0.00017302436736835446,0.0009910599845838355,0.0,0.0010359038148656358,0.0,0.001131196871129519,0.0
2023-03-16,-0.015279917361330083,0.0001613505736399007,0.0009896587047748527,0.0,0.0010359038148656358,0.0,0.001131196871129519,0.0
2023-03-17,-0.03641665692859802,9.504192854714038e-05,0.0009896587047748527,0.0,0.0010359038148656358,0.0,0.001131196871129519,0.0
2023-03-22,-0.005120940885651017,0.00011856764770543401,0.0009896587047748527,0.0,0.0010359038148656358,0.0,0.001131196871129519,0.0
2023-03-23,-0.0031369917701281336,0.00011812779773172862,0.0009885723614559624,0.0,0.0010359038148656356,0.0,0.001131196871129519,0.0
2023-03-24,-0.011747489430810248,0.00024233634829571609,0.000978597626738754,0.0,0.0010353538692448952,0.0,0.001131196871129519,0.0
2023-03-27,0.05388531234019265,0.00024233634829571609,0.0009715009087151797,0.0,0.0010330606462153446,0.0,0.001131196871129519,0.0
2023-03-28,0.00810868234191925,0.00024233634829571609,0.0009634422556907019,0.0,0.0010291688949250033,0.0,0.001131196871129519,0.0
2023-03-29,-0.0323229061718164,0.00021425047198350851,0.0009456116671781798,0.0,0.0010150969385090522,0.0,0.001131196871129519,0.0
2023-03-30,0.009010021188080534,0.00021425047198350851,0.0009401625603210185,0.0,0.0010133556923898296,0.0,0.001102184261946409,0.0
2023-03-31,0.011686646019936514,0.00022388291191775817,0.0009370638301240076,0.0,0.0010058543739493125,0.0,0.0010812696001426957,0.0
2023-04-03,0.06199914558664884,0.00023964050314688492,0.0009328992629751407,0.0,0.001003541461366634,0.0,0.0010749028705956437,0.0
2023-04-04,-0.009260919796294717,0.00023535227137321473,0.000927631041324919,0.0,0.0010028711544539358,0.0,0.0010730792346302822,0.0
2023-04-05,0.030072155179258597,0.00023535227137321473,0.0009227301718314015,0.0,0.0010006485839394817,0.0,0.001070316709578564,0.0
2023-04-06,0.03333919580350556,0.00025392293568125086,0.000903036058719129,0.0,0.000991572083935577,0.0,0.0010688291960891775,0.0
2023-04-12,0.011741922495428684,0.00025392293568125086,0.0008968597930002497,0.0,0.0009905156101841929,0.0,0.0010660555273857982,0.0
2023-04-13,0.009945164409264849,0.00026622176128195086,0.0008959354681289651,0.0,0.000989083378086702,0.0,0.001045934184376671,0.0
2023-04-14,-0.011504381224343585,0.0002683022812842935,0.0008894485076451255,0.0,0.000985742093321127,0.0,0.0010359038148656356,0.0
2023-04-17,-0.0005023164501188147,0.0002682896651934906,0.0008873888902473216,0.0,0.0009743236797383433,0.0,0.0010359038148656356,0.0
2023-04-18,-0.0068901967472027,0.0002659159246327324,0.0008873888902473216,0.0,0.0009743236797383433,0.0,0.0010359038148656356,0.0
2023-04-19,-0.02039993850098385,0.00024866763166835293,0.0008873888902473216,0.0,0.0009743236797383433,0.0,0.0010359038148656356,0.0
2023-04-20,0.013160468994430718,0.00025354854692361814,0.0008873888902473216,0.0,0.0009743236797383433,0.0,0.0010359038148656356,0.0
2023-04-21,0.029000064058082534,0.00034368780255073346,0.0008873888902473216,0.0,0.0009743236797383433,0.0,0.0010359038148656356,0.0
2023-04-24,-0.022287629275456928,0.0003677106830147109,0.0008873888902473216,0.0,0.0009743236797383433,0.0,0.0010359038148656356,0.0
2023-04-25,-0.0010216251229016836,0.0003676584971201237,0.0008873888902473216,0.0,0.0009743236797383433,0.0,0.0010359038148656356,0.0
2023-04-26,-0.05120717253673305,0.00023654977115978633,0.0008873888902473216,0.0,0.0009743236797383433,0.0,0.0010359038148656356,0.0
2023-04-27,0.010608191624196782,0.00023654977115978633,0.0008873888902473216,0.0,0.0009743236797383433,0.0,0.0010359038148656356,0.0
2023-04-28,0.006263183319151582,0.00046841369852170867,0.0008873888902473216,0.0,0.0009743236797383433,0.0,0.0010359038148656356,0.0
2023-05-03,-0.02197846075474567,0.0004442610616643139,0.0008873888902473216,0.0,0.0009743236797383433,0.0,0.0010359038148656356,0.0
2023-05-04,0.0006369791158648331,0.0004442610616643139,0.0008873888902473216,0.0,0.0009743236797383433,0.0,0.0010359038148656356,0.0
2023-05-05,-0.01387979822205615,0.0004716452799308242,0.0008873888902473216,0.0,0.0009743236797383433,0.0,0.0010359038148656356,0.0
2023-05-10,-0.017752516007105448,0.0005252870508185657,0.0008873888902473216,0.0,0.0009743236797383433,0.0,0.0010359038148656356,0.0
2023-05-11,0.01246606500645205,0.0005252870508185655,0.0008873888902473216,0.0,0.0009743236797383433,0.0,0.0010359038148656356,0.0
2023-05-12,0.014327353426833082,0.0005274806014563084,0.0008873888902473216,0.0,0.0009743236797383433,0.0,0.0010359038148656356,0.0
2023-05-15,-0.019272085672306514,0.0005089099371482722,0.0008873888902473216,0.0,0.0009743236797383433,0.0,0.0010359038148656356,0.0
2023-05-16,0.015751147383657033,0.0005089099371482723,0.0008873888902473216,0.0,0.0009743236797383433,0.0,0.0010359038148656356,0.0
2023-05-17,-0.015683638353838684,0.0005377548803392339,0.0008873888902473216,0.0,0.0009743236797383433,0.0,0.0010359038148656356,0.0
2023-05-18,-0.013189434688487697,0.0005695157798413863,0.0008873888902473216,0.0,0.0009743236797383433,0.0,0.0010359038148656356,0.0
2023-05-19,0.013276268939965084,0.0005957428951563175,0.0008873888902473216,0.0,0.0009743236797383433,0.0,0.0010359038148656356,0.0
2023-05-22,0.03314090552890022,0.0005957428951563175,0.0008873888902473216,0.0,0.0009743236797383433,0.0,0.0010359038148656356,0.0
2023-05-23,-0.008437513351475967,0.0005921833135785007,0.0008873888902473216,0.0,0.0009743236797383433,0.0,0.0010359038148656356,0.0
2023-05-24,-0.00988019762481015,0.000615440066735865,0.0008873888902473216,0.0,0.0009743236797383433,0.0,0.0010359038148656356,0.0
2023-05-25,-0.04245921705050984,0.0005253008111087497,0.0008873888902473216,0.0,0.0009743236797383433,0.0,0.0010359038148656356,0.0
2023-05-26,-0.031260134804567845,0.00048521204141784675,0.0008873888902473216,0.0,0.0009743236797383433,0.0,0.0010359038148656356,0.0
2023-05-31,0.01492650479923435,0.0004911055169319821,0.0008873888902473216,0.0,0.0009743236797383433,0.0,0.0010359038148656356,0.0
2023-06-01,0.004476450271245714,0.0004945735572014835,0.0008873888902473216,0.0,0.0009743236797383433,0.0,0.0010359038148656356,0.0
2023-06-02,0.03842034463059033,0.0004945951074506664,0.0008873888902473216,0.0,0.0009743236797383433,0.0,0.0010359038148656356,0.0
2023-06-05,-0.06809756638264282,0.00026273118008874414,0.0008873888902473216,0.0,0.0009743236797383433,0.0,0.0010359038148656356,0.0
2023-06-06,0.013860485662747316,0.00026273118008874414,0.0008873888902473216,0.0,0.0009743236797383433,0.0,0.0010359038148656356,0.0
2023-06-07,0.015518379359326597,0.00026273118008874414,0.0008873888902473216,0.0,0.0009743236797383433,0.0,0.0010359038148656356,0.0
2023-06-08,-0.0272090640047614,0.0002742875713399371,0.0008873888902473216,0.0,0.0009743236797383433,0.0,0.0010359038148656356,0.0
2023-06-09,-0.037255700803197386,0.000204888209223069,0.0008873888902473216,0.0,0.0009743236797383433,0.0,0.0010359038148656356,0.0
2023-06-12,0.0030084594244732987,0.00020907337234986198,0.0008873888902473216,0.0,0.0009743236797383433,0.0,0.0010359038148656356,0.0
2023-06-13,-0.0066235196651670365,0.00021813578037563545,0.0008873888902473216,0.0,0.0009743236797383433,0.0,0.0010359038148656356,0.0
2023-06-14,0.01778808627577395,0.00021881570804184276,0.0008873888902473216,0.0,0.0009743236797383433,0.0,0.0010359038148656356,0.0
2023-06-15,0.048444643856800966,0.00021881570804184276,0.0008873888902473216,0.0,0.0009743236797383433,0.0,0.0010359038148656356,0.0
2023-06-16,-0.02868580443064535,0.0001776719392501811,0.0008873888902473216,0.0,0.0009743236797383433,0.0,0.0010359038148656356,0.0
2023-06-21,-0.0284460749040167,0.00013721298037793468,0.0008873888902473216,0.0,0.0009743236797383433,0.0,0.0010359038148656356,0.0
2023-06-22,-0.022902888601628896,0.00011098586506300354,0.0008873888902473216,0.0,0.0009743236797383433,0.0,0.0010359038148656356,0.0
2023-06-23,0.02183138176231035,0.00011098586506300354,0.0008873888902473216,0.0,0.0009743236797383433,0.0,0.0010359038148656356,0.0
2023-06-26,0.05807932218690225,0.00011098586506300354,0.0008873888902473216,0.0,0.0009743236797383433,0.0,0.0010359038148656356,0.0
2023-06-27,-0.023722423321671682,0.0023156478062652,0.0008873888902473216,1.0,0.0009743236797383433,1.0,0.0010359038148656356,1.0
2023-06-28,0.022943709475591916,0.0023384261793940697,0.0008894485076451255,1.0,0.000985742093321127,1.0,0.001045934184376671,1.0
2023-07-03,-0.013244645490978367,0.0024005326664943527,0.0008959354681289651,1.0,0.000989083378086702,1.0,0.0010660555273857982,1.0
2023-07-06,-0.010856772553696917,0.0023946391909802174,0.0008968597930002497,1.0,0.0009905156101841929,1.0,0.0010688291960891775,1.0
2023-07-07,-0.008328313478131615,0.0023911711507107157,0.000903036058719129,1.0,0.000991572083935577,1.0,0.001070316709578564,1.0
2023-07-10,-0.0006565096980682665,0.002391149600461533,0.0009227301718314015,1.0,0.0010006485839394817,1.0,0.0010730792346302822,1.0
2023-07-11,0.019839354839127785,0.002406098150009973,0.000927631041324919,1.0,0.0010028711544539358,1.0,0.0010749028705956437,1.0
2023-07-12,0.017649130614387287,0.002406098150009973,0.0009328992629751407,1.0,0.0010056867972211378,1.0,0.0010812696001426957,1.0
2023-07-13,0.014368519802405352,0.0024246264464221788,0.0009370638301240076,1.0,0.0010133556923898296,1.0,0.001102184261946409,1.0
2023-07-14,-0.03116826894517985,0.002376053396970226,0.0009401625603210185,1.0,0.0010150969385090522,1.0,0.0011459083145615371,1.0
2023-07-17,0.01849324621251045,0.002376053396970226,0.0009456116671781798,1.0,0.0010291688949250033,1.0,0.0012202965152685802,1.0
2023-07-18,-0.00914894871205753,0.0023735977285177013,0.0009634422556907019,1.0,0.0010352604286983068,1.0,0.0013070880862081301,1.0
2023-07-19,-0.01500397191647345,0.0024502304194009396,0.0009715009087151797,1.0,0.0010359038148656356,1.0,0.001323375742548232,1.0
2023-07-20,-0.0036876216351661843,0.002452395069424461,0.000978597626738754,1.0,0.0010359038148656358,1.0,0.0013691534072055873,1.0
2023-07-21,0.0061830325030917165,0.0025004161226363695,0.0009885723614559624,1.0,0.0010588303737480026,1.0,0.0014398524421090446,1.0
2023-07-24,0.03916163674478062,0.0025004161226363695,0.0009896587047748527,1.0,0.001067975759565061,1.0,0.001509287451391747,1.0
2023-07-25,0.030337503928096084,0.002829897920027089,0.0009910599845838355,1.0,0.0010688291960891775,1.0,0.0015144125293228565,1.0
2023-07-26,0.013631469042412815,0.0028298979200270893,0.0009945365150247326,1.0,0.0010722292269220613,1.0,0.0015356546983150167,1.0
2023-07-27,0.07578582761537254,0.0028381295405091123,0.0010028711544539358,1.0,0.0010730792346302824,1.0,0.001834294618666685,1.0
2023-07-28,0.08438908977997077,0.0028908992442966217,0.0010037510428186863,1.0,0.0010772475454082513,1.0,0.002323620236860304,1.0
2023-07-31,-0.21131964459627628,0.0006581570413004337,0.0010085672655619669,0.0,0.0010851009991940635,0.0,0.0023507362215873405,0.0
2023-08-01,-0.021344026390945934,0.0008930613589454722,0.0010085672655619669,0.0,0.0010851009991940635,0.0,0.0023507362215873405,0.0
2023-08-02,-0.03765037019987127,0.0008342737047163519,0.0010085672655619669,0.0,0.0010851009991940635,0.0,0.0023507362215873405,0.0
2023-08-03,0.020727704835230336,0.0009866714559086831,0.0010085672655619669,0.0,0.0010851009991940635,0.0,0.0023507362215873405,0.0
2023-08-04,0.011335646965491082,0.0009908892508532156,0.0010085672655619669,0.0,0.0010851009991940635,0.0,0.0023507362215873405,0.0
2023-08-07,0.02092038087152372,0.0009908892508532156,0.0010085672655619669,0.0,0.0010851009991940635,0.0,0.0023507362215873405,0.0
2023-08-08,-0.017290777627648683,0.001020094665999383,0.0010085672655619669,1.0,0.0010851009991940635,0.0,0.0023507362215873405,0.0
2023-08-09,0.030663575470563417,0.001021145527308605,0.0010150969385090522,1.0,0.0010851009991940635,0.0,0.0023507362215873405,0.0
2023-08-10,-0.019250089045095932,0.0010026172308963987,0.0010163463703816349,0.0,0.0010851009991940635,0.0,0.0023507362215873405,0.0
2023-08-11,0.013963578861841767,0.001002617230896399,0.0010163463703816349,0.0,0.0010851009991940635,0.0,0.0023507362215873405,0.0
2023-08-14,0.004701790640873583,0.0010480704984956572,0.0010163463703816349,1.0,0.0010851009991940635,0.0,0.0023507362215873405,0.0
2023-08-15,-0.005881317325681499,0.001046341003821389,0.0010203573813266885,1.0,0.0010851009991940635,0.0,0.0023507362215873405,0.0
2023-08-16,-0.04192580340238092,0.0009859033948093612,0.0010240308664887015,0.0,0.0010851009991940635,0.0,0.0023507362215873405,0.0
2023-08-17,-0.007542648990544968,0.0009866295823599837,0.0010240308664887015,0.0,0.0010851009991940635,0.0,0.0023507362215873405,0.0
2023-08-18,-0.030990660919673414,0.0009386085291480751,0.0010240308664887015,0.0,0.0010851009991940635,0.0,0.0023507362215873405,0.0
2023-08-21,0.1368046985767036,0.0009386085291480751,0.0010240308664887015,0.0,0.0010851009991940635,0.0,0.0023507362215873405,0.0
2023-08-22,-0.0811765726537798,0.0006091267317573558,0.0010240308664887015,0.0,0.0010851009991940635,0.0,0.0023507362215873405,0.0
2023-08-25,0.019997918204382768,0.000632217204255574,0.0010240308664887015,0.0,0.0010851009991940635,0.0,0.0023507362215873405,0.0
2023-08-30,-0.012830916165280619,0.0006257417863030292,0.0010240308664887015,0.0,0.0010851009991940635,0.0,0.0023507362215873405,0.0
2023-08-31,-0.03248682926587623,0.0005729720825155195,0.0010240308664887015,0.0,0.0010851009991940635,0.0,0.0023507362215873405,0.0
2023-09-01,-0.0010715093899557146,0.0005734436740243654,0.0010240308664887015,0.0,0.0010851009991940635,0.0,0.0023507362215873405,0.0
2023-09-06,-0.07178895329699526,0.00032644183604089625,0.0010240308664887015,0.0,0.0010851009991940635,0.0,0.0023507362215873405,0.0
2023-09-07,-0.015549832526588482,0.0004662338508601787,0.0010240308664887015,0.0,0.0010851009991940635,0.0,0.0023507362215873405,0.0
2023-09-08,-0.055208287637334125,0.00032492086704451824,0.0010240308664887015,0.0,0.0010851009991940635,0.0,0.0023507362215873405,0.0
2023-09-11,-0.009184546743887299,0.0003221155410615703,0.0010240308664887015,0.0,0.0010851009991940635,0.0,0.0023507362215873405,0.0
2023-09-12,0.05500748391935915,0.00036540528676749795,0.0010240308664887015,0.0,0.0010851009991940635,0.0,0.0023507362215873405,0.0
2023-09-13,-0.029716650112220754,0.00032125132207289043,0.0010240308664887015,0.0,0.0010851009991940635,0.0,0.0023507362215873405,0.0
2023-09-14,-0.004584454840483966,0.0003202004607636685,0.0010240308664887015,0.0,0.0010851009991940635,0.0,0.0023507362215873405,0.0
2023-09-15,0.006802157796679884,0.0003202004607636685,0.0010240308664887015,0.0,0.0010851009991940635,0.0,0.0023507362215873405,0.0
2023-09-18,0.011604433550536595,0.0003541558971407187,0.0010240308664887015,0.0,0.0010851009991940635,0.0,0.0023507362215873405,0.0
2023-09-19,-0.030150710638145214,0.0003219696648730071,0.0010240308664887015,0.0,0.0010851009991940635,0.0,0.0023507362215873405,0.0
2023-09-20,0.013106397740035433,0.0003483381023676882,0.0010240308664887015,0.0,0.0010851009991940635,0.0,0.0023507362215873405,0.0
2023-09-21,-0.02343119311291125,0.0003208870618329612,0.0010240308664887015,0.0,0.0010851009991940635,0.0,0.0023507362215873405,0.0
2023-09-22,-0.008450757646922715,0.0003865720135502012,0.0010240308664887015,0.0,0.0010851009991940635,0.0,0.0023507362215873405,0.0
2023-09-25,0.014321918852879366,0.00039168399561647613,0.0010240308664887015,0.0,0.0010851009991940635,0.0,0.0023507362215873405,0.0
2023-09-26,0.020085019654510084,0.00039168399561647613,0.0010240308664887015,0.0,0.0010851009991940635,0.0,0.0023507362215873405,0.0
2023-09-27,0.02948260999447511,0.00039168399561647613,0.0010240308664887015,0.0,0.0010851009991940635,0.0,0.0023507362215873405,0.0
2023-09-28,-0.021489752208072668,0.000368593523118258,0.0010240308664887015,0.0,0.0010851009991940635,0.0,0.0023507362215873405,0.0
2023-09-29,-0.005926554698099366,0.00037030002064711954,0.0010240308664887015,0.0,0.0010851009991940635,0.0,0.0023507362215873405,0.0
2023-10-02,0.01694733454985196,0.0003703000206471196,0.0010240308664887015,0.0,0.0010851009991940635,0.0,0.0023507362215873405,0.0
2023-10-03,-0.003252685436632529,0.0003697710225196355,0.0010240308664887015,0.0,0.0010851009991940635,0.0,0.0023507362215873405,0.0
2023-10-04,-0.01461564421463468,0.0004454887045257746,0.0010240308664887015,0.0,0.0010851009991940635,0.0,0.0023507362215873405,0.0
2023-10-05,-0.05511476742208568,0.00039812393413095554,0.0010240308664887015,0.0,0.0010851009991940635,0.0,0.0023507362215873405,0.0
2023-10-06,-0.014889437448520735,0.0007560809153453021,0.0010240308664887015,0.0,0.0010851009991940635,0.0,0.0023507362215873405,0.0
2023-10-11,-0.005315014509076367,0.0007569828233247352,0.0010240308664887015,0.0,0.0010851009991940635,0.0,0.0023507362215873405,0.0
2023-10-12,-0.029424393181823678,0.0007136930776188077,0.0010240308664887015,0.0,0.0010851009991940635,0.0,0.0023507362215873405,0.0
2023-10-13,0.020245259952916633,0.0007136930776188077,0.0010240308664887015,0.0,0.0010851009991940635,0.0,0.0023507362215873405,0.0
2023-10-16,0.022754503949010966,0.0007136930776188077,0.0010240308664887015,0.0,0.0010851009991940635,0.0,0.0023507362215873405,0.0
2023-10-17,0.01003801702690425,0.0007676777080046025,0.0010240308664887015,0.0,0.0010851009991940635,0.0,0.0023507362215873405,0.0
2023-10-18,-0.02605971464811162,0.0008219487611576013,0.0010240308664887015,0.0,0.0010851009991940635,0.0,0.0023507362215873405,0.0
2023-10-19,-0.016289281955658135,0.0008086817258260548,0.0010240308664887015,0.0,0.0010851009991940635,0.0,0.0023507362215873405,0.0
2023-10-20,-0.022964510660878932,0.0007823132883313736,0.0010240308664887015,0.0,0.0010851009991940635,0.0,0.0023507362215873405,0.0
2023-10-23,0.010371096604202249,0.000952694853862226,0.0010240308664887015,0.0,0.0010851009991940635,0.0,0.0023507362215873405,0.0
2023-10-24,-0.0372171242729986,0.000883439136904635,0.0010240308664887015,0.0,0.0010851009991940635,0.0,0.0023507362215873405,0.0
2023-10-25,-0.010111361991616169,0.0008783271548383599,0.0010240308664887015,0.0,0.0010851009991940635,0.0,0.0023507362215873405,0.0
2023-10-26,0.0129374061820879,0.0008783271548383597,0.0010240308664887015,0.0,0.0010851009991940635,0.0,0.0023507362215873405,0.0
2023-10-27,0.037306740664711284,0.001148178601470619,0.0010240308664887015,1.0,0.0010851009991940635,1.0,0.0023507362215873405,0.0
2023-10-30,8.450914821194963e-05,0.0012648109223560528,0.001033491116738152,1.0,0.001121959086027216,1.0,0.0023507362215873405,0.0
2023-10-31,-0.008321898891887365,0.001261348222297713,0.0010359038148656356,1.0,0.0011446924605224547,1.0,0.0023507362215873405,0.0
2023-11-01,0.0162229387818815,0.001261348222297713,0.0010359038148656356,1.0,0.0011688864212933698,1.0,0.0023507362215873405,0.0
2023-11-02,0.013664602789516348,0.0012613482222977128,0.0010385131121045741,1.0,0.0012438912530879829,1.0,0.0023507362215873405,0.0
2023-11-03,-0.04156886690699622,0.0011845727485193503,0.0010467733774899562,1.0,0.001261348222297713,0.0,0.0023507362215873405,0.0
2023-11-06,-0.045720260061533076,0.0011318351657220458,0.0010521933772388915,1.0,0.001261348222297713,0.0,0.0023507362215873405,0.0
2023-11-07,-0.08591178598900352,0.0007627934171310286,0.0010656288091237397,0.0,0.001261348222297713,0.0,0.0023507362215873405,0.0
2023-11-08,-0.006803494603536966,0.0007634443281486695,0.0010656288091237397,0.0,0.001261348222297713,0.0,0.0023507362215873405,0.0
2023-11-09,0.044548186205189945,0.0007956216657963915,0.0010532601728940373,0.0,0.001261348222297713,0.0,0.0023507362215873405,0.0
2023-11-14,0.015387563428352317,0.0007956216657963915,0.0010467733774899562,0.0,0.001261348222297713,0.0,0.0023507362215873405,0.0
2023-11-15,0.012422100902831565,0.0008087174034166142,0.0010385131121045741,0.0,0.001261348222297713,0.0,0.0023507362215873405,0.0
2023-11-16,-0.03285867629281335,0.0007547327730308193,0.0010385131121045741,0.0,0.001261348222297713,0.0,0.0023507362215873405,0.0
2023-11-17,-0.04200630655747992,0.0006665062835007704,0.0010385131121045741,0.0,0.001261348222297713,0.0,0.0023507362215873405,0.0
2023-11-20,0.021664730789473337,0.0006977955311912398,0.0010385131121045741,0.0,0.001261348222297713,0.0,0.0023507362215873405,0.0
2023-11-21,0.03999450601290406,0.0007101500540655221,0.0010385131121045741,0.0,0.001261348222297713,0.0,0.0023507362215873405,0.0
2023-11-22,-0.058374920219363434,0.0005397684885346699,0.0010385131121045741,0.0,0.001261348222297713,0.0,0.0023507362215873405,0.0
2023-11-27,0.07650284809549819,0.0005451861231875114,0.0010385131121045741,0.0,0.001261348222297713,0.0,0.0023507362215873405,0.0
2023-11-28,0.029747960219979695,0.0005455348466915329,0.0010385131121045741,0.0,0.001261348222297713,0.0,0.0023507362215873405,0.0
2023-11-29,0.0136786896061481,0.0005455348466915329,0.0010385131121045741,0.0,0.001261348222297713,0.0,0.0023507362215873405,0.0
2023-11-30,-0.07346447394928508,0.0002756834000592736,0.0010385131121045741,0.0,0.001261348222297713,0.0,0.0023507362215873405,0.0
2023-12-01,-0.04829747837836538,0.00015905107917384004,0.0010385131121045741,0.0,0.001261348222297713,0.0,0.0023507362215873405,0.0
2023-12-04,0.005214025747878534,0.00035112957075644974,0.0010385131121045741,0.0,0.001261348222297713,0.0,0.0023507362215873405,0.0
2023-12-05,0.010606471116701566,0.00035112957075644974,0.0010385131121045741,0.0,0.001261348222297713,0.0,0.0023507362215873405,0.0
2023-12-06,0.019648427177067534,0.00035112957075644974,0.0010385131121045741,0.0,0.001261348222297713,0.0,0.0023507362215873405,0.0
2023-12-07,-0.013873039334057652,0.00034150650973823425,0.0010385131121045741,0.0,0.001261348222297713,0.0,0.0023507362215873405,0.0
2023-12-08,-0.03218059235235,0.0002897269835308278,0.0010385131121045741,0.0,0.001261348222297713,0.0,0.0023507362215873405,0.0
2023-12-11,0.027390483712417202,0.0002897269835308278,0.0010385131121045741,0.0,0.001261348222297713,0.0,0.0023507362215873405,0.0
2023-12-12,-0.007701023254943003,0.0010171276428754968,0.0010385131121045741,0.0,0.001261348222297713,0.0,0.0023507362215873405,0.0
2023-12-13,-0.025368223291244486,0.0010291139246037175,0.0010385131121045741,0.0,0.001261348222297713,0.0,0.0023507362215873405,0.0
2023-12-14,0.016344308064407332,0.0010605119634485049,0.0010385131121045741,1.0,0.001261348222297713,0.0,0.0023507362215873405,0.0
2023-12-15,-0.01618378053498173,0.0016577541550233383,0.0010467733774899562,1.0,0.001261348222297713,1.0,0.0023507362215873405,0.0
2023-12-18,0.0340457888109173,0.001664988716968289,0.0010511808647338692,1.0,0.001261348222297713,1.0,0.0023507362215873405,0.0
2023-12-19,0.040632082684026516,0.001664988716968289,0.0010636537812439492,1.0,0.001264118382344385,1.0,0.0023507362215873405,0.0
2023-12-20,-0.02501569415006083,0.0016337851259830948,0.0010636537812439492,1.0,0.001297888631800797,1.0,0.0023507362215873405,0.0
2023-12-21,-0.015719111218057066,0.0016214306031088123,0.0010636537812439492,1.0,0.0013082838352674628,1.0,0.0023507362215873405,0.0
2023-12-22,0.002145361509815984,0.0016267981748450862,0.0010636537812439492,1.0,0.0013420963381610322,1.0,0.0023507362215873405,0.0
2023-12-28,-0.010409259966819517,0.0016327379377973964,0.0010636537812439492,1.0,0.0013932435841984172,1.0,0.0023507362215873405,0.0
2023-12-29,-0.0026409222026463667,0.0018007676820003822,0.00107834276401689,1.0,0.001486012301141095,1.0,0.0023507362215873405,0.0
2024-01-03,0.014670733991473317,0.0018785496545078383,0.001135921024659189,1.0,0.0015128355822671307,1.0,0.0023507362215873405,0.0
2024-01-04,0.03244235791128331,0.0018785496545078383,0.0011546497951652286,1.0,0.0015144125293228565,1.0,0.0023507362215873405,0.0
2024-01-05,0.002090945797383318,0.0018785496545078383,0.0011766907193166303,1.0,0.0015629660584477955,1.0,0.0023507362215873405,0.0
2024-01-08,-0.0619803987697094,0.001712692708328592,0.0012037666169639409,1.0,0.0016121653706328563,1.0,0.0023507362215873405,0.0
2024-01-09,0.010715908917857585,0.0017906247495639211,0.0012613482222977128,1.0,0.0016257246604978314,1.0,0.0023507362215873405,0.0
2024-01-10,0.015347644317397,0.0018049318426468872,0.001261348222297713,1.0,0.0016315499852069344,1.0,0.0023507362215873405,0.0
2024-01-11,0.010564506181058503,0.0018049318426468872,0.001261348222297713,1.0,0.001633575688345955,1.0,0.0023507362215873405,0.0
2024-01-12,0.20958761356123876,0.0018049318426468872,0.001261348222297713,1.0,0.00165296034921529,1.0,0.0023507362215873405,0.0
2024-01-17,0.003207249554476647,0.0018240493516548581,0.001261348222297713,1.0,0.001663541804579299,1.0,0.0023507362215873405,0.0
2024-01-18,-0.12086074195563484,0.0011935419626768347,0.001261348222297713,0.0,0.001664988716968289,0.0,0.0023507362215873405,0.0
2024-01-19,-0.029719898847722383,0.001149378343300892,0.0012613482222977128,0.0,0.001664988716968289,0.0,0.0023507362215873405,0.0
2024-01-22,-0.025059145573936636,0.00115039974113881,0.0012104935275820542,0.0,0.001664988716968289,0.0,0.0023507362215873405,0.0
2024-01-23,-0.11048420060760328,0.0005400618119437538,0.0011868150520587214,0.0,0.001664988716968289,0.0,0.0023507362215873405,0.0
2024-01-24,-0.012028767139612165,0.0005742933062311782,0.0011766907193166303,0.0,0.001664988716968289,0.0,0.0023507362215873405,0.0
2024-01-25,0.02298064861556115,0.0005742933062311782,0.0011589429929839451,0.0,0.001664988716968289,0.0,0.0023507362215873405,0.0
2024-01-26,-0.0013088674896650336,0.0005879960410512999,0.0011589429929839451,0.0,0.001664988716968289,0.0,0.0023507362215873405,0.0
2024-01-29,0.05727860297664631,0.0005879960410512999,0.0011589429929839451,0.0,0.001664988716968289,0.0,0.0023507362215873405,0.0
2024-01-30,-0.010361053745901868,0.0005826284693150266,0.0011589429929839451,0.0,0.001664988716968289,0.0,0.0023507362215873405,0.0
2024-01-31,-0.015071428336526032,0.0005726282982810756,0.0011589429929839451,0.0,0.001664988716968289,0.0,0.0023507362215873405,0.0
2024-02-01,-0.05803076213647504,0.0004344265798972946,0.0011589429929839451,0.0,0.001664988716968289,0.0,0.0023507362215873405,0.0
2024-02-02,-0.03944159543108165,0.00035739025099111826,0.0011589429929839451,0.0,0.001664988716968289,0.0,0.0023507362215873405,0.0
2024-02-05,0.026527968774888704,0.00035739025099111826,0.0011589429929839451,0.0,0.001664988716968289,0.0,0.0023507362215873405,0.0
2024-02-06,0.01955763663295725,0.00035739025099111826,0.0011589429929839451,0.0,0.001664988716968289,0.0,0.0023507362215873405,0.0
2024-02-07,-0.02290045650346903,0.00040936470382127953,0.0011589429929839451,0.0,0.001664988716968289,0.0,0.0023507362215873405,0.0
2024-02-08,-0.03947962543776951,0.00044766478737575977,0.0011589429929839451,0.0,0.001664988716968289,0.0,0.0023507362215873405,0.0
2024-02-09,-0.01691572823319538,0.0004389961105539801,0.0011589429929839451,0.0,0.001664988716968289,0.0,0.0023507362215873405,0.0
2024-02-12,0.06601755374874499,0.0004389961105539801,0.0011589429929839451,0.0,0.001664988716968289,0.0,0.0023507362215873405,0.0
2024-02-13,0.012947682326322115,0.0004389961105539801,0.0011589429929839451,0.0,0.001664988716968289,0.0,0.0023507362215873405,0.0
2024-02-14,-0.01955377662139521,0.0004295744212608344,0.0011589429929839451,0.0,0.001664988716968289,0.0,0.0023507362215873405,0.0
2024-02-15,-0.044689721038579766,0.0003297158629355305,0.0011589429929839451,0.0,0.001664988716968289,0.0,0.0023507362215873405,0.0
2024-02-16,0.010716493614953316,0.0003297158629355305,0.0011589429929839451,0.0,0.001664988716968289,0.0,0.0023507362215873405,0.0
2024-02-21,-0.025463478428017387,0.0002972964262528251,0.0011589429929839451,0.0,0.001664988716968289,0.0,0.0023507362215873405,0.0
2024-02-22,0.01307640909037125,0.0002972964262528251,0.0011496336927603714,0.0,0.001663541804579299,0.0,0.002323620236860304,0.0
2024-02-23,-0.028797936117845414,0.00025583037002044985,0.0011484785369281873,0.0,0.00165296034921529,0.0,0.0020315340076229125,0.0
2024-02-26,0.01089125070960665,0.00025583037002044985,0.001135921024659189,0.0,0.001633575688345955,0.0,0.0018785496545078383,0.0
2024-02-27,-0.016606258775170683,0.00024204197849505318,0.00107834276401689,0.0,0.0016315499852069344,0.0,0.0018785496545078383,0.0
2024-02-28,0.021793093275639105,0.00026713042654479913,0.0010511808647338692,0.0,0.0016257246604978314,0.0,0.0018431244576534009,0.0
2024-02-29,0.05634902801259112,0.00026713042654479913,0.0010467733774899562,0.0,0.0015501066669582645,0.0,0.001811622970799677,0.0
2024-03-01,-0.005210041403292631,0.00033267044689890815,0.0010334206944081353,0.0,0.001264118382344385,0.0,0.0018049318426468872,0.0
2024-03-04,-0.02456694906708043,0.00033695336001319864,0.001023137626632383,0.0,0.001261348222297713,0.0,0.0018049318426468872,0.0
2024-03-05,-0.0038617187916254333,0.000336207716411919,0.0010203573813266885,0.0,0.001261348222297713,0.0,0.0018022251382266588,0.0
2024-03-06,0.03302728730357035,0.00039480498347638834,0.0010178693986564683,0.0,0.001247786970373538,0.0,0.0017941747759166824,0.0
2024-03-11,0.06057852500652527,0.00040851075996037225,0.0010062448338911734,0.0,0.001191748119845338,0.0,0.0017399689227609568,0.0
2024-03-12,-0.039546427963477356,0.0003408387938569615,0.0010026172308963987,0.0,0.0011777381470432426,0.0,0.0016816851139443948,0.0
2024-03-13,-0.048214546516546046,0.0002246066690671524,0.0009938212458640114,0.0,0.0011501954615712262,0.0,0.001664988716968289,0.0
2024-03-14,-0.010619243156822868,0.0002197579415339297,0.0009908892508532156,0.0,0.0011491383949348375,0.0,0.001660286251704071,0.0
2024-03-15,0.03286856072618032,0.00030562120210774087,0.0009877259046448162,0.0,0.0011449099143209045,0.0,0.0016421742861471799,0.0
2024-03-18,0.08113435790571856,0.00030562120210774087,0.0009866400507471586,0.0,0.0011175705252673383,0.0,0.0016331044536623909,0.0
2024-03-19,-0.013925386683913235,0.00033210262928858974,0.0009860849416970167,0.0,0.0010580236704579354,0.0,0.0016288770918783948,0.0
2024-03-20,0.0051500287461222,0.000520348738692824,0.0009609969890990097,0.0,0.0010477245995608037,0.0,0.0016233092532165082,0.0
2024-03-25,0.004754012756322933,0.000520348738692824,0.0009421301103266129,0.0,0.001042895587977855,0.0,0.0013896278106195167,0.0
2024-03-26,0.0013490147485509675,0.0006481244208243445,0.0009386085291480751,0.0,0.001027520245144695,0.0,0.0012625601673181318,0.0
2024-03-27,0.016081046231430883,0.0007305680670158037,0.0009386085291480751,0.0,0.001027520245144695,0.0,0.0012625601673181318,0.0
2024-03-28,0.021258340245157954,0.0007305680670158037,0.0009386085291480751,0.0,0.001027520245144695,0.0,0.0012625601673181318,0.0
2024-04-03,0.04197527053756548,0.0007305680670158037,0.0009386085291480751,0.0,0.001027520245144695,0.0,0.0012625601673181318,0.0
2024-04-08,0.00636332483716012,0.0007305680670158037,0.0009386085291480751,0.0,0.001027520245144695,0.0,0.0012625601673181318,0.0
2024-04-09,-0.022400200021314935,0.0007054796189660579,0.0009386085291480751,0.0,0.001027520245144695,0.0,0.0012625601673181318,0.0
2024-04-10,0.033530442541401334,0.0007054796189660579,0.0009386085291480751,0.0,0.001027520245144695,0.0,0.0012625601673181318,0.0
2024-04-11,-0.03657792966402288,0.0006385823720407477,0.0009386085291480751,0.0,0.001027520245144695,0.0,0.0012625601673181318,0.0
2024-04-12,-0.02625249033425844,0.0006041229408691319,0.0009386085291480751,0.0,0.001027520245144695,0.0,0.0012625601673181318,0.0
2024-04-15,0.027230150346115395,0.0006559529237686162,0.0009386085291480751,0.0,0.001027520245144695,0.0,0.0012625601673181318,0.0
2024-04-16,-0.03423368722894727,0.0007624182934199964,0.0009386085291480751,0.0,0.001027520245144695,0.0,0.0012625601673181318,0.0
2024-04-17,-0.016556434691070366,0.0007487125169360123,0.0009386085291480751,0.0,0.001027520245144695,0.0,0.0012625601673181318,0.0
2024-04-23,-0.014507951013230302,0.000738188484805898,0.0009386085291480751,0.0,0.001027520245144695,0.0,0.0012625601673181318,0.0
2024-04-24,0.017811779028205053,0.0008111613357397182,0.0009386085291480751,0.0,0.001027520245144695,0.0,0.0012625601673181318,0.0
2024-04-25,-0.003974138215924984,0.0008103716470117546,0.0009386085291480751,0.0,0.001027520245144695,0.0,0.0012625601673181318,0.0
2024-04-26,-0.041439898786993,0.0008666536173519418,0.0009386085291480751,0.0,0.001027520245144695,0.0,0.0012625601673181318,0.0
2024-04-29,0.1456396198450987,0.0008666536173519418,0.0009386085291480751,0.0,0.001027520245144695,0.0,0.0012625601673181318,0.0
2024-04-30,-0.026898790640351933,0.0008306864756253238,0.0009386085291480751,0.0,0.001027520245144695,0.0,0.0012625601673181318,0.0
2024-05-01,-0.06135896175852951,0.0006424403662210895,0.0009386085291480751,0.0,0.001027520245144695,0.0,0.0012625601673181318,0.0
2024-05-08,0.032429041755780916,0.0006424403662210895,0.0009386085291480751,0.0,0.001027520245144695,0.0,0.0012625601673181318,0.0
2024-05-09,-0.05055208841017756,0.0005666217994143134,0.0009386085291480751,0.0,0.001027520245144695,0.0,0.0012625601673181318,0.0
2024-05-10,-0.04060631630459952,0.00048417815322285415,0.0009386085291480751,0.0,0.001027520245144695,0.0,0.0012625601673181318,0.0
2024-05-13,0.02380239279355408,0.0007444337413402711,0.0009386085291480751,0.0,0.001027520245144695,0.0,0.0012625601673181318,0.0
2024-05-14,0.02444198144871965,0.0008769069971052571,0.0009386085291480751,0.0,0.001027520245144695,0.0,0.0012625601673181318,0.0
2024-05-15,0.005046541408051483,0.0008810629834085766,0.0009386085291480751,0.0,0.001027520245144695,0.0,0.0012625601673181318,0.0
2024-05-20,0.01050527037644635,0.0008835743184912679,0.0009386085291480751,0.0,0.001027520245144695,0.0,0.0012625601673181318,0.0
2024-05-21,0.045611299081521985,0.0008835743184912679,0.0009386085291480751,0.0,0.001027520245144695,0.0,0.0012625601673181318,0.0
2024-05-22,0.015208015028389615,0.0008835743184912677,0.0009386085291480751,0.0,0.001027520245144695,0.0,0.0012625601673181318,0.0
2024-05-23,-6.800969063093232e-05,0.0008835740872253668,0.0009386085291480751,0.0,0.001027520245144695,0.0,0.0012625601673181318,0.0
2024-05-24,-0.03219626776490848,0.0008317441043258825,0.0009386085291480751,0.0,0.001027520245144695,0.0,0.0012625601673181318,0.0
2024-05-29,-0.057456529083447,0.0006843353559666783,0.0009386085291480751,0.0,0.001027520245144695,0.0,0.0012625601673181318,0.0
2024-06-03,0.10522706527911822,0.0006843353559666782,0.0009386085291480751,0.0,0.001027520245144695,0.0,0.0012625601673181318,0.0
2024-06-04,0.022142182735107003,0.0007417352208971355,0.0009386085291480751,0.0,0.001027520245144695,0.0,0.0012625601673181318,0.0
2024-06-05,-0.03820284045298735,0.001315367877268233,0.0009386085291480751,1.0,0.001027520245144695,1.0,0.0012625601673181318,1.0
2024-06-06,0.012564337597938983,0.0019352680106522844,0.0009421301103266129,1.0,0.001042895587977855,1.0,0.0012825058565753154,1.0
2024-06-07,-0.05331889550881536,0.0019033043676060003,0.0009609969890990097,1.0,0.0010477245995608037,1.0,0.001422489831312434,1.0
2024-06-10,0.010987146943000167,0.0019033043676060003,0.0009860849416970167,1.0,0.0010580236704579354,1.0,0.0016233092532165082,1.0
2024-06-11,-0.002049903261406251,0.0019097479096144318,0.0009866400507471586,1.0,0.0011175705252673383,1.0,0.0016288770918783948,1.0
2024-06-12,0.033482029996789384,0.0019561885450914904,0.0009877259046448162,1.0,0.0011449099143209045,1.0,0.0016331044536623909,1.0
2024-06-17,0.09551193375252703,0.0019561885450914904,0.0009908892508532156,1.0,0.0011491383949348375,1.0,0.0016421742861471799,1.0
2024-06-18,-0.03223573027705262,0.0019400337619026192,0.0009938212458640114,1.0,0.0011501954615712262,1.0,0.001660286251704071,1.0
2024-06-21,0.07209978442528646,0.0019400337619026192,0.0010026172308963987,1.0,0.0011777381470432426,1.0,0.001664988716968289,1.0
2024-06-24,-0.07214646049771493,0.001679778173785202,0.0010062448338911734,1.0,0.001191748119845338,1.0,0.0016816851139443948,0.0
2024-06-25,-0.051472955183277734,0.0017481513892135328,0.0010178693986564683,1.0,0.001247786970373538,1.0,0.0016912982608753883,1.0
2024-06-26,-0.009117002032817165,0.0017439954029102131,0.0010203573813266885,1.0,0.001261348222297713,1.0,0.001725103246638321,1.0
2024-07-01,-0.007087079910218432,0.0020875051075149404,0.001023137626632383,1.0,0.001261348222297713,1.0,0.001745449998116375,1.0
2024-07-02,0.018366950898059585,0.002265555003463302,0.0010334206944081353,1.0,0.001264118382344385,1.0,0.0017630170653361685,1.0
2024-07-03,0.042679253822540016,0.0022655550034633015,0.0010467733774899562,1.0,0.0013052564862857975,1.0,0.0017941747759166824,1.0
2024-07-08,0.040134974940580215,0.002265555003463302,0.0010511808647338692,1.0,0.0015602180579407,1.0,0.0018022251382266588,1.0
2024-07-09,0.10237594794319273,0.0022655550034633015,0.00107834276401689,1.0,0.0016257246604978314,1.0,0.0018049318426468872,1.0
2024-07-10,-0.01879036367750515,0.002247901115106656,0.001135921024659189,1.0,0.0016315499852069344,1.0,0.0018049318426468872,1.0
2024-07-15,0.22543033014295044,0.0022610341182904823,0.0011484785369281873,1.0,0.001633575688345955,1.0,0.001811622970799677,1.0
2024-07-16,-0.03388210882765632,0.002230049461477077,0.0011496336927603714,1.0,0.00165296034921529,1.0,0.0018431244576534009,1.0
2024-07-17,-0.11371943609646662,0.0017265861241425972,0.0011589429929839451,1.0,0.001663541804579299,1.0,0.0018785496545078383,0.0
2024-07-18,-0.11134631860856929,0.0011417725690943568,0.0011868150520587214,0.0,0.001664988716968289,0.0,0.0018785496545078383,0.0
2024-07-19,-0.04694285629735683,0.001031590981226642,0.0011868150520587214,0.0,0.001664988716968289,0.0,0.0018785496545078383,0.0
2024-07-22,0.08761746147879768,0.0016476223597215289,0.0011868150520587214,1.0,0.001664988716968289,0.0,0.0018785496545078383,0.0
2024-07-23,-0.01153572466513268,0.0017673677369077004,0.0012104935275820542,1.0,0.001664988716968289,1.0,0.0018785496545078383,0.0
2024-07-24,-0.030476428753073635,0.0017209271014306418,0.0012613482222977128,1.0,0.0016768202824218195,1.0,0.0018785496545078383,0.0
2024-07-29,0.05210150233379272,0.0017595091573387174,0.001261348222297713,1.0,0.0017061098014199143,1.0,0.0018785496545078383,0.0
2024-07-30,-0.026759047866421932,0.0017237068252028444,0.001262213897312298,1.0,0.001719280222810232,1.0,0.0018785496545078383,0.0
2024-07-31,0.12097060171959419,0.0017237068252028442,0.0012774501610840977,1.0,0.001723150880448404,1.0,0.0018785496545078383,0.0
2024-08-01,0.02020084251915175,0.0017237068252028442,0.0013918835587283778,1.0,0.0017237068252028444,0.0,0.0018785496545078383,0.0
2024-08-02,-0.06337925073607555,0.0015337153997499354,0.0016227724960428808,0.0,0.0017237068252028444,0.0,0.0018785496545078383,0.0
2024-08-05,0.002403379397368069,0.0015337153997499356,0.0016227724960428808,0.0,0.0017237068252028444,0.0,0.0018785496545078383,0.0
2024-08-06,-0.08318906655173122,0.0011876943600625171,0.0016227724960428808,0.0,0.0017237068252028444,0.0,0.0018785496545078383,0.0
2024-08-07,-0.059674097554694765,0.001038812043102092,0.0016227724960428808,0.0,0.0017237068252028444,0.0,0.0018785496545078383,0.0
2024-08-12,0.00727913786215298,0.001087290797196434,0.0016227724960428808,0.0,0.0017237068252028444,0.0,0.0018785496545078383,0.0
2024-08-13,0.01293865468334717,0.0010872907971964342,0.0016227724960428808,0.0,0.0017237068252028444,0.0,0.0018785496545078383,0.0
2024-08-14,0.020069680999816982,0.001087290797196434,0.0016227724960428808,0.0,0.0017237068252028444,0.0,0.0018785496545078383,0.0
2024-08-15,0.0014839663070473179,0.0010921754571248008,0.0016227724960428808,0.0,0.0017237068252028444,0.0,0.0018785496545078383,0.0
2024-08-16,-0.01620679066553645,0.0012183660770985812,0.0016227724960428808,0.0,0.0017237068252028444,0.0,0.0018785496545078383,0.0
2024-08-19,-0.022984868116676885,0.00119195086898153,0.0016227724960428808,0.0,0.0017237068252028444,0.0,0.0018785496545078383,0.0
2024-08-20,-0.05350554550145967,0.0010488086990110912,0.0016227724960428808,0.0,0.0017237068252028444,0.0,0.0018785496545078383,0.0
2024-08-21,-0.026490216433925448,0.0010628502823116811,0.0016227724960428808,0.0,0.0017237068252028444,0.0,0.0018785496545078383,0.0
2024-08-28,0.04323729595344617,0.001062850282311681,0.0016227724960428808,0.0,0.0017237068252028444,0.0,0.0018785496545078383,0.0
2024-08-29,-0.11099832237424916,0.0006099873026607066,0.0016227724960428808,0.0,0.0017237068252028444,0.0,0.0018785496545078383,0.0
2024-08-30,-0.05027902631588218,0.0005069786493233948,0.0016227724960428808,0.0,0.0017237068252028444,0.0,0.0018785496545078383,0.0
2024-09-04,0.0026722140963533667,0.0005183432607166217,0.0016227724960428808,0.0,0.0017237068252028444,0.0,0.0018785496545078383,0.0
2024-09-09,-0.027778429008162246,0.00047976120480854614,0.0016227724960428808,0.0,0.0017237068252028444,0.0,0.0018785496545078383,0.0
2024-09-10,0.05011871193657529,0.0004806467879875034,0.0016227724960428808,0.0,0.0017237068252028444,0.0,0.0018785496545078383,0.0
2024-09-11,0.05071545260957833,0.0004806467879875033,0.0016227724960428808,0.0,0.0017237068252028444,0.0,0.0018785496545078383,0.0
2024-09-12,0.020352464652457016,0.0004806467879875033,0.0016227724960428808,0.0,0.0017237068252028444,0.0,0.0018785496545078383,0.0
2024-09-13,-0.01473434473630087,0.0005075299745966354,0.0016227724960428808,0.0,0.0017237068252028444,0.0,0.0018785496545078383,0.0
2024-09-16,0.0030062848505841163,0.0005075299745966355,0.0016227724960428808,0.0,0.0017237068252028444,0.0,0.0018785496545078383,0.0
2024-09-17,0.01370038118513818,0.0005075299745966354,0.0016227724960428808,0.0,0.0017237068252028444,0.0,0.0018785496545078383,0.0
2024-09-18,-0.024152672310920966,0.00047836239560869915,0.0016227724960428808,0.0,0.0017237068252028444,0.0,0.0018785496545078383,0.0
2024-09-23,-0.0311380006083698,0.000632596918032615,0.0015556442005896548,0.0,0.0017237068252028442,0.0,0.0018431244576534009,0.0
2024-09-24,0.043424408932807794,0.000632596918032615,0.0015337153997499354,0.0,0.0017231508804484038,0.0,0.001811622970799677,0.0
2024-09-25,0.0222005577981286,0.0006325969180326149,0.0013699547578886586,0.0,0.001719280222810232,0.0,0.0018049318426468872,0.0
2024-09-26,-0.009883986977295,0.0006277122581042481,0.0012774501610840977,0.0,0.0017061098014199143,0.0,0.0018049318426468872,0.0
2024-09-27,-0.052787048251935136,0.0005042141605782517,0.001262213897312298,0.0,0.0016768202824218195,0.0,0.0018022251382266588,0.0
2024-09-30,0.03822482852286765,0.000910446699672516,0.001261348222297713,0.0,0.001664988716968289,0.0,0.0017941747759166824,0.0
2024-10-01,0.04161573412007143,0.000910446699672516,0.0012613482222977128,0.0,0.001663541804579299,0.0,0.0017755076913373775,0.0
2024-10-02,-0.03134586468304878,0.0008613185380361158,0.0012291116133983642,0.0,0.0016557277959629766,0.0,0.0017622596601878614,0.0
2024-10-07,0.028467141569478018,0.0008645807580965057,0.0011997479912822713,0.0,0.0016448549129738422,0.0,0.0017521266080573474,0.0
2024-10-08,-0.05712589585186614,0.000701412359252593,0.001192348642405356,0.0,0.001633575688345955,0.0,0.001745449998116375,0.0
2024-10-09,-0.021628856200153868,0.0006780219882262463,0.0011887584872922704,0.0,0.0016315499852069344,0.0,0.0017326793717112627,0.0
2024-10-10,-0.015076213976477534,0.0006666573768330194,0.001185353151405142,0.0,0.0016257246604978314,0.0,0.001724714579831758,0.0
2024-10-11,0.009380114733977832,0.000841291942264487,0.0011589429929839451,0.0,0.001603887562437038,0.0,0.0017237068252028442,0.0
2024-10-16,-0.0042085227312140495,0.0008404063590855299,0.0011496336927603714,0.0,0.0015337153997499356,0.0,0.0017237068252028442,0.0
2024-10-21,0.005882577049918567,0.0008404063590855299,0.0011484785369281873,0.0,0.0014900458952535973,0.0,0.0017219000047509127,0.0
2024-10-22,0.03365606571178005,0.0008455046167982945,0.0011433740771884223,0.0,0.0013052564862857975,0.0,0.0017155747459143094,0.0
2024-10-23,-0.02747298030776422,0.0010439544987188082,0.0011343195165651235,0.0,0.001264118382344385,0.0,0.0016912982608753883,0.0
2024-10-24,0.0036278995926176828,0.0010439544987188084,0.0011020903842741121,0.0,0.001261348222297713,0.0,0.0016701650268542085,0.0
2024-10-25,0.0025914676413001506,0.0010440679887095785,0.0010885119621785258,0.0,0.001261348222297713,0.0,0.001664988716968289,0.0
2024-10-28,0.0021982685752282515,0.0012377403687104914,0.001087290797196434,1.0,0.001252751793257887,0.0,0.001660286251704071,0.0
2024-10-29,-0.06367311465889787,0.00105848604694456,0.0010885119621785258,0.0,0.0012566266515802687,0.0,0.001660286251704071,0.0
2024-10-30,0.04018995548145456,0.0010584860469445602,0.0010885119621785258,0.0,0.0012566266515802687,0.0,0.001660286251704071,0.0
2024-11-05,0.01603798485963941,0.0013750641477385888,0.0010885119621785258,1.0,0.0012566266515802687,1.0,0.001660286251704071,0.0
2024-11-06,0.05916455111688116,0.0013998360677383087,0.0011020903842741121,1.0,0.001261348222297713,1.0,0.001660286251704071,0.0
2024-11-07,-0.017790742329430818,0.0013840105421066987,0.0011343195165651235,1.0,0.001261348222297713,1.0,0.001660286251704071,0.0
2024-11-08,-0.09013684475221707,0.0009777780030124346,0.0011433740771884223,0.0,0.001264118382344385,0.0,0.001660286251704071,0.0
2024-11-13,0.053891531583853715,0.0009777780030124346,0.0011433740771884223,0.0,0.001264118382344385,0.0,0.001660286251704071,0.0
2024-11-18,0.025293983836840585,0.0009777780030124346,0.0011433740771884223,0.0,0.001264118382344385,0.0,0.001660286251704071,0.0
2024-11-19,-0.008077400646730534,0.0015594051203262841,0.0011433740771884223,1.0,0.001264118382344385,1.0,0.001660286251704071,0.0
2024-11-20,0.016271028875384615,0.0015594051203262841,0.0011484785369281873,1.0,0.0013052564862857975,1.0,0.001660286251704071,0.0
2024-11-21,0.08796018163117934,0.001581379943462756,0.0011496336927603714,1.0,0.0013631248936445183,1.0,0.001660286251704071,0.0
2024-11-22,0.014638199589028998,0.0015813799434627556,0.0011589429929839451,1.0,0.0013822212632330767,1.0,0.001660286251704071,0.0
2024-11-25,-0.059098995834357064,0.0014067453780312882,0.001185353151405142,1.0,0.001396670962611987,1.0,0.001660286251704071,0.0
2024-11-26,0.03848546120129951,0.0014067453780312882,0.0011887584872922704,1.0,0.0014053635159726923,1.0,0.001660286251704071,0.0
2024-11-27,0.03912856004325262,0.0014067514657232186,0.001192348642405356,1.0,0.0014067453780312882,1.0,0.001660286251704071,0.0
2024-12-03,-0.01009777966957545,0.001401653208010454,0.0011997479912822713,1.0,0.0014067502481848325,0.0,0.001660286251704071,0.0
2024-12-04,-0.06872963178572308,0.0011654650937404,0.0012232096500015587,0.0,0.0014067502481848325,0.0,0.001660286251704071,0.0
2024-12-05,0.04865127012275233,0.0011654650937404,0.0012232096500015587,0.0,0.0014067502481848325,0.0,0.001660286251704071,0.0
2024-12-06,-0.0015065854822761844,0.0012042476140845402,0.0012232096500015587,0.0,0.0014067502481848325,0.0,0.001660286251704071,0.0
2024-12-09,-0.06223702756412983,0.0010105752340836274,0.0012232096500015587,0.0,0.0014067502481848325,0.0,0.001660286251704071,0.0
2024-12-10,-0.021660542353471535,0.0011989151711048372,0.0012232096500015587,0.0,0.0014067502481848325,0.0,0.001660286251704071,0.0
2024-12-11,0.04072554707097816,0.002156401255675753,0.0012232096500015587,1.0,0.0014067502481848325,1.0,0.001660286251704071,1.0
2024-12-16,-0.07957111294861079,0.0020283760153580192,0.0012436423321072966,1.0,0.0015083226129445934,1.0,0.001664988716968289,1.0
2024-12-17,-0.022258445588009847,0.002213814869643601,0.0012613482222977128,1.0,0.0015337153997499356,1.0,0.0016701650268542085,1.0
2024-12-18,0.015316401305281021,0.0022962460399353203,0.001261348222297713,1.0,0.0015542671762110148,1.0,0.0016912982608753883,1.0
2024-12-19,0.010734424573591484,0.002315931912657023,0.001262213897312298,1.0,0.0015594051203262841,1.0,0.0017155747459143094,1.0
2024-12-20,0.021072635476805882,0.002315931912657023,0.0012774501610840977,1.0,0.0015769849788354615,1.0,0.0017219000047509127,1.0
2024-12-23,0.10630063085991469,0.0023572487115633015,0.0013302919448858219,1.0,0.001581379943462756,1.0,0.0017237068252028442,1.0
2024-12-24,-0.10815630701667284,0.0017723593741890617,0.0013773007463306164,1.0,0.0016134204711796016,1.0,0.0017237068252028442,1.0
2024-12-30,0.01812364903082155,0.0017723593741890617,0.0013879669235146012,1.0,0.0016257246604978314,1.0,0.001724714579831758,1.0
2024-12-31,-0.020964170928740134,0.00175038455105259,0.0014002903528063451,1.0,0.0016315499852069344,1.0,0.0017326793717112627,1.0
2025-01-03,0.0060452148787308495,0.0017544729904857108,0.0014029262505156626,1.0,0.001633575688345955,1.0,0.001745449998116375,1.0
2025-01-06,0.09268974008022866,0.0017667074250577782,0.0014067453780312882,1.0,0.0016448549129738422,1.0,0.0017489329958572028,1.0
2025-01-07,0.02780859403222437,0.0017667074250577778,0.0014067468999542708,1.0,0.0016557277959629766,1.0,0.0017518155048541822,1.0
2025-01-08,-0.0003489324269952167,0.0017667013373658474,0.0014384924492298978,1.0,0.001663541804579299,1.0,0.001756235648884263,1.0
2025-01-13,0.007647402218796284,0.0017667013373658478,0.0015337153997499354,1.0,0.001664988716968289,1.0,0.001762026420348213,1.0
2025-01-14,0.0357561572570141,0.0018173631739254984,0.0015401378298940227,1.0,0.0016768202824218195,1.0,0.0017667013373658476,1.0
2025-01-15,0.028916522465498206,0.0018173631739254984,0.0015594051203262841,1.0,0.0017061098014199143,1.0,0.0017667034680580232,1.0
2025-01-16,-0.027891220961051632,0.0017784671635905883,0.001564898826110402,1.0,0.001719280222810232,1.0,0.001766707425057778,1.0
2025-01-17,0.09391711144488803,0.0017926873200570805,0.0015813799434627558,1.0,0.0017231508804484038,1.0,0.001766938534205251,1.0
2025-01-22,-0.06508439010600568,0.0023995790527255962,0.00159139260837427,1.0,0.0017237068252028442,1.0,0.0017691148099561768,1.0
2025-01-23,-0.13838251945754682,0.0019227134084227777,0.0016227724960428808,1.0,0.0017237068252028444,1.0,0.0017723593741890617,1.0
2025-01-24,-0.06140893428098141,0.002003690617417547,0.0016282831155831636,1.0,0.0017260102643546467,1.0,0.0017744971004795959,1.0
2025-01-27,-0.06483992200570597,0.0018017194757001891,0.001632999734843821,1.0,0.0017405135471566901,1.0,0.0017827223186812546,1.0
2025-01-28,-0.04060324378463355,0.00171928830540847,0.0016372444344177034,1.0,0.0017473201919528689,0.0,0.0017913466492365268,0.0
2025-01-29,-0.019842314744859115,0.0017000160424761452,0.0016501553085469813,1.0,0.0017473201919528689,0.0,0.0017913466492365268,0.0
2025-01-30,0.007942161906396962,0.0017000160424761452,0.001659562795509576,1.0,0.0017473201919528689,0.0,0.0017913466492365268,0.0
2025-01-31,-0.02874606021919475,0.0016968347940826422,0.001664988716968289,1.0,0.0017473201919528689,0.0,0.0017913466492365268,0.0
2025-02-03,0.03154057415652363,0.0016968347940826425,0.0016686860811725172,1.0,0.0017473201919528689,0.0,0.0017913466492365268,0.0
2025-02-04,0.013776314036015183,0.0016968347940826425,0.0016840423288595622,1.0,0.0017473201919528689,0.0,0.0017913466492365268,0.0
2025-02-05,0.024304499154374146,0.0016968347940826425,0.0016968347940826422,1.0,0.0017473201919528689,0.0,0.0017913466492365268,0.0
2025-02-06,-0.009042609615725401,0.0017742087650875489,0.0016968347940826425,1.0,0.0017473201919528689,1.0,0.0017913466492365268,0.0
2025-02-07,-0.015642528294407803,0.0017725037671913364,0.0016968347940826425,1.0,0.0017499379186847787,1.0,0.0017913466492365268,0.0
2025-02-10,0.06133862132436643,0.0017725037671913369,0.001697630106181018,1.0,0.0017536553025990866,1.0,0.0017913466492365268,0.0
2025-02-11,0.03690934876242438,0.0017725037671913369,0.0017000160424761452,1.0,0.0017585019239681162,1.0,0.0017913466492365268,0.0
2025-02-12,0.010190001329380532,0.0017725037671913369,0.0017031852089392568,1.0,0.0017652629013604215,1.0,0.0017913466492365268,0.0
2025-02-13,-0.031831379662104115,0.0017218419306316859,0.0017143416075985616,1.0,0.0017667013373658478,0.0,0.0017913466492365268,0.0
2025-02-14,0.021113752834742316,0.0017218419306316859,0.001719698004414013,1.0,0.0017667013373658478,0.0,0.0017913466492365268,0.0
2025-02-19,0.07241818308920074,0.0017224054919983821,0.0017211558087309028,1.0,0.0017667013373658478,0.0,0.0017913466492365268,0.0
2025-02-20,-0.0168642559672772,0.0017081853355318901,0.0017218419306316859,0.0,0.0017667013373658478,0.0,0.0017913466492365268,0.0
2025-02-21,-0.12796019884652043,0.0008992510553132301,0.0017218419306316859,0.0,0.0017667013373658478,0.0,0.0017913466492365268,0.0
2025-02-24,-0.09804289268152971,0.0004186306150451324,0.0017218419306316859,0.0,0.0017667013373658478,0.0,0.0017913466492365268,0.0
2025-02-25,-0.07342071498849133,0.0001491005455740687,0.0017218419306316859,0.0,0.0017667013373658478,0.0,0.0017913466492365268,0.0
2025-02-26,-0.012837159006527864,0.00014119429322786707,0.0017218419306316859,0.0,0.0017667013373658478,0.0,0.0017913466492365268,0.0
2025-02-27,0.008131974364768169,0.00015105057382721937,0.0017218419306316859,0.0,0.0017667013373658478,0.0,0.0017913466492365268,0.0
2025-02-28,-0.0028761425186449325,0.000203211100051626,0.0017218419306316859,0.0,0.0017667013373658478,0.0,0.0017913466492365268,0.0
2025-03-03,0.06037126152099339,0.000203211100051626,0.0017218419306316859,0.0,0.0017667013373658478,0.0,0.0017913466492365268,0.0
2025-03-04,-0.027617223072849237,0.00018130156311978442,0.0017218419306316859,0.0,0.0017667013373658478,0.0,0.0017913466492365268,0.0
2025-03-05,0.013045061633117019,0.00018258639666388928,0.0017218419306316859,0.0,0.0017667013373658478,0.0,0.0017913466492365268,0.0
2025-03-06,0.006838023425176683,0.0001890241689655966,0.0017218419306316859,0.0,0.0017667013373658478,0.0,0.0017913466492365268,0.0
2025-03-07,0.02204088791671008,0.00038288818675608256,0.0017218419306316859,0.0,0.0017667013373658478,0.0,0.0017913466492365268,0.0
2025-03-10,-0.04036394689274757,0.0003014257763180552,0.0017218419306316859,0.0,0.0017667013373658478,0.0,0.0017913466492365268,0.0
2025-03-11,-0.014511675765296649,0.00029089633964220034,0.0017218419306316859,0.0,0.0017667013373658478,0.0,0.0017913466492365268,0.0
2025-03-12,0.006992898577620432,0.00029089633964220034,0.0017218419306316859,0.0,0.0017667013373658478,0.0,0.0017913466492365268,0.0
2025-03-13,0.004504866011575266,0.0005959794855993969,0.0017218419306316859,0.0,0.0017667013373658478,0.0,0.0017913466492365268,0.0
2025-03-14,0.008107896776019316,0.000595979485599397,0.0017218419306316859,0.0,0.0017667013373658478,0.0,0.0017913466492365268,0.0
2025-03-17,0.013368513930043069,0.000595979485599397,0.0017218419306316859,0.0,0.0017667013373658478,0.0,0.0017913466492365268,0.0
2025-03-18,0.006251163229497033,0.0006125359039178978,0.0017218419306316859,0.0,0.0017667013373658478,0.0,0.0017913466492365268,0.0
2025-03-19,-0.003357264859066433,0.0006130264933021508,0.0017218419306316859,0.0,0.0017667013373658478,0.0,0.0017913466492365268,0.0
2025-03-20,0.021348196353388086,0.0007049133283399276,0.0017218419306316859,0.0,0.0017667013373658478,0.0,0.0017913466492365268,0.0
2025-03-21,-0.013968782497692983,0.0006951569841165348,0.0017218419306316859,0.0,0.0017667013373658478,0.0,0.0017913466492365268,0.0
2025-03-24,0.01319542298396765,0.0006952347274999133,0.0017218419306316859,0.0,0.0017667013373658478,0.0,0.0017913466492365268,0.0
2025-03-25,0.021038894908674083,0.0006952347274999133,0.0017218419306316859,0.0,0.0017667013373658478,0.0,0.0017913466492365268,0.0
2025-03-26,-0.002582170489113366,0.0006949013472781708,0.0017218419306316859,0.0,0.0017667013373658478,0.0,0.0017913466492365268,0.0
2025-03-27,-0.014040142876304569,0.0006986482432449284,0.0017218419306316859,0.0,0.0017667013373658478,0.0,0.0017913466492365268,0.0
2025-03-28,-0.0324265742914001,0.0006533413070771577,0.0017218419306316859,0.0,0.0017667013373658478,0.0,0.0017913466492365268,0.0
2025-03-31,0.06318351668855136,0.0006533413070771577,0.0017218419306316859,0.0,0.0017667013373658478,0.0,0.0017913466492365268,0.0
2025-04-01,-0.018014446192394732,0.0006502628653961165,0.0017218419306316859,0.0,0.0017667013373658478,0.0,0.0017913466492365268,0.0
2025-04-02,-0.0050691883849485,0.0006489780318520116,0.0017218419306316859,0.0,0.0017667013373658478,0.0,0.0017913466492365268,0.0
2025-04-03,-0.011347045696309954,0.0006425402595503045,0.0017218419306316859,0.0,0.0017667013373658478,0.0,0.0017913466492365268,0.0
2025-04-04,-0.062267811554684645,0.0004490871640329511,0.0017218419306316859,0.0,0.0017667013373658478,0.0,0.0017913466492365268,0.0
2025-04-07,0.023277049518395005,0.0009574266577217687,0.0017218419306316859,0.0,0.0017667013373658478,0.0,0.0017913466492365268,0.0
2025-04-08,0.014676995821581698,0.0009586813322865451,0.0017218419306316859,0.0,0.0017667013373658478,0.0,0.0017913466492365268,0.0
2025-04-09,0.012710978789952214,0.0009586813322865451,0.0017218419306316859,0.0,0.0017667013373658478,0.0,0.0017913466492365268,0.0
2025-04-10,-0.07811314178257033,0.000697079019982382,0.0017211558087309028,0.0,0.0017652629013604215,0.0,0.0017827223186812546,0.0
2025-04-11,0.012972792645687369,0.0007122966645162729,0.001719698004414013,0.0,0.0017585019239681162,0.0,0.0017756992045636127,0.0
2025-04-14,0.0037068411606975336,0.0007122966645162729,0.0017143416075985616,0.0,0.0017536553025990866,0.0,0.001773100516455011,0.0
2025-04-15,-0.01819693288359375,0.0006957402461977723,0.0017093121787310657,0.0,0.0017499379186847787,0.0,0.0017725037671913369,0.0
2025-04-16,-0.004591624442284285,0.0007007013063902708,0.0017020583657400814,0.0,0.0017499379186847787,0.0,0.0017725037671913369,0.0
2025-04-23,-0.04286883134347768,0.000608814471352494,0.0017000160424761452,0.0,0.0017473201919528689,0.0,0.0017725037671913369,0.0
2025-04-24,0.016046067844299235,0.000608814471352494,0.001697630106181018,0.0,0.0017405135471566901,0.0,0.0017725037671913366,0.0
2025-04-25,-0.0012469433297335835,0.0006163226865115815,0.0016968347940826425,0.0,0.0017260102643546467,0.0,0.0017724099117398578,0.0
2025-04-28,0.0038444012775626,0.0006166892507295684,0.0016968347940826425,0.0,0.0017237068252028444,0.0,0.0017723593741890617,0.0
2025-04-29,0.007822147332713148,0.0006186144503514629,0.0016968347940826422,0.0,0.0017237068252028442,0.0,0.0017691148099561768,0.0
2025-04-30,-0.016494348466132232,0.000605011273785353,0.0016968347940826422,0.0,0.0017237068252028442,0.0,0.0017691148099561768,0.0
2025-05-07,-0.012055869811850035,0.0006214293635290265,0.0016968347940826422,0.0,0.0017237068252028442,0.0,0.0017691148099561768,0.0
2025-05-08,0.01286673110370852,0.0006214293635290266,0.0016968347940826422,0.0,0.0017237068252028442,0.0,0.0017691148099561768,0.0
2025-05-09,-0.016215777440439328,0.0006082817916291336,0.0016968347940826422,0.0,0.0017237068252028442,0.0,0.0017691148099561768,0.0
2025-05-12,0.0573740859046997,0.0006082817916291336,0.0016968347940826422,0.0,0.0017237068252028442,0.0,0.0017691148099561768,0.0
2025-05-13,0.031641811417243336,0.0006474114072752842,0.0016968347940826422,0.0,0.0017237068252028442,0.0,0.0017691148099561768,0.0
2025-05-14,-0.0028667831209654004,0.0006764081086461263,0.0016968347940826422,0.0,0.0017237068252028442,0.0,0.0017691148099561768,0.0
2025-05-19,-0.10083050071172091,0.00016806861495730869,0.0016968347940826422,0.0,0.0017237068252028442,0.0,0.0017691148099561768,0.0
2025-05-20,-0.005009340405235985,0.00026486977008019643,0.0016968347940826422,0.0,0.0017237068252028442,0.0,0.0017691148099561768,0.0
2025-05-21,0.011881391111222031,0.0002648700876439334,0.0016968347940826422,0.0,0.0017237068252028442,0.0,0.0017691148099561768,0.0
2025-05-22,-0.029489263691395786,0.00022138925399089977,0.0016968347940826422,0.0,0.0017237068252028442,0.0,0.0017691148099561768,0.0
2025-05-23,-0.01744571267325635,0.0002067555833799937,0.0016968347940826422,0.0,0.0017237068252028442,0.0,0.0017691148099561768,0.0
2025-05-28,0.039561260346518544,0.00022617021112761207,0.0016968347940826422,0.0,0.0017237068252028442,0.0,0.0017691148099561768,0.0
2025-06-02,0.0031120224921452485,0.0002267172565873561,0.0016968347940826422,0.0,0.0017237068252028442,0.0,0.0017691148099561768,0.0
2025-06-03,-0.010968327988757081,0.00022070204564390855,0.0016968347940826422,0.0,0.0017237068252028442,0.0,0.0017691148099561768,0.0
2025-06-04,0.05743982343176915,0.00022070204564390855,0.0016968347940826422,0.0,0.0017237068252028442,0.0,0.0017691148099561768,0.0
2025-06-05,0.017790025662934,0.00022070204564390855,0.0016968347940826422,0.0,0.0017237068252028442,0.0,0.0017691148099561768,0.0
2025-06-06,-0.012317433614569032,0.0006923737193897509,0.0016968347940826422,0.0,0.0017237068252028442,0.0,0.0017691148099561768,0.0
2025-06-09,-0.002707634458293803,0.0007002114177437976,0.0016968347940826422,0.0,0.0017237068252028442,0.0,0.0017691148099561768,0.0
2025-06-10,-0.006205158534468717,0.0008453818313771671,0.0016968347940826422,0.0,0.0017237068252028442,0.0,0.0017691148099561768,0.0
2025-06-11,0.037598188103044744,0.0008453818313771671,0.0016968347940826422,0.0,0.0017237068252028442,0.0,0.0017691148099561768,0.0
2025-06-16,-0.021764783293057383,0.0008216965417874794,0.0016968347940826422,0.0,0.0017237068252028442,0.0,0.0017691148099561768,0.0
2025-06-17,0.05601358583395311,0.0008216965417874794,0.0016968347940826422,0.0,0.0017237068252028442,0.0,0.0017691148099561768,0.0
2025-06-18,0.04644705671297672,0.0008337624467021846,0.0016968347940826422,0.0,0.0017237068252028442,0.0,0.0017691148099561768,0.0
2025-06-23,0.26673849823618834,0.0028022889002239293,0.0016968347940826422,1.0,0.0017237068252028442,1.0,0.0017691148099561768,1.0
2025-06-24,-0.02797485143701418,0.0032096069595574143,0.0016968347940826425,1.0,0.0017237068252028444,1.0,0.0017723593741890617,1.0
2025-06-25,-0.024251855039965336,0.0031801993359134397,0.0016968347940826425,1.0,0.0017260102643546467,1.0,0.0017724099117398578,1.0
2025-06-30,0.053170031165703735,0.00318161789935703,0.001697630106181018,1.0,0.0017405135471566901,1.0,0.0017725037671913366,1.0
2025-07-01,-0.04428449608783288,0.003083816192988743,0.0017000160424761452,1.0,0.0017473201919528689,1.0,0.0017725037671913369,1.0
2025-07-02,-7.96948852790167e-05,0.0030838158754250057,0.0017020583657400814,1.0,0.0017499379186847787,1.0,0.0017725037671913369,1.0
2025-07-03,0.03308084895486315,0.0030838158754250057,0.001710961078001035,1.0,0.0017536553025990866,1.0,0.001773100516455011,1.0
2025-07-08,-0.0034175251951808843,0.0030947750062560995,0.001719698004414013,1.0,0.0017585019239681162,1.0,0.0017756992045636127,1.0
2025-07-09,-0.019705140318007568,0.003075360378508481,0.0017211558087309028,1.0,0.0017652629013604215,1.0,0.0017834442183538605,1.0
2025-07-14,-0.0033077045204916336,0.003074813333048737,0.0017218419306316859,1.0,0.0017667013373658478,1.0,0.0017958485745321684,1.0
2025-07-15,0.0294504195099828,0.003074813333048737,0.00172198282097336,1.0,0.0017667062075193917,1.0,0.0018071947700790472,1.0
2025-07-16,0.01890907060449665,0.003669840812935915,0.0017227308252994976,1.0,0.0017667074250577782,1.0,0.0018173631739254984,1.0
2025-07-17,0.06046300121195888,0.003669840812935915,0.0017237068252028442,1.0,0.0017672356745377159,1.0,0.0018474425917136736,1.0
2025-07-18,-0.09790379280582628,0.003190583180647607,0.0017237068252028442,1.0,0.0017713610467327895,1.0,0.0019033043676060003,1.0
2025-07-21,-0.01280957655196595,0.0031823789180755726,0.0017244266499377827,1.0,0.0017723593741890617,1.0,0.0019055596073089512,1.0
2025-07-22,-0.054239397720709216,0.0030353974189807056,0.0017309384438345013,1.0,0.0017724748885908814,1.0,0.0019142858341973528,1.0
2025-07-23,0.020929447661213352,0.003035755786055332,0.0017450343994860431,1.0,0.0017725037671913369,1.0,0.001927107519203105,1.0
2025-07-28,0.029752256934986815,0.0031116467599264035,0.001748709679673297,1.0,0.0017725037671913369,1.0,0.0019369360235899015,1.0
2025-07-29,0.0750037454661571,0.0031116467599264035,0.0017514066609108704,1.0,0.0017725037671913369,1.0,0.0019400337619026192,1.0
2025-07-30,-0.015534416573985165,0.0030995808550116984,0.0017557320321989625,1.0,0.0017738677655083064,1.0,0.001945687936018724,1.0
2025-07-31,-0.19842008232644923,0.001131054401489954,0.0017613072023454999,0.0,0.0017776154838899804,0.0,0.0019561885450914904,0.0
2025-08-01,-0.0944931399604898,0.0006846067265103182,0.0017613072023454999,0.0,0.0017776154838899804,0.0,0.0019561885450914904,0.0
2025-08-04,0.0123430929307015,0.0006846067265103182,0.0017613072023454999,0.0,0.0017776154838899804,0.0,0.0019561885450914904,0.0
2025-08-05,-0.005326468705607199,0.000720320363132287,0.0017613072023454999,0.0,0.0017776154838899804,0.0,0.0019561885450914904,0.0
2025-08-06,-0.0022544326087813996,0.0007200662398129101,0.0017613072023454999,0.0,0.0017776154838899804,0.0,0.0019561885450914904,0.0
2025-08-11,0.06484978212025401,0.0007373053024965999,0.0017613072023454999,0.0,0.0017776154838899804,0.0,0.0019561885450914904,0.0
2025-08-12,0.006176541542321101,0.0007373053024965999,0.0017613072023454999,0.0,0.0017776154838899804,0.0,0.0019561885450914904,0.0
2025-08-13,-0.015194146737529403,0.000740542485745589,0.0017613072023454999,0.0,0.0017776154838899804,0.0,0.0019561885450914904,0.0
2025-08-14,0.003117372712750966,0.000740542485745589,0.0017613072023454999,0.0,0.0017776154838899804,0.0,0.0019561885450914904,0.0
2025-08-15,0.007281195477207433,0.0007405424857455891,0.0017613072023454999,0.0,0.0017776154838899804,0.0,0.0019561885450914904,0.0
2025-08-18,0.028549050458765216,0.0007405424857455891,0.0017613072023454999,0.0,0.0017776154838899804,0.0,0.0019561885450914904,0.0
2025-08-19,-0.10908964019439955,0.0001814806158753707,0.0017613072023454999,0.0,0.0017776154838899804,0.0,0.0019561885450914904,0.0
2025-08-20,0.008434874476576868,0.0003358189299122349,0.0017613072023454999,0.0,0.0017776154838899804,0.0,0.0019561885450914904,0.0
2025-08-27,0.004086187303470883,0.0003358189299122349,0.0017613072023454999,0.0,0.0017776154838899804,0.0,0.0019561885450914904,0.0
2025-08-28,0.009177175055959498,0.0004083322334433566,0.0017613072023454999,0.0,0.0017776154838899804,0.0,0.0019561885450914904,0.0
2025-08-29,-0.0015107227435652334,0.0005552260583146765,0.0017613072023454999,0.0,0.0017776154838899804,0.0,0.0019561885450914904,0.0
2025-09-03,-0.002677189102870618,0.0005889351541704084,0.0017613072023454999,0.0,0.0017776154838899804,0.0,0.0019561885450914904,0.0
2025-09-08,-0.03895920273082384,0.0007293155813056408,0.0017613072023454999,0.0,0.0017776154838899804,0.0,0.0019561885450914904,0.0
2025-09-09,0.023008121558434066,0.0007618346900694591,0.0017613072023454999,0.0,0.0017776154838899804,0.0,0.0019561885450914904,0.0
2025-09-10,0.006755542672617598,0.0007618346900694592,0.0017613072023454999,0.0,0.0017776154838899804,0.0,0.0019561885450914904,0.0
2025-09-11,0.0207213897648667,0.0007618346900694591,0.0017613072023454999,0.0,0.0017776154838899804,0.0,0.0019561885450914904,0.0
2025-09-12,0.0019956079223883,0.0007618346900694591,0.0017613072023454999,0.0,0.0017776154838899804,0.0,0.0019561885450914904,0.0
2025-09-15,0.06858732515027234,0.0007618346900694591,0.0017613072023454999,0.0,0.0017776154838899804,0.0,0.0019561885450914904,0.0
2025-09-16,-0.027251495395871184,0.0007247024900038998,0.0017613072023454999,0.0,0.0017776154838899804,0.0,0.0019561885450914904,0.0
2025-09-17,0.0025970092158655498,0.0007247024900038998,0.0017613072023454999,0.0,0.0017776154838899804,0.0,0.0019561885450914904,0.0
2025-09-22,-0.018568286234162665,0.00070746342732021,0.0017613072023454999,0.0,0.0017776154838899804,0.0,0.0019561885450914904,0.0
2025-09-23,0.06107708370499502,0.00070746342732021,0.0017613072023454999,0.0,0.0017776154838899804,0.0,0.0019561885450914904,0.0
2025-09-24,-0.017193189351058714,0.0006926831393171421,0.0017613072023454999,0.0,0.0017776154838899804,0.0,0.0019561885450914904,0.0
2025-09-25,0.021259322744121137,0.0007290885112472235,0.0017613072023454999,0.0,0.0017776154838899804,0.0,0.0019561885450914904,0.0
2025-09-26,0.003019686100728416,0.000729694043418384,0.0017613072023454999,0.0,0.0017776154838899804,0.0,0.0019561885450914904,0.0
2025-09-29,0.018606510124160997,0.000729694043418384,0.0017613072023454999,0.0,0.0017776154838899804,0.0,0.0019561885450914904,0.0
2025-09-30,-0.02681999627776235,0.000694547352538986,0.0017613072023454999,0.0,0.0017776154838899804,0.0,0.0019561885450914904,0.0
2025-10-01,-0.055558674216878885,0.0005402090385021218,0.0017557320321989625,0.0,0.0017738677655083064,0.0,0.0019561885450914904,0.0
2025-10-06,0.11538219562191909,0.0005402090385021218,0.0017514066609108704,0.0,0.0017725037671913369,0.0,0.0019561885450914904,0.0
2025-10-07,-0.03808235904749647,0.00046769573497099993,0.001748709679673297,0.0,0.0017725037671913369,0.0,0.0019561885450914904,0.0
2025-10-08,-0.05422323100511737,0.0003342037634239766,0.0017450343994860431,0.0,0.0017725037671913369,0.0,0.0019561885450914904,0.0
2025-10-09,-0.026102667653080367,0.00031835306062244956,0.0017309384438345013,0.0,0.0017724748885908814,0.0,0.001945687936018724,0.0
2025-10-10,-0.06576798628608055,0.00013241833779513665,0.0017244266499377827,0.0,0.0017723593741890617,0.0,0.0019400337619026192,0.0
2025-10-15,-0.025502591540397763,0.0001264332778690661,0.0017237068252028442,0.0,0.0017713610467327895,0.0,0.001928775532140722,0.0
2025-10-20,0.034172616631567364,0.00012678830840422576,0.0017237068252028442,0.0,0.0017672356745377159,0.0,0.0018542357559995456,0.0
2025-10-21,0.024436133383809695,0.00012678830840422576,0.0017237068252028442,0.0,0.0017672356745377159,0.0,0.0018542357559995456,0.0
2025-10-22,0.01512203023991912,0.00013436275984221173,0.0017227308252994976,0.0,0.0017672356745377159,0.0,0.0018542357559995456,0.0
2025-10-23,0.036253422719263066,0.00013436275984221176,0.00172198282097336,0.0,0.0017672356745377159,0.0,0.0018542357559995456,0.0
2025-10-24,0.014602143646921547,0.00013436275984221173,0.0017218419306316859,0.0,0.0017667074250577782,0.0,0.0018173631739254984,0.0
2025-10-27,0.0002656463166790661,0.00013436275984221173,0.0017211558087309028,0.0,0.0017667062075193917,0.0,0.0018071947700790472,0.0
2025-10-28,0.005530445312644649,0.00013436275984221173,0.001719698004414013,0.0,0.0017667013373658478,0.0,0.0017958485745321684,0.0
2025-10-29,0.0026309869174009327,0.0004480716140784403,0.001710961078001035,0.0,0.0017652629013604215,0.0,0.0017834442183538605,0.0
2025-11-03,0.005340600658673801,0.0004480716140784403,0.0017020583657400814,0.0,0.0017585019239681162,0.0,0.0017756992045636127,0.0
2025-11-04,-0.02698346602276343,0.0010995661145507955,0.0017000160424761452,0.0,0.0017536553025990866,0.0,0.001773100516455011,0.0
2025-11-05,-0.0034800349744233162,0.0013909996279814266,0.001697630106181018,0.0,0.0017456248656705917,0.0,0.0017725037671913369,0.0
2025-11-06,0.0275038168775832,0.0013914026093028169,0.0016968347940826425,0.0,0.0017260102643546467,0.0,0.0017725037671913369,0.0
2025-11-07,-0.0040470214666129,0.00139399619048242,0.0016968347940826425,0.0,0.0017237068252028444,0.0,0.0017725037671913369,0.0
2025-11-10,0.05885506954515001,0.00139399619048242,0.0016968347940826425,0.0,0.0017237068252028444,0.0,0.0017725037671913369,0.0
2025-11-18,0.03260617446016457,0.001573106413394225,0.0016968347940826425,0.0,0.0017237068252028444,0.0,0.0017725037671913369,0.0
2025-11-19,0.008211084241265367,0.0017377797716639383,0.0016968347940826425,1.0,0.0017237068252028444,1.0,0.0017725037671913369,0.0
2025-11-20,-0.016441391355169817,0.001724263804179246,0.0016968347940826425,1.0,0.0017237068252028444,1.0,0.0017725037671913369,0.0
2025-11-21,-0.01908756670130135,0.001732453102496373,0.0016968347940826425,1.0,0.0017241524083839656,1.0,0.0017725037671913369,0.0
2025-11-24,-0.024631962235677055,,0.0016968347940826425,0.0,0.0017241524083839656,0.0,0.0017725037671913369,0.0
2025-11-25,-0.0230365139887735,,,,,,,
2025-11-26,-0.00266469711284285,,,,,,,
2025-12-02,0.0031869763944319014,,,,,,,
2025-12-03,-0.012308087940850919,,,,,,,
2025-12-04,0.009401792254754333,,,,,,,
2025-12-05,0.046123265529159484,,,,,,,
2025-12-08,0.009989624421264097,,,,,,,
2025-12-09,0.00942362294689573,,,,,,,
2025-12-10,-0.07920970322330827,,,,,,,
2025-12-15,0.09442320410299172,,,,,,,
2025-12-16,-0.11729449027149029,,,,,,,
2025-12-17,-0.07642500187789225,,,,,,,
2025-12-18,-0.0028389481199568994,,,,,,,
2025-12-19,-0.008261356204841985,,,,,,,
2025-12-22,0.052303251419401335,,,,,,,
2025-12-23,-0.059851520099627374,,,,,,,
2025-12-24,-0.05738873726955728,,,,,,,
2025-12-30,0.034487260590223584,,,,,,,
2025-12-31,-0.022980887035081332,,,,,,,
