date,wti,henry_hub,brent,rbob,pjm_west,cels
2016-01-05,-0.023084289683397596,-0.025425098365810084,-0.020045214601231987,-0.0351821075767732,0.03208442867251016,0.0016718817336274228
2016-01-06,-0.0572074755350398,0.017021687569430566,-0.04810142502674397,-0.12730691716763898,-0.1581340428328346,-0.02302947746627737
2016-01-07,-0.020220730585558844,-0.008474626990972234,-0.009487174627016426,-0.13353139262452257,-0.15435585022827603,-0.053880018606568214
2016-01-08,-0.0027071756644905243,0.04980282248381829,-0.0582629504413954,-0.09531017980432482,-0.16111681891409146,-0.005374967718346113
2016-01-11,-0.05510524309496789,0.02794593039055937,-0.04951666735219895,0.01121507082013995,0.3946509063040913,-0.006550922876306764
2016-01-12,-0.03234434599632863,-0.056695343676545384,-0.033741392431290596,-0.018762276455522864,-0.04155207661143123,-0.008117990480019266
2016-01-13,0.0,-0.05129329438755048,-0.019404628265337287,-0.07960088609914501,0.15069440959924307,-0.03483405078626234
2016-01-14,0.02595862825613926,-0.031182927436687935,0.00905613991502685,-0.0722796451935743,-0.383146545710237,0.006188272923657756
2016-01-15,-0.05836500498969022,-0.013667638728663722,-0.0013879252748481008,-0.03682499611115876,-0.2234029904553987,-0.030661742634036315
2016-01-20,-0.06493668024252353,-0.022676708671029666,-0.05060101329378952,-0.030263657639826816,-0.33908336319590227,0.011065432163446687
2016-01-21,0.10216952280468439,0.018182319083190457,0.05897230876863446,0.013869847864150395,-0.12323321219683692,0.010277697574346156
2016-01-22,0.08183726985295614,-0.0045146803545267344,0.09896095923782111,0.029852963149681278,0.05686370522893558,0.0319379690930397
2016-01-25,-0.05644332263535157,-0.0228842938335877,-0.021235038130423156,-0.08749764006753127,0.02341431109829184,-0.02562285836482836
2016-01-26,-0.025732413966478074,0.045256591588120676,0.03687053580832744,0.1931254996649261,-0.18789809011518965,0.0227660985726299
2016-01-27,0.08994095654966072,0.0,0.02835939614908156,-0.006436064050894003,-0.07981079098157551,-0.014736135724235488
2016-01-28,0.027164801735760857,-0.04989697114462299,0.036401304571100024,-0.12172542135391232,0.08939369928587304,0.006932909828317513
2016-01-29,0.013459153374004718,0.05870760082677795,0.003930466133315491,0.12655634862357784,-0.018934458346699934,0.03201386824586461
2016-02-01,-0.06252035698133396,0.0,-0.021040568848317953,-0.04182651494626072,-0.1978097207139462,-0.0020041143778728454
2016-02-02,-0.055931351384685524,-0.09662683568907171,-0.04635860816137649,-0.04277812201280423,0.009821466859986305,-0.036395018556663494
2016-02-03,0.07689910437354319,-0.004842624475787871,0.04419911326076642,0.026737254638516256,-0.08098665254590731,0.004315885308357359
2016-02-04,-0.020651547452626318,0.004842624475787871,0.011667310735379743,-0.14146552029994258,0.08332953131155652,0.012190978062855962
2016-02-05,-0.024645190382542648,0.004819286435948977,-0.012594238037959116,0.04504834502343654,0.12659220006013872,-0.026742479918581807
2016-02-08,-0.03797715746049857,0.06963369175880074,-0.02219187804745637,-0.01606080815018423,0.07894089528257808,-0.03009603375282932
2016-02-09,-0.06070877210890657,-0.027274417919659233,-0.04823721972625883,-0.10536051565782639,0.11790654075785767,-0.00789748868364537
2016-02-10,-0.015135424065100711,-0.00461894585629441,-0.017060122745308437,-0.0792493716541405,0.003663101511104827,-0.027138865659157574
2016-02-11,-0.050261834780888304,-0.0046403795565023165,-0.02805520985651011,0.014781394765478753,0.15498186354501442,-0.02184379046283791
2016-02-12,0.11289221849883013,-0.03309994842634478,0.09839669921475513,-0.009070356969964291,-0.037302855831371495,0.013663543305858283
2016-02-17,0.05459249320113502,-0.010309369658861312,0.06596481131799292,-0.10195799451198642,-0.007355092072451441,0.028838656624232684
2016-02-18,0.002929212834895001,-0.020943173845243135,-0.00030115946621211975,-0.13353139262452257,-0.05746709828136254,-0.006641946668040077
2016-02-19,-0.03910372292183206,-0.03226086221822144,-0.04749582146957687,-0.041210268646662884,-0.1604107492435607,-0.007927402154035867
2016-02-22,0.05841555579046842,0.016260520871780426,0.05917434917133502,0.17880946349051097,0.014656737442514167,0.021277992617112496
2016-02-23,0.014871338773595255,-0.005390848634876488,-0.05162239383340239,0.034577912878334116,0.06434419502660882,-0.020600868113191062
2016-02-24,-0.04792684347067455,0.0,-0.012618463959211734,0.48379695137807144,-0.0882212629962984,0.024626571843206158
2016-02-25,0.03401137540870014,-0.0385722747862397,0.0413551856819141,-0.004037147186971235,0.051414834880291416,0.01978104440709405
2016-02-26,0.007930255675977715,0.0,0.08548721879181187,-0.01302950029033384,0.21162014530430762,-0.0006477033745087013
2016-02-29,0.033859423352803564,-0.09418721505970101,0.004464293128685792,0.022691411202070744,-0.2313238263600086,0.009832181289048059
2016-03-01,0.04916825250118606,-0.03135052988407605,-0.005303571398680429,-0.07657649969705027,-0.018508328312993427,-0.0012304401712883717
2016-03-02,0.0052204294893583025,0.018928009885518904,0.01802850105465792,0.0077553167674782875,0.18127275686089295,0.015404532811984062
2016-03-03,-0.00028930999767817767,-0.00626961301359541,-0.017468903949959813,0.03624501249495923,0.11336766344279603,0.004942695939118558
2016-03-04,0.03831886430213638,-0.06495789627477244,0.05071970334222842,0.07800293134161618,-0.10873596491613924,0.0035081325085233317
2016-03-07,0.05393530385038936,0.045909701304077954,0.03680436271272036,0.04198517687308134,-0.11051733310749468,0.008224501099586945
2016-03-08,-0.032992130005146336,0.025317807984289897,0.0035814824673443546,-0.007369230106548275,-0.13179660738075016,-0.018152356771495626
2016-03-09,0.025576841789649585,0.006230549750636083,0.02770260254933543,0.08707301217101082,0.0033583845297444626,0.016180481294720828
2016-03-10,0.0039793128514813425,0.06609011182899,-0.04132924353345535,0.020799139585918613,0.017037045971226128,-0.0032777532532577425
2016-03-11,0.019402811102452233,0.01156082240107592,0.01999041452872241,0.022325287047835984,-0.012020504200644044,0.017972905421893337
2016-03-14,-0.0346091865477165,-0.035091319811270116,-0.03485572933890868,0.0032414939241708907,0.13842198071031708,-0.0006656255845971515
2016-03-15,-0.023940207546008452,0.07453305186256687,-0.015089631120182911,0.04801933240383033,0.08456496620899223,-0.0036431782092209986
2016-03-16,0.05646985084365985,-0.022347298691996587,0.023462259831733334,-0.013039613507803416,-0.08456496620899223,0.007936346410131634
2016-03-17,0.04428204379443823,0.03878602503515649,0.02343354299081435,-0.0382212128201978,-0.06488047007352726,0.013726251926572175
2016-03-18,-0.017579558696434905,0.0,-0.000763844722053264,0.0250093188479672,-0.003882080196333959,0.0027127515882447994
2016-03-21,0.01108602938588632,-0.027549951768230607,0.01642073021232715,0.031174594346403073,0.3761705198538987,-0.000953647774736055
2016-03-22,0.03786096252066162,0.0,0.015662221963211653,0.03261158558876093,-0.2980107893246968,-0.009079965530918166
2016-03-23,-0.07956031499655047,0.0,-0.042838497600729664,-0.01315808457751122,-0.1337406692699954,-0.03333556138721949
2016-03-24,-0.003663966412480235,-0.005602255548669888,-0.01321776403066055,0.03606657537438118,-0.008257462708898267,0.005954885963024736
2016-03-30,0.0,0.05495888428075757,0.0,-0.015294415778151604,-0.06243194712248279,0.00010278548678055444
2016-03-31,0.0008124577291868107,0.05715841383994846,0.0,-0.025211419346496067,-0.07405952965879914,0.0009759355629883615
2016-04-01,-0.043713737001651154,-0.05182506786458607,-0.009020151359383721,-0.036525261004678955,0.0554315062994184,0.004558850256954017
2016-04-04,-0.030435883597548674,0.04167269640056803,-0.010211210568503937,-0.01845423036079502,0.16239609363301977,-0.009964129691153012
2016-04-05,0.0063935120433331605,0.0,-0.004726826540362605,-0.0392977874143699,0.1341565444869488,-0.0007229164829958279
2016-04-06,0.08918167372517694,-0.02584123118388737,0.05133509953377002,-0.06271431204901828,-0.14172542500282592,0.019236281492998053
2016-04-07,-0.01172721329063453,0.02584123118388737,-0.01655136556059711,-0.004991097705128955,-0.1334172945413883,-0.01887475792547111
2016-04-08,0.06336491047390114,0.015190165493975227,0.09150999135111926,0.04882420150839617,0.12548444000966708,0.0022179248292504283
2016-04-11,0.01795559461592866,-0.04628075256400632,0.02114551991497926,0.09351390195133152,0.05743935733613981,-0.0010309810697224364
2016-04-12,0.04020885552617548,0.03617965657750244,0.03404584140971734,0.019036497490916293,0.03300044625623322,0.0045797285901398865
2016-04-13,-0.01002155846101882,0.020101179321087126,-0.0048934036827295024,-0.008552281815317198,-0.057892179149532375,0.022589219687678685
2016-04-14,-0.0060132472234522005,-0.040614719154190126,0.0048934036827295024,-0.016079505374348102,-0.02127740572605319,-0.0018588766688045766
2016-04-15,-0.02565809661419971,-0.12102663240222566,-0.04031847958814616,-0.038771936063299095,-0.05734444829629304,-0.0037786275656923607
2016-04-18,-0.01647154784343341,0.028820438535491988,0.0077145994953302655,-0.019634138574804894,0.14237359592737509,0.010144723403298528
2016-04-19,0.02828270877177852,0.09737416402517629,0.032603880092815896,0.005273578470936902,0.17537540413141084,-0.005159944319382603
2016-04-20,0.044026248756490194,0.0,0.0016258277881626704,-0.019250511495586597,-0.19305807147613763,0.013073386138374055
2016-04-21,0.010710230434721968,0.010256500167189042,0.009010110625261802,0.006680051560373879,-0.009674494190734961,0.0036123452696452674
2016-04-22,-0.009774338929816828,-0.020619287202735648,0.011206520939710085,0.008617885619389365,0.18577972477886728,0.0072348175896896905
2016-04-25,-0.025821640722482275,0.025708356710206992,-0.023005385405815204,0.048947310394317434,0.1282004455578134,-0.016564447069904453
2016-04-26,0.0201931080393849,0.0,0.022322869169560722,-0.006937902316774325,-0.2529752966390548,0.019111220902123804
2016-04-27,0.06311170409437539,-0.04676176590803938,0.005220758651971025,0.02005079704556112,-0.24541149201305412,0.006727466507866708
2016-04-28,0.016207100261027563,0.0,0.03186189091190528,0.006800644448017534,-0.08686145138181933,-0.02608800801264355
2016-04-29,-0.001086838494114506,0.005305052229693241,0.0008768084735342185,0.03273019430861773,0.03717296401915471,-0.021626551754071244
2016-05-02,-0.027115074614171064,0.010526412986987421,0.003936152031474904,-0.02965421526072337,0.10225860196064929,0.0009677830883969563
2016-05-03,-0.02488816243525349,0.015584731016698328,-0.06142972539760283,-0.043949320131791925,0.020661793748278257,-0.027249079891594974
2016-05-04,0.002745368917192792,0.04534781997845916,-0.0002320993395592552,-0.009674374067532854,-0.10288960322503193,-0.01901398784655406
2016-05-05,0.012712997554158445,0.009804000096620857,0.029955366557756324,-0.045748779613878854,0.013017994606828509,-0.013366097159313917
2016-05-06,0.005623679200760456,-0.09726330542520678,0.004719640180074425,-0.008858660998582402,-0.02334101442867098,0.0033987031340165785
2016-05-09,-0.025674476246321465,0.07755823434587428,-0.049878199811784985,-0.05486608008594129,0.04375531897137197,-0.008437043017140766
2016-05-10,0.0279151224895986,0.0,0.036561221608766736,0.033419391589194714,-0.10346696446874715,-0.004354459308117953
2016-05-11,0.03367025068117524,0.0,0.0459621355646358,0.04445176257083394,0.0543300697441258,-0.00021822149568251348
2016-05-12,0.009262317160061873,0.0,0.007566785644194329,-0.011436384316639792,0.08281368641865683,-0.01606018459235692
2016-05-13,-0.009045937196002551,-0.02519024882855847,0.01326506399955818,0.01009769603104338,-0.11646928374123533,-0.0004436557304359212
2016-05-16,0.03193799238348083,-0.02584123118388737,0.03014672508587246,0.013967636458203647,-0.017262012919908365,0.011471557522793496
2016-05-17,0.011873902655735069,0.030930300691358714,0.004526756701190404,0.015077309541201678,0.021346141023028675,-0.011527028331294709
2016-05-18,-0.0035266087789724843,-0.030930300691358714,0.0045063574825809916,-0.0013020835172983247,0.03602589568871606,0.00773612743670693
2016-05-19,0.0008309098940877391,-0.04278727520520886,-0.04003036026499318,-0.01575869774855798,-0.08111960785846062,-0.002480091656738459
2016-05-20,-0.010226531783831483,-0.010989121575595173,0.03202785526241625,0.02225222705910629,-0.005831046275770468,0.024205281177871463
2016-05-23,0.009395621889743744,0.0796176279646914,-0.01599037289658467,0.0070945154064911975,0.08229330402419244,0.009328325832535178
2016-05-24,-0.0016638938946949011,-0.02584123118388737,0.01351512410804201,0.04030772348809286,0.06667427376251567,0.019603808696568414
2016-05-25,0.02182503758869192,-0.07612369547280062,0.00925075977215073,-0.02310436834541768,0.2174485101642345,0.004854505161850042
2016-05-26,-0.0020387366898484416,0.0,0.013212917094277188,-0.04456662588361804,0.05955369465183047,-0.00015622965791450838
2016-05-27,0.0073200814865059805,0.0,-0.00872128030637942,0.07749908316529819,0.03355975383290044,0.0010410703142147426
2016-06-01,-0.0006111846986627256,0.05951412753240759,-0.009177182793335792,0.0250093188479672,-0.22090930397298525,-0.0010882239705871655
2016-06-02,0.0014255169912207322,0.021978906718775115,0.004904976112316106,0.01882113273674113,-0.0198237944629982,0.0007256142124107967
2016-06-03,-0.009199696898423593,0.004338401598598329,-0.01127638806793474,-0.00811236898262907,-0.06627899415805683,-0.006810350982517477
2016-06-06,0.020732449911971873,0.004319661144516318,0.00903126007108801,0.04532312740104666,0.11363012909070758,0.014603335483986513
2016-06-07,0.01318963965097808,0.0,0.01661639041639873,-0.027315810646962924,-0.05457235715819486,0.010076553893519247
2016-06-08,0.016929538193551696,0.017094433359300165,0.01930600314767439,0.04864363328778648,-0.18460945013112795,0.0034040424080723497
2016-06-09,-0.013956000468820395,-0.008510689667908689,-0.0027635232747535987,-0.005878911699776057,-0.04972006441447885,-0.00922276033609748
2016-06-10,-0.02871394941232941,0.05001042057466143,-0.01774899520126194,-0.06202595700168789,0.12664390410105764,-0.030351027922360885
2016-06-13,-0.0040824714794069905,0.03593200922606332,-0.006864553505450566,-0.01899993824490398,0.20260886042038528,-0.007999830748769199
2016-06-14,-0.00821528547329331,0.0,-0.03044249890736017,-0.010929070532190333,-0.20753366279686247,-0.0023431686085633174
2016-06-15,-0.011824637310066777,0.02708095860267079,-0.00859994812654552,-0.013012545354433691,0.17609419935273607,0.0024495459290188037
2016-06-16,-0.03785270106158656,0.0,-0.03887529146157753,-0.009210591430276527,-0.14450790946164993,-0.002769494739939482
2016-06-17,0.03952075816228362,-0.011516442061559218,0.019733915892636844,0.08728673013177218,-0.0504528898565777,-0.005025942248337856
2016-06-20,0.028749413285985792,0.05630004468853256,0.044311711125040176,0.034527239195462855,0.4025258366328943,0.01695451311361218
2016-06-21,-0.009151055217357484,0.018083675433295365,-0.01032427093260102,0.0316755534511457,0.001920676393358356,-0.0023215332539212596
2016-06-22,0.004280915721314393,0.010695289116747997,0.00517545922841256,-0.04760039603384325,-0.26262480024072055,-0.011956462015413116
2016-06-23,0.0036548264033768874,-0.04719569133627455,0.004121168000556619,0.06055467462653463,-0.041061213045720635,0.015278811808401294
2016-06-24,-0.054990946426359155,0.007407441277861859,-0.04071061543284893,-0.04054223511152044,-0.010780423545986295,-0.04611395479538505
2016-06-27,-0.019460073554712576,0.02909296094166469,-0.03531317228028863,-0.056952758312231455,0.23460858348832314,-0.03580830409590696
2016-06-28,0.04545752205140108,0.035214906291066495,0.026709118340622506,0.04168528618144307,-0.14572603046053612,0.03249484844674999
2016-06-29,0.03927688323630729,0.017153079226249535,0.04457385867940644,0.0011827322490494119,-0.12875147843536272,0.023615397209187705
2016-06-30,-0.032208246735445645,0.0,-0.007257678306284543,-0.057784391951156144,0.1254402225742286,0.02037449158930915
2016-07-01,0.015418128427564959,-0.017153079226249535,-0.00835950531609031,0.006864301523899274,-0.0412424545386596,0.003118313353719593
2016-07-06,0.013602760223325294,0.0,0.0013137729062844272,0.007915608612661107,0.23436417967362733,0.008239306147601155
2016-07-07,-0.046449650085836236,-0.014285957247476722,0.005020200437543032,-0.07148329873095066,0.16471463848241275,-0.0031486004078384866
2016-07-08,0.003311626826048464,0.007168489478612594,-0.030955379004091288,0.003522370672505659,-0.012852405155311608,0.02366349257968281
2016-07-11,-0.014206676231115711,0.0281708769666964,-0.011064807479131744,0.004210532536343514,-0.3865192418191272,0.013635278780214755
2016-07-12,0.04566604461800816,0.0,0.05907402666549233,0.04585134292525722,0.1661140532813432,0.006364871092260138
2016-07-13,-0.04254104207487286,-0.024605810802200034,-0.04487020315594403,0.0,-0.07733239818824966,-0.008323533643080694
2016-07-14,0.0170151050059828,-0.007142887512380236,0.02955662880334975,-0.004021453140777842,0.2581587226655415,0.008988478298153524
2016-07-15,0.006333973343827459,-0.03278982282299081,0.0052026997910568085,-0.00471222682797684,-0.14309718275793415,-0.00040914438252936947
2016-07-18,-0.015357914847950571,0.0470249386448629,-0.019651287397288275,-0.03153105624786273,0.11240349275629669,0.01033061781489586
2016-07-19,-0.01313026541669604,0.0,0.007688121339013421,-0.015438903151651473,-0.23176225268176154,-0.004465199219199967
2016-07-20,0.007142887512380014,-0.025046031926087897,0.002622379125190477,-0.009236300119510987,-0.0465536206096866,0.012733875956257634
2016-07-21,-0.02249307605001505,0.0,-0.018280434172268656,-0.05200732512120748,0.2223384607853056,-0.006902659980664083
2016-07-22,-0.012590300223918494,0.014388737452099676,-0.016810885639001683,0.01344307025645286,0.25876258380994077,0.002070760102570013
2016-07-25,-0.02354146707358984,0.0,-0.010909199100353817,-0.018720127357296723,0.018821684719245724,0.0044301320944653
2016-07-26,-0.005676458004805429,0.014184634991956546,-0.004580860048965629,0.004524894598289642,-0.19215616500509647,0.03076557003453484
2016-07-27,-0.006186077305014859,0.0,-0.01806859441050035,-0.07173768632075733,-0.11731411779157241,-0.005372418294323111
2016-07-28,-0.018548044685759102,-0.017762456339840416,-0.02150112362320744,-0.04717465493277759,-0.08535533049692123,-0.005401437144225696
2016-07-29,0.00991903620563317,0.06252035698133396,-0.026868371676528113,-0.008510689667908633,-0.14890257866008572,0.000639874015876174
2016-08-01,-0.036528144933597684,0.0,-0.014580759983333191,-0.0025673955052457342,0.08955129538881934,-0.0003444966691708018
2016-08-02,-0.01382800160729225,-0.06252035698133396,-0.004240994257254549,0.009381731924975961,0.03076899193452043,-0.012980117837265048
2016-08-03,0.032381409503039915,0.035214906291066495,0.011187189390564622,0.0456321389528124,-0.066135767124341,0.008787446393543341
2016-08-04,0.02708095860267079,0.0,0.021521985019139933,0.03349595442818207,-0.0022350141595772754,-0.009435906323985499
2016-08-05,-0.0021492545586796474,-0.003466207976486224,0.02720931580153918,0.011696039763191363,-0.05697022403602592,0.011164429854834346
2016-08-08,0.02898070648210993,-0.010471299867295336,0.017968048445827556,-0.024324463311370725,-0.014313685028855438,0.00098638792767769
2016-08-09,-0.006523788281957543,0.0,0.0030019650762671546,-0.007974523918769322,0.04464149572884413,-0.0020725396019720677
2016-08-10,-0.0243712523573949,-0.03208831455150074,-0.027584731711027377,-0.023492372398275535,0.15532633767042636,-0.02222702197726978
2016-08-11,0.041291345435724214,-0.021978906718775004,0.04722006574398785,0.053463069868824376,0.21275499084778726,0.004334247285092019
2016-08-12,0.021824007790016253,0.0,0.01992231530956845,0.016185324421017444,0.14999758947300013,0.0014573233062389335
2016-08-15,0.02772103440400464,0.01834913866819643,0.04739608245325311,0.020432038817205844,-0.1725156050923804,0.0071053588901
2016-08-16,0.01842071806767631,0.0,0.020088560029345004,0.07083885699382197,-0.07711464966549464,-0.01183683195415064
2016-08-17,0.005140298317693137,0.0036297680505785745,0.006401673901624605,0.06680392247236477,-0.18605288913120965,-0.009479704985229986
2016-08-18,0.02926216574457552,-0.0036297680505785745,0.017952338519243938,-0.015126891532687814,-0.012510706647221426,0.010034545987080534
2016-08-19,0.005792320704504306,-0.0295224392663217,-0.0014162875407368603,-0.018054652911816627,0.01356825811753648,0.002467831324735492
2016-08-22,-0.03526813883745783,0.0295224392663217,-0.026465797440817784,0.017391742711869218,-0.19068201948940366,-0.003931258528105275
2016-08-23,0.015688259008446614,0.0,0.012396852976828576,0.016442330303912678,-0.054535487815326356,0.00604170602265075
2016-08-24,-0.026645506888868464,0.025135973271542378,-0.02368695826596312,-0.009174376276041285,0.13675164217618452,-0.009735014210141557
2016-08-25,0.014583144995724329,0.024519617174318498,0.03491729579551661,-0.016595136903010177,0.1531669960822759,0.00035474471422336507
2016-08-26,0.014163644448195623,0.0068965790590604925,0.008290412461922969,0.034860484880303466,0.1924977869070421,0.0005065599622025019
2016-08-29,-0.014163644448195623,0.02040887163120697,0.0,-0.017607236732744003,0.09933880367475023,-0.0004558924172872736
2016-08-30,-0.01393526677416368,-0.006756782462879807,-0.03524955107378247,0.010471299867295392,-0.32367264375340277,-0.00010133765715991672
2016-08-31,-0.036047859063740084,0.0,0.0,-0.016409951434878,-0.07023552463969818,-0.006711093366523535
2016-09-01,-0.03438016463361393,0.0,-0.062177244951891364,-0.04120812685811942,-0.18044630353843072,0.0002550304775246204
2016-09-02,0.027868409278557937,-0.02401487620387388,0.019998468926208268,0.004815970780584822,-0.08276254534399463,0.005847821195554381
2016-09-07,0.01372917933211415,-0.03894297394860735,0.01695137682788328,-0.01836075637590684,0.22769808057568852,-0.0002524551274420972
2016-09-08,0.04641004697584972,0.03894297394860735,0.04635559206005091,0.043756980357100184,0.07512747674041087,-0.0007072136079768754
2016-09-09,-0.03743352255159893,0.017212128881121558,-0.017623406935217467,-0.027280054993566893,-0.17585182005736844,-0.03204052893424869
2016-09-12,0.00868061006430576,0.03685509238915419,-0.011435824804713057,0.02298951822469869,-0.2260492881208549,0.012290454706573861
2016-09-13,-0.030049415225829268,0.0,-0.028421849486523154,-0.005543592884850401,0.01932196048401469,-0.01977994947889794
2016-09-14,-0.029144726326163717,0.009820046180975428,-0.01801850550267803,-0.12203852584946329,0.2666905216801867,-0.009030241175418396
2016-09-15,0.005258958044709328,-0.029754261081792688,0.003935291480055003,0.05498500616922225,-0.318080917274723,0.013384118014087676
2016-09-16,-0.01864480296466331,-0.0033613477027047978,-0.012515258315641375,-0.01799448753723898,-0.03435617170278071,-0.00010469011734848266
2016-09-19,0.00694608025468435,0.010050335853501569,0.017086943648290553,0.007370217617009678,0.2144354790790972,0.010933053508947133
2016-09-20,0.01169872270997896,0.03922071315328135,-0.017528932605761938,-0.035329761358454836,0.16417017582673754,-0.006389134270853525
2016-09-21,0.033194346134565844,0.0221879149753621,0.016442330303912733,0.02997499622079486,0.025706028868775377,0.013046364379269093
2016-09-22,0.016843885049844687,-0.0031397200046676677,0.02618175300636283,0.02910258298769669,-0.15653748961041103,0.016932269076063378
2016-09-23,-0.038474787520436315,-0.03846628082779624,-0.010647460044178825,-0.010485023971626262,-0.025697060344572975,-0.006595995297942636
2016-09-26,0.027569554038174182,0.0,-0.0021431641293672143,0.03813062900746311,-0.19724629318619247,-0.009822055635458682
2016-09-27,-0.021053409197832718,0.009756174945364737,-0.03626434946701984,-0.019853357815671102,-0.0816001615685309,0.011805426489310378
2016-09-28,0.05278154809054314,-0.006493529310548363,0.011941760664283319,0.04118415402960712,-0.027303021667142602,0.007390193585818494
2016-09-29,0.013714741816664322,-0.029754261081792688,0.0626269348332249,0.07989945145955324,0.014566630812534953,-0.009424471864528883
2016-09-30,0.0,-0.04811924834419834,-0.0039309039962076575,0.00742224360859467,-0.034097947122045724,0.012244637907514289
2016-10-03,0.022379715629386343,0.0,0.007640718638433963,-0.01029168603654762,0.09157406078620145,-0.0019128164495318956
2016-10-04,-0.0026674890137385887,-0.003527340517968325,0.0041059388416919695,0.016529301951210496,0.11202660544707665,-0.01150340807290462
2016-10-05,0.021947639759238857,0.0,0.015450602133426639,-0.04332181894778553,-0.012563343247821379,0.01074734059567195
2016-10-06,0.013774047492116637,0.07158080376298392,0.011433280697664472,-0.10378756999336725,0.03234217630006153,0.00010084203104376854
2016-10-07,-0.013573062665794389,-0.006600684031351944,0.0069562041406769914,-0.015841915465657996,-0.07042366835296487,-0.017598745236446334
2016-10-10,0.0,0.05162436540530724,0.020582908353394824,0.0,-0.027816722562096885,0.006852494213712035
2016-10-11,0.019108861698046375,-0.0031496089028963947,-0.020780986991261408,0.005308572519765076,0.03363668955136401,-0.018984492993999957
2016-10-12,-0.011501217398823371,0.0,-0.018998671632811437,0.06903699140489566,0.08613105474785598,-0.003381809107381173
2016-10-13,0.0065600076220238,-0.003159560290368457,-0.004857325882859698,-0.01368180546262271,0.02419696391750037,-0.004963307908489867
2016-10-14,-0.0023804811875995924,0.006309169193264852,-0.008557509435223043,0.04708910283440815,-0.08341875659026599,0.0006806461164892141
2016-10-17,-0.0075757938084577425,0.00938974034983886,0.00896318895397119,-0.00119545740477367,0.16999162099599197,-0.005089870623800508
2016-10-18,0.006582251749579715,0.012384059199721742,0.01008886684915744,0.0017926506145199417,0.15203397533886154,0.011715002449213863
2016-10-19,0.025322778150865144,-0.021773799549560602,0.040139167590344194,-0.045809536031294174,-0.17664195214391665,0.004875528330100742
2016-10-20,-0.02512399075333116,-0.019048194970694432,-0.027967012915762535,-0.018928009885518904,-0.15218558682882222,0.0011893374724598615
2016-10-21,0.0059453207227591065,-0.06624938554120074,-0.0027805380377268207,0.04178967902878111,-0.10011348102053041,-5.1680921998809026e-05
2016-10-24,-0.008532644287710056,-0.049132688577644856,-0.009592399691439546,-0.08274437874463952,0.019916287981067704,0.006234080830315847
2016-10-25,-0.014654482869555174,-0.032909734088797826,-0.01456336418789661,0.007272759329079892,0.0858686853778865,-0.008510689667907911
2016-10-26,-0.014256860624865197,0.0,-0.0020395683186889,-0.0006589786070430592,-0.023749795932525686,-0.0010365380560086734
2016-10-27,0.019500922662725184,0.011090686694158247,0.0030577946565353287,0.11975867014817332,-0.017231932495699098,-0.0059288711222791335
2016-10-28,-0.020116496704939646,0.0,-0.027862704282893613,0.09104805294738294,-0.1230416205524385,-0.006594120607345211
2016-10-31,-0.03956560020619104,0.04668711397265324,-0.033627343809970345,-0.17074968818844638,0.022727146938224863,0.002936089772431316
2016-11-01,-0.0036367566021664466,-0.11909969154113043,-0.009350943422142599,0.03729456448818763,0.12101517346002044,-0.011531602392673257
2016-11-02,-0.029138830433478535,0.0,-0.03354752004264716,0.05229949940284889,-0.03793489238654235,-0.0116661331093324
2016-11-03,-0.01467018974779366,-0.04859255523686512,-0.009534691983143162,-0.0052249756024779215,0.0029926731758269653,0.0056636184731200245
2016-11-04,-0.013298967558116104,-0.09116938713829337,-0.017952150703543168,-0.040991779984601795,-0.15203053076082895,0.0012778874003513963
2016-11-07,0.018212982360545027,0.07443259478276953,-0.0053557003089377275,-0.01158902875879092,0.10929585983703483,0.016256229628534236
2016-11-08,0.0017809443709948525,-0.012739025777429802,0.014832253373421533,-0.03941705144478719,-0.09822587953629913,0.002718671617525814
2016-11-09,0.005323881252750073,-0.05264373348542184,0.009387590406328528,-0.03837869378811937,0.02982568923693485,-0.008178289357611668
2016-11-10,-0.012914897833799177,-0.06513930217096153,-0.00479726790955981,-0.015369497331101378,-0.03154732105033009,-0.0022133229946144084
2016-11-11,-0.027953189194127148,0.0,-0.04832084450261975,-0.11854089851948546,-0.05927342678102754,0.02284442724580593
2016-11-14,-0.002307338356370092,0.08299691957096778,0.0052732624592573,-0.014509609267686463,0.13427552720584934,0.009085605193880575
2016-11-15,0.057671615975869006,0.09691789719242194,0.0539791415958617,0.042912116385241006,-0.04012107326773062,0.008446597819070867
2016-11-16,-0.006563138850776973,0.0,0.02062390965258798,-0.12713019546925802,-0.0073488707906932405,-0.0006082108651757068
2016-11-17,-0.004179044903108942,-0.04939275532957654,-0.01115584974409245,0.20234293665451325,-0.0551345943017596,-0.00045640103228894446
2016-11-18,0.007028361899307889,0.09262148988039653,-0.0035963176544537845,-0.1430482660229531,-0.05535079786352837,-0.0032006530231889485
2016-11-21,0.038429114166286915,0.07767303831821815,0.034306783676544494,0.04773808621862827,0.34890156898168145,0.004822466768771072
2016-11-22,0.01234971216440206,-0.028882874148786097,0.00304149702204759,0.005997019472374299,-0.13589598360754263,0.015526779780819844
2016-11-23,-0.028485943385897716,0.010929070532190055,0.009499207871543014,0.010409015914735642,-0.1314317910357321,0.012240297524111377
2016-11-28,-0.022949697418322312,0.06995858860691051,0.006884708777497028,-0.008169373321230966,0.24805457741076875,-0.00667290636605955
2016-11-29,-0.008136383533526637,0.020067563050809367,-0.04293256784123711,-0.04187897848411376,-0.01445449384334907,-0.012832440069884044
2016-11-30,0.0870665752895361,0.0947079515416187,0.07063282712844732,0.07271842686719349,0.029376619680757443,-0.004948896601036701
2016-12-01,0.03324019830667968,0.0,0.08645508742657393,0.045237394966725686,0.045407820715624325,-0.02450220225552524
2016-12-02,0.012064750350045284,0.03550668845690996,0.0013380485605245518,0.041954732136364914,0.060841052412019536,0.002103373867689662
2016-12-05,0.00038677238927320445,0.0,0.017984393855253078,-0.019405092009688096,0.08135853445160368,0.01994028371101031
2016-12-06,-0.014999794234923147,0.0862843685970125,-0.01874877378927886,-0.014290818235375036,0.0566876528411866,0.00406086838853259
2016-12-07,-0.021826263260886325,0.013245226750020489,-0.007868767210676975,-0.011720230677891352,0.006308647553205482,0.022020237077779115
2016-12-08,0.019664949913405838,-0.0320883145515003,-0.00579711768432567,-0.05195049255644546,0.0243327643075677,0.0031274458641945557
2016-12-09,0.013092517256240388,0.018843087801479808,0.01136923316780436,-0.016943315083775723,0.03022702319102777,0.0032635991850034074
2016-12-12,0.02359821734764722,-0.040821994520255256,0.03390793857487395,0.027117821460085068,-0.11226785637285364,-0.010215891569641755
2016-12-13,0.00472903557952975,0.013793322132335861,-0.013237817998061896,0.0014450869566806634,0.03276863706851518,0.00778137873026008
2016-12-14,-0.0380815245698356,-0.027779564107075716,-0.0024429214441767932,-0.007246408520767245,0.15659451975526384,-0.011127838546196145
2016-12-15,-0.0021587683783579337,0.002812941376614697,-0.027273550884300057,0.04896330935209986,0.45295039759081135,0.011322817830264675
2016-12-16,0.020033734299750527,-0.014144507386164795,0.045913419543342826,0.047998398490697924,-0.19340073721704343,0.0004872819509733617
2016-12-19,0.003843940923787148,0.011331566009550098,-0.011515729041709832,-0.0006602839460753129,-0.1618010428708434,0.010467747628966961
2016-12-20,0.0017249644909682615,-0.04611768209496536,0.019058769129916886,-0.024065332489247027,-0.14141573955892817,0.0009637161638273994
2016-12-21,-0.015049483341619041,0.03193304710300904,-0.028820438535491988,0.00472494972865295,-0.23325133707041612,-0.00895001257421768
2016-12-22,0.010442949283980152,0.0,0.019243938092283308,0.0,-0.08040688442654709,-0.0028225236510497353
2016-12-23,0.0005769785716371878,0.02817087696669618,-0.002037603742862437,0.07333807508941997,-0.0781645356565388,0.00646056700294384
2016-12-29,-0.0038957474370611145,0.002699056969164948,0.0003639010229381512,0.025788535570785087,0.09398078980165181,-0.0017038681920782395
2016-12-30,-0.0009298001599664651,0.0,-0.00018193395847454497,0.025140172314580322,-0.004280659383930185,-0.009398933495061712
2017-01-04,0.017042639344087007,0.0029282597790885045,-0.008757581970548767,0.002959457620200223,0.19163014016802649,0.01956500341930134
2017-01-05,0.00953011043580032,0.0,0.007667069321582343,-0.0011827322490494119,0.11518386682686188,-0.008675076571415197
2017-01-06,0.003897916768271781,-0.011764841579586571,0.01641302964133029,0.014684551682921154,0.15894276924896378,0.0016833806250229344
2017-01-09,-0.0383318900446219,-0.07365290957476534,-0.027384066726183764,0.023055776299925834,0.1176591802199205,-0.01048293457687155
2017-01-10,-0.021991739653218545,0.022048137221762465,-0.022121917087270848,-0.02890374618234892,-0.23648761679853703,0.010386817698673667
2017-01-11,0.026600927763303694,0.018519047767237673,0.0076772214918476855,-0.026747508367028328,-0.2671210603260361,0.0031669892113246334
2017-01-12,0.015589669344393098,0.027150989065950704,0.01664855323674308,-0.0024125464053839085,-0.12701809618822546,-0.007260519934209064
2017-01-13,-0.01233763395801546,0.0,-0.00257163991836018,-0.04888074798216663,0.15616718752032321,0.010990440096314558
2017-01-18,-0.02568452477302685,-0.03318554898565429,-0.01678232103416244,-0.02634267325542089,0.03926295787884371,0.0024077831145099537
2017-01-19,0.005267790934858851,-0.0030721990369699803,-0.011033305006713068,-0.007843177461025863,0.006753597955254875,-0.004144983763720411
2017-01-20,0.01812621937997827,-0.006172859107081097,0.03437780781021438,-0.005263170044274623,-0.005214681200850002,0.009086819417785996
2017-01-23,0.008373027033460101,-0.021910109635744357,-0.004369999671117952,0.003949972219314146,0.08147350762256256,-0.00349994364225914
2017-01-24,-0.007418008338010651,0.0,-0.0018264845260347329,-0.011897033911845989,-0.15120049449512507,0.008941224787382573
2017-01-25,-0.004592430574210216,0.031155167779795434,-0.0066031054297335245,-0.024908726366803358,-0.05838698649322094,0.011735890897072387
2017-01-26,0.020877585021555234,0.05374427600669085,0.028124869283405296,0.0773649081683992,-0.000699362119999769,-0.0050465854068999505
2017-01-27,-0.0011276077120374595,-0.03852328199633548,-0.01969527932763704,-0.0069642573340323866,0.098527495905536,-0.006784511850028707
2017-01-30,-0.010396086449186104,-0.02756682983265457,-0.0005475951583395755,0.015758283856605604,0.1933848532567879,-0.011250328106612528
2017-01-31,0.002277472990488416,-0.07076907088820716,0.008725741602232162,0.013047715392475623,-0.23414584950434936,0.0030284844682855194
2017-02-01,0.02156670555877538,0.04879016416943194,0.009726301459574316,0.05989814158106893,-0.0955501063176536,0.0048361319088501276
2017-02-02,-0.006514681021193347,-0.006369448285479917,0.0026850459163769713,-0.012284448135566728,0.10245997042910382,-0.00526821141820033
2017-02-03,0.004843526607570592,0.0,-0.00035758984825928763,0.022695184153405323,0.07514784094926608,0.012028210502003311
2017-02-06,-0.014978748501613737,-0.06944938827187142,-0.01622534242912632,-0.030969463038875267,-0.14508505966966023,-0.001757010685400573
2017-02-07,-0.015589669344393098,0.03697900324108727,-0.02260917921127703,-0.016153507091221875,-0.0847176071799054,-0.0019029501460865461
2017-02-08,0.0034430026360747767,0.006578971098042619,0.011644157069949035,0.04135261366876075,0.031642434844382894,0.0035176154539131588
2017-02-09,0.011769308213274154,0.019481135571822517,-0.008118125765241846,0.01948485713212389,0.3124410362682477,0.0034107091329991235
2017-02-10,0.01591346883180167,0.0,0.02234934569319158,0.017440667109007935,0.005142299124282879,0.008523113305121122
2017-02-13,-0.01647977370771958,-0.05962030316216671,-0.019204979836050295,-0.016306237038396176,-0.2547101674371186,0.014014895904302271
2017-02-14,0.0047094369795250834,-0.027683428748416894,0.014847674467094674,-0.0068259650703998975,0.053229358989054454,0.003968442289902008
2017-02-15,-0.0018811141739698556,0.03448617607116922,-0.007121366715953759,-0.0017137964777346193,-0.006293169073151361,0.010946590632125108
2017-02-16,0.005632759917371111,-0.02401487620387388,-0.0075416525941212065,-0.015557790030926055,0.08865500844462648,-0.00557282640872625
2017-02-17,0.0,-0.04618938246937465,0.005891033237237497,-0.011095004324987667,-0.12761400459755112,0.008574738969588935
2017-02-22,-0.007618730525023487,-0.015748356968139254,-0.02589141393274197,0.03598763276595973,-0.0746431760670756,-0.01187010924785703
2017-02-23,0.016098044001810585,0.04272494466634125,0.01661887959269137,0.1237200201891625,-0.06194844702443714,-0.004805957745078082
2017-02-24,-0.009034817611061285,0.0,-0.02045135074949478,-0.09894397808972522,0.005899797840263066,0.00882338703178398
2017-02-27,0.0009256688618024533,-0.07498580688456269,-0.0007316627361335648,0.045660105113759286,0.11822513317614503,0.004898335824856659
2017-02-28,-0.0007404665277235267,0.04016604172533478,-0.023887813015179393,-0.029112568131229533,-0.06962014707892239,-0.01841389373218938
2017-03-01,-0.0033389012655149486,0.0,0.0432777473042365,-0.01877470939535386,-0.04312971244797792,0.00469217087554874
2017-03-02,-0.022358845933072136,0.019493794681001098,-0.028396520307585327,-0.0005575690136087053,0.11205269015169428,-0.006977886156405155
2017-03-03,0.013212725246823265,-0.035367143837291226,-0.000738825301432211,0.01768979241145907,0.1630969700841174,-0.004909054888677211
2017-03-06,-0.0026286158582844443,0.06952606264861028,0.011208201853239341,0.003282278657918858,-0.09698368736139074,-0.00910168218092089
2017-03-07,-0.009634531879145758,0.0,-0.0021949889917642906,-0.009327913999428783,-0.12352206184380021,-0.0013003903002832828
2017-03-08,-0.05561866458176734,-0.03415891881131905,-0.024280684992263435,-0.017798022644327283,-0.03456548517703251,-0.003538178737669817
2017-03-09,-0.02191201484945715,0.08861883594370001,-0.05099710047710637,0.006153865574378137,0.05467343511480793,-0.0025215983475623815
2017-03-10,-0.014463062027554763,0.051646588862166665,-0.00039494471287460087,-0.049738745553508434,0.18547434414276154,0.0039663148985100705
2017-03-13,-0.0020833340868540162,0.01993421490081726,-0.010523277890998717,-0.008240187885455774,0.2723543093076719,0.006082150745648995
2017-03-14,-0.01491781000028558,-0.006600684031351944,-0.010030174359937138,0.0029507250680578245,0.1325840345228606,-0.0025490709698701153
2017-03-15,0.02301838394617528,0.0,0.020553452250935855,-0.0017693900222267578,0.12628486726430932,0.014374815595481039
2017-03-16,-0.0008278146168101408,-0.061452779213663655,-0.0013835361432157356,-0.025105921131076347,-0.2140798181059811,0.006610916091466024
2017-03-17,0.0008278146168101408,0.0035149421074445186,0.0003954914032169299,-0.014020345478878149,-0.301627605206118,0.0005905735549269764
2017-03-20,-0.011442962685269897,0.027683428748416894,0.0017777782459993396,0.00977405459742714,-0.056017898081186956,-0.005875805467876916
2017-03-21,-0.01624336947814342,0.05316866788067798,-0.010514926757671184,-0.006097579868118541,-0.020243721253089042,-0.028074294800648047
2017-03-22,0.005725813543860703,-0.022914259522875735,-0.011635035969205454,-0.029797362804944716,0.2005572301264973,0.004734124944748785
2017-03-23,-0.006151254945725881,-0.030254408357802243,0.012233181735219922,-0.021013189598816262,-0.034313423918965746,0.00037402403540376383
2017-03-24,0.0063626937878287215,0.01355952978563213,-0.003994413140048003,0.0915591497350956,-0.20467714044096486,0.00615128459951908
2017-03-27,-0.005937252385963543,-0.010152371464017929,0.002997304671753742,0.0023460421317522684,-0.019107729835107,0.0030615108799816326
2017-03-28,0.028099982634668397,0.003395589001138122,0.011900180101103164,0.004092376363284411,0.06232256803465486,0.009816878008257923
2017-03-29,0.02269339949302518,0.026757449169549252,0.012539349252735033,0.019070210976331547,-0.007341013851783096,0.00247354805244715
2017-03-30,0.01663865186607616,0.016366977464205457,0.017180231463215012,0.007981798362149517,0.0299794136741367,0.004837762162144266
2017-03-31,0.004760024854354672,0.016103407566578687,-0.0009573959563273782,0.022460236679749945,0.07167332980370134,0.0006827026185103335
2017-04-03,-0.005754555020863084,0.0,-0.0030698412442888845,-0.004451871570823274,-0.03026109931942056,-0.0026423705579459167
2017-04-04,0.01461898812787954,-0.022618088587772478,0.019787555819702263,0.004451871570823274,0.03545675058783271,-0.01220870681060049
2017-04-05,0.0029374347959763014,0.05096644359202762,0.0061977848876724195,-0.0033370442535768374,-0.06850992443115889,-0.011938914950174961
2017-04-06,0.01069736934490706,0.0031007776782481233,0.003924138456134152,0.023673001993253173,0.07482373755323035,0.010090058403180002
2017-04-07,0.010775551636972747,0.0,0.011496510824327011,0.0005439216886886644,0.062114759412141396,0.0010635101457872054
2017-04-10,0.015383457864673211,-0.02507968439702335,0.010089051918183767,0.00596369346804948,-0.02614982139100519,0.012126928588185315
2017-04-11,0.006012795266784554,-0.012779726646398926,-0.0010956903944974172,-0.0027063615977429567,0.010432853632941885,-0.002148228538289665
2017-04-12,-0.004882638808199946,-0.04606077337653458,0.0003653635407836475,-0.00925680446053223,-0.1022869337142982,-0.016562857002087483
2017-04-13,0.0013169035860478573,0.010050335853501569,0.0054644944720791955,0.02111039152762728,-0.028226762048221055,-0.0075648271098991415
2017-04-19,-0.03827567756790362,0.0,-0.0032371731592228947,-0.0512076253839715,-0.007696988071095312,0.0028255803128907075
2017-04-20,-0.004565764755378066,0.006410278360919008,-0.03434230201091237,-0.012065644794027164,0.13994556641403477,0.008566743622401951
2017-04-21,-0.012412571779039538,-0.022618088587772478,-0.014514620061011119,-0.0269494926895526,-0.047321673713584644,-0.005011389536744737
2017-04-24,-0.01501956385558012,0.0,-0.00965996644379663,0.012979533249352304,-0.060986481275085325,0.018449696765721946
2017-04-25,0.006522648482083504,-0.02314152856169427,-0.0016191057979497714,0.001171646296890816,-0.02271438192921771,0.007438330249958547
2017-04-26,0.0,0.02314152856169427,0.01248003315470747,-0.03091803940331017,-0.007070344706216147,-0.003599553942792433
2017-04-27,-0.005296406758839467,0.022618088587772478,-0.01065872333220863,-0.004842624475788038,0.12211141402706183,0.007007170565745291
2017-04-28,0.007123262031964117,0.02211780525361906,0.0,-0.00853143504946885,0.005446099978301255,-0.011977808906594056
2017-05-01,-0.009782022162465598,0.0,0.019025306001269282,-0.023530497410193973,-0.014222003718481702,0.0038431153890590153
2017-05-02,-0.024462247973358053,-0.02211780525361906,-0.02206266785850497,-0.006285375814960803,-0.18097201631928606,-0.00130952130880857
2017-05-03,0.002933782489856096,0.0031897953681001567,-0.009986835271220684,0.02859113332925889,-0.01731261476000423,-0.0057550855570633885
2017-05-04,-0.048005788884099676,-0.009600073729019165,-0.026778974338895978,-0.02859113332925889,0.023564392069993723,-0.005422784370352929
2017-05-05,0.01481831429416669,-0.0032206147000422014,-0.001684565569981089,0.025522705024244474,-0.03572797843840014,0.02455329374783055
2017-05-08,0.004962789342128904,-0.012987195526811268,-0.017861414671287434,0.012217622958602514,0.10142234278632589,0.001603778131434197
2017-05-09,-0.013434654935778667,-0.009852296443011666,0.009608272914567006,-0.0012150669781680334,0.05060962770714994,0.010846813595343896
2017-05-10,0.030930300691358603,0.0,0.02165087199035476,0.031121602034754114,-0.012931962513491158,0.00557667153198782
2017-05-11,0.01114744954016933,0.06391951771328741,0.022412781498475365,0.014043530977313035,0.04454889995087008,-0.0030699085595689013
2017-05-12,0.00041823505419325,0.0030911925696730513,-0.0020354169453358217,0.0029010754318338217,-0.04425312764570766,-0.009976245890062962
2017-05-15,0.021306008137389032,0.006153865574378026,0.044044181558466455,0.028557051908742137,-0.012198945050865717,0.01015192334670445
2017-05-16,-0.004512828171682859,0.0030627895305459507,-0.0015609759267181111,0.016196947214865864,0.10126809120874025,4.391454230834313e-05
2017-05-17,0.008190053970044353,0.0,0.010682824718185824,0.008825208960626663,0.2630177487840184,-0.03517130845606253
2017-05-18,0.006504087969176453,-0.043756980357100295,-0.000966463784514815,0.035072383465794776,0.2813227339358644,0.009191199560214969
2017-05-19,0.01926223279505246,-0.006410278360919008,0.020481144667047868,0.023579819235111765,-0.4018625557539739,0.008616100690790773
2017-05-22,0.009690573213455789,0.04095060361309533,0.01074164667258426,-0.016184117273982723,-0.24644386223233639,0.009472420903545498
2017-05-23,0.0060826244636387194,-0.006191970247921175,-0.003003568993535932,-0.020202707317519275,-0.0667109794424432,-0.003502785854712087
2017-05-24,-0.002546275002214937,0.0,0.0018782875544647304,-0.03219923463369523,-0.056768712688822554,0.011218703414884068
2017-05-25,-0.04862347870941086,-0.03797924806521635,-0.019708805463770407,-0.02584413501622007,0.003728571040193529,0.003157343440313376
2017-05-31,-0.027370989713899174,-0.016260520871780315,-0.024988806500815475,-0.007739120992955373,-0.12790423647470295,-0.0006548645755852789
2017-06-01,0.000621053741109101,0.0,0.020239143900662615,-0.03616213234294585,-0.023829399715591393,0.010513151263910281
2017-06-02,-0.013333530869465093,-0.06782259633876109,-0.03945085270615989,-0.011574203281136675,-0.007475258702284826,0.004484312447328165
2017-06-05,-0.00588979405606338,0.024264621999631197,-0.00434288760338486,-0.03313912712880718,0.08654340420067985,-0.0012053380710268513
2017-06-06,0.015283454613987058,0.0,-0.0029057720736322956,0.0018034269991507035,-0.11040735893772258,0.007509636853741064
2017-06-07,-0.04962159219487905,0.04683129968409894,-0.021641773319286628,-0.02678188067886811,-0.1278522477692401,0.004521420430894985
2017-06-08,-0.0026235257723841166,-0.026491615446976313,-0.016706321299887694,-0.005567598669102447,0.02949764742009986,0.02288795271316424
2017-06-09,0.00306011167759479,0.016639319003964648,0.007316580950048834,-0.00559877045702073,0.10382841686198185,-0.01842925193607492
2017-06-12,0.00609227297725301,0.029270382300113473,0.011511531937292041,-0.004376374599798782,0.6683877450092854,-0.006759511336176693
2017-06-13,0.006702003250481869,0.0,-0.004886868325256977,0.007490671729157572,-0.16515573433351438,0.01124060105821112
2017-06-14,-0.03553005303387602,-0.056027831469662726,-0.03203043781735282,-0.033515625125577264,-0.21715205737479248,-0.008216555480042409
2017-06-15,-0.007170095696603429,-0.003395589001138122,0.0030742228866897925,0.016582012596137563,-0.2346551903905958,-0.011419896995626289
2017-06-16,0.005829612922151561,0.023530497410193973,0.001971307176550141,0.010069311005540427,0.046933365027398644,-0.0006454528075376942
2017-06-19,-0.011015060230677332,-0.047628048989254435,0.005020200437543032,-0.0031357818106840796,0.0346860648195122,0.009467779837055268
2017-06-20,-0.02055336110586614,0.013841051411871419,-0.043383513211087354,-0.02094649734655185,0.017372077609548953,-0.009596920406744758
2017-06-21,-0.020042619174529985,0.0,0.014447203877771653,-0.007080814908104083,-0.08798999203775448,0.003952744136859643
2017-06-22,0.0011763323318589869,-0.010362787035546717,-0.003592280468335929,-0.0032352017865116545,0.19452449343817424,0.014051155132570159
2017-06-23,0.007729280779888548,0.003466207976486224,-0.007223507707460275,0.02559320751785138,-0.09904747552081261,0.012145302787701873
2017-06-26,0.008827002725576794,0.03066679839297226,-0.0011334014587438546,-0.0006319115534129116,-0.1773796247619166,0.001544337389805861
2017-06-27,0.023089378682930928,0.0033500868852820442,0.04609723714905112,0.02435337340807686,-0.08920838361454075,-0.016441721851855107
2017-06-28,0.011012584608045106,0.013289232118682603,0.006046228740950177,0.022568813959564116,0.0506241171295323,0.014187023610666039
2017-06-29,0.0031243051524572074,0.01311494207782804,0.01219657785207584,-0.000603318268677322,0.18535323461414022,-0.008816918314471955
2017-06-30,0.02508382339277926,-0.029754261081792688,0.0012752392801522738,0.04137706072011571,0.11662463368775189,-0.0010126155879826015
2017-07-06,0.009047838397771013,-0.03066679839297226,0.019769658542313273,0.013785054970741673,-0.08528887020490128,-0.010742164913817298
2017-07-07,-0.02829641836413721,0.0068965790590604925,-0.04337522032023822,-0.016807118316381264,0.031976127649807395,0.01232224766307688
2017-07-10,0.003384097984240775,0.0034305350967891446,0.002149613897399316,-0.0006055101607952418,0.04492317644490651,0.0033653570708800373
2017-07-11,0.014755465565919224,0.020339684237122624,0.002359250424069259,0.0042308917751121555,0.11552636638239289,0.004878782771881696
2017-07-12,0.009277733878236827,0.010016778243471247,0.0010705492939795391,-0.04313669388815916,0.1473008887875018,0.021312590978275203
2017-07-13,0.012672225510204083,-0.0167508104248153,0.019496273387876073,0.005651506407931384,-0.024119158461355816,-0.0006630750346552361
2017-07-14,0.010152371464017929,-0.0067796869853786745,0.005024084254307226,0.006242217522500149,-0.2606099700521298,0.012401024098899427
2017-07-17,-0.011021181249337264,0.033447934067539986,-0.004814242683922387,-0.0024922131279596638,-0.02522667045814586,-0.002706028711531694
2017-07-18,0.008223374624989344,0.022765210773012523,0.0054404821365983125,0.009931801068082224,0.1302346228902147,0.013254950482573413
2017-07-19,0.014973541790162859,0.0,0.008726421468142842,0.023803382017605068,0.1925944744056416,0.01551789933143688
2017-07-20,-0.007886644310037383,0.003210275630248338,0.004128825023118399,0.01318173670206435,0.19224456660569356,0.0022712340168107303
2017-07-21,-0.020539042187914358,-0.019418085857101808,-0.022290267735228575,-0.0302137785964966,-0.1598830937683564,-0.005187561513706029
2017-07-24,0.009348910357754647,-0.02314152856169427,0.0071368900747854624,-0.0006136851987628145,-0.2673781471756218,0.0048292883863290115
2017-07-25,0.033201602519695506,0.0,0.028455528169236022,0.026054185042601763,-0.17750388432205266,-0.0023119554285013777
2017-07-26,0.01681409617215568,-0.023689771122404668,0.017931375984594933,0.02655806725282861,0.04848317025874849,0.001435635914146971
2017-07-27,0.009628262437345825,0.01022155407153802,0.01171229269597518,0.020750024023758917,0.01726916835329284,-0.009650304135391252
2017-07-28,0.013567080631138317,0.0033840979842405527,0.025909699093609184,0.019209630238193554,-0.03083585475855255,0.005737342464717798
2017-07-31,0.009806943404103485,-0.030877238564439136,-0.00019232618580300453,-0.011821133995522648,0.0490816096915232,-0.005898301782598203
2017-08-01,-0.020523859239365727,-0.0246926125903717,-0.02374576343632162,-0.01310933564388439,0.1109750732542194,0.002532104807405844
2017-08-02,0.008300482923633723,0.0,0.025667362797797466,-0.012702249308481517,0.03432356346055965,-0.014189796029222101
2017-08-03,-0.011558478067740019,-0.014388737452099676,0.01505220378633032,-0.00058122640404068,-0.047181144447552725,0.0008953280754369075
2017-08-04,0.010953456369340753,0.0,-0.00759305090759721,0.005218915875791819,-0.13002365444576913,0.0012602396122876058
2017-08-07,-0.004042859761711259,0.014388737452099676,-0.02040494279808991,-0.008713386525565525,-0.05589391676309852,0.01042728600630749
2017-08-08,-0.006095102168959254,0.0035650661644963666,0.014672077870838685,-0.005851391768464054,-0.048240155138457474,-0.006049137290821349
2017-08-09,0.010541350399230431,0.0,-0.00038336209018474676,0.0052677909348589624,0.03954517264485791,-0.006533716403210654
2017-08-10,-0.021401000202587284,0.02807201877868626,0.008210069982855561,0.0017497817237875912,0.07954062292322295,-0.02640308483376952
2017-08-11,0.0055470096006007275,0.02393276621162821,-0.02152687393658992,0.020761991448429162,-0.0468941328232928,0.006749463169546388
2017-08-14,-0.02531255476603711,0.020067563050809367,-0.0035033122634859915,-0.019597168952136035,-0.012246294743430752,0.015655574563249175
2017-08-15,-0.0004203446888286777,-0.020067563050809367,-0.02747479864370428,-0.003498545842513301,0.11984919417363749,-0.002865566067636216
2017-08-16,-0.01631910752058907,-0.0067796869853786745,0.009771739935033885,-0.01352563989388722,0.1365850360710894,-0.0004100377292157731
2017-08-17,0.005752652489449783,-0.010256500167189042,-0.0003969829349474985,0.0023654653253352143,-0.030661200999219318,-0.02403253438198849
2017-08-18,0.031781893004760864,-0.0034423441909730013,0.011645251506348764,0.018145069090503063,-0.047256423346309084,-0.0010928503462528383
2017-08-21,-0.025006512438314754,0.03390155167568154,0.019048194970694432,-0.011082061506021201,0.11535083823184866,-0.012100845776080504
2017-08-22,0.005471394120713846,0.0,0.006715941965436567,0.012820688429061367,0.08834531794504308,0.011596050207561603
2017-08-23,0.016649708236564198,-0.020202707317519497,0.00038240918248089173,-0.01164835535223796,-0.31567943530894027,0.0022275936499429605
2017-08-24,-0.025291347007613485,0.010152371464017929,-0.01114967336709638,0.09600227661902472,-0.16311755346563306,0.006653161767684601
2017-08-25,0.008641638771049287,-0.01355952978563213,0.00270270434788511,0.006894750198358168,-0.02249078786376124,-0.00505906796590061
2017-08-28,-0.02658317086800155,0.006802747322752323,0.0,0.04596729708672742,0.049269530209420154,0.0012567025782619368
2017-08-29,0.0012922681100535627,0.0,-0.0044440223848667415,0.0400746178783542,-0.013671772161101714,0.002049223894244001
2017-08-30,-0.010820274361707849,0.0,0.005214883860695796,0.046431836101305635,0.020255966448943674,0.01850256637252734
2017-08-31,0.027892818778206596,-0.01022155407153802,0.014914234382056524,0.10327500916680488,0.06834214033192954,0.008372350880168966
2017-09-01,0.001268767351424227,-0.013793322132335861,0.00869242056676267,-0.1807361753446155,-0.19486988003179784,0.005920296275101933
2017-09-06,0.01022922176486274,0.034133006369458485,0.015725048846423118,0.0025766569267285933,-0.25058456120923944,-0.000976999874172435
2017-09-07,-0.0006108113800822323,-0.020339684237122624,-0.005891033237237497,-0.010346703788660316,-0.04924624573084779,0.001993694079157393
2017-09-08,-0.03439328011100473,-0.013793322132335861,0.0071750836750603675,-0.017309637535091738,-0.053554145603287306,-0.006238425157632399
2017-09-11,0.012984475618852631,0.0,-0.006436803833479221,-0.03171456337917733,0.13868635620584602,0.016187951117370147
2017-09-12,0.003116238109208247,0.0,0.015742591268860906,0.01678891316250175,0.14492373879131693,0.0021708551238894813
2017-09-13,0.022357612631113355,0.0474665372389238,0.008319816484087639,-0.009714053720473292,0.06853744310528143,0.0016851907852002412
2017-09-14,0.011294997046767286,0.0033057881344993323,0.022088536093292532,-0.034200796085784524,0.053635263761629304,0.004280434578345371
2017-09-15,0.0008019246620611931,-0.009950330853167877,-0.010271030615744081,0.03365834963906866,0.03034085920003804,0.004381429776618262
2017-09-18,-0.0004008819456369217,0.03601043752303301,-0.012177800923709015,-0.01972666707759485,0.020285762172894017,0.008942055310515507
2017-09-19,-0.006839696750622348,0.02225847060094277,0.019272545121032714,-0.026922545854670354,0.01054280427287324,-0.004065447370847686
2017-09-20,0.01502582612265968,-0.015848192240023762,0.010898332512330633,-0.014891455021951994,0.2035642983307886,-0.0058707030967868334
2017-09-21,0.005749991057945714,-0.006410278360919008,0.009223070687090384,-0.02158147336375782,0.1471442848251936,-0.008951466421622811
2017-09-22,-0.004954920453550393,-0.05962030316216671,0.00742086415242138,-0.029317086174207974,0.03438763476024498,0.003926129797885203
2017-09-25,0.029753613887267605,0.010186845306992875,0.02143303680919839,0.0838186718830714,0.2589709628869752,-0.015554167793004225
2017-09-26,-0.005027079418977731,0.0,0.005872992801700505,-0.005037794029957077,-0.34174072032746583,-4.06116108653265e-05
2017-09-27,0.010604553248797277,0.006734032181344052,-0.01738293706568861,-0.020408871631207193,-0.23457327063338074,0.01763188741596
2017-09-28,-0.010023214214887943,-0.006734032181344052,0.001020929134107007,0.009122070096577395,-0.16994635688803506,0.003545043644129997
2017-09-29,0.0009681480086256578,-0.0067796869853786745,-0.030739771420054574,-0.028787249794437475,-0.17345583875006465,0.002462175105115705
2017-10-02,-0.02112341399524853,0.0,-0.02396068128911022,-0.020059669674535985,0.09197532568343458,0.007310985161843142
2017-10-03,-0.0029694172071264013,-0.07410797215372189,0.008050853038843897,0.0023809535057419673,0.05922678102713075,0.005967120127809089
2017-10-04,-0.008761505668572589,0.02531780798428973,-0.0021405644991103756,0.006518541600242012,0.09418741611506842,0.005425779846696344
2017-10-05,0.015676479385007713,0.0,0.01927727924101852,0.021619305358689278,0.10980682787641971,-0.0010126583143854617
2017-10-06,-0.028964373711942937,0.04538300584781796,-0.028245949223779654,-0.05038102429235236,-0.020341668790356593,0.0019465105223295254
2017-10-09,0.004852415505833818,-0.02069039325744626,-0.0037909604025472277,-0.0073215702290072016,0.21246409664342547,-0.004834317407265587
2017-10-10,0.026864614289468847,0.0069444723528109265,0.023770219333912657,0.017602882444928414,0.0538455088220422,0.005650723322958129
2017-10-11,0.007238611280210527,0.0,-0.008691850729645623,0.0012026459657603628,-0.30124928486551017,-0.003737594384148224
2017-10-12,-0.013541566950737494,0.020548668227387656,0.0,-0.004215603954590974,-0.16859942020289953,0.005135598572850064
2017-10-13,0.01607247456083849,0.013468217050866649,0.01292167726874549,0.06653562035627059,-0.07100675212557661,0.0035638232567523076
2017-10-16,0.008326120323693509,-0.04096135763106523,0.011018913412345732,0.004507049883001657,0.03464647622189254,0.0006571445374579099
2017-10-17,0.00019280825279022196,0.0034782643763247023,0.002432245813375644,0.020034059033115947,0.053429954605472396,0.00027046346010362043
2017-10-18,0.0034642066976693364,-0.024605810802200034,0.007261442695325471,-0.008854512748417975,-0.05177823680045179,0.009956068323727862
2017-10-19,-0.014708993659800829,0.007092228309491855,-0.003969971555700447,-0.010055950660871504,-0.05495333782606693,-0.0040243045323746784
2017-10-20,0.006607097490380465,-0.010657294473988221,0.0012099215027134846,0.022759794530242017,-0.05630150075823215,0.003679998019666897
2017-10-23,0.005408550947580082,0.05218575317057028,-0.003460809822115607,-0.003849331120952537,0.11652208648698759,-0.0028354682189917213
2017-10-24,0.007867257309805531,0.0,0.002596729581711088,0.02449102000829595,0.0188646375760273,0.0038680323201418787
2017-10-25,-0.006712078128592758,0.010118130165584605,0.010491110067568421,-0.01899650069065517,0.003859011674236079,-0.01700019740360048
2017-10-26,0.008430783793724306,-0.02377021933391177,0.005119465106190546,0.02007119182042061,-0.025353807097771686,0.0031829853750178216
2017-10-27,0.028404053789977013,-0.04570215348085571,0.0235502893964199,-0.012429233232691406,-0.08087383615558341,0.019116197037106097
2017-10-30,0.003517545050592208,0.055958653648044754,0.008278192969370934,0.012429233232691406,0.18013961934665357,0.006178357566722248
2017-10-31,0.004609577628298833,-0.034605529177475614,0.011475535766861888,0.007490671729157405,-0.027196022507629536,0.009477318022108605
2017-11-01,-0.0007361060325021818,-0.05798725765034929,-0.006049229596811756,0.02526450165948191,0.026301299044600768,-0.00864634535861697
2017-11-02,0.004225229028639088,0.0,-0.0031206397994782975,0.020576857688759387,-0.10563984830987838,-0.007161427268417064
2017-11-03,0.019604911808122072,0.025784117155714492,0.010310213252045841,-0.036292215168387654,-0.01234514061632197,0.015133791997185675
2017-11-06,0.030275836368022446,0.09033916708230438,0.04535744437051825,0.12817122361833955,0.13748639967403786,0.015018869666981516
2017-11-07,-0.002619402527999526,0.01973748283832144,0.0013993627409876197,-0.03883063596877878,0.03281398921070444,-0.006626586025538117
2017-11-08,-0.006490681501182927,0.028894465999715013,-0.006234434158429281,-0.019011052697211706,0.23467221937661975,-0.0004458149198933725
2017-11-09,0.0059659766356245925,0.006309169193264852,0.008252285056532749,-0.055654219168134844,0.13571127358659663,-0.006112807435014744
2017-11-10,-0.007198696700154272,-0.0031496089028963947,-0.002173238980150316,0.008806065712414046,0.13086555300301494,0.001942255867735554
2017-11-13,0.00035236082112266587,-0.012698583337127367,-0.02215504240587496,-0.016116803234419996,-0.35478664451922004,0.0016405059419097867
2017-11-14,-0.019566614987218678,-0.022618088587772478,-0.03278452678786792,-0.02817087696669629,-0.01181049112552035,-0.0026111623311200205
2017-11-15,-0.007030222736001512,0.03215711163453139,0.00556648457644382,-0.049167593877630145,-0.16893004387496457,-0.010324658552669952
2017-11-16,-0.0025357738637641347,-0.02240093668916665,-0.001143510702079631,-0.04992330876660078,-0.03458395048530161,0.013382764911491485
2017-11-17,0.019219271418332795,-0.01631357549152379,0.002611819963348694,0.01535765565431979,-0.05294616917897077,-0.0006332296786570879
2017-11-20,0.0,0.0,0.0,0.0,0.08928683591510378,0.006018072325563395
2017-11-21,0.011145626214916327,0.0032840752011900065,0.015208188279691726,0.000585994742816287,-0.20620276777977864,0.008812903883597123
2017-11-22,0.018131598534383286,0.0,0.010223731224280108,-0.006464906442592344,0.007163889240254129,-0.005595861894474474
2017-11-27,-0.014354313451682366,-0.05735129647146575,-0.005203827875027045,0.0027723888009747455,0.19975962109038115,-0.007414409000705113
2017-11-28,-0.0024125464053845747,0.0,0.004889214060885827,-0.04126044426132469,-0.0870797219780286,0.009176912210871357
2017-11-29,-0.012325475018132082,0.0606246218164348,0.002827967320675029,0.005179867696841978,0.021515508702744768,-0.031150059549158726
2017-11-30,0.0026166608911717404,0.0,-0.0033000737107489186,-0.023229848279128662,0.020367614018176994,0.00810423026213769
2017-12-01,0.016415055407043688,-0.07461086379117465,0.016237671359934147,0.009938696249529921,-0.04333407308876147,-0.012010114903943325
2017-12-04,-0.015022297521740668,0.02434902901028657,-0.01749771247797849,-0.03794171757168607,0.024384510256370007,-0.025007073669854663
2017-12-05,0.0031266309994322228,-0.017331456351640018,0.0,-0.001814333730239981,0.01999186738996883,0.002179243575611167
2017-12-06,-0.032969050352819274,0.0,-0.01909365881558056,0.00663652511200441,0.04813353038972501,0.00015547868029930356
2017-12-07,0.01264599629495855,-0.017637141486106733,0.0019258551932148649,-0.013926958374683662,0.21480202942221993,0.015503588587347572
2017-12-08,0.011438752088424486,-0.01073355564310896,0.023608796748604277,0.0036518604187710246,-0.012628317626656838,0.0046960093934558245
2017-12-11,0.012001187609689268,0.01073355564310896,0.027187340246319636,0.0036385728439082277,0.0857194831808652,0.004181084809257385
2017-12-12,-0.012526259819180652,0.021127546425875332,-0.010108831679533026,-0.018326719405565017,-0.022589874522277675,0.0009478134654550274
2017-12-13,-0.009322026876896317,0.0,-0.02021527399947587,-0.08287243713616782,0.19287880829382065,-0.000265297229200101
2017-12-14,0.007218976680118061,-0.06477083615778212,0.0009420631879013541,0.06231736899752549,-0.15501857258911045,0.0012879277510444709
2017-12-15,0.005074820585936557,-0.03402974858631136,0.0014114328384078334,-0.03262201647112667,-0.059933446914965494,0.014320053774748764
2017-12-18,-0.002096803144606696,0.04143718986417322,0.009979811504940983,-0.031706751126084454,-0.2589066685933581,0.01709380085723211
2017-12-19,0.005581734359319412,0.01465227678687031,-0.011862165001922165,0.0232182901020071,-0.08448554768953187,-0.01158599042429298
2017-12-20,0.010382512369242036,-0.010969031370573923,0.011551798767277077,0.06474341817752588,0.052375770365062024,0.00048234793061752157
2017-12-21,0.0042944324351337215,-0.02985296314968111,0.0032540510622887098,-0.014237318792577947,0.1146676877334718,-3.7095427992461794e-05
2017-12-22,-0.0015438719937650447,-0.003795070968551695,-0.00046421664276596886,-0.0018720754297452125,-0.22851687592568037,-0.005766492290049108
2017-12-28,0.0028449521322313487,0.07333127308554976,0.011593896336120402,0.006648223932880226,0.5986640158637533,0.0012680417915120756
2017-12-29,0.010307655685090289,0.2170645052378275,-0.0010484536270851663,0.018057946233125843,-0.17962056411663774,-0.008947851766417436
2018-01-11,0.0032964475341792365,0.0,0.00813418684029621,-0.02166531240271541,-0.21406311490344354,0.025568283151724103
2018-01-12,0.006404770781112568,0.2506109460148205,-0.010285804969369039,-0.023784905023442104,0.020920645653099257,-0.0016531899542373552
2018-01-17,0.0015656806079213936,-0.3313571359544425,-0.003030524002038959,0.01095901378971953,0.16575800603446567,0.014762403750739672
2018-01-18,0.0006255865077342548,0.0,0.004182597862184778,0.01942856578541896,-0.5191586250188696,-0.00124868458401739
2018-01-19,-0.00910953370297829,-0.2029408439966902,-0.013329667083380237,0.0026688032920803018,-0.49522287073413285,0.007645976899467222
2018-01-22,0.004408067591171516,-0.02211780525361906,0.011024190557880509,0.037661354636310485,-0.2605168455917797,0.0
2018-01-23,0.01233330753125017,0.06792734128491329,0.007043801134905436,0.052498932816453125,-0.13762128710322719,-0.004331470238700064
2018-01-24,0.01905697751918467,0.05516638130870799,0.001431434541583343,-0.007333203236263408,0.21230671058714767,-0.011127326389647862
2018-01-25,-0.001066179371425946,0.0,0.01659730276255722,0.0112223671077889,0.2152767058851488,-0.012454002108850837
2018-01-26,0.009856778567179703,0.011236073266925883,-0.014168556658314735,0.013494180666106748,-0.19397678797041795,0.014251335350881078
2018-01-29,-0.008486185190358597,0.00557104504945527,-0.024118433855229604,0.012369329923812677,-0.055078835682419225,-0.003850241348080985
2018-01-30,-0.016417706696936207,0.0,-0.009251846594001023,-0.02102323008479412,0.3950900114903515,-0.016943395439482423
2018-01-31,0.0027807835005608794,-0.0749630384734552,0.0,0.010566861050415488,0.008323479977450532,-0.003894486515370943
2018-02-01,0.0168276878878153,-0.08755589102431971,0.012025368552934346,0.0014323229949330107,-0.29213786888967164,-0.0063888541998737836
2018-02-02,-0.006391742960009772,-0.05026183478088808,-0.01690595207807455,-0.013932485759164392,0.4411443356278868,-0.023086020034182475
2018-02-05,-0.020358506959495593,-0.020834086902842053,0.0035518758667505423,-0.02349594136893085,-0.23160092400090537,-0.0415710617769518
2018-02-06,-0.01096674002350273,-0.035718082602079315,-0.013984161240157,-0.015976375761020623,-0.2997296683099808,0.009636448933593833
2018-02-07,-0.02504317812706791,-0.0036429912785009844,-0.0152467290442857,-0.02548557914482097,-0.005309091621933604,-0.008885801959208628
2018-02-08,-0.009901874588974735,0.0,-0.022770214548360812,-0.02509279590548641,0.18422811798899907,-0.03336922000278708
2018-02-09,-0.03485830105220522,-0.029631797606371135,-0.019167908138088663,-0.029003107012838925,-0.19429877909052706,0.009105013717922716
2018-02-12,0.0035410204776891163,-0.02281467776617141,-0.01341444580449025,-0.05315936828009593,-0.116254977221665,0.015338586206378402
2018-02-13,-0.0013474820970973411,-0.007722046093910251,-0.0041888252000763515,0.020478531343540718,0.0867240615744409,0.00841208039626018
2018-02-14,0.022828617794900197,-0.01957009619409733,0.005634724720996687,0.00785197528268533,-0.21828312099491765,0.020416055823111456
2018-02-15,0.012768220604942648,-0.01593659226281241,0.009109132103367834,-0.006164211168965594,-0.08230360993963082,0.021410649548179173
2018-02-16,0.0066466970808747305,0.0,0.022649599874152493,0.03967462490766238,0.049771179520368136,-0.0034923924195728873
2018-02-21,-0.0029116811253357966,0.015209418663528762,0.0020078777307181994,0.01642421025861207,-0.028787385260314657,-0.005569145495945449
2018-02-22,0.01591033963634736,0.0,0.020011360513199072,0.042187325825141286,0.20731548516743192,-0.002586733030915944
2018-02-23,0.012674440896728534,-0.026770241064604683,0.013818183221004254,-0.07911954030488066,-0.09388164051636538,-0.0042368901291638394
2018-02-26,0.004555100941375123,0.007722046093910251,0.013629840629903356,-0.009863093655171573,-0.06055819013633856,0.01548594351002297
2018-02-27,-0.01372802624399494,-0.003853569315990013,-0.005459253691468824,-0.01553860342777913,0.032627188974998944,-0.009840736467152666
2018-02-28,-0.024283576460424783,0.026668247082161423,-0.022593913899539686,-0.034133006369458485,-0.009105120669556932,-0.012092138309631295
2018-03-01,-0.007352373615726826,0.0037523496185504213,-0.02839573794302197,0.09436276144828493,0.03960367310849522,-0.011071652273126453
2018-03-02,0.003437835914340326,0.0,0.00046696241801136296,0.017228303960177382,0.17744444971292106,0.011495046748380311
2018-03-05,0.02102276646654122,0.011173300598125269,0.023378487073198784,0.02251886353534982,0.023048666048179456,0.004109147662540558
2018-03-06,0.0007998080887041681,0.0,-0.0016736405580299873,0.0010116338748442644,0.010438534363580665,0.015439917308019524
2018-03-07,-0.02345816536801948,0.03636764417087468,-0.008871272618585557,0.013058950022098004,0.08117349435778642,0.0004904642531027292
2018-03-08,-0.015839301610197865,0.0,-0.018921160010798133,-0.0019980026626730263,0.05870246723882033,0.003426530698926733
2018-03-09,0.03094802862082524,-0.03267078228954856,0.020456315362950228,0.00399202126953746,-0.08531610143169299,0.014108923201821
2018-03-12,-0.010861742515381856,0.025502292810935967,-0.010175850988699331,0.013847896858793618,0.08686277687262312,0.009223115627644773
2018-03-13,-0.010816231309156876,-0.007220247973487082,-0.005127021251833064,-0.010367903289629998,0.3328146814233053,-0.010038836844548982
2018-03-14,0.0032900177727190894,-0.025689486115310745,-0.00923252000520236,0.024995175298800354,-0.21555315768781647,-0.007595821604782671
2018-03-15,0.004424423440378078,0.0037105793965357403,0.0009428033382210543,0.012984072766416,-0.1840979933878959,-0.002057806357064429
2018-03-16,0.018307518205192608,-0.030077455237277895,0.0157385406799726,0.006666691358189314,-0.033318679889998926,0.004745277647236534
2018-03-19,-0.004505236904266852,0.0,0.002162163004494566,-0.00857965224762336,-0.03476143564043088,-0.01128345898127936
2018-03-20,0.02169490097363891,0.033774317118604014,0.018040544313024043,0.032496384261514244,0.30765366162120245,0.007623734230329582
2018-03-21,0.02693398587909801,0.011009285508369326,0.03205641611611654,0.021545642062866466,0.07733754302396445,0.007825932465910235
2018-03-22,-0.013142825439194539,-0.04478360262697334,0.01210544936615321,-0.014158720199791697,-0.12414543631755137,-0.027281431571046788
2018-03-23,0.02383811455594209,-0.015384918839479456,0.0007245852066892766,0.0059619529956129735,-0.22551508730305514,-0.01914136737749672
2018-03-26,-0.004722379101309571,0.01919444725614705,-0.003192109500995244,-0.011034594723709046,-0.0031348656027851973,0.024733393361958456
2018-03-27,-0.004284627824850951,-0.0114724011622368,-0.0026193262938454254,-0.02623101214886958,-0.07341699008262204,-0.02597848126258473
2018-03-28,-0.014053200161536772,0.015267472130788495,-0.007312112134966853,0.04273757675057199,-0.023307063096209113,-0.02487366849723127
2018-03-29,0.008825635981390079,0.06240556618742965,0.012978672884280229,-0.007302634004817232,-0.013293089336302799,0.019173200148030034
2018-04-04,-0.0009466709447920607,0.021583571667174617,-0.04413569861792954,0.020771575332170333,-0.00734440026646066,0.01315601139897371
2018-04-05,0.002837328511293258,0.0,0.007542651538403611,0.0022815433123125617,0.1790553018694654,0.01587797095097887
2018-04-06,-0.023894096293415323,0.0,-0.0004509582940013246,-0.019328719553500462,-0.1693720352742396,-0.024247864794505247
2018-04-09,0.021845722458153638,-0.01073355564310896,0.024945614236231428,0.006022719154915146,0.34442992944131934,0.00035507861418970776
2018-04-10,0.03228089105975407,0.0,0.03572322817020179,0.034947963195515075,-0.17087556875158594,0.018563559433553145
2018-04-11,0.020108017434451675,-0.01449300730256664,0.028870284856080453,-0.011213394015793798,-0.15992286346925688,-0.00023235100596341596
2018-04-12,0.0038840801742603404,0.007272759329079559,-0.01803350299059936,-0.0027100287588652794,-0.09195962266624313,0.004559689495053476
2018-04-13,0.0041660527447273665,0.021506205220963803,0.02406422302281719,-0.00635210847283596,-0.04323792046241781,-0.002625078715611906
2018-04-16,-0.016769370359485336,0.021053409197832273,-0.015561837145529722,-0.023021274505829248,0.3039197896038317,-0.00046396536557669066
2018-04-17,0.0040684151649204026,-0.013986241974739855,-0.0047301145510481035,0.010655648655724215,0.17380343912651774,0.014131254276871452
2018-04-18,0.028755501362184077,0.0035149421074445186,0.027779564107075494,0.026825886851363667,-0.23088666391268475,0.010468916733211486
2018-04-19,-0.002047682447248178,-0.017699577099401065,0.015076338864078664,0.007597801912519575,0.011782075447065665,-0.014595470044228342
2018-04-20,-0.0005858230981834467,-0.007168489478612594,-0.0030775430726253106,0.005771381169614731,0.06243185188939826,-0.007841368591596343
2018-04-23,-0.009568042375974528,0.0,-0.0010726737418993437,0.0008849558099667254,-0.14576190189941585,-0.0073200814865064245
2018-04-24,0.0007392622499757806,0.0035906681307287247,0.01755364220963962,-0.01022458340609933,0.07643131719324714,-0.006552029991300223
2018-04-25,0.005012541823544936,0.007142887512380236,-0.027666315190477242,-0.008075414005545345,-0.04242240005953413,-0.006358947475604282
2018-04-26,0.002643561533649752,0.0,0.02145141915333504,0.011643660432063219,-0.015908238079132886,0.008313447355088321
2018-04-27,-0.001027221456530114,0.003552401604367761,-0.0007961783860066518,0.022017622141068505,-0.059921610007623194,-0.0025807475025967364
2018-04-30,0.006585229036297768,-0.025135973271542378,0.007801692464068921,0.004779500734296671,0.07368756729687664,-0.019171684297307756
2018-05-01,-0.01884625862483169,0.0,-0.014194043436035031,-0.014847434321210384,0.0321815486743775,0.0014357504261042209
2018-05-02,0.009320283461007328,0.0072464085207673,-0.023110698144402697,-0.005293351574573335,0.20193579170314901,0.00904552704147843
2018-05-03,0.007920252608758283,-0.0072464085207673,0.004229489898651906,0.008368249670516525,0.19517997759687056,-0.007850641010914039
2018-05-04,0.01824022776384915,0.0,0.017544309650909362,0.005685560909418075,-0.10749735765028934,0.016345265002337683
2018-05-09,0.03329116638736185,-0.0072464085207673,0.04534250593157374,0.029171377300279744,0.12086399443198204,0.009813999141051966
2018-05-10,0.002806625474119251,0.010850016024065656,-0.00012887428331520567,-0.01131375990027328,0.016687460847812474,0.015806400743334947
2018-05-11,-0.009433368088891392,-0.010850016024065656,-0.0028394443444943462,-0.014859114403749873,-0.06599903714675026,-0.006808665709740147
2018-05-14,0.004516592011139409,0.0322031404946348,0.01028683367087524,-0.027755467721532368,0.30274668116537296,0.00446868879661988
2018-05-15,0.0046364677367431995,-0.003527340517968325,0.009802128002462496,-0.0013201322049229969,0.18062158063244294,-0.0006047549037173638
2018-05-16,0.0012607692361363831,0.0070422826254128434,-0.009546308098278722,0.023499775915898358,-0.3974007161821227,0.005166411039173369
2018-05-17,0.000559832065006205,-0.035718082602079315,0.024009240199168502,-0.0008605852510475964,-0.1139774355957952,0.0011653479506144038
2018-05-18,-0.00336370324162516,0.0,-0.02158220956410606,-0.03148489186367698,-0.062411024186330266,-0.008527066457374666
2018-05-21,0.014356647729231398,0.0072464085207673,-0.0005104645338001035,0.012800881041754253,0.20512068712176568,0.011265920477785407
2018-05-22,-0.002355387303007106,-0.0036166404701887256,0.02620457323144265,0.01782268432595069,-0.028478791212269705,-0.006238979909810816
2018-05-23,-0.0033347258914533384,0.0460258223952823,-0.021746818922235178,-0.0008620690189055091,0.06071062871402333,-0.0045723434468367685
2018-05-24,-0.015145430437340401,-0.003466207976486224,0.002665145304936445,-0.01915600587048083,0.11073272578918214,-0.004935844176763737
2018-05-25,-0.04110464008460113,0.0,-0.029584151105283674,-0.0070578149170476,0.19315181962385353,0.006184921725185255
2018-05-30,0.021327822640823335,-0.003527340517968325,0.018351578850185568,0.022354645555804242,-0.5354403153695291,0.007338722886291116
2018-05-31,-0.018636835817365416,0.03813286969544394,0.007352008959250256,-0.03619106357341295,0.3379539015593993,-0.013970926530724626
2018-06-01,-0.01762226489803087,-0.010256500167189042,-0.025301038323958913,0.005825694271529902,0.1355474558725458,0.0021270946600244756
2018-06-04,-0.01608367365859298,-0.0068965790590604925,-0.015275727928423244,-0.013042685451753355,-0.6609915339247889,-0.0009110580290796477
2018-06-05,0.011514673934351016,0.0,-0.0068343623043505275,-0.02428527139122938,-0.04142224297907582,-0.0023574155404286756
2018-06-06,-0.011669102164137968,0.0,0.0043793692546394425,-0.00278681090717936,-0.03815682607775006,0.006223692815040316
2018-06-07,0.018514797111750525,0.044000329262437576,0.026944914499151373,0.017520042420163473,0.1600668749398393,-0.008090751217148195
2018-06-08,-0.0028846903781385436,-0.037103750203377084,-0.0015963818742097402,0.004559971421694731,0.09535300440018712,-0.004165796855817305
2018-06-11,0.005004939544381415,0.03045920748470854,-0.007081330947245057,-0.010979067282411936,-0.1745113155932012,0.0034790622517419934
2018-06-12,0.004227059434187552,-0.006688988150796771,0.0037473277256081516,-0.00785042129199831,-0.05882617651008193,0.009344797347189626
2018-06-13,0.0037591202826172676,0.0,0.0028013091086274144,0.0027777795639022385,0.18210927051056913,0.0007559150711449192
2018-06-14,0.004193506220279808,0.0033500868852820442,-0.0040042765730863294,-0.028131250250358786,0.013996607887142964,0.007977764897609596
2018-06-15,-0.028807328578348113,0.009983443984183271,-0.03747287679109501,-0.02943517697808906,-0.05996440558158245,-0.010891178108775712
2018-06-18,0.013749070848251499,-0.009983443984183271,0.03880941802186477,0.01747617293456183,0.8289257490170057,0.005592306280412629
2018-06-19,-0.012519247480333284,-0.013468217050866649,0.000667601333293355,0.002883231214084958,-0.43877577075191,-0.013199508915962888
2018-06-20,0.012670958016920864,0.0033840979842405527,-0.008983099893078439,-0.01450001238475418,-0.3506633265247112,0.006014483299993323
2018-06-21,-0.00364742045704336,0.039740328649514156,-0.018760746000618056,-0.0014616324161227379,-0.03917924672516815,-0.010184902368379767
2018-06-22,0.04960185252568383,-0.04312442663375471,0.010918629012531156,0.009704103323203594,-0.14849818750217914,0.00015335071338107298
2018-06-25,0.012812382854036741,0.0033840979842405527,-0.011605017947434959,-0.0009661836500413079,0.1417133619588924,-0.01634850611042804
2018-06-26,0.07334138704823623,0.006734032181344052,0.010382606929341343,0.012965367695389807,-0.021899383565365582,0.005711747892859442
2018-06-27,0.028565883644492196,0.010016778243471247,0.03354360051180283,0.035157124437358966,-0.0663612605468007,-0.014360661996503765
2018-06-28,-0.05251106859673538,-0.006666691358189203,0.0022317042409865095,0.004136985904843016,0.2663738973988483,0.0010606746098611453
2018-06-29,0.009215406048741492,-0.010084119066626096,0.015354888538904099,0.0222281776027341,0.271419227913654,0.0009418783318659862
2018-07-02,-0.003242807868072184,-0.020478531343540718,-0.009471364997117426,-0.03144483270765808,0.24760541901809496,0.0030549921927125467
2018-07-03,0.004051869400878871,0.0,-0.011010728621220878,0.007380107297622507,-0.005874392144325391,-0.0011738927627584772
2018-07-06,0.009943553971821117,0.0,-0.027752159163405565,-0.012885590161960447,-0.3138824648386098,0.009434394042454386
2018-07-09,0.0020310074004790124,-0.0034423441909730013,0.027622432238399774,0.022894772905309946,0.06700060417249176,0.008438227118721997
2018-07-10,0.0024317763942587334,0.0,0.009297587638180893,0.015274331100091021,0.10061602907315326,0.005285025514053743
2018-07-11,-0.0503633886243362,-0.0034542348680874913,-0.03199750611184182,-0.048411279201060586,-0.08295121757083379,-0.015021904509266548
2018-07-12,-0.002699824020034214,0.0,-0.04395119414383597,-0.0023424700334124804,-0.09803594459794684,0.007387414122731251
2018-07-13,0.01061505969082166,-0.010434877292579525,0.027357745034598757,0.007476670343020242,0.11929763281276262,-0.001746725334941246
2018-07-16,-0.04036454601921857,-0.035590945102702776,-0.04244815295354876,-0.04913938715185329,0.26733791079051983,-0.006443640634704373
2018-07-17,-0.002788992633530718,0.017953803616596042,-0.002255110187554088,-0.001957905667057336,-0.20711457780789022,0.007697035409197639
2018-07-18,0.010964220647150746,-0.0035650661644963666,-0.004950855292494616,0.013142072818475015,-0.2026092936586128,0.005035695854215483
2018-07-19,0.009262005429520492,-0.01801850550267825,0.01993608073780795,-0.008742163495865984,0.00656622211564617,0.0011700984595064412
2018-07-20,0.012739025777429802,0.014440684154794381,0.0006947822137339799,0.004866189651173025,0.03622461258508736,-0.01306165815080007
2018-07-23,-0.034878001646419854,0.0,0.020077682138675,0.01970743906137362,0.07354661458660328,-0.008135429957824236
2018-07-24,0.041399147523042856,-0.02173998663640586,0.001088583588244596,0.00047585059189592105,-0.042752464868685,-0.004208744170427714
2018-07-25,0.005074006657730834,0.03243527575315386,0.001902174486590802,0.028144446762257136,0.04328546665325206,0.01268808593736992
2018-07-26,0.006446210662669927,0.0,0.011337683870913828,0.013780649868752715,0.09789197728050336,0.005904441662615056
2018-07-27,-0.04178861137854817,-0.014285957247476722,0.00441915684025318,0.0018231545615150502,-0.10323481794921019,-0.012920669045647593
2018-07-30,0.03618557108623577,-0.010850016024065656,0.0020022699074084827,-0.005021695099730716,0.6048399470228638,-0.009820678991318665
2018-07-31,-0.018572873849925564,0.025135973271542378,-0.01112985005569822,-0.014289249813356775,-0.723881862649387,0.01622542580802211
2018-08-01,-0.015575740326558396,-0.0071174677688641275,-0.025677455533571703,-0.04026117997079082,0.09929474836534258,-0.002947991185321186
2018-08-02,0.0021778593000130186,-0.01077209698191095,0.009226809244767153,0.012010713684939112,0.06760183378028906,0.021394435867106765
2018-08-03,-0.006693855029497264,0.03197430463251405,-0.006463613234070742,-0.010561788051108412,-0.10745225103985412,-0.009464804154108108
2018-08-06,0.007563672422697287,-0.003502630551202035,0.0004138216487774571,-0.0019323677510538761,0.32032120637343375,0.006006024060211779
2018-08-07,0.002315820979982952,0.03448617607116922,-0.002762051196641302,0.012016486817679972,-0.04820151495713443,0.016694130349479863
2018-08-08,-0.033069366493870156,0.013468217050866649,-0.022375426570710566,-0.03946919122636994,-0.11461648605475805,-0.0002963402007170046
2018-08-09,-0.0016451061812379209,0.009983443984183271,-0.0022653273173265376,-0.024655336943168682,-0.05388847415273901,-0.005125740153095748
2018-08-10,0.011903131165200698,-0.020067563050809367,0.006358198742492327,0.013660723442076916,-0.02649299824357154,-0.00788833370604003
2018-08-13,-0.005338882620637975,-0.013605652055778572,-0.00536648654107541,-0.011116840106339398,-0.061046530754385486,-0.005645904789701284
2018-08-14,-0.0031275623081201687,0.03367321510658794,0.002121791587453181,0.004562745558418291,0.038420115250031195,0.0021492005331724684
2018-08-15,-0.02982584266693511,0.0,-0.034354797876537724,-0.03134086463981112,0.04062468911510919,-0.015524784676542502
2018-08-16,0.005670078787598953,0.0,0.012064976642616188,0.02779386320122834,0.028039637713299648,0.004046733780832312
2018-08-17,0.007459880830716692,-0.0033167526259940683,0.0133478838582608,-0.0076433493125680485,0.013234481528145992,-0.009339780811663978
2018-08-20,0.008608374536599683,0.009917436657346013,0.013734729183394023,0.03369692716095052,-0.13981154591207456,0.011547119202196754
2018-08-21,0.012255421660796628,-0.009917436657346013,0.007565180378754199,0.0024697468715834114,-0.07398769679773132,0.01404273576426629
2018-08-22,0.007842016958273135,0.0033167526259940683,0.01811819149189553,0.04060490139632067,0.016148923154934103,-0.0031161445125222897
2018-08-23,0.018689403676295235,-0.0033167526259940683,0.010498426235482583,-0.00999770288946411,-0.10205498333323515,-0.0068671741021892885
2018-08-24,0.008354989541134117,-0.006666691358189203,0.009180569407610584,0.058990864657454845,-0.04099341930568112,0.010545442709035235
2018-08-27,0.003722799259497478,-0.0033500868852820442,0.0,0.005398123769557395,0.4744731032457379,0.008765605650981279
2018-08-28,-0.020649062311342448,0.0,0.019958086619507043,-0.0072039933348191365,0.16432925849143398,-0.006071799771770969
2018-08-29,0.016495816097784832,-0.006734032181344052,0.0021055409805335046,0.014356460125305004,-0.11789862146858887,0.002276587596191426
2018-08-30,0.008146975669608203,0.0,0.01280059275691503,0.030704166343979655,-0.16591987611606474,-0.008799083261833651
2018-08-31,-0.005853396682508283,0.006734032181344052,-0.0014286644419758687,-0.06468251998582919,-0.20831501167100264,0.009842341301983026
2018-09-05,-0.016316873451099667,0.013423020332140823,-0.01076604211597676,-0.008802465917026492,0.0011359449421481926,-0.005412326224127462
2018-09-06,-0.012893951530039693,-0.023609865639133698,-0.013259137471012927,-0.0032626456348163746,-0.19907205757147217,-0.011370650101770963
2018-09-07,-0.0011804634689385196,-0.017212128881121558,-0.0015870919876821432,0.015288692515090352,-0.21444892452776632,-0.010730539077914436
2018-09-10,-0.002661148820604531,0.006920442844573715,0.01601925012105898,-0.010166446158421327,-0.06928958300924659,0.0051113656372354654
2018-09-11,0.025432531233081868,0.013698844358162043,0.018711430487560854,0.02477190889237324,0.0999970073215275,0.006952430785386987
2018-09-12,0.015466440339167775,0.013513719166722726,0.02275123410172064,0.0022629563854892343,0.019234668755749418,0.004178702327313211
2018-09-13,-0.025474501246617542,-0.013513719166722726,-0.029936279125568177,-0.01824868158839943,0.07596643239782264,0.00159090942645701
2018-09-14,0.005524072776855071,-0.010256500167189042,0.0027004452853738314,-0.012975158863133496,0.1303673447102991,0.0052095248055898935
2018-09-17,-0.001741149598316838,0.013652089168327164,0.004484599738473705,0.0,-0.09517373332946644,-0.007520963662715374
2018-09-18,0.01456091465398135,0.016807118316381375,0.013082043430022061,0.019857498486075098,0.16508040534465707,0.0021600326718935747
2018-09-19,0.017169630722091433,0.03601043752303301,0.0022687178876505953,0.0022836273911385208,-0.02297489885485504,0.004004538785577161
2018-09-20,-0.004370821198757646,-0.012945164592037095,-0.005048603428156717,0.0009119927672692762,0.05767443014339246,0.012663139392198097
2018-09-21,0.00042381861198048654,-0.016420730212327372,-0.001646299365055448,0.002730998511231819,-0.04946826696766138,-0.0016766961843028838
2018-09-24,0.033746172373304795,0.006600684031351944,0.02490897917803281,0.05783999968934983,-0.2804289810135163,-0.007373477778362059
2018-09-25,0.0023187625474916373,0.02597548640326086,0.016186742134180143,0.00171453106724051,0.049775601177637796,-0.0123985712263881
2018-09-26,-0.01620691977115829,-0.00643089033029054,-0.004144325775684798,0.00042817384511995016,0.1311455296173163,-0.010399634924493917
2018-09-27,-0.000554016634668919,-0.016260520871780315,-0.004038925997249976,0.006400704591951856,-0.3340783664736007,-0.0012691089098835207
2018-09-28,0.013485824308022032,-0.01320151185853602,0.01436771336901188,0.005937252385963987,-0.038553136481097816,-0.009822577911791086
2018-10-01,0.029760494332713883,0.039092925791277544,0.026483714125006053,0.03653374333245574,0.2810690374439506,0.010284258437073923
2018-10-02,-0.0027901433101140682,0.0031897953681001567,0.008090564152976043,0.011349939433311751,0.08645705161983042,0.003570815289910101
2018-10-03,0.016363521627209998,0.03750439545845419,-0.0021042794765007145,-0.002825430739367696,-0.0037294640738201323,-0.0067298886880271525
2018-10-04,-0.02598926439842497,0.03910272601374287,0.007229509099782483,-0.039156042649475586,0.0032640407927049253,-0.019363612703274136
2018-10-05,-0.0024209830251153974,-0.04217492505071285,-0.011098893068048454,-0.008018612283301918,-0.2670764069290783,-0.021754253127983958
2018-10-08,0.0001346529322709955,0.009188426054406174,-0.010629602859552278,0.026344822796870004,0.35119111565741346,-0.00661559492279995
2018-10-09,0.009114122867400987,0.03593200922606332,0.011099417291497105,-0.013713075890969373,0.1351082971639519,-0.009229771350649507
2018-10-10,-0.023899064957545235,0.01459879942115272,-0.01586019752835366,-0.024567097455173492,-0.12277313088456943,-0.031747380637881406
2018-10-11,-0.030664907054169355,-0.08780220344444767,-0.02991080883187891,-0.03846628082779591,-0.25912215884621936,-0.009277172418653556
2018-10-12,0.006180663024126787,0.00944888919793252,-0.007898350328765957,0.04997781276508806,-0.18673987884763843,0.014408192634048689
2018-10-15,0.0060035084329257415,0.021706278581862914,0.0024749424834675793,-0.003397030867605566,0.05833858234417466,0.008854050491253318
2018-10-16,0.0012519998853202097,0.0030627895305459507,-0.004707640012294512,-0.021496958504703567,0.08930542541099129,0.02949824694949843
2018-10-17,-0.032497914924809024,0.009132483563272453,-0.007728784421082047,-0.011363758650315137,-0.12061646901734502,-0.00445074576507043
2018-10-18,-0.014465752033911983,-0.006079046076382211,0.004868619566344101,-0.007500586675443399,0.12799360495750456,-0.0196152969117378
2018-10-19,0.007692903894546355,-0.024692612590371477,0.0009957680683392311,0.025362093983278378,-0.09948887226213987,-0.008597291039552424
2018-10-22,0.0013004842523578475,0.0,0.0008704844173372805,0.029357564629555744,0.1761910229456154,0.00016683350055402002
2018-10-23,-0.04067158465308385,0.024692612590371477,-0.02237398509724109,-0.04590125931531408,-0.08693119511266545,-0.002003841365179504
2018-10-24,0.0010522360985891765,0.041797128678461526,-0.017050602162000494,-0.13115118479862864,0.1086864111907877,-0.03699002288517761
2018-10-25,0.010313221968995201,0.0,-0.0005173305857741894,0.003996009313381954,0.0754752316679923,0.023442758605533243
2018-10-26,0.004895062804195938,-0.04485056616535177,0.001292825002304987,-0.00901358130536134,-0.042464446643004194,-0.010089700103749877
2018-10-29,-0.008619461895178482,-0.021639175103481234,0.0020650497787695343,0.008514952524150132,-0.0064656840402195215,0.0027773641456541043
2018-10-30,-0.012314316897499289,0.021639175103481234,-0.024537905630827694,-0.04592643812592312,-0.08510119338732647,0.028353390510537757
2018-10-31,-0.01323313857890085,0.01215820447980942,-0.011161423337734178,-0.019510241846538268,-0.10110100899424435,0.02016040032553601
2018-11-01,-0.025431669885631614,0.014992784586141283,-0.04915768225712913,-0.029723885089545155,0.03832479901463959,0.028293944787947112
2018-11-02,-0.008675817491314852,-0.030213778596496654,-0.00196684525333346,-0.008262233726541113,-0.03024333482851027,-0.006262902982732577
2018-11-05,0.0,0.07957067556658926,0.02183826963254365,0.011001211061973493,0.10597396884833987,-0.002388631256332374
2018-11-06,-0.015325970478227369,0.0,-0.028469687232265173,0.03070534786801582,-0.022507250496282438,0.0011154046489654235
2018-11-07,-0.00758986283784413,0.0028288562004776807,-0.00767376225516081,-0.033993022062207556,-0.007984894375547391,0.017640204071572185
2018-11-08,-0.016013414079204757,0.0,-0.011622198401254558,-0.018277994311184487,0.10164047376106744,-0.004901682264801366
2018-11-09,-0.008602203582663392,0.05495888428075757,-0.004049174006778955,-0.02032819858748469,0.13723413800842366,-0.012221077967733862
2018-11-12,-0.005664793555697045,0.057158413839948574,0.011525844349799641,-0.03364586510668377,0.028545323680930323,-0.03173586192083633
2018-11-13,-0.0731188079167806,0.03474294844387282,-0.06449077362640132,-0.043406452299959486,-0.07238258885700688,0.003853727301348364
2018-11-14,0.009482135630353383,0.0,-0.00874708254875145,0.012247550522676898,0.13710590830702607,-0.0024991307023674025
2018-11-15,0.005150530878116122,0.134445608747926,0.011188713549628915,-0.0012180269471771532,0.21093511065740245,0.01917666630899273
2018-11-16,0.0007083407414993914,-0.08681755975867134,-0.004889238158244602,0.016918832571744202,-0.3349338720558208,0.009053460869083985
2018-11-19,0.01179072172449569,0.07825219689974827,-0.017770690933533118,0.063826764004,-0.004049385495028979,-0.016607068573615713
2018-11-20,-0.06823089054957165,0.0,-0.04203101945253618,-0.04718942243160873,-0.12110784426130206,-0.016640135378144905
2018-11-21,0.01892449798573903,0.010695289116747997,0.002436054797880338,0.09010029611847936,0.043807219442750345,0.01086588381070186
2018-11-27,-0.002919141899724753,0.0,-0.0020120731134198877,-0.10656897501939477,0.1244135745881918,-0.0011215253919294454
2018-11-28,-0.024663378950245285,0.05012438718256873,-0.027394311933495175,-0.052758122850603995,0.06441179058128643,0.02133223908252191
2018-11-29,0.027582520849970038,0.0,0.005504916705817209,0.03752785586901258,-0.07428371188903693,-0.004915947369370954
2018-11-30,-0.01330223057706581,0.024150460232283066,-0.010000083334583465,-0.05229537945467788,-0.13291290957443547,0.002991774856822893
2018-12-03,0.04241190756739144,-0.04662331608434167,0.041743420509384954,-0.0006470398155214996,-0.02873530827570736,0.01757199480778837
2018-12-04,0.004331864764353988,0.0,0.017300044285006422,-0.02423964076394436,0.1717433725635722,-0.03258128594017062
2018-12-07,0.02339512262489496,0.015642777070453473,0.06493832016284884,0.040123764237033954,-0.14043122703795508,-0.022822987154873076
2018-12-10,-0.03255608718956138,0.006629858538669486,-0.023279739831661317,-0.04348511193973875,0.0888056889108757,0.00355472396214207
2018-12-11,0.011292954906095165,-0.002205072558313814,-0.009331845757099444,0.015369497331101378,0.016689270301830206,-0.0023275291750595173
2018-12-12,-0.011880556529113129,0.0,0.0035096551443025703,0.013829657361160819,-0.14250061470043107,0.009399292033906548
2018-12-13,0.031816045184659636,-0.04978403537928644,-0.015298272635919652,0.03974882240872463,-0.12480958054171509,-0.0010129865733832233
2018-12-14,-0.027514963285269367,-0.07714667321388413,-0.007993919599541321,-0.036484046410585336,-0.07020652184012999,-0.018535339672718365
2018-12-17,-0.02889573690531755,-0.04879016416943216,-0.016702928134475492,0.13002132820685508,0.07420244363540718,-0.029037339152141683
2018-12-18,-0.07676828862974894,0.0,-0.04129962202331061,0.05728560793831394,0.0641016026965815,0.0016567196499792658
2018-12-19,0.039120634758455175,-0.043017385083690574,0.006133881761265947,0.12532211282954941,-0.09214070843518574,-0.021320757000849788
2018-12-20,-0.04958280516543878,0.016349138001529484,-0.05091472160241173,-0.26489488390953675,-0.022955289007953183,-0.02355940415703106
2018-12-21,-0.005713045642179004,0.0,-0.01737182179789709,-0.030927046748800424,-0.17072158425914719,-0.0154792157032837
2018-12-28,0.014950629920667868,0.04725288485054557,-0.01802909896615823,-0.0063897980987709935,-0.2073321714766605,0.0048606493350380475
2019-01-03,0.013086103292614393,-0.17802311603374021,-0.015472393663635842,-0.03479732521413015,-0.06611944533570213,-0.03323941729202318
2019-01-04,0.01774444529907182,0.028987536873252173,0.044280219870576065,-0.01121014047361052,-0.1012717244407626,0.04251852402927181
2019-01-07,0.010621780588055074,-0.021661496781179235,0.025901749606722646,-0.008658062743114536,0.15175887436701574,0.010299896599965663
2019-01-08,0.026777276934642824,0.05329858172436186,-0.00333304404693191,0.00998344398418316,-0.20148609773911774,0.008383485463006934
2019-01-09,0.05130337904827709,0.010327114155849637,0.04383274495491918,0.04278034060885444,0.22034460460421146,0.01352701908424958
2019-01-10,0.004397292239938455,0.01022155407153802,0.016843556715169683,-0.0076433493125680485,0.15016240188677532,0.014905005398901494
2019-01-11,-0.018872117965896162,0.0,-0.02055038488552352,-0.008991711191964069,0.11780431072025799,0.007227618796497026
2019-01-14,-0.022212215426136606,0.1301358036233844,-0.007455134495017113,0.00963089306096121,-0.10677695224961337,-0.016946428565358218
2019-01-15,0.02918628476220997,0.05218575317057028,-0.002554279805096371,0.043145172445694546,0.0035578765620094543,0.0026862295313874185
2019-01-16,0.005390848634876377,0.011236073266925883,0.019585295956980886,0.01397774200661478,-0.1408770554724903,0.004858175803243547
2019-01-17,-0.004811865698698625,0.0,0.000668560947516994,0.00721590623527224,0.1072617484626015,0.010134117459545067
2019-01-18,0.03357993587514141,-0.042802539234760406,0.03593790630435567,0.08054956173345995,-0.09196835823873428,0.00040648754675398635
2019-01-23,-0.002856328705754141,-0.09152725662578676,0.0024600258408620235,-0.04213613364970359,-0.6268076000931959,-0.0037093421988254605
2019-01-24,0.009489537903456302,0.0,0.0006549861049620631,0.0,-0.05409132608745981,0.030350219959913716
2019-01-25,0.011083047606334606,-0.019355442952956103,0.006526373303702648,-0.05151353445010809,0.2684235782876616,0.017745768396045136
2019-01-28,-0.03304516396948998,-0.0065359709797854215,-0.02937504940647706,-0.023560465793551866,-0.20038849427347127,-0.0019518419230104556
2019-01-29,0.024414716404003833,-0.03673200926872999,0.021046431001208177,-0.009061550677574803,0.10534492991147282,-0.002754987668134312
2019-01-30,0.0207000398171453,0.020202707317519497,0.014812674191160724,0.08711973696156211,0.695402158669026,0.010737397361739731
2019-01-31,-0.006295151320476755,-0.06187540371808753,0.00916773610366306,-0.018040176557734433,0.27535942143534786,0.010740734710806166
2019-02-01,0.02657537501336904,-0.04348511193973881,-0.009652584598009106,0.0926588304827049,-0.6870703040868351,0.003632745543074911
2019-02-04,-0.013107779151700694,-0.04934587410315505,0.006445397756538185,0.035320161491966595,-0.5681073764277351,0.01162939028027754
2019-02-05,-0.016257516763662494,-0.011741817876683158,-0.009521576010060429,-0.0058902446070759895,-0.09425782186940923,0.007142887512380014
2019-02-06,0.004645553277105918,0.01562531790308086,0.008878902466089578,0.02125478526832314,0.05550249835648824,0.006141892769548463
2019-02-07,-0.023636440836503514,0.015384918839479456,-0.019638706305729947,-0.016432916831246036,-0.1230743620129986,-0.01865625489155942
2019-02-08,0.0013278954810953536,0.015151805020602205,0.0058833312372446045,-0.037575888105806365,0.15616798533576803,-0.0011243143836576763
2019-02-11,-0.0060848257717345255,0.036904556935450694,-0.0011412734588400753,0.012682827848308653,0.15275674303906772,0.007612827801349198
2019-02-12,0.013450993747226025,-0.018282044837448885,0.020665895298570547,-0.014905050985026258,-0.025670735773519304,0.010378661991692795
2019-02-13,0.01308674500480489,-0.03759841355700755,0.010965544918057013,0.011611963486556576,-0.07114469394348788,0.0027394150221189406
2019-02-14,0.010347468525424564,0.0,0.011471800200878235,0.012022002714955682,-0.07196663354534483,0.0018979659508611135
2019-02-15,0.021459270452460988,-0.007692345623155683,0.025454517389134068,0.033648034118232695,-0.07339824978061316,0.006237851729506971
2019-02-20,0.013803085898024925,0.0,0.014471159980391946,0.003161224971902521,0.04617608185731292,0.0005253677695140624
2019-02-21,0.0008783487609065332,0.01476041558312069,0.0013459958661155014,-0.08619873801950428,-0.28847165227398097,0.002398172543681909
2019-02-22,0.0010530011502991599,0.003656311203110496,0.0,-0.0011474470564768469,0.027267267394534667,0.024949088494223837
2019-02-25,-0.03009218424693305,0.03584613177313578,-0.04415289825300839,-0.018540507915742577,0.1147591404417665,0.0037892634424121496
2019-02-26,0.0014450869566804414,-0.03584613177313578,0.007624716002433196,0.024835235424528923,0.15379735759936963,-0.005323622418042184
2019-02-27,0.027067179468413194,0.05329858172436186,0.01599295966555836,-0.030700354876927016,-0.11134191578610153,0.0018628441146306685
2019-02-28,0.005081935058786513,0.0,-0.007964508328647923,-0.006491613236507265,0.007529284343651632,-0.004242098151597595
2019-03-01,-0.02567194182816923,0.09876441467241248,-0.020507165752664314,0.07249964235343842,0.04820171474944157,-0.0027890949857729552
2019-03-04,0.014952218756868696,0.28689806613957214,0.011393022180377521,0.011497526053887097,0.2403108628394719,-0.005195199688049712
2019-03-05,-0.0008837826470076138,-0.2900377861442398,-0.003108488670267917,0.009750889826409814,0.13560529209784278,-0.005482307404308884
2019-03-06,-0.00585263708374395,0.0,0.004194180905644274,0.011790061544973307,-0.0709809067831797,-0.01564813122430664
2019-03-07,0.006736419730751564,-0.09217045979965732,0.004793947169250856,0.01847505702483776,-0.18918654027504456,-0.008944196668868365
2019-03-08,-0.014772894807674852,0.0,0.012875714360045087,0.0020898649194592833,-0.09220070163988936,0.000951275732396617
2019-03-11,0.018124163487878597,-0.013889112160667016,-0.009179991028240408,0.013478690320464337,-0.08813538918747721,0.020180647971031362
2019-03-12,0.0017593248732152844,-0.010544913176614878,0.004141427807453191,-0.0015459936086184012,0.035884603533355985,0.0007451842812882248
2019-03-13,0.023967802392427018,0.014035318116383477,0.00853533607306911,0.009751167847803943,0.01369875059567871,0.004459481915705332
2019-03-14,0.0054766524017138,0.027493140580198583,0.004391617567738315,-0.016478230732384858,-0.19242954403732337,-0.005577466678496457
2019-03-15,-0.00136635375655203,0.0,-0.0010582811479800114,0.007757990810939419,-0.08405376138157505,0.0022719241042974403
2019-03-20,0.016773288244826823,-0.020761991448429162,0.01801052521929858,0.009866878272594026,-0.07113704358918671,-0.005869913202394272
2019-03-21,-0.002331391563910934,0.0,-0.0007317965932145398,0.05816701428800153,0.016965019883139476,0.008496480015860008
2019-03-22,-0.01867955028069268,-0.03922071315328135,-0.02987071032344435,-0.031046708068807494,0.025665580561954116,-0.0336633461898419
2019-03-25,-0.002721552964075613,-0.010969031370573923,0.01616075871926892,0.008563325402320965,0.010969629523589042,-0.0063631002797484015
2019-03-26,0.019565474861166443,0.0073260400920729385,0.0020759200812108247,0.06465694141126022,0.0011787332901871395,0.0011913684851050377
2019-03-27,-0.008049682909492262,-0.018416726786231186,-0.0023728321974063604,-0.028373891736718004,-0.06008143425591239,-0.002961825417429509
2019-03-28,-0.001685204308492061,0.0,-0.019036773643650307,-0.009178586695988589,-0.16411858590232642,0.004727050941998989
2019-03-29,0.015065567840403027,0.01476041558312069,0.027611633990487938,0.0032220971489589356,-0.06115672019835783,0.00668719892035341
2019-04-01,0.022993294139272535,0.0,0.016787490075267364,0.011423473550628449,0.2944451368726426,0.02073042728637642
2019-04-02,0.01514692188025446,0.010929070532190055,0.008648079265769049,0.03964001502182357,-0.09611209383825159,-0.0008210181085166468
2019-04-03,-0.0011200897242735763,-0.007272759329079559,-0.006767971690475605,0.025863510589919314,-0.09284958237149787,0.018751589620253917
2019-04-04,-0.005458353574447017,-0.029631797606371135,0.008488648914554808,-0.0004256224792917873,0.0031676110152449866,0.00014655235609151163
2019-04-05,0.015652771266681853,-0.015151805020602205,0.001860731947449068,0.06509711349938063,0.0951287782002952,0.011546505014083053
2019-04-08,0.019926916517357007,0.0374575625349004,0.01687384948987347,0.006361850482764275,0.08422397348648847,0.004516637910791488
2019-04-09,-0.004983657721781221,-0.003683245416296388,-0.0014070636907073109,0.014167887518731104,0.02609259580720913,-0.012187310803226659
2019-04-10,0.008859932053608688,0.003683245416296388,0.008552453111418501,0.02432082816385628,-0.16549132099171882,0.011105176729442334
2019-04-11,-0.015753269705639283,0.0,-0.004617653206110184,0.0041864951726642285,-0.0710026104333874,-0.006335894912351314
2019-04-12,0.003922496595922809,0.010969031370573923,0.003779664330256338,-0.030463122903824802,-0.024956926766727783,0.006841036543153933
2019-04-15,-0.006756251640830158,0.0,-0.009405558212424836,-0.0066784769932026755,0.14375797801007284,-0.0024921006125779854
2019-04-16,0.009102385508106714,-0.03327478888487212,-0.002259249760746762,-0.00039424404216537035,-0.03805433111565204,0.008498124672789764
2019-04-17,-0.004227012164721877,-0.042232763623272995,0.00563858274297413,0.0031496089028962837,-0.09977518575358912,-0.0013993794780802205
2019-04-18,0.004383225552526682,-0.003929278139889525,-0.006062760904159248,0.02254273461243772,0.12356496390835003,0.001291804399536467
2019-04-24,-0.004236012385606003,0.0,-0.0108123772647426,-0.0015594545070692911,0.030930144045177244,0.0015069429854710492
2019-04-25,-0.011129011883393325,0.003944778291016471,0.018178646427033485,-0.021692824611259875,-0.07776321939287278,-0.015500265168348903
2019-04-26,-0.03019214702079065,0.01562531790308086,-0.05358547035582273,-0.0369585210493284,-0.024631680733668393,0.0032354840549047026
2019-04-29,0.0015787815088605939,0.0,0.0026713548399133202,0.053174023672632464,0.04166076902131577,-0.0030170321498639296
2019-04-30,0.006917178971891147,0.003868476777920238,0.013527854301437436,0.01402438256641414,0.1390284976614753,-0.0009105312668120646
2019-05-01,-0.004396301632502819,0.0,-0.002496533890293584,-0.012848142477849045,0.004886211154064846,-0.009555786920611098
2019-05-02,-0.028733022127376273,0.015325970478226814,-0.020341586562239833,-0.02379176455733667,0.1564801672959204,0.005466399010498613
2019-05-03,0.0037177768515155307,-0.015325970478226814,0.019508021634840667,0.013551423003092533,-0.19593786752471676,0.025324210715146123
2019-05-06,0.005149673433805013,-0.019493794681001098,0.0,-0.008747570690447182,-0.09884444456571995,-0.008526239228245025
2019-05-07,-0.014388737452099676,0.0,-0.013573286115025951,-0.03867772960511784,-0.03379565701030263,-0.0034959399849068262
2019-05-08,0.011656275734295285,0.038614836127779606,0.0015485327230413404,-0.04935071975696681,-0.06463814224545583,-0.018805218887369968
2019-05-09,-0.008891821579248393,-0.007604599385219291,-0.0067749024131362745,-0.019820071844322662,-0.029374030975451326,-0.011284087249604724
2019-05-10,0.0011360871139984852,0.007604599385219291,0.014342203098104633,-0.027510190336814122,0.051890551060840284,0.0005951274120228334
2019-05-13,-0.011091289690628336,0.026169717733384723,0.010001472451132365,-0.015668523312404647,-0.056671450299067505,-0.03885934611122721
2019-05-14,0.013844996784246,-0.003696861881326119,0.002484816297828374,0.026582683493083126,0.05364789116502955,0.015040185290303043
2019-05-15,0.0033912022810556053,-0.0037105793965357403,0.007691289116979583,0.01837380840213476,-0.026853233902835782,0.01011621334842161
2019-05-16,0.014404858553816347,-0.026366875840742154,0.02178853364647093,0.016733107288704363,0.06400655903839159,0.0011302841983971135
2019-05-17,-0.002545745209402206,-0.0038240964384035347,-0.01022613863028532,-0.01851088553470348,0.0815635200944076,-0.02435565840824605
2019-05-20,0.005560424208178816,0.03390155167568143,-0.009921929849935118,-0.011633240814006518,0.20724906002331522,-0.014613551939151925
2019-05-21,-0.0015855402084907766,0.01104983618658495,-0.0036948382780170874,-0.004510607557349777,-0.3061029738398884,0.019923911899861757
2019-05-22,-0.025716621316451693,0.0,-0.013804747113056237,-0.03169036716864859,-0.024415468210347235,-0.007744062125747853
2019-05-23,-0.063345268297609,-0.06429435070539724,-0.05089830634177517,-0.03320988303779737,0.18613339252604577,-0.02126492199658525
2019-05-24,0.012925643119113595,0.015504186535965192,-0.005720587657732423,0.017691114034332545,-0.1288661691273827,0.0024859438668070055
2019-05-29,-0.0011889598003591573,0.014981553615616927,0.006390705553374509,0.013151903993198544,-0.13570909350955862,-0.010329566467582652
2019-05-30,-0.04111237204849161,0.0,-0.01555063792625333,-0.04387923740119626,-0.06603902764992853,-0.0005969080341978739
2019-05-31,-0.054214803141586554,-0.03788331790230137,-0.040642283853943084,-0.046403934981924966,-0.16088689153784053,-0.019778744132614712
2019-06-03,-0.004496915953624114,-0.035367143837291226,-0.05573244512806763,-0.036405476385009794,-0.13297912306191684,0.008288736426867338
2019-06-04,0.004683849312426158,-0.020202707317519386,0.00631315228107443,-0.004778347291980567,-0.02627350990770827,0.030963207695045014
2019-06-05,-0.03674154583909317,0.0,-0.022594437703614467,-0.016094768026340578,0.1920568095032702,0.0008584696355846688
2019-06-06,0.01958587953838542,-0.02061928720273587,0.010087348364539395,0.018221297270027637,0.07153809600985905,0.004941355890244026
2019-06-07,0.02553170410289063,0.012422519998557258,0.020967111597183674,0.006352588859374286,-0.16202613551099798,0.011998369282105514
2019-06-10,-0.011558667091633001,-0.004123717183862063,0.0032707762201482637,-0.0031712500150171685,-0.029364439160729283,0.020008640320841486
2019-06-11,-0.0005626934407119144,-0.004140792666031401,-0.011730798478256865,0.010531956224238082,-0.09833189047091251,0.0037893755363453963
2019-06-12,-0.04156492207989082,0.008264509849893464,-0.030348919210511305,-0.040080170909337465,-0.02507520726974599,-0.01342099614103276
2019-06-13,0.024153429987658015,0.0,0.025933901001394588,-0.0287630447856555,-0.07450290003197058,0.015179485042405183
2019-06-14,0.0017167386190544143,-0.025001302205417297,-0.002373231079864091,0.005037794029957077,-0.020487796245093115,-0.0180681225508339
2019-06-17,-0.010152371464017929,0.03727139479723163,-0.009069996142478942,-0.04511184535902435,0.41266092841878077,0.002964541717353164
2019-06-18,0.03629888114885027,-0.008163310639160981,0.012548810530092602,0.0040804486811619745,-0.1312708864543053,0.027327173056702847
2019-06-19,-0.002230484196107607,-0.004106781952653349,-0.007923971730892099,0.004063866260523907,-0.031375452117948566,0.0026552604477965147
2019-06-20,0.056786182307640765,-0.020790769669073783,0.04038275725823581,0.026302259521652993,0.08479655884542892,0.007923739183432588
2019-06-21,0.00822905808039387,-0.047320656190071975,0.008369523100838272,0.005066152124635348,-0.19739117466283052,-0.007408256275004632
2019-06-24,0.006604125497462476,0.017467693040390864,-0.01265743166148603,-0.006195457721786757,0.25104711169652916,-0.0005154829084279555
2019-06-25,-0.0017337036242670578,0.0,0.016438726343159793,0.07245204172827469,0.005210670966409481,-0.014804091905433303
2019-06-26,0.026371391240027187,0.012903404835907795,0.009166793470948065,0.04117926122364646,0.04260575662449906,0.008041441642710367
2019-06-27,0.0001689902834609569,-0.008583743691391477,-0.0010476690324434657,0.022932211306018746,0.08098817692233773,0.01786024250168783
2019-06-28,-0.01669829223467101,0.04220035449037651,0.011020215772193254,0.0004927322100182208,0.02298678222081918,0.00624525467650372
2019-07-01,0.01212550079620378,-0.0378992725909858,-0.036499301073178,0.006383522781789219,-0.22422565518014004,0.01223168827781329
2019-07-02,-0.050659164798446454,-0.01295914464250536,-0.03724417317237183,-0.023274137946212914,0.12304828793450717,-0.005054408265467991
2019-07-03,0.018751655050204263,-0.004357305368955622,0.012831859236289489,-0.011083236877982405,0.04994962923596713,0.01054579276813783
2019-07-09,0.003828755112338378,0.008333381559144315,-0.009133897389503431,0.009806530201708852,0.030176523822049717,0.004256923919363054
2019-07-10,0.04599877507057659,0.03265596297405271,0.03228801630904776,0.034825623819059515,0.20826902221456223,0.0019257521731876892
2019-07-11,-0.005823159288200763,0.01988137055382888,0.018351876477757934,-0.01953480602064228,-0.01731479605813746,-0.007868986880904316
2019-07-12,0.0010006671949076562,0.0,-0.014744477405661982,-0.026135230812546095,-0.13257822859868895,0.01390743807819561
2019-07-15,-0.011568575661321745,-0.003944778291016471,0.003145834367234812,-0.027903889913982405,0.04478327372106339,0.004628411110244812
2019-07-16,-0.0318683812637115,0.0,-0.014917778339350818,-0.005353331842499975,0.017132419763683515,-0.001446284887975935
2019-07-17,-0.016500286587572965,-0.03622126343431831,-0.033969608623667824,-0.022253292781684864,0.11835616746508126,0.00024707481197960846
2019-07-18,-0.025453964291941134,-0.024897551621727132,-0.04776979596348152,-0.01604460421477083,0.04601993872653676,0.005630843665380247
2019-07-19,0.006153865574377804,-0.03419136474827944,0.005585688910748843,0.0022284131784262584,0.2596403755461063,0.0024885661534739256
2019-07-22,0.008087024036225188,0.01295914464250536,0.014959628572466244,-0.01175496323144365,-0.4757028592696013,0.0018536334764531759
2019-07-23,0.012628002402363947,0.004282661792000764,0.005151331417129867,0.00841047850859633,-0.25823102643572415,0.010393405689044677
2019-07-24,-0.012091185712368002,-0.004282661792000764,0.024582952302168337,0.029163002055827447,-0.010836917903598753,0.016190241824891594
2019-07-25,-0.00035784577229236447,-0.030503454293414833,-0.005655945949587071,0.011859977290750057,0.1307077331416533,-0.02417556356804873
2019-07-26,0.002859187080045622,-0.013363227812167033,-0.01604100146344578,0.05626483858613762,0.08645941034248672,0.004555974980303468
2019-07-29,0.014350498727738525,0.0,-0.0027254525888791292,-0.004569695690065156,0.09741789031670045,0.0015602520371329476
2019-07-30,0.020716207819441834,-0.004494389587839209,0.0041653376468664405,0.02264247674975961,0.02675002435255358,0.007008366190762949
2019-07-31,0.008407015287142272,0.0266682470821612,0.02400999873801002,0.0009945301665085227,-0.17172998699555908,-0.006592709794062124
2019-08-01,-0.08724438488965136,0.03448617607116933,-0.018430071944535165,-0.1058024069597584,-0.014755520994520488,-0.0068805219840673
2019-08-02,0.037146343781938373,-0.10724553035359752,-0.028707018848129984,0.006058955467736493,-0.03410709211491003,-0.009670713070025982
2019-08-05,-0.018858219787789565,-0.048318577270807794,-0.029892627588533394,-0.03293627323148307,0.10644378458468928,-0.04534037897360399
2019-08-06,-0.0190341143308701,0.062370330726458034,-0.011700006293607679,-0.02238256996819521,0.04986813968202153,0.016370446339453615
2019-08-07,-0.046982098213715684,0.013857034661426293,-0.0633680199044564,-0.023489042337123567,-0.06346665815149954,0.02193872267585295
2019-08-08,0.028149149880623447,-0.023202897079664053,0.02263840840426745,-0.0053619431413854945,-0.05735635127971506,0.02250831244432927
2019-08-09,0.03383184075416956,-0.018957913744614086,0.01900461913784479,0.007142887512380125,-0.06968873824975796,-0.02063084328730369
2019-08-12,0.010421522239266068,0.05582844955294186,-0.004192145877408571,0.005323881252749962,0.14160789488850023,-0.013898516730149524
2019-08-13,0.03695859357098463,0.013483350337287092,0.047347132385032076,0.04442611135047558,-0.04366871490768354,0.016831640133473158
2019-08-14,-0.03369002338298355,-0.008968669982760358,-0.03465020557341436,-0.03503085727283273,-0.06088199381408366,-0.03797515022145603
2019-08-15,-0.011853881848911563,-0.013605652055778794,-0.008504780934209144,0.022537793025366182,-0.018720392044324186,-0.005549954519583622
2019-08-16,0.005853318339767988,0.0045558165358609015,0.028015925291939858,0.009101314246345638,0.06165523172335696,0.024106326980557036
2019-08-19,0.02539075808645208,0.026907452919924135,0.01330097898709326,-0.012535776694980405,0.3141128460892615,0.015883831168802764
2019-08-20,-0.0010674258263119185,0.039050514871873165,-0.0127926336402151,0.009132483563272564,-0.11999048793176126,-0.0019495601942569607
2019-08-21,-0.009478743954543845,-0.017167803622365363,0.026249103822671316,0.009049835519917893,-0.0654121382685382,3.54804946027798e-05
2019-08-22,-0.005766820811535567,-0.013072081567352845,-0.013122022018803747,-0.00508045123241907,-0.09082661159658656,-0.008873741876347374
2019-08-23,-0.022850825175309453,-0.05870760082677795,-0.01975581347806976,0.02735308684154225,-0.21987179722496242,-0.033079813319778495
2019-08-26,-0.010035393642502388,0.03653374333245596,0.0,-0.01107431029909367,0.02028442907973238,0.008694105233066907
2019-08-27,0.02672231242751666,0.0044742803949211485,-0.0034164706958970115,0.029623669210225634,-0.05871711865967644,-0.007880435538053732
2019-08-28,0.013905415932545573,0.0,0.03331958907602761,0.12484512736856224,0.07938567716513711,0.007660332822565508
2019-08-29,0.016188203729259776,0.05218575317057017,0.0028096869983711414,0.05205636195605323,-0.008692352532152281,0.012505403868112275
2019-08-30,-0.028639866907138156,-0.012793351459909452,0.0073995240193038825,-0.03221631581199558,0.055946647623010826,0.0005795421779133392
2019-09-04,0.04195657601480818,0.03696519423347144,0.04637876937179897,0.06845291467037695,-0.025204671413819213,0.018601957990572515
2019-09-05,0.001954687428236568,0.004024150299725582,0.0327472931585433,-0.03412972450128793,-0.2413797398802453,0.016126774931048082
2019-09-06,0.0021280376890491226,0.0,-0.022907922206539588,0.01504517580887721,-0.012358169222335125,3.562839583537425e-05
2019-09-09,0.025016611167611558,0.062276929521514424,0.04327329571903338,-0.056988418089433,0.17643115459868985,-0.0012477497563647688
2019-09-10,-0.008850383149503038,0.007518832414027399,0.010570594307132808,-0.02949761084503577,0.235077700687766,0.002991987984468203
2019-09-11,-0.030259762516035238,-0.01509462622248503,-0.02584527912937329,-0.010559760215002267,0.1385621443504803,0.022472065503479577
2019-09-12,-0.009567723496152425,-0.003809528416667596,-0.03652045860155617,0.010559760215002267,-0.033421345138703984,-0.009679467553854515
2019-09-13,-0.006734032181344496,-0.0038240964384035347,0.008032171697264445,-0.0005253480551610235,-0.3473054916087053,0.005392925243027591
2019-09-16,0.14176076912692004,0.05225069034387786,0.11070133012462247,0.0874929565799627,0.370489817028548,0.00150063717982718
2019-09-17,-0.062786227401749,-0.01834913866819643,-0.042241934243814505,0.019075447258752876,-0.32675480082716746,0.008472861299938295
2019-09-18,-0.018221023476840514,0.007380107297622507,-0.02001914715204922,0.01779073140298293,-0.12116319935687603,-0.0015225970136496514
2019-09-19,0.0,-0.026072240309775174,-0.0006223743782660662,-0.03542282984248435,-0.08631596692643306,0.009478417248497628
2019-09-20,-0.0046507705911169595,-0.12440871062852077,0.015137762032675361,-0.007722046093910362,0.037578418522215884,-0.00464181554481069
2019-09-23,0.013206606492781603,0.08594242980072475,-0.008776713510717293,0.07196004130885902,0.3337076039874196,0.00625281179718673
2019-09-24,-0.02536586694827836,0.0,-0.0082304991365163,-0.014990060380621784,-0.23989466069481047,-0.031061746289164915
2019-09-25,-0.014789001935997526,-0.003929278139889525,-0.027186754214819864,-0.0101196815766319,0.07576356303847831,0.008443321927599001
2019-09-26,-0.002486238183557532,0.011741817876683158,-0.005301643070987794,0.01605170901050801,0.04780776873700976,-0.010140574907432587
2019-09-27,-0.005169812744474811,-0.06427915140456475,0.006422629656467116,-0.004103037440703727,-0.07709440429447145,-0.01587363227201788
2019-09-30,-0.03380910887459887,-0.016736792355523833,-0.024136589223065386,-0.14951699764075177,0.28060526670569264,0.0050927198259431705
2019-10-01,-0.009100257806579304,-0.004228336109521114,-0.015365853753181113,-0.03015845149124552,0.02933167421944649,-0.018084850461364432
2019-10-02,-0.017503034581458632,0.0,-0.03628131447772276,0.41435566834669435,0.3994021058236452,-0.017231353842001695
2019-10-03,-0.004948620681223037,-0.021414094503816483,0.001552661400511468,-0.04281096543180685,-0.3857773093361221,0.006685282244137447
2019-10-04,0.008171066840049868,-0.026317308317373445,0.01912300035476555,0.007887364833165877,-0.46615936911106326,0.01356485946569741
2019-10-07,-0.0015151518050107171,0.04773140282118993,0.00556540773721359,0.01889995113048404,0.040007021398783316,-0.004258035730176246
2019-10-08,-0.0022770408320522684,-0.030109801471370434,-0.022449922439221837,-0.12746633168194343,-0.08529979024939571,-0.013438298865973586
2019-10-09,-0.0001899876513742349,-0.013187004281953851,0.026478125267826336,-0.026623165484461975,-0.0146104707902861,0.00784259989090419
2019-10-10,0.017702910527181537,0.0,-0.010439562735377272,0.013611439410986303,-0.0061512125746614466,0.0064706215637828635
2019-10-11,0.021970790527378714,-0.05924283356286075,0.025237405293718318,0.039350697230414955,-0.03261033533423019,0.012888922498869526
2019-10-16,0.011484640962972748,0.0634462217389622,0.0018566973010463172,0.002956707539416681,-0.017645809717319327,-0.005667566645037425
2019-10-21,-0.008782640775638395,0.023754086008107023,-0.016988046251016797,-0.03374785133979974,0.10468450631606663,0.008442776758911918
2019-10-22,0.017304367040113178,0.036870535808327776,0.025953738053416053,-0.07056758845491562,0.10486658810815097,-0.008228153779120895
2019-10-23,0.030698986888806346,0.057158413839948574,0.0003305238833588575,0.021213740855661745,-0.002597721177584944,-0.0005008586252381875
2019-10-24,0.0037496696018273212,-0.004282661792000764,0.019472103412820907,-0.009735068770752586,-0.011773938717091426,0.020472486633235754
2019-10-25,0.007280508053446155,-0.030503454293414833,0.005655666687258254,0.0262820168984782,-0.016586003266453986,0.007926987888462023
2019-10-28,-0.016411356559790313,0.09691789719242194,-0.02727813070042373,0.06258452227114253,0.052770147166288695,0.009864231580653637
2019-10-29,-0.004687226897756247,0.04706751085798566,0.01086967223690305,0.006443640634704151,-0.16111681891409146,-0.006634669625796619
2019-10-30,-0.008893787637540562,0.03759841355700755,-0.013688677503125746,-0.015936592262812632,0.09080051324864025,-0.014844581982332627
2019-10-31,-0.015247838356769794,0.00735297430525883,-0.01539521704990765,0.14202931929491336,0.1291560520909245,0.006593738816824235
2019-11-01,0.0367113731043367,-0.07213752816642316,0.014564583228580119,0.025372249011061165,-0.05693775264210643,0.010328909926558438
2019-11-04,0.005161531437815725,0.08668323916880194,0.0383126163210159,0.0008488964856130377,-0.0044436231089086675,0.010736880047133468
2019-11-05,0.012525523199418132,0.0,0.003193870488876094,0.005922183129274283,-0.019270854679616534,0.011875128916240207
2019-11-06,-0.01572609492158783,0.017889564750775078,-0.009773369470940096,-0.019591768043948687,0.06162423307608922,-0.006447475590969809
2019-11-07,0.013444391430580183,0.007067167223092419,0.007858271534840533,-0.15709407546963983,0.04004724557272077,0.002380224864788616
2019-11-08,0.0019310108694936545,0.010507977598415152,-0.009630893060960766,0.009018097188852603,0.1315748604829894,-0.001325426284539688
2019-11-13,0.003698815313457615,-0.022305757514298197,0.0012855537685627638,-0.007766024016999995,0.304629012318137,-0.009625433565233266
2019-11-14,-0.005464976139921696,0.0074906717291576275,0.0030465829705725866,-0.009399547011504361,-0.2254950294127891,0.0038544894480656566
2019-11-15,0.017001548768337926,0.0074349784875180625,0.013674883157878348,-0.0779899018162773,-0.3492912965037407,0.01137414516723112
2019-11-18,-0.01259198169736031,-0.022472855852058604,-0.007927740902310632,0.012401511815869237,-0.05578724708798788,-0.0054001278753323945
2019-11-19,-0.03382872907151313,-0.04255961441879608,-0.007189103572469158,-0.010701313049834016,0.17576137410839987,0.0028049561318264082
2019-11-20,0.0318909146714077,0.01178795575204239,0.022668799812712415,-0.006818208231777034,0.16767543035165033,-0.010994342166051219
2019-11-21,0.028680161628648726,-0.01178795575204239,0.018480221555513765,0.019198782801331138,-0.30415949321015656,-0.0026649371745630646
2019-11-22,-0.011720230677891408,0.034955015033576786,-0.0024649527193529863,-0.05164658886216689,-0.12574030104733902,-0.005007384335343978
2019-11-25,0.0019052573529929617,-0.042891564629313095,-0.0024710437284030107,-0.0017683470567418924,0.10262667614196408,0.01947627106062022
2019-11-26,0.007928342116123588,0.0,0.0023167822548995076,0.038766786681574184,-0.2062634939064103,0.0019201946306646178
2019-11-27,-0.0022342537437278764,-0.020121403199421017,0.00323450416765958,-0.018906320812834276,-0.05008186767848333,0.01652212948399434
2019-12-03,0.00321084828118412,0.05521572260244678,-0.003963540662455856,-0.043017385083690796,-0.10495197583965332,-0.00248940450163726
2019-12-04,0.04031607849864738,0.004123717183862063,0.03588528571244698,-0.0064851070344703055,-0.1188401099960048,0.007115317819191169
2019-12-05,-0.0006844627235045309,-0.004123717183862063,0.0064161540000782225,0.014212125519180718,-0.023943717150363586,-0.0032828650681304694
2019-12-06,0.013263244930365126,-0.04652001563489283,0.012559747458927184,0.01464527926982273,-0.02494460144735955,0.011708524771428586
2019-12-09,-0.0035536038749768295,-0.06252035698133407,-0.0009026629167143696,0.02558641918699195,-0.009151170821721788,-0.006721484061546157
2019-12-10,0.0038913846584618383,0.004597709248629567,0.0019547408675180122,-0.0037037079374843684,0.1288209167658878,0.005261242198461247
2019-12-11,-0.008138396902971579,0.04485056616535166,-0.018190587987973572,-0.016838564362829544,0.22917683356003415,0.010275816906991864
2019-12-12,0.007462721201589417,0.0,0.01969163900533033,-0.017766964814645958,-0.056187743961721104,0.012284123237551015
2019-12-13,0.01559257007900694,0.0,0.01148323706363108,0.01587839012677772,-0.14223758027106825,-0.0010396024457319797
2019-12-16,0.0016622344252859023,0.02597548640326064,0.008857453834060891,0.025506826036076513,0.027064222380253078,0.016888917885273358
2019-12-17,0.011066262077074285,-0.017241806434506124,0.013865799030356563,0.029057734479542796,-0.01467148526525719,0.005164181065609341
2019-12-18,0.0008209507069727451,-0.017544309650909473,0.0018825579377832469,0.0035735594908650192,0.30904917742088767,0.006970656532331532
2019-12-19,0.006054178681762501,-0.022372297754532977,0.008356193270677714,0.014167887518730993,0.07417725439545375,0.004693587233973062
2019-12-20,-0.014294172568698471,0.026787315963649916,-0.015033529736932394,0.0,-0.28861008262322674,0.005390848634876377
2019-12-23,0.001322970260762446,-0.045052663940943205,-0.017187349274230712,0.006427132845851169,-0.2936889642091014,0.008249202407961675
2019-12-24,0.010848232620244147,-0.028039220064393078,0.025888100218961263,0.009275428818130593,-0.06748453398124754,0.001734552084264429
2019-12-30,-0.001620483258516714,0.16309019486606713,-0.0088915387923727,-0.011768138052854371,0.05220040626570421,-0.0008033369812530111
2019-12-31,-0.008469105995315473,0.014458083175229786,-0.007790147428722527,-0.0205018570441875,-0.009939179587536096,0.004287285070431857
2020-01-03,0.02947785313705875,0.004866189651173025,0.029826643550790344,0.026622926096271038,-0.07928537629237553,-0.0016665407993201597
2020-01-06,0.004276556767260686,0.019231361927887547,0.01679505493537725,0.0122223743746942,0.1875524470168788,0.001212305043156725
2020-01-07,-0.009049835519918226,0.03278982282299081,-0.021729036792168088,-0.012781502149953883,0.03474814768415824,0.008805581459003342
2020-01-10,-0.009107838301014581,0.0,0.002849645722898586,0.0016133372684667968,-0.1705636016188259,-0.0025618888568859077
2020-01-13,-0.01450661159212352,-0.009804000096620857,-0.040185683604768485,0.0026831247650385137,-0.001833774894304696,0.0278551517345198
2020-01-14,0.0029182065169051086,0.057432049085875514,0.004821535120187903,0.016476588527724934,0.0936738371052197,0.008866099982530962
2020-01-15,-0.008261664891586307,-0.06733312006858716,-0.018162390597982636,-0.009533970521548807,-0.08136055310704293,-0.003456224638677341
2020-01-16,0.011342276603934387,0.02457126073050553,0.020951360487590165,0.004778347291980567,0.12590234189980043,0.00601189804222102
2020-01-17,0.0005125138918025129,0.004842624475787871,-0.009014670932060653,-0.022496931642648432,0.09342220177753813,0.004920622144071629
2020-01-22,-0.025912240153968646,-0.04652001563489283,-0.024649415282734566,-0.03264466914127573,-0.17932455456348873,-0.002947430219365721
2020-01-23,-0.022268667589771418,0.031252543504104446,-0.013779905166583006,0.06794245122229958,-0.027823862074359607,0.005914414127762058
2020-01-24,-0.025913858818734425,-0.020726130517117025,-0.03184348654195279,0.0031479564295980866,-0.1501833354278257,-0.009297646206136712
2020-01-27,-0.01866073928775558,0.060932550995157486,-0.013573333598936088,-0.03031340851962283,0.08782109132548754,-0.033946725757942886
2020-01-28,0.004510438016930518,-0.035091319811270116,0.014078767018843585,0.013941244562083344,0.026666919256165045,0.021336940974622465
2020-01-29,-0.0007503283038197139,-0.015424470325631656,0.0015147692873682672,0.002658868888944288,0.07869194201320484,-0.0019630491292401686
2020-01-30,-0.020857790653369346,0.005167970158442614,-0.029700083664281784,0.01423699238352305,-0.00697423678575726,0.011292412218215198
2020-01-31,-0.011756905202123136,-0.015584731016698328,0.0008658758875039752,-0.01636352162721011,-0.04006112513171978,-0.0168850896854309
2020-02-03,-0.029911714449570415,-0.005249355886143725,-0.06748556322889954,-0.0058713806246774025,-0.16267106446442048,0.029688853010895855
2020-02-04,-0.009433085502585481,-0.005277057100843696,-0.0018535686493232895,-0.013473661118964642,-0.0859520653986956,0.05317304981200355
2020-02-05,0.025484158333631157,0.0,0.026726833394463245,0.029406021500049784,0.1668628001883916,-0.022177455883826802
2020-02-06,0.0013751107166370957,-0.016000341346441016,-0.0032567425202740807,0.0,-0.06251277589926074,0.0031673246225274454
2020-02-07,-0.011848479844140947,0.03694351519168415,-0.011849559851170088,-0.027779564107075605,0.07256229601401909,-0.01729609350716732
2020-02-10,-0.015010789206127306,-0.04233436382656064,-0.021127546425875554,-0.0021691982475452454,-0.012687812446777524,0.01623233616171582
2020-02-11,0.00823380492710335,0.0,0.011360584052179767,-0.0038074563265816375,-0.07068361552786673,0.0155432319552391
2020-02-12,0.022348403663762006,0.031917602968304926,0.02811943531437855,0.03480940466586113,0.06936185708059961,0.016865333744829236
2020-02-13,0.0054612969755054586,0.020726130517117025,0.014301280569573471,0.01877010268199053,-0.09909456128099547,0.004034124095169567
2020-02-14,0.01198776923479894,-0.010309369658861312,0.018116756165553305,0.0020639842208515224,0.33416207181056246,-0.0021864265918063452
2020-02-19,0.02295898207534819,-0.014815085785140791,0.040494129095609566,0.02838900326268623,0.08828653282097898,0.0451747993567011
2020-02-20,0.00859175998691697,-0.01503787736454043,-0.0025148810303932123,-0.005102051883895564,0.16745953370481637,0.006721005422209991
2020-02-21,-0.007654289214218402,-0.01015237146401804,-0.01641739505762896,-0.017023882889228403,-0.05421435560716015,-0.0182337965138073
2020-02-24,-0.03820174222566264,-0.010256500167189042,-0.032784134557030775,-0.015731839918414203,-0.2344430222824605,-0.04473556479005758
2020-02-25,-0.031246362442259645,-0.005167970158442614,-0.025358501676095102,-0.11409007445592112,-0.004504502924364662,-0.03318651797148586
2020-02-26,-0.022550473094082868,0.015424470325631656,-0.005986412435746935,0.020522561372027237,0.008491563297474247,-0.012817177162284032
2020-02-27,-0.03130472654919281,-0.096331108938432,-0.051714742258772706,-0.031243331117128847,0.13562272225886618,-0.05898250335607447
2020-02-28,-0.05088053912882229,0.005602255548669888,-0.017005240701448265,-0.014475524173785725,-0.006099759605377564,0.002277971838717363
2020-03-02,0.0425782029886852,-0.02259983191724102,0.023308384480722033,0.06412075466295108,-0.07295664206692365,0.03921510322820154
2020-03-03,0.010420083649111955,0.016997576368571132,-0.005345564466419539,-0.0074349784875180625,-0.04126470658396686,-0.00794146668742357
2020-03-04,-0.010420083649111955,0.027702602549335764,-0.007300704857657436,0.02101753025338704,0.008778659994519877,0.02609219776712912
2020-03-05,-0.01899064408953377,0.03226086221822144,-0.01105197870934127,-0.038389130964147755,-0.016647061382239592,-0.01770203649296853
2020-03-06,-0.10948423284168829,-0.07126302002149054,-0.11758808488083661,-0.10913189668038992,0.16402746403483137,-0.028293446750514484
2020-03-09,-0.28138207584532315,-0.011428695823622825,-0.25517525514928696,-0.22232955045526256,-0.1148943560631448,-0.11242922837993241
2020-03-10,0.10449057214928592,0.09321812883210079,0.006770124589310367,0.038312746466504316,-0.09148831942226954,0.04128533721692573
2020-03-11,-0.03965016421696932,0.02584123118388737,-0.03199358850069611,-0.03912674732545146,0.17097899911398606,-0.06737718550237393
2020-03-12,-0.04854872033413127,-0.07410797215372178,-0.10487683971127515,-0.14429173036513987,0.05819245687405683,-0.12166224982613194
2020-03-13,0.005056900788973806,0.06385147198653274,0.038885885493388894,0.031484081933282344,-0.07925330204886549,0.03881916712373101
2020-03-16,-0.09103182924913122,-0.02611114400368575,-0.1420280740044464,-0.4492541252318256,0.13811743179092106,-0.1558075019898686
2020-03-19,0.20302056020702386,-0.029327615094520088,0.05089830634177517,0.01733691965327705,-0.18958863016923333,0.06363592377474792
2020-03-20,-0.2530810621639419,0.04652001563489294,0.06341716705034539,-0.25893265916579505,-0.016773401716841274,-0.019292375771865267
2020-03-23,0.18035178781894956,-0.03468555798789008,-0.07305478616906314,-0.24411082415814067,0.16326696941743934,-0.023564510121675042
2020-03-24,-0.10379009631873037,0.017493157447517227,0.031090587070031095,0.07944622689235581,-0.1470302829217971,0.13138509416401867
2020-03-25,-0.013403743037900817,0.03966525639243146,0.044700178917906896,0.06468767469143122,0.24203641106710183,0.046880322535488794
2020-03-26,-0.2231435513142097,-0.03966525639243146,-0.08424747600616156,0.006688988150796549,-0.16110954139445388,0.026711185221969913
2020-03-27,-0.06985382720091682,-0.017493157447517227,-0.05051138985176351,-0.10536051565782623,-0.07503876386222652,-0.06658181656482487
2020-03-30,-0.0933740707774584,-0.029852963149681222,-0.15422512059105475,0.0024660924951934726,-0.02212479230606368,0.005657016105990564
2020-03-31,0.3747377747001668,0.035718082602079315,-0.2563894447709001,-0.15415067982725839,0.10652800098348125,0.007188498817218836
2020-04-01,-0.011277393361306842,-0.01176484157958635,0.008048333182828493,0.0,0.05348893020131529,-0.07514305813920785
2020-04-02,0.2164148498932188,-0.08647359800382681,0.30161264598772775,0.2614797000577569,-0.1288598942671011,-0.0002053852006644874
2020-04-03,0.11892967304772561,-0.03278982282299092,0.18404931237616662,0.10690799026750808,-0.15716338117724193,-0.011486305684935694
2020-04-06,-0.07883868432861174,0.08923113372794261,-0.07464559807391558,-0.09590677920553448,0.11503377390314196,0.09006798183820042
2020-04-07,-0.10743991550318466,0.10961972501722256,-0.021486950197808774,-0.29280091361068783,-0.05557491977609841,0.01787811783581006
2020-04-08,0.05897400245955131,0.016260520871780426,0.1320597220130666,0.12136085700426724,0.08170988247120414,0.03903130725587811
2020-04-09,-0.08653819373148774,-0.06669137449867235,-0.22047067935711961,-0.007822725681209008,-0.0603635821763957,0.02396258140470131
2020-04-15,-0.009474017509373933,-0.04652001563489294,-0.09347194399257353,-0.018397365139716126,0.08188241748113212,-0.03191418205940444
2020-04-16,-0.0070387419814759156,-0.05505977718302729,-0.05769331623301799,-0.14842000511827325,-0.10799529547027698,0.004563319579283132
2020-04-17,-0.07924417021542274,0.07275935428242825,0.05516486987965896,0.05390526483620239,-0.08219719132928294,0.028649066813371427
2020-04-22,0.42583241093259794,-0.010471299867295447,0.41202250865432344,0.32158362412746233,0.0034432569248710188,0.045163453953203536
2020-04-23,0.09903556995643159,-0.021277398447284712,0.08954990963118403,-0.08183001824763225,-0.0004911694391851462,0.0036419992944756174
2020-04-24,0.05992130447411537,-0.0272496424473756,0.05238831216657003,0.03428907347863219,0.037132146819958134,0.009030551959290811
2020-04-27,-0.272989619846427,-0.07453305186256687,-0.04511074117787661,0.15415067982725822,-0.004745251151021979,0.044838161339165516
2020-04-28,0.018722565611555275,0.06899287148695155,0.027951120895050252,0.07273119359755864,0.01041002141796854,0.010217407080796548
2020-04-29,0.19301684591070245,-0.03966525639243146,0.13529266119286198,0.12340567325735985,-0.07575871714431592,0.059084475957920546
2020-04-30,0.2457582410789949,-0.059541393691016686,0.013900696446969008,0.024756964725275832,-0.030413468617551676,-0.04086454946934026
2020-05-01,0.025161789573800775,0.0361485141163112,0.020765773503711227,0.005134799472038515,0.0005232539224979682,-0.05661372946738741
2020-05-04,0.03732705049870866,0.05188483536901167,0.09830485545113721,0.1009976189643696,0.08038404985230141,0.014921725624765791
2020-05-05,0.1821587036057437,0.08090663861280034,0.22157369227908985,0.04304175125856809,-0.02889595107827958,0.008834381403977076
2020-05-06,-0.02807781475454041,-0.01566611674439944,-0.050755959966619635,-0.016769537753044184,0.1411229017624529,0.023931236790982524
2020-05-07,-0.00841047850859633,-0.03208831455150041,0.0012389016657934349,0.04626375650425907,-0.12046772263670036,0.01535165961636853
2020-05-12,0.06993608458431533,-0.05439407206579866,0.04368510694053018,-0.026184778995066934,-0.080962857281901,-0.027654896562503417
2020-05-13,-0.015255527624962184,-0.03154835773492598,0.044728863445474776,-0.059923337161765386,-0.0715855534216625,-0.03480932061133668
2020-05-14,0.07697563978283384,0.025317807984289897,0.06858643058862102,0.08511358599032383,0.004898706029295763,0.008111892551668554
2020-05-15,0.07181128046665108,0.036813973122716226,0.03551836690258625,0.03902934390573529,0.19388661895955828,-0.0009509319849332343
2020-05-18,0.07805494743332586,0.06416194421728594,0.07318439785579312,0.06841854391301391,-0.1665710071694475,0.06856782953144958
2020-05-19,0.014657988934609456,0.0442060925044957,-0.007233304593520007,0.01771525513525693,-0.15451487503842953,-0.0021046086824609844
2020-05-20,0.03826765137039434,-0.010869672236903938,0.050143208004313156,0.008741314401573552,-0.0351322597705912,0.018259574366093823
2020-05-21,0.021810472572888706,-0.044700178917906896,0.0005752085289456588,0.0164008855394166,0.13257329185018296,-0.013759329916550378
2020-05-22,-0.023898467365780718,-0.028987536873252284,-0.028581706437163845,-0.003430535096789228,0.10252248091960992,-0.007501777186356584
2020-05-27,-0.05631117156271559,-0.005602255548669888,-0.03659676549161617,-0.04913268857764454,0.22816886919378288,0.014313953177113703
2020-05-28,0.026178717782885386,0.005602255548669888,0.03748002773069681,0.019591009477169533,-0.05244893799730743,-0.026284974670224948
2020-05-29,0.05489535278738078,-0.051587368790493304,0.004990469773012762,0.044835095269973424,0.025818669936629846,0.014057004732973333
2020-06-01,-0.0022516193019588293,-0.06689423483003015,0.07310349377018088,0.038052564535794337,-0.49755338502746094,0.025616775620594723
2020-06-02,0.03841843202998785,-0.006309169193264741,0.026324377978276914,0.004050228299022907,0.22132064446051203,0.0019457422193820406
2020-06-03,0.012127894238099568,0.1523407245820188,0.00686924761888319,-0.024551151294956414,0.36991304147342197,0.031058566862727233
2020-06-04,0.002408027919451161,-0.09097177820572677,0.011258136973673505,0.039794125930612434,-0.041465840460940484,0.001452628436422465
2020-06-05,0.0538421544526142,0.06899287148695155,0.06525422434649464,0.04666476485711854,0.10141443738756717,0.029714595500291097
2020-06-08,-0.03399760854141931,-0.06899287148695155,-0.033228943612658046,-0.014542927568818698,-0.4214994026913099,0.02654738340113827
2020-06-09,0.020998827322276092,0.0,0.01972352041285097,0.009209581593456029,0.36018454923037035,-0.008677065466912381
2020-06-10,0.014264123663056072,0.023530497410194195,0.01788605809514232,-0.006899222460271748,0.0395404257187959,-0.0038521838129241814
2020-06-11,-0.0819202067219984,0.028655255760376086,-0.08670236032234335,-0.035228691883743946,-0.2158732464077242,-0.07277877390751364
2020-06-12,-0.005229129845693681,-0.05815592015707405,0.02044632170892058,0.018942950012958454,-0.19221396425018078,0.021572147775602346
2020-06-15,0.022644535987862202,-0.01812738459255675,0.023083866748214277,0.03155321400157399,-0.07644474062048623,0.02529749578579832
2020-06-16,0.0315969468494659,-0.13702179756429111,0.03267530995243684,0.018018505502678306,0.014292395194150487,0.018056227828640914
2020-06-17,-0.009190034483863574,0.08058048665933942,-0.0068948807990971694,0.005194816877103936,0.11646896644724825,-0.018928009885518904
2020-06-18,0.022947551923632403,-0.02614528010432232,0.03113849240909028,0.03419758483355667,-0.018891985215983453,0.009757457913311285
2020-06-19,0.023692357725096258,-0.013333530869465204,0.013796603235967542,-0.0021482285382894983,0.11644419029181519,0.00026169104904205653
2020-06-22,0.02191322743071522,0.09592012187873922,0.020344440717232626,0.009985817643214212,0.214282511675139,-0.0022527841878474675
2020-06-23,-0.004938281640582964,-0.018462062839735283,-0.01117330059812538,-0.006407996295330287,-0.13437176672459605,0.0053877467846366045
2020-06-24,-0.06361485543886092,0.018462062839735283,-0.055837409684835304,-0.08183001824763214,-0.20834606363382813,-0.02659070371246841
2020-06-25,0.019590544251941733,-0.0694285064317629,0.019122916632539066,0.010027079769127256,-0.021952734575347854,0.005982284692801265
2020-06-26,-0.003368315142118661,-0.07461086379117476,-0.005112610040863608,-0.07074860550540152,0.1592615494758456,-0.02638618561391759
2020-07-01,0.015414076503719176,-0.04058528011507834,0.01288493130386037,0.0,-0.04224075623482104,0.003224519438870921
2020-07-02,0.017153932124718274,-0.06730368189610664,0.023662811921981053,0.02266607389922537,0.17694029507779874,0.03041259055391965
2020-07-07,0.0019728736362072397,0.028820438535491988,0.01278938488229242,0.03407737143576356,-0.034921717696009935,0.0048807613719494825
2020-07-08,0.007852801090500794,0.011299555253933335,0.008970732959243666,0.0036350458056327306,0.06335354484538147,0.024190511646058788
2020-07-09,-0.031535822479519915,0.054658412537863965,-0.030692946399406118,-0.024239159537664312,0.09154832860800965,0.009528342718959415
2020-07-10,0.02294364982114061,-0.04905615698919408,0.021491133138729968,0.021332180746355234,-0.15430476815953487,0.01608444425452049
2020-07-13,-0.012404029045255616,-0.02259983191724102,-0.009753909193004784,-0.02729789568035157,-0.13837792263267357,-0.021374376101471526
2020-07-14,0.005973138714964854,-0.0057306747089850285,0.002796552743114855,-0.002246350626374072,0.01226297149893707,0.037490509946463746
2020-07-15,0.022086787402843644,0.011428695823622825,0.022777931748517055,0.0029940142126047564,0.08436635986572227,0.025545144952874743
2020-07-16,-0.011227845556820881,0.016901810802603223,-0.005703220660197239,-0.023441527063951917,0.03666180051926027,-0.017386847148360474
2020-07-17,-0.00467463023723802,0.0,-0.0041265533110173,-0.05909556953075684,0.01724956279450396,0.005445568794701039
2020-07-20,0.006881324770062314,-0.04572224933809521,-0.005297720555761831,-0.010608014612193462,0.425971729243245,0.0287777320344329
2020-07-21,0.022521838242898884,-0.02967576814611661,0.023057750202954086,0.04491532811125484,-0.3512830808634311,-0.008521152943885113
2020-07-22,0.0028694424279529507,0.01791092656653026,-0.0074754000847834234,0.04523576888304262,-0.16471891760984292,0.003866832956806121
2020-07-23,-0.021480251486089674,0.03488725900044054,-0.02346553492600556,-0.0007499062968604475,-0.13668263013032833,-0.010187858530501082
2020-07-24,0.005838012202562304,0.011363758650315137,0.007652211253279972,0.03826809844273027,0.008470438391838364,-0.022859995515699616
2020-07-27,0.005562960288824748,0.0442060925044957,0.002307338356370092,-0.0043415408281370915,0.40833073132616926,0.025021325681590767
2020-07-28,-0.013843572631082601,-0.010869672236903938,-0.006474011051216255,-0.008740041069352222,-0.22978670907518772,-0.02624947681080947
2020-07-29,0.00585224786578209,-0.03333642026759176,0.009235807973545729,-0.006605528605308053,-0.07416476749743062,0.015417416633317416
2020-07-30,-0.03161537700610895,0.022347298691996587,-0.01225590551822453,-0.007391016646389137,-0.011965592976723727,-0.011453285685224301
2020-07-31,0.006253929076299514,0.010989121575595173,0.0034839194453875066,-0.01947627106062072,-0.19059091739257727,-0.004425076773171277
2020-08-03,0.018040771018960733,0.06351340572232589,0.01450134745397369,0.02391743306058869,0.05125338792626977,0.0340793702375537
2020-08-04,0.02036434010287813,0.059719234701622215,0.0052421772469029015,-0.022405716975266776,-0.10698317616741848,0.029459705454084606
2020-08-07,-0.018534650216822435,-0.04989697114462299,-0.02177170497753922,-0.017510915651807957,0.11089145481711071,0.01014642062268667
2020-08-10,0.01877311450792485,0.013857034661426293,0.002719240288752811,0.017510915651807957,0.21580995173100082,0.012589591165677483
2020-08-11,-0.009823967831111613,0.004576667027411663,-0.011608187705999029,-0.016743161295477482,0.05001164128991942,-0.02650134468559706
2020-08-12,0.025438195632662808,-0.06606175067809261,0.03177016099634322,0.02800031582011203,-0.12520098502430788,0.03176972684551771
2020-08-13,-0.008013241087414524,0.06606175067809261,-0.004891072445100786,0.03519424812179267,-0.12989391598723632,0.015095957942957483
2020-08-14,-0.004981625768953446,0.018100041643618003,-0.00022289089582994137,0.007893833598731415,-0.011445909886979244,-0.00840209718354945
2020-08-17,0.01977931210983197,0.039565600206191154,0.0011139580075845146,0.026103774942688285,-0.028460502932418752,0.025877371196306065
2020-08-20,-0.006781272332962107,-0.03347592919638953,-0.014481705687485302,0.008091750152629196,-0.008408448393836476,-0.007442517732666687
2020-08-21,-0.0070638391204274065,0.016878037787351752,-0.014011528662564388,-0.014203823509548186,0.17984912784941098,0.004655671362387537
2020-08-24,0.002831526195738565,0.07261253296370906,0.011089849991352985,0.06078489106912194,0.1906003055845087,0.013612109673850625
2020-08-25,0.017054495821603677,-0.011741817876683158,0.03494384721956001,-0.0064308903302904286,0.12242153964434355,0.021139044032878473
2020-08-26,0.0009261403764559972,-0.007905179507113336,-0.0047930374983731205,-0.025483247640552875,-0.17632792594403668,0.020629083193688835
2020-08-27,-0.007666433181295229,0.0,-0.020965128465044724,-0.04743436627321734,0.13083992269895095,0.0005966209735559502
2020-08-28,0.0018639334380625705,-0.02409755157906046,0.008438868645864517,0.034109718765216346,-0.2641800219414687,0.007849390389962352
2020-09-02,0.0,-0.03203935374461675,-0.06833691869203085,-0.01967737418034471,0.1751255478752607,-0.01024118563967491
2020-09-03,-0.032563780396203335,0.07609934353864711,0.0004682744173605258,-0.006407996295330287,-0.04001590422805368,-0.07206732125968873
2020-09-04,-0.04194003896566745,-0.25378052077609947,-0.038659073149750256,-0.03193304710300898,-0.1581269800601217,-0.004564654736226359
2020-09-09,0.03150287206164171,-0.06142281262640614,0.03694217043418746,0.010878118147183036,0.08448285492314689,0.04268173772500994
2020-09-10,-0.021249139482126367,-0.036870535808327776,-0.017918460482335252,-0.06794462444605318,-0.16545352804904123,-0.015411911254389565
2020-09-11,0.0021453481009241493,-0.09860197680453953,-0.012040621960690778,0.009057287112509499,-0.024281344750480383,0.00019534302296886352
2020-09-14,-0.0026824050418672307,0.12180487388420358,-0.0059454744090912115,0.0065359709797855325,0.10870300319709214,0.045700206951676314
2020-09-15,0.028073877604577913,0.004576667027411663,0.024838045522334262,0.02731093439407073,-0.26240062146517085,0.026079306330799135
2020-09-16,0.04793168288198757,-0.06119556102691959,0.04185332897633787,0.030435435411346745,-0.06282914174346077,0.001816299970779589
2020-09-17,0.020207686145055526,-0.22193069488900063,0.026802274379254865,0.003835831323871164,-0.05135733094789696,-0.024765654980622998
2020-09-18,0.0024366483790720928,-0.05608946665104342,-0.004496516864956668,-0.006144412572341051,-0.19802175985070303,0.006397025421224889
2020-09-21,-0.04555859404700335,-0.15950687902778327,-0.04338496936825731,-0.03608234560399151,0.10884680872829611,-0.01251701840099173
2020-09-22,0.007359505365347907,0.11359717772370531,0.011575058431615215,-0.016915425475590246,0.029728625374871864,0.0014587621812589546
2020-09-23,0.009311757229600204,0.15510899326906985,0.006102789598853686,0.008896136308970487,0.17988216860711725,-0.045106922188511867
2020-09-24,0.004748228338698368,0.1036348896903565,0.0036438762534407587,0.028573372444056055,-0.047849900046985194,0.0016213949499102043
2020-09-25,-0.001247349544289289,-0.01566611674439944,-0.008034127207452002,0.017836843575025102,-0.07108143584762194,0.03232251573138356
2020-09-28,0.01018262865010211,-0.03753791931906514,0.016485221813513196,0.03771185944769362,0.2652268115636076,0.04535107828918861
2020-09-29,-0.03623037769525084,-0.050430853626891925,-0.030764144869543486,-0.033876028123822455,-0.2552541274581146,0.023630454193667383
2020-09-30,0.025798092321844823,-0.04706751085798577,-0.0007441399326397757,0.0038211739273233958,0.01085642904936357,0.019285787974998136
2020-10-01,-0.039210725687550685,-0.036813973122716226,-0.013741627852296379,-0.0396784838181761,-0.07805883297374105,0.02863551019469668
2020-10-02,-0.04270639678033605,-0.12641392485565878,-0.04502368137395507,-0.028987536873252312,0.033908438683733166,-0.011771009762863827
2020-10-05,0.05842229412013511,0.3087354816496133,0.045778113699440404,0.06254511405257368,0.06983104079402302,0.04938865597180264
2020-10-06,0.03516183421386598,-0.03174869831458016,0.03677157033866463,0.02800031582011203,0.0874381368609014,-0.00465807848825861
2020-10-07,-0.017426380744432368,0.07755823434587428,-0.015875287612252098,-0.03184499568092175,0.06038919370975471,0.047852372251741215
2020-10-08,0.030177902226463882,-0.2993586021136165,0.03340906213112982,0.02284943277234386,-0.08659286178911962,-0.009661459223585744
2020-10-09,-0.014727806710243652,0.412154096258961,-0.008848557076484465,-0.0313601224402526,0.04874307189107219,0.023078483125257065
2020-10-12,-0.030632573384070216,0.026317308317373445,-0.02751908709439066,-0.035590945102702526,0.09908108090867396,-0.013866855997795469
2020-10-13,0.02044235223628199,-0.07644169549994206,0.020528580141129016,-0.002418380864281533,-0.12337549091783817,0.00244836097697565
2020-10-14,0.020522416384993747,-0.057708317620646765,0.011304991114851504,-0.0008074283846011276,-0.04032367332817355,0.022238953814668783
2020-10-15,-0.0004895960930113574,0.098904074058914,-0.004795022373623947,-0.004858309151076351,0.06461808333733776,-0.0009540612685787764
2020-10-16,-0.0034339008479151722,-0.03189336377595364,-0.006509968741227556,-0.01389478831881616,0.013199376067663415,-0.0037797472041987135
2020-10-19,-0.00024573043495124125,0.06280090123903015,-0.0012102143556234068,0.023587917524475838,0.12918672518450247,0.0001672787552280397
2020-10-20,0.01657361845972183,0.11099677597202451,0.007960481067489589,0.015157849051366301,0.09768090492967474,0.008177651048332457
2020-10-21,-0.03668103537968248,0.1378992714446,-0.03745389431107293,-0.0395691507310475,0.027274444449929547,-0.04243896532653402
2020-10-22,0.014438886645961713,0.013468217050866649,0.029251194518891577,0.020383910009698997,-0.014209700039469197,0.007024945390575965
2020-10-23,-0.018207261913091966,-0.027120306219193813,-0.013904358658419547,-0.020383910009698997,-0.1033378036834196,0.0023411173134970653
2020-10-28,-0.0540530994697459,0.02254523832105626,-0.04795969339579509,-0.05238513508729098,0.04110532469898587,-0.012521286951215238
2020-10-29,-0.036337832135754145,-0.025807883955872635,-0.03494039919522729,-0.007591769908212698,0.02659258788928831,0.026261148730744033
2020-10-30,-0.008382278752804062,-0.009852296443011666,-0.006310900352838988,0.007591769908212698,-0.0029529236131029535,-0.02558117396074877
2020-11-02,0.02657963780471162,0.0,0.03913601584025317,0.0050293484050019654,0.15552818808797308,0.03779547321261845
2020-11-03,0.022691411202070633,-0.05077232537342313,0.010270004683774925,0.044160895785769816,-0.33374045969426547,0.012621053162328089
2020-11-04,0.04005246774122684,-0.09080644795818138,0.03879741565953365,0.033047854046200364,-0.1312174057747808,-0.008515293117852707
2020-11-05,-0.01057664960827287,0.02255734742407456,-0.005306392741916355,0.00617285910708093,-0.021996475586148367,0.0825847929312582
2020-11-06,-0.04210869679380469,-0.007462721201589528,-0.035851679751591536,-0.018634079544892906,-0.04506770268109195,0.00721891149765419
2020-11-09,0.08002190056582803,-0.01509462622248503,0.07217408058114705,0.02170627858186311,0.0401132430269322,0.008996664005215038
2020-11-10,0.027824028085274843,0.040974074210305744,0.031741063298871275,0.029469454036639253,-0.1411145144180086,-0.02523020627567618
2020-11-11,0.001213445119165435,0.0036429912785009844,0.005899722127188589,-0.021829997478681695,0.19783562753638195,0.0387625148630093
2020-11-12,-0.008036083670052818,0.021583571667174617,-0.008032171697264445,-0.021539294246991136,0.040244294537002734,0.003033180306548644
2020-11-13,-0.024002141973626046,0.003552401604367761,-0.01553754216815939,-0.03240109589875667,-0.06079044707195447,-0.0047963717224739355
2020-11-18,0.009652584598009106,-0.07320340402329495,0.008660089231342205,0.018247233774489724,-0.030421518394593505,-0.007341406858367705
2020-11-19,-0.001682490482222132,-0.07898841131863044,0.0041860526243135965,0.04383631481317782,-0.12115294836275536,0.02782781317877614
2020-11-20,0.010052741431555656,0.013605652055778794,0.016114529185560222,0.00674918197492852,-0.15447726565645592,0.015174798019234714
2020-11-23,0.021673404307331445,0.004494389587839209,0.027257008957012552,0.017778246021283917,0.07955280861649161,0.057288396026827115
2020-11-24,0.041092291242455836,0.10221656516785849,0.035581621049909806,0.06122908623620393,0.12101546313442002,0.011566575334072127
2020-11-25,0.019271833571648855,0.0,0.014266184677657723,0.02455785078166406,-0.16622575583034305,0.010300334768900576
2020-12-01,-0.014709425008964327,0.0,0.004048157227440008,-0.007979730409643726,0.2007168387244258,-0.025316877647447278
2020-12-02,0.015372921660530281,-0.049655590445860875,0.01623994354045344,0.01589628848749497,0.019524744933211657,-0.004824559854300858
2020-12-03,0.00924302355122597,-0.11143956173420844,0.011854147337481802,-0.056778979193013446,-0.11467228005660246,-0.011533574847484296
2020-12-04,0.012625330959156411,0.008097210232619334,0.014979247965583031,-0.0007590133191715531,-0.13979875492864213,0.009562245808226066
2020-12-09,-0.0035118561115394797,0.03742640551911702,-0.0006144393434479589,0.017352378057387263,-0.10609541626617158,-0.045415529249131836
2020-12-10,0.027755467721532145,0.0,0.03066611088921256,0.019993261301464338,-0.04668497304677377,0.010163710656690306
2020-12-11,-0.0036422107751619137,0.036076056473809515,-0.006378335357456244,0.013833493261350749,-0.1302010271194871,-0.0060684306804219545
2020-12-14,0.009187117283218083,0.05737711258330247,0.005185492273671599,0.002166848085090267,0.2795280490260095,0.0007574676110166934
2020-12-15,0.011839461762888082,-0.02255734742407456,0.009897151254818937,-0.007968169649176848,0.13536233813250842,0.052929823513444774
2020-12-16,0.005867577605415342,0.03731776300719525,0.001181102499508313,0.021583571667174506,0.09064471170438981,-0.003124689336736708
2020-12-17,0.009979292795109895,-0.01104983618658495,0.007252800586651009,0.01833619778860479,0.15748543218735644,0.017988769868282795
2020-12-18,0.014376916352619062,0.01104983618658495,0.018768084988839195,0.04375270626833594,-0.049542484722675084,0.0175455199992669
2020-12-21,-0.02581987903788896,-0.01848481467410301,-0.03035843180831499,-0.0291842904400455,-0.36379503142212677,0.013438064839949249
2020-12-22,-0.01624336947814342,0.029413885206293067,-0.014529064414150472,-0.010384309305716433,-0.007512674487248461,0.03411444012293963
2020-12-23,0.019377185894314586,0.0,0.023185423798838478,0.08851801226332884,-0.12409057056906292,0.006380937404120601
2020-12-24,0.004993768180487024,-0.029413885206293067,-0.0033356255788077327,-0.0012746974320005933,-0.14637714237435073,-0.00512102630012734
2020-12-29,0.007341406858368149,0.004175371410480522,-0.00868540793514816,0.00704453761768381,0.018686775933220545,-0.019843538329614496
2020-12-30,0.008117434519966604,-0.016807118316381153,0.005930043074417135,0.006995259049798808,-0.20427814378774212,0.031222351619056177
2020-12-31,0.0022776694803732234,0.012631746905900632,0.009415526600243584,0.0,-0.1170563327334122,0.0029581137684706604
2021-01-05,0.04751536437621917,0.06333587517181083,0.053910474087485394,0.04711246781171019,0.1515840494321905,0.02227192183228066
2021-01-06,0.013369449860172189,-0.0036166404701887256,0.011967233322693893,0.008052071996764387,0.2349266969544952,0.061624585255139586
2021-01-07,0.0035615391821997022,0.017953803616596042,-0.0018604656529195296,0.002464573028161776,-0.21205250856697777,0.06516283579256665
2021-01-08,0.029388122523537952,-0.014337163146407317,0.03315018318725116,0.02070719542660665,0.07734045397918354,0.015989410474896992
2021-01-11,0.0001917729414255831,-0.02189868530763761,-0.012143330007956088,-0.017021687569430677,0.05021914269354788,-0.007335198481844607
2021-01-12,0.01767602801722523,0.06430786723273119,0.020574629393193433,0.011581964273612355,-0.11294926036062236,0.03276244273438511
2021-01-13,-0.005099642745164612,-0.024519617174318498,-0.00825116788875846,-0.00425144885735812,-0.0684413705664686,-0.0007234630076675685
2021-01-14,0.012420182241798194,0.0,0.004313450253719431,-0.007330515416254235,-0.0011370547035820522,-0.0007239867853474635
2021-01-15,-0.023080858115719582,0.014084739881738972,-0.017366572498298538,-0.02169282461125971,0.030255893583489346,-0.05799820084861107
2021-01-20,0.005470163597685929,-0.030653741091002384,0.00504323835492837,-0.007458083047203967,0.03735953097529343,-0.012493858880400666
2021-01-21,-0.003014320292922701,-0.03162318843051204,0.00035925992841967513,0.012399414905038264,-0.16321410314216767,0.024744349754882933
2021-01-22,-0.013678024796100807,-0.016194685919980634,-0.00829580952415565,0.051046806833923986,0.009177871350765976,0.010955927037834101
2021-01-25,0.009518442319156772,0.07089582163303743,0.003976148379639,0.014530915367090946,0.14437704926707706,-0.01597259267512019
2021-01-26,-0.0032261153324619762,0.03731776300719525,-0.0032520353863771945,0.0063273147533188245,-0.0478588044536683,0.0049809851206283895
2021-01-27,0.0037943509761260152,0.01454571100237878,-0.003444216220880314,-0.00979552632224634,0.08560226552017847,-0.047411592250333534
2021-01-28,-0.010469306626375463,-0.0036166404701887256,-0.0036383522035059457,0.006349227678658753,0.23247812498566844,0.010384289980509998
2021-01-29,-0.0019153424740689928,-0.029413885206293067,0.006901589326978375,-0.00577035646133639,0.1722431401255271,-0.033997635218000255
2021-02-01,0.02629987927536037,0.07197349962508914,0.02095536517598795,0.006920442844573715,-0.2719961080853981,0.032654501439131955
2021-02-02,0.022526801901872506,0.1177830356563836,0.021046024082531645,0.017094433359300165,0.007851442870430603,0.010502293324926804
2021-02-03,0.016298803399785733,-0.07363325104345386,0.017035600831955655,-0.001696353248178517,0.0012024639619676591,0.008703291024967363
2021-02-04,0.009297402928690524,-0.006666691358189203,0.006293072898792218,-0.0016992357529597157,-0.12020445758701381,0.00020002363982474236
2021-02-05,0.0107975206029991,0.1546283488117408,0.008441718204823978,0.004524894598289642,-0.08960875443475347,0.005087131306993342
2021-02-08,0.020044244058655458,-0.026126304592220206,0.011533767640306003,0.015122102785506852,0.40465633363301157,0.028726233058784523
2021-02-09,0.006707394653814092,-0.01481508578514057,0.009428570385343171,-0.0033407603454003176,-0.07467332745555044,0.012715329075192017
2021-02-10,0.005981390130667563,0.11545861156482795,0.007054413636870649,-0.020851699410070812,-0.008831052311551346,-0.022163856708073304
2021-02-11,-0.008040416252765858,0.5473832194997883,-0.0013086865927984803,0.0034110323010628774,0.0735645395556368,0.006438226970400862
2021-02-12,0.02174737423410722,-0.06024008037735662,0.022338254843803362,-0.022963121508448814,0.19866455874056133,0.00298393387408602
2021-02-17,0.0168376377996049,0.7456323438947332,0.016437026910005592,0.02002291587510774,0.4149340394749901,-0.02568824206094611
2021-02-18,-0.011359081720906161,-1.0251032265161193,-0.014406569359623589,-0.019461275871576977,0.24964555645081976,-0.053797623008710715
2021-02-19,-0.021419828300822452,-0.5456944494168146,-0.019696532128715027,0.044476174547350866,-0.7739820913255047,0.03450526370707063
2021-02-22,0.04222831236345481,-0.45083371313801535,0.029632959169998863,0.03171513169322526,-0.6808522795650216,-0.07048743284772918
2021-02-23,-0.00016216654539746855,-0.07216244624823043,0.006621011176425107,0.012923415841961994,-0.3125644996075483,-0.01919716224024537
2021-02-24,0.024827094026202978,-0.04879016416943216,0.025605519814107858,0.008693483542211444,-0.19823077005741085,0.040629495163912566
2021-02-25,0.0034744191615985187,-0.028987536873252173,-0.002396286903737277,-0.0010188487891027442,0.0054448227671701765,-0.07652314020838613
2021-02-26,-0.03008708301534302,-0.022305757514298197,-0.012523739695996738,-0.0076746347531087,-0.0008357395240063958,0.02432993470480138
2021-03-01,-0.01654554903688954,0.01492565021667569,-0.019936252986524572,0.03134735944273459,0.06357060085817556,0.0510399175111278
2021-03-02,-0.013972283195016644,0.06106025676124638,-0.021765519051084148,-0.012018171693643498,0.2830888053016105,-0.04731995501864272
2021-03-03,0.02693709923933607,-0.0034904049397685988,0.023931696596245722,0.0,-0.16691365342816145,-0.055684586871644015
2021-03-04,0.03964079824236322,-0.02478002899848697,0.039696167815749916,0.03417019736721261,-0.03230351590935765,-0.057554822293764296
2021-03-05,0.03495621133246729,-0.025409715525368304,0.03832333178888536,0.03398269087001382,0.05372998008996799,-0.012990936337633485
2021-03-08,-0.016017427331662226,-0.018553407895747775,-0.02827299593538335,-0.0223659096993446,-0.034789258756405594,-0.04044833246513413
2021-03-09,-0.015653167339343632,-0.018904154639152626,-0.01436742480624087,-0.003857285399757937,-0.24914021491158467,0.0912155027681818
2021-03-10,0.006694194843479551,0.0,0.007431663216884488,0.022451384875450398,-0.043145696859721916,0.0052164373993512925
2021-03-11,0.024067997039850297,0.030077455237277895,0.026449996670127263,0.02656879654628963,-0.0009485988999777817,0.06707100440016855
2021-03-12,-0.006534481119402358,-0.018692133012152667,-0.006801270700270479,0.010068734948266544,0.12434013867199178,-0.006845314819917903
2021-03-15,-0.003512794753897097,-0.026770241064604683,-0.0013076645524874309,-0.013755375068485343,0.33996370574172197,0.007472903644332618
2021-03-16,-0.00829625283834634,-0.03149866705937099,-0.012140864406966934,0.0041465159618484515,-0.04610057341787588,-0.030760875426066647
2021-03-17,-0.004174080420749959,0.03922071315328124,-0.003242927370340709,-0.023256862164267145,-0.190054245084867,-0.001824020364868062
2021-03-18,-0.07392923581912747,-0.059423420470800625,-0.08662220665560039,-0.061625122150018474,-0.02447622263132221,-0.06298986927753436
2021-03-19,0.024387433702312222,0.032131278182793044,0.029976076788459594,0.010950831186751664,0.1342176709411964,0.022029678506228834
2021-03-22,0.0008136034945591675,0.007874056430905996,-0.0017202287454196608,0.006415023233096173,-0.0891751357410322,0.0170286207244148
2021-03-23,-0.06258856926849177,0.003913899321136394,-0.06348518137985515,-0.041683162070554114,-0.10363681776444622,-0.03752927331294753
2021-03-24,0.05671579545636174,0.0,0.060506889343720616,0.05049810651458819,0.14957103312373343,-0.044610513618192904
2021-03-25,-0.04432534267068622,-0.015748356968139254,-0.03987398771513906,-0.03220491346726284,-0.059723095770056744,0.01510420856269068
2021-03-26,0.041211862072824346,0.0,0.04097228546420251,0.02829675021250433,0.04941840511497908,0.018347202576642907
2021-03-29,0.009148895704974791,0.023530497410194195,0.00453728385383112,0.02178735418490718,0.07696844262640479,-0.04680106525749217
2021-03-30,-0.015405089966276542,-0.011696039763191335,-0.01225082072161321,-0.012045435931277493,-0.15069584210867104,0.04604570360672966
2021-03-31,-0.022716861296467883,-0.01183445764700286,0.0037854934794818718,-0.015632951490867075,-0.02333877408706453,0.041177666622226106
2021-04-01,0.03682007963867395,0.0,0.005181765539667538,0.029592263604428792,0.2271681976309421,0.00878596795879183
2021-04-07,0.0072202479734864156,-0.004106781952653349,0.006324516338005459,-0.019264611582925584,0.05526252944781662,-0.042146172042580865
2021-04-08,-0.0026805176043271928,0.016326893287428756,0.003711178119877978,0.005967198213542191,-0.01808384484657921,0.014224207037389469
2021-04-09,-0.005382687512558881,0.004040409537004908,-0.003226329625531932,0.011828624855633074,-0.12564463819688676,-0.008172280485900352
2021-04-12,0.006891362679279922,0.008032171697264334,0.00788609542838703,-0.0004900759715826819,0.11918326543588531,-0.012873852698547239
2021-04-13,0.008340331916219412,0.027615167032973287,0.007187955235198551,0.004889985294191712,-0.02331768288148206,0.011482272110215241
2021-04-14,0.04784049648172406,0.030653741091002384,0.05088735493063101,0.023144716823788603,0.0817207800374331,-0.010690957905563181
2021-04-15,0.004266420313701502,-0.011385322225125227,0.0003024803410847099,0.02215504240587496,0.06031184959407909,-0.02038860512910201
2021-04-16,-0.004108079722760394,0.003809528416667596,-0.002270835886135636,-0.005141399500418697,0.06620533758185321,0.01663594939549018
2021-04-21,-0.020492851071113094,-0.014598799421152497,-0.02040887163120697,-0.021073576790528348,0.1147470018041421,0.04009318122593175
2021-04-22,0.0017916773259383234,0.018215439891341223,0.016268078965175903,0.005791521979588876,-0.04287107069598939,0.009858144652728384
2021-04-23,0.011809568618563304,0.007194275634027081,0.010396057550980942,0.020953147514755743,-0.12835038233809382,0.03229542292861609
2021-04-26,-0.002576490958304589,-0.02173998663640586,-0.0038095284166672627,-0.008518745316327903,-0.07556616042195685,0.02603270315340822
2021-04-27,0.01615388985271604,0.06385147198653285,0.011385322225124561,0.020231224021180494,0.05590150671602334,-0.014737305779731535
2021-04-30,-0.023347363996991,-0.017331456351640018,-0.007794730251748483,-0.014056001083881053,-0.3138111181757153,-0.017492679839927305
2021-05-05,-0.001370384683436754,-0.0033389012655147265,0.011542474129190516,-0.0057306747089850285,-0.2755384125906266,-0.005669107242606941
2021-05-06,-0.01380813592821184,-0.030562650410166814,-0.015759742068003568,-0.008881053043960474,-0.23708461779227585,-0.018804914494558567
2021-05-07,0.003546923296003257,0.0,0.001601747703210421,0.01064783795584634,0.053972065993676654,0.01637814516158187
2021-05-10,-0.0006159532070322271,0.010291686036547842,-0.0017474884307144833,-0.004866189651172914,0.14207508132888869,-0.05427714026139974
2021-05-11,0.005989421268175477,-0.006849341845574841,0.0032013997074731293,-0.001331262677197742,-0.01645972674008611,0.011484095393031524
2021-05-12,0.00990333377683239,0.0,0.011412185973020073,0.00443066741648479,-0.1442485949864487,-0.04684694145694568
2021-05-13,-0.032981876841300384,0.013652089168327164,-0.033000512449222086,-0.051712201047310336,0.07085394513948184,-0.008453608173356386
2021-05-14,0.023231647252166532,0.0,0.02752736037393788,0.01753621310772846,-0.09390377313866471,0.045855820057522756
2021-05-17,0.013986241974739855,0.013468217050866649,0.0054731520752842044,0.019928195717680564,0.04981529741820845,-0.01060435320092612
2021-05-18,-0.011387050847042168,-0.010084119066626096,-0.008800460750782335,0.0035810244177061357,0.08760729227228126,0.013695711242297293
2021-05-19,-0.03432813577056315,-0.027398974188114433,-0.031351452856064554,-0.02396678134218,0.12849714219798347,0.014090533109661685
2021-05-20,-0.021241715384246795,-0.006968669316093301,-0.025747295367030354,-0.015682978261960634,0.12768579524603396,0.02821406037431995
2021-05-21,0.026443082615561053,-0.007017572658646554,0.02335208464107552,0.034273402567760236,0.07433620381423456,0.0048298779093940425
2021-05-24,0.038851810995858216,-0.02135312447056914,0.02764199346073859,0.018692133012152445,-0.25594014213022387,0.005364669693311619
2021-05-25,0.002114804413563931,0.03186110206898429,0.0030569934280677558,-0.011530061215537346,-0.06558615096867015,-0.005938433407659538
2021-05-26,0.002110341452486786,0.013841051411871419,0.00188775195826274,0.017683926789915705,0.2351304186551122,0.03105336562729999
2021-05-27,0.006902788513265534,-0.020834086902842053,0.007227553867621417,0.002188663600760088,-0.1564546387870358,0.013008493280293187
2021-05-28,-0.008409720685111033,0.020834086902842053,-0.001008718292895061,0.007405827793000697,-0.18946169301371452,-0.002786436266669412
2021-06-02,0.014496190591573033,0.022914259522875735,0.008106422831769322,0.005540180375615544,-0.04005163763584729,-0.004853671616641186
2021-06-03,0.00029069767646650035,-0.026231012148869803,0.001556861116953634,0.005509655810969516,0.09996776550546649,-0.02078325683957516
2021-06-04,0.010984356721160715,0.0,0.008309321804100378,-0.007211059879419279,0.12794442508235804,0.017383820138111794
2021-06-07,-0.005188079081777985,-0.010016778243471247,-0.0057669475533241865,-0.025437888110627527,0.3068531968648802,0.01170909629057526
2021-06-08,0.012920076365104727,0.04269942567382978,0.0070284236474433825,0.0069626042807190425,-0.05756668212399507,0.013420125203820632
2021-06-09,-0.0029997879791121562,0.006410278360919008,-0.0011212334741568242,-0.012655634765264656,-0.05035712235758538,-0.012178405684904803
2021-06-10,0.006274977806072002,0.0,0.004756584233968297,0.006566011770890445,-0.10794256781852685,0.005335076278576878
2021-06-11,0.009339249995479193,0.03144913268250327,0.005567168171350723,-0.01361760555666025,-0.12590378067772612,0.014998705206387797
2021-06-14,-0.0008454276958396179,0.03945883674054773,0.003048782849358389,0.01623198613073107,0.06291970422189408,0.001769264801414927
2021-06-15,0.01566465597447131,-0.014992784586141283,0.015242313632246152,-0.015789801732635222,-0.1728984801633171,-0.027260841202490838
2021-06-16,-0.0004164064186760186,-0.01829319304732535,0.0067907364039028195,-0.012903404835907795,-0.02984533778646714,0.009053763193124453
2021-06-17,-0.013558108308390437,-0.0030816665374080454,-0.013079205520576842,-0.02127258310367408,0.002814168963089614,0.020455420657341072
2021-06-18,0.008128986599630572,-0.0030911925696730513,0.002465416945271137,0.030633025863237795,0.1440306735885306,-0.014484682185280207
2021-06-21,0.02753477917236591,-0.02507968439702335,0.01883652143245218,0.012345835822299311,0.20674277843088706,-0.00025055629594117335
2021-06-22,-0.006676228898744085,0.018868484304382704,0.005755989387702165,0.025098677929726088,-0.3684932738547513,0.006340013742928363
2021-06-23,-0.00054697116090896,0.04567003683318838,0.00399627546630299,0.01104983618658506,-0.034557440289165964,0.021060572977269487
2021-06-29,0.0021899817129327204,0.03528181414463982,0.007991518290022093,0.016656374827676235,0.2358716017614313,-0.003135160893512179
2021-06-30,0.005182065326196472,0.01061017911201545,0.020483909485159657,-0.0008474576778380039,0.03667087497851451,-0.0028687458989118397
2021-07-01,0.024320983790172335,-0.007947061692531898,-0.0032545755473813998,0.004652154721501822,-0.5148847873851503,-0.009302599194663586
2021-07-02,0.0005308560177752497,-0.024227295335324195,0.010635638516652612,0.01174510145828278,-0.2912047426018596,-0.0025684276367021752
2021-07-07,-0.019199712101563016,-0.005449604767564731,-0.019984677898833958,-0.014289050220705257,0.035621291480714135,-0.03082870116710623
2021-07-08,0.010468415158990219,-0.027702602549335875,0.010175479415532429,0.016865264612478392,-0.42219674301169174,-0.012937151931129875
2021-07-09,0.02141873936903327,0.04127133175540476,0.027200941195171247,0.011511531937292152,-0.007105084571541909,0.013214284991413194
2021-07-12,-0.0047052583952931215,-0.002699056969164948,-0.004808013940274414,-0.012369532847928744,0.18705245221786715,0.016239105396380182
2021-07-13,0.01378409245078771,0.021391189981317282,0.009463997519493894,0.015755062954237675,0.023381706428305726,-0.018134380489601476
2021-07-14,-0.02940198306569375,0.005277057100843807,-0.022971513885652328,-0.003809528416667707,0.025017227695483868,-0.03761042434269335
2021-07-15,-0.019208771361308052,-0.0320883145515003,-0.01610469358004618,-0.015815674822879155,0.07311601139185431,-0.009194413022993508
2021-07-16,0.001254967744712232,0.005420067469339207,-0.0009396604490321536,-0.00043094161408152587,-0.11020550192521839,-0.018288307041478546
2021-07-21,0.04274527751507584,0.030930300691358825,0.03521441218732946,0.0357733000602759,-0.05616376849056337,0.03892786273664406
2021-07-22,0.026544638382199004,0.020101179321087015,0.02329964382805283,0.02527442309523975,-0.13704263996997845,-0.013034150601402672
2021-07-23,0.0012466238888499959,0.02214112587721373,0.008181924793474238,0.020101179321087237,0.08806904850544672,-0.017928872761094894
2021-07-26,-0.0012466238888499959,-0.004878058453432921,-0.0009355162727073818,0.011131840368844292,0.242062106117241,-0.002870536116753364
2021-07-27,-0.006535516553205056,0.01456336418789661,0.0010690900390182279,0.002865918031197512,0.014432595172177543,-0.031220925204755723
2021-07-28,0.009580080211361697,-0.012121360532344916,0.002934117869198616,-0.00040891433814549405,-0.0398094130791069,0.03935843989087395
2021-07-29,0.01712487907283844,-0.017220597751670397,0.015985544178618305,0.019040477998371497,-0.14659133579776817,0.016416606563523395
2021-07-30,0.004201971618133626,-0.02258565264874912,0.0184396862188283,-0.0024106078366873396,-0.1295732282409956,0.017364652188884833
2021-08-04,-0.03529862976314391,0.03390155167568154,-0.031202697755015052,-0.02706296241295425,0.07275023161825267,-0.005515112969546543
2021-08-05,0.013256804241063236,0.016529301951210273,0.016069653424098718,0.022882354317400044,0.08191140923667728,0.00025955413260003724
2021-08-06,-0.01223078729506355,-0.014151179546243009,-0.015647147960451413,-0.019886417987083016,0.17503666859395572,-0.009694228248265269
2021-08-09,-0.025220146965607704,0.007100621549576358,-0.01947882728912731,-0.012903404835907795,0.16137511630102885,0.020568596848936416
2021-08-10,0.02624511227973425,-0.02871010588243128,0.021167066294494497,0.010336009330662033,-0.13016227379288292,0.004632421816030963
2021-08-11,0.014095997403170024,-0.012210163906931415,0.011877453960902784,0.016992762323112087,0.08271082508416772,-0.012015009441553204
2021-08-12,-0.0026007817000568423,0.00734397425575839,-0.002782029892819615,-0.004221196643624636,0.2055228720028408,-0.005739721780900098
2021-08-13,-0.01105626624840994,-0.037271394797231405,-0.012474757050310536,-0.011059236493975,-0.309056696494749,-0.0221834929187672
2021-08-16,-0.01354954455379076,-0.0050761530318608195,-0.011775691155639478,-0.02468191974762568,-0.24468928451155136,-0.0277025375911073
2021-08-17,-0.01403636603179148,-0.002547772078798749,-0.009607874869683286,-0.013683727085922248,0.013812145613409932,-0.019336276228062665
2021-08-18,-0.01729149711006084,-0.015424470325631656,-0.01144857080995898,-0.025659746780577586,0.08700916454423879,0.0018404616034510823
2021-08-19,-0.025882886168473007,-0.0078023802841846734,-0.02673521616019947,-0.023530497410194195,0.14312941142137525,-0.020828993372898452
2021-08-20,-0.02286902903845789,0.028315920117287785,-0.019500277798814913,-0.03515801537937424,-0.18402166860242364,0.018588509944740927
2021-08-23,0.05317906540398898,-0.0025412974286727064,0.052917680357095875,0.06686294522912639,0.17492973176158877,0.03158879634702849
2021-08-24,0.027789997129678667,0.0050761530318608195,0.030512774893152184,0.013477292943480879,0.23172439042425452,0.010191528338208578
2021-08-25,0.015289918567978233,0.02005079704556101,0.012698140341083075,0.11375888535665801,0.18653432992110552,0.006097791932121233
2021-08-26,-0.01647580664054793,0.009876623495912007,-0.023854084608210258,-0.012019375465784132,-0.05679307115709875,-0.010608052536679402
2021-08-27,0.020843261537423885,0.06653284564608897,0.025793411992587778,0.001610954838928147,-0.22588302727344356,0.01663442310343477
2021-09-01,0.0029184319561368355,0.02733655416375025,-0.020077682138675,-0.07401390025136179,-0.2095614732255564,0.0048212089397656754
2021-09-02,0.020764985461898533,0.04396312342111619,0.0215741792549089,0.012650114166626203,-0.010676059317608733,0.010833778555213947
2021-09-03,-0.010472802125564229,0.02547908530098475,-0.0066835139329946,-0.007832938221186803,-0.051210782109234465,-0.01115219557047098
2021-09-08,0.012622583262473341,-0.010672459890771702,0.011676529661835744,-0.03014412634871,0.016630237141544768,-0.02364889506470469
2021-09-09,-0.015986388993725953,0.06440439197098269,-0.014476867532155602,-0.010404979644814238,-0.07758397898996527,0.004997337411142055
2021-09-10,0.022596558198329397,0.03168581907414092,0.015581840020273852,-0.02160506927308603,0.020427059867872188,-0.011484529009003985
2021-09-13,0.010259423131016021,0.0154741965825973,0.007289764762315798,0.008790248596616701,0.6104416263904655,0.005496382725417526
2021-09-14,-0.00014177358781797267,0.033965529155630225,0.0010957404191795916,0.026365163507577116,0.00398574489877479,-0.005285325680604913
2021-09-15,0.028789020076660954,0.04887850729418575,0.02420836320918074,-0.0346908360215058,-0.15368105519796327,0.002926751407247963
2021-09-16,0.0013766521997951031,-0.025046031926087675,0.004000538739934001,-0.011209832470883585,-0.07461261781046602,-0.005098075535157953
2021-09-17,-0.008288485080057306,-0.036904556935450694,-0.006676483606734784,0.016767975543110714,0.13234501269706556,0.010705163764345826
2021-09-20,-0.023580039885445103,-0.013245226750020711,-0.014167409600580605,-0.007883184807834787,-0.027042941379427532,-0.0447286760234098
2021-09-21,0.0014192451999077704,-0.05682233586669638,0.0008149959701313492,0.012491487894028985,-0.27068638666810596,0.005189400073941641
2021-09-22,0.026037305147086798,-0.008097210232619334,0.024808513346339822,0.0009191177117631177,-0.11654052038290796,0.020942547246044718
2021-09-23,0.014540722585482335,0.0040568006956145375,0.012373463117093308,0.07604192342436533,-0.04857216725091629,0.008161770120437062
2021-09-24,0.01016200059792638,0.031875208530448784,0.012739025777429802,0.002551021791605268,-0.09404736868655927,-0.014577379627397136
2021-09-27,0.018167745222865683,0.08094727580396333,0.018302168259545226,0.00592719770826744,0.15086695256921256,0.016173624097787886
2021-09-28,-0.001324678959108816,0.07152131784031024,-0.006999710412289417,-0.017028934274444518,0.152801736336027,-0.033243397862243285
2021-09-29,-0.005049844618326915,-0.0359936026479053,-0.005635260814448095,0.014069726872966593,0.03804143701773377,-0.014163850948558654
2021-09-30,0.0021293593353153284,-0.02652675433342866,-0.0006423845534708761,0.015543266082386986,-0.0369845184855242,0.006435225836171732
2021-10-01,0.010447757535758662,0.0053619431413853835,0.020228410624251403,-0.0033402953813699288,0.026923647190334243,0.005276542649454541
2021-10-04,0.021732913405120513,0.0333071980177686,0.02536818454912204,0.010815413245158223,0.23977412577776214,-0.03335351829729216
2021-10-05,0.018999615200272935,0.09374155203169843,0.015594857957906605,0.016006908563550137,0.14065923161881777,0.010798620138704251
2021-10-06,-0.019257114879821735,-0.05984000035601711,-0.016208995421168382,-0.01973748283832144,-0.09802466717744096,0.00228472192263407
2021-10-07,0.010248616477885442,-0.04954044556013604,0.011604601002808579,-0.009597403106270108,0.031043237022811532,0.026932587467960012
2021-10-08,0.01379681400238919,-0.04477023391110535,-0.002066744398662834,0.008350779217420001,-0.0010026789035277872,-0.008523691673003597
2021-10-11,0.013609049539263118,0.0,0.019045898762079183,0.0,0.1210298758149726,0.01370174353494047
2021-10-12,0.0013631577797070804,-0.022223136784710107,-0.002630321937360236,0.023424124204537433,-0.37215742691781895,0.025261355359137205
2021-10-13,-0.0009912031538830135,0.040372455290387466,0.0,0.012913819495582901,0.06656366005167413,0.023610021789088442
2021-10-14,0.009376996530157555,0.06273834063342343,0.003942892974801104,0.013540629026766227,0.18041718142591012,0.0017713176946232423
2021-10-15,0.011720314848458813,-0.08455738802806301,0.009612605911569538,0.029620248061711818,0.05892244041309613,0.0032829147088202504
2021-10-18,0.0027877116411199054,-0.08234314577107793,-0.006398126091463396,0.00421537317056353,-0.3226453444282633,0.019719837627970804
2021-10-19,0.006875366327177446,-0.04073883097910369,0.010523301367921789,-0.0019138761822843353,0.012218489514555841,0.0199511721313419
2021-10-20,0.014440253306115203,0.012396852976828798,0.00866617439184747,0.011807411980393145,-0.003568645162440376,-0.008634190335142122
2021-10-21,-0.02107357679052857,0.014271394105332735,-0.013854865278148942,-0.014877253224681697,-0.07086520370809613,0.009508822771976178
2021-10-22,0.02261267612945339,0.031875208530448784,0.00999949511918441,0.026172554037510287,0.006433272639084997,-0.012691251394675085
2021-10-27,-0.03541665463789556,0.05566654425099915,-0.011700186654370448,-0.026914350446816226,-0.07272987277969278,0.018638471412916857
2021-11-01,0.006922094711885762,-0.050430853626892036,0.016825168694988513,-0.02472078729230842,0.10904713430298862,0.040426064298376474
2021-11-02,-0.0020239306867173568,0.020853836283205807,-0.0010655302020383672,0.0015390537859031328,0.1348682292263117,-0.008420300262587332
2021-11-03,-0.037520336231651186,0.04762804898925466,-0.04012137923298553,-0.03920533457103259,0.11085059563487487,0.006892009988710868
2021-11-04,-0.02429674935594761,0.024736243559640547,-0.01178308206580514,-0.020602627338846213,0.06319771003957086,0.011776563416616703
2021-11-05,0.029603110915466857,-0.039150907561825266,0.028049569269573915,0.00610378293801761,0.08651811410058574,-0.011691069379773822
2021-11-08,0.008700502160852608,0.003623192369420325,0.009538255229658787,0.012898203802982788,-0.3722944262263175,0.01567325322177826
2021-11-09,0.026013027463799965,-0.08487655394385274,0.015500489193061462,0.049990884745950925,-0.2039554259370684,-0.030785685584409528
2021-11-10,-0.0349597137716362,-0.10798863806409598,-0.019232510619729304,-0.028987536873252284,0.03466365311530417,-0.01772678612343004
2021-11-11,0.002950217259687804,0.05337446059137507,0.005892627236574022,0.006254907023109824,-0.08636488506558049,0.03848461629517441
2021-11-12,-0.007391927214819738,0.0327227559908676,-0.0060132472234517564,0.028430650964780257,-0.044854584638619244,0.006871520693679578
2021-11-15,-0.0002473410846155488,-0.041073535208287604,-0.011647790022523807,0.010924953264162207,0.4097863474945589,-0.015618374676368951
2021-11-16,-0.0011137925784785452,0.06885309931536332,0.011044471753846707,0.005231701021099933,-0.19637718620281852,0.009473889833031102
2021-11-17,-0.03067879522238215,-0.058425476153104006,-0.026664984923689516,-0.02071247082112282,-4.8965514502901035,-0.008464385166433885
2021-11-18,0.007631682932159656,0.026613648518089894,0.021825290056725066,-0.02817087696669629,4.801790813897354,-0.01584037649538228
2021-11-19,-0.03625501887511451,-0.010152371464017929,-0.027169905351927426,-0.01976348911883974,0.26084427440596336,0.022528730057746138
2021-11-22,0.008243422539506717,-0.014388737452099676,0.009056572044342737,0.017020003173088827,0.05659138112934148,-0.006488478245823437
2021-11-23,0.020379913403448136,0.024541108916117604,0.02992924121596019,0.012092989189290804,0.13150253988169336,-0.01558582720716295
2021-11-24,0.0,-0.0040485885260002075,-0.012786663960826061,-0.00739446840773661,-0.28783548049438146,0.006417196152692206
2021-12-01,-0.010640015259154367,-0.04757408972848354,-0.01894778532639929,-0.01401892117933079,-0.11218265545422845,-0.036915519623940796
2021-12-02,0.017570885251851465,-0.054840915699585935,0.014705097587609295,0.03468555798789008,-0.2240776408337748,-0.005117686754394946
2021-12-03,-0.003158134815275382,-0.0737309693217354,0.002123593917613853,-0.00959130440178757,-0.0060212230152476565,-0.050873619066382325
2021-12-06,0.04750543965222498,-0.03490287168105999,0.03706441331098631,0.04662431158517577,0.012776094957706263,6.530327933607083e-05
2021-12-07,0.032780555884184714,-0.016529301951210718,0.029010898357174852,0.024660561821951532,0.09794855855549667,0.04011736461993376
2021-12-08,0.00678813993975691,0.051432173632270706,0.005281237519345616,-0.009877683919370828,0.07377354717320639,0.009614558221197278
2021-12-09,-0.021773365385070242,-0.03217435702785609,-0.0245280225016149,-0.02049341395692783,0.0029117711447943506,-0.03731504616750758
2021-12-10,0.011782995072318947,-0.005464494472078751,0.011805879005724051,0.01443278934523673,-0.4138172092952086,0.00019346725627045203
2021-12-13,-0.007277848778701745,0.10398971352404773,-0.011536009890606103,-0.006534547320996675,0.120029452890698,-0.020663844051853175
2021-12-14,-0.008747234103043233,-0.08768500449910399,-0.010170268691256368,-0.016303511592956288,-0.07465606099704392,-0.029618598861736345
2021-12-15,0.004524254854187504,0.021334142474991102,0.004623342475293946,0.018050236927897978,-0.17259715334110393,0.009034054230265376
2021-12-20,-0.03208984698820494,0.05250549737793064,-0.03429385404657914,-0.016426562476412387,0.3881243643432004,-0.048941353744938354
2021-12-23,0.01458685805326887,-0.10395503404909157,0.02080234006044268,0.03649256609483498,-0.14882444422804486,0.011733553174073208
2021-12-30,0.003259242830395692,0.11647499099636804,-0.0002543881977592477,-0.002008436103939082,-0.023704676131937497,0.02196371938739894
2021-12-31,-0.019716727041940274,0.0,-0.0175814602453519,-0.019489045587484433,-0.0344903545961559,-0.0035017263809269394
2022-01-03,0.00872329084408996,-0.021164811192043054,0.012991371859949474,0.005315898840181688,0.5571102370412548,0.03108267093925665
2022-01-04,0.013203669171990562,-0.002677377770716527,0.014463586316758814,0.015780218206078445,0.12131979055476894,-0.014789871851007774
2022-01-05,0.010721539117612977,0.013315775975772048,0.015126233775561104,-0.003619549497627772,-0.11980347502961486,-0.058243024648505504
2022-01-06,0.02085263098079082,0.04145671367834636,0.017098639095503465,0.009623169691460931,0.2057248752035017,-0.01196022843820721
2022-01-07,-0.005931739485066423,-0.028315920117287785,0.0035307761766700807,-0.006003620193833159,0.41611697479887244,-0.012657641081434967
2022-01-10,-0.011329762844815683,0.08265027108061718,-0.008789119078501884,-0.009276130236901992,-0.2644742098995616,-0.009090038870216866
2022-01-11,0.03842763115087866,0.0,0.04107698898041079,0.027179930531838092,0.13338860363793437,0.02386942626854971
2022-01-12,0.01637377734316736,0.10487963082047558,0.009952661043462818,0.01409576980039351,-0.46163848359102744,0.011431790564333077
2022-01-13,-0.0065661714513129965,0.034045841409717115,-0.00034958923621175586,-0.0011670882476264577,-0.14165879858909847,-0.03198398234748989
2022-01-14,0.022318315831986624,-0.08967753739586581,0.015841228529568596,-0.0035094596362753583,0.28311834150532267,0.005292006250674497
2022-01-19,0.01648707959677065,0.07206507052392142,0.009077218151117172,-0.0011949812216670574,-0.41449975563417674,-0.029626063751695852
2022-01-20,-0.006353628489874197,-0.09428820730863174,0.001226378435662312,-0.020536256240442086,0.4093398288620067,-0.011813914961370742
2022-01-21,-0.013181876494937406,-0.07948106767000551,0.0,-0.049624523541801135,0.48029149485042666,-0.04290527029291891
2022-01-24,-0.008017020067327962,0.021661496781179457,-0.02265013163032048,0.09223499102069088,-0.482939107755735,0.0011826679373401205
2022-01-25,0.024900462385001987,0.009478743954543623,0.01974899145669884,0.018540507915742577,-0.427860267641341,-0.03358491098714289
2022-01-26,0.01966451841408734,0.04383631481317796,0.01914728408878741,0.022702450618306558,0.636338089393572,-0.0016311152849324273
2022-01-27,-0.008184654078768006,0.0,-0.0057168141624632796,0.011160830137528555,-0.23499161155493198,-0.0472876135237108
2022-01-28,0.0006846189222216026,0.2503106640811954,0.008453692547181646,0.005534048434641448,-0.29541750216579743,0.01188010804498063
2022-01-31,0.01685274291717409,-0.023112139875748783,0.009574656976975682,0.00586942257280576,0.3372588893790276,0.08728957371781387
2022-02-01,-0.010598813840874577,-0.01998249958733811,-0.02311291889549949,0.008014614849654267,-0.21594346987866597,0.010949547971680573
2022-02-02,-0.0006803492721889626,0.20649191772176767,0.013100864426585979,0.0075908551732504215,-0.28025224220748957,-0.018917824511286874
2022-02-03,0.022543432107211103,-0.13737672955678493,0.016918308313770503,-0.0003601656801044406,0.18901529833607533,-0.04551938061937033
2022-02-04,0.023022284078648703,-0.0895051438680321,0.040774676484977235,0.014306395651237924,0.014098194742963699,0.027814512429420013
2022-02-07,-0.011116069127863781,-0.1845712765279699,0.004326781242774302,-0.0021329549501414302,0.141116423049648,0.006068245168274977
2022-02-08,-0.021377565490643846,-0.03203935374461686,-0.012516325796210204,-0.038452325164936796,-0.32850755772363627,0.024416734473567736
2022-02-09,0.00279501551514727,-0.04033761572657535,-0.011726655163351474,0.011399277693226684,-0.19826669879809344,0.04449801251013863
2022-02-10,0.0028985527540115186,-0.024511031014349705,0.014844512604900828,-0.02068784531147272,-0.10438689901992593,-0.026862823756469645
2022-02-11,0.035755189041905666,0.002478316014467019,0.01165742814060522,0.05730356526424263,-0.1303315949785402,-0.036806134319858685
2022-02-14,0.025661465361270785,0.0024721891453891587,0.04178153401495521,0.005974363227930324,0.5986874044971833,-0.001777223522842597
2022-02-15,-0.03678649234453779,0.06222102299720844,-0.03228827637763665,-0.023038410409292664,-0.10690252278878987,0.0614829035891189
2022-02-16,0.018935477002203882,0.01839132297142365,-0.010108831679533026,-0.026891155259453292,-0.41633110969569387,0.0027924965070118546
2022-02-17,-0.02209022533527083,0.04018397781903338,-0.022416878914542693,0.021137813247742443,-0.06840535418616778,-0.05283991496837803
2022-02-18,-0.005681833467431119,0.008714652102443932,0.009401510802472757,0.0018014776985109116,0.25569112644812453,-0.0244053746762134
2022-02-23,0.0003256445076269543,0.024256977645559896,0.0056560094221449475,-0.043705609885819285,0.16176351102381492,-0.028069076938511017
2022-02-24,0.006814152157409659,0.040560522430910906,0.019942828653202405,0.07403138390487474,0.3232537793720196,0.07114047090667697
2022-02-25,-0.011819058698750773,-0.03188367840522188,-0.027322189913495443,-0.010342043805617429,0.003742531160290774,0.0171624590434174
2022-02-28,0.04739718911129476,-0.03740810206617007,0.04483988599895383,0.013986241974739633,0.050532205035748845,0.047282201034051674
2022-03-01,0.07541487068383645,-0.022676708671029555,0.07339398596640478,0.060313337767228914,-0.5234336967306765,-0.015180043225791806
2022-03-02,0.06606879863326043,0.06439516223832187,0.06971979252787897,0.06595796779179719,-0.046255114696047706,0.003489725725924764
2022-03-03,-0.02792838205403214,-0.004310351501122245,-0.030561490741808583,-0.0017502921621239675,0.21435939362708023,-0.028757885008093176
2022-03-04,0.07234873487684812,0.023480267608842365,0.07109422197327575,0.07614968206524919,0.11230280652978664,-0.022482246204622136
2022-03-07,0.02970051947732255,0.03930185234761363,0.04081553559418083,0.017167803622365252,-0.14644406670299492,-0.010165863681894649
2022-03-08,0.03606813356895611,-0.0671111310460415,0.03173416557838049,0.08778678550258867,0.1235421031816184,0.05252155696350158
2022-03-09,-0.12777087530099518,-0.013100624045698117,-0.13312386406507226,-0.09552944866537105,0.12078350594746912,0.030166880185562128
2022-03-10,-0.026824743354516123,0.02173998663640586,-0.017653625651692373,-0.03602026514212686,-0.01551792143485109,-0.0189799330555509
2022-03-11,0.0314093836973397,0.02966319182355881,0.030692286658044132,0.04880339527045807,-0.23472279639475246,-0.03371622558141496
2022-03-14,-0.05732524958516283,-0.04265038735037008,-0.06759684359349549,-0.05661375575504035,0.19339304087602383,-0.06121028707076892
2022-03-15,-0.06814898374310552,-0.028731258040481045,-0.048726754638957814,0.11044418348728047,-0.21831027965205152,0.03783345953122641
2022-03-16,-0.016416952596452816,0.04814934389758263,-0.005053646035633186,0.003504384061949528,-0.07093901675672498,0.06242791107611456
2022-03-17,0.08214098728763641,0.025317807984289953,0.08156368756578836,0.013896005242081344,0.07048837617141235,0.017466413421276528
2022-03-18,0.016565918662603707,0.014478019180653279,0.007198696700154272,0.008587956106643091,-0.0726671788954274,0.02480934972296911
2022-03-21,0.06874448836426339,-0.0207476321942488,0.06739373957966688,0.006332217943677776,0.028667614247400053,-0.005906283000980395
2022-03-22,-0.00994765562935207,0.047091607533850555,-0.006234127318569982,-0.014920174050320867,0.008208931017408716,0.028562550501835204
2022-03-23,0.03417471379909909,0.05069311431551826,0.0481120691591963,0.028424116899195884,0.10416594649370658,-0.005325488528006517
2022-04-12,0.06472423940349614,0.037098535609815686,0.06427040921839033,0.03826878542789913,-0.07828967993272062,-0.005430041788277329
2022-04-13,0.03653106666456907,0.013564639034138404,0.03823677485195276,0.023530497410194195,0.02153508626826728,0.028414860218240356
2022-04-14,0.024444608901800002,0.038183786970158895,0.02133949295320292,0.020947808313171556,-0.02245346165734663,-0.024899462153843643
2022-04-20,0.00019502681680538814,-0.04396312342111619,-0.004179734402708135,0.02290744224965846,-0.20044064899272218,-0.03734577398894334
2022-04-21,0.012884653910080424,-0.034289073478632304,0.020259821345692153,0.01459879942115272,-0.14083060297452477,-0.054683172681344594
2022-04-22,-0.009963806735670211,-0.043065303430836366,-0.019308346487992623,0.010093813169218757,0.008252361080074877,-0.019755801665261252
2022-04-25,-0.032206675756217606,-0.026135230812545984,-0.057544491547078636,-0.010093813169218757,0.11319686471381818,0.008540626679241825
2022-04-26,0.029870680923266946,0.0706529673236973,0.035817045786088464,0.023206885902981034,-0.014166085297858011,-0.0498372824822324
2022-04-27,-0.006452266005904761,0.0028985527540115186,0.003976919737874063,0.024063836023711538,-0.0012413694295778654,0.010576218817502259
2022-04-28,0.03384597278060841,0.008645586992853893,0.02372408951224081,0.03691056718292285,-0.07396805110422644,0.017262853663679856
2022-04-29,-0.00837860752234576,-0.018827493137973494,0.024097551579060905,-0.0034699087264431494,-0.15538359691779302,-0.02217083897587191
2022-05-04,0.050493208481996454,0.05701668044023611,0.05189821906429781,0.03684900558347959,0.12878457046055924,0.06028067152334593
2022-05-05,0.0030554164782010673,0.01435431345168281,0.014193554842638179,0.0002547446198977177,-0.1048069340142952,-0.05514869032453529
2022-05-06,0.014227602427205,-0.008348289391471031,0.015489091357434148,0.03847589256180095,-0.1121018037468593,-0.029081483683427223
2022-05-09,-0.06242628028523889,-0.03534798234422709,-0.06522966688554455,-0.05335941082502238,-0.016335307154830225,-0.08381435623855804
2022-05-10,-0.03293858566618724,-0.17293645456623286,-0.03880456276327404,-0.023542808511730184,-0.08478285489206971,-0.000171777033832754
2022-05-13,0.04034331190595086,0.06669137449867213,0.03688309788066757,0.05272538946880956,-0.18478939610534617,0.07025620172534275
2022-05-18,-0.023787048202827954,0.03216477397070072,-0.02556995721708155,-0.045484854574926015,0.04301824425450995,-0.026819961956983995
2022-05-19,0.022896258904657962,-0.038236438039250586,0.028488892552140044,0.026947738409767608,0.46483450630983647,0.027451595043240573
2022-05-20,0.003735994382830121,-0.02966843066221303,0.0036147273214037767,-0.01964015895868565,0.18914999398013688,-0.008686793706060847
2022-05-25,0.0029277401918177404,0.06228118383592118,0.005512978042512273,0.04795354189194456,0.10679683014809704,0.01909272293620301
2022-05-26,0.028901474650211867,-0.026840043789813528,0.028788712391658144,0.005081680626997542,0.11754585365111492,0.052026485346448936
2022-05-27,-0.010642540424001368,-0.10186042156504316,0.011452407328587988,0.04044538487169991,-0.00021599345193301644,0.04918309705385493
2022-06-01,0.007664207521350441,0.0011813350458309557,-0.026885727092621714,0.019431403475645315,-0.2197080094791568,-0.024449331515582706
2022-06-06,-0.004718182145569294,0.08501097624254639,-0.005505259845235422,-0.014936959171671926,0.0478778308865353,0.031197397746961286
2022-06-07,0.009581515561468912,0.021787354184907404,0.015086835306693303,-0.020492068832231425,0.05104773025793996,0.008622098594488925
2022-06-08,0.019794426575336033,0.01603454984725694,0.018041021939677826,0.027880194572271533,0.13878904481730547,-0.01204960369666086
2022-06-09,-0.003450262192152387,-0.14465192766935075,-0.005666177304982867,-0.008697597773509758,-0.049540675637319787,-0.03081581496271557
2022-06-10,-0.006522210943221474,0.07323223867100959,-0.008049748441725235,-0.021857587248064636,-0.2197823930156817,-0.02876365617069343
2022-06-13,0.0015725225669616094,0.024748169689194466,0.007816203619519513,-0.03105769287420901,0.37694784490569155,-0.07900722750408384
2022-06-14,-0.01667817178136044,-0.15860503017663863,-0.011117314846483595,-0.011812528784232779,0.37437746570793706,0.013035243607782299
2022-06-15,-0.030740125359695725,0.0051948168771036585,-0.016350868283453224,-0.034850036181193866,0.04756576955151992,0.031348589086444
2022-06-16,0.01923796878051487,0.020513539833103334,0.006540663023981708,0.00024122542632976085,0.1320652456558351,-0.07117794352678875
2022-06-17,-0.07047649715583937,-0.06691019766854267,-0.0535638233235769,-0.018992535827274448,-0.11534339754078093,0.048208333881220256
2022-06-22,-0.03941260413083114,0.023953241022492966,-0.02538055484723767,-0.0007377351865394122,0.0800745231286033,-0.006633642813928198
2022-06-23,-0.004434597067865198,-0.03308572458576542,-0.009041967358824898,-0.01088311508463713,-0.2778195121674978,0.02125551397541159
2022-06-24,0.03091206001426361,-0.12007924791673363,0.024671310840431282,0.031577706327470034,0.11474132050149688,0.025591261094614737
2022-06-27,0.021496451530898852,0.04879016416943194,0.019658933050552996,-0.013341616937574186,-0.021899053513178224,0.006755298096917883
2022-06-28,0.019725206397425588,0.08947140283049215,0.02083580956463038,0.008994833952359338,-0.17725114060129954,-0.04226099064386357
2022-06-29,-0.01784255758280917,0.00449438958783932,-0.011604590949194638,-0.038988407127766855,0.13647742508996785,-0.03184908674420761
2022-06-30,-0.03546244618405758,-0.022676708671029777,-0.008479558664398645,-0.04925579847873318,0.3086245423420051,0.006580323970461599
2022-07-01,0.023297394157347995,-0.12873731065984817,-0.00477008310640592,0.027120306219194035,-0.048346041238561455,-0.007509164534686086
2022-07-06,-0.012285897131000034,-0.01231326023335666,-0.017806250489825537,-0.043315041687232325,0.009008005130233698,-0.012449640103608495
2022-07-07,0.04206934704707166,0.031361455204051314,0.04380262265839363,0.02699178268198743,-0.12019969778700901,0.05759206411851725
2022-07-08,0.020435905129574827,0.0932809900032252,0.004838364398040973,0.014260491219157068,-0.005539936138136525,0.014246602850392698
2022-07-11,-0.006482852600860234,0.0635614814897445,0.007867173443414366,0.015513262964027774,-0.06325574844777826,-0.052391751929138586
2022-07-12,-0.08248859080632887,-0.0014673516939498477,-0.07098502803200368,-0.07069549435211875,0.1337762334594359,-0.01685276450292772
2022-07-13,0.0076480258580042815,-0.0192741326128667,0.0017744576218019503,0.01269956668269523,-0.05621712201743545,0.008256346014635874
2022-07-14,-0.0066249031986718165,0.03240342405465957,0.005304558527481795,-0.013947227480850533,-0.03523562500583033,0.004439014885287307
2022-07-15,0.01823943561936492,-0.04445176257083405,0.041096692261666234,0.02921936304033168,-0.1320968515774288,-0.00451243147306446
2022-07-18,0.04793390758457239,0.1476359988060647,0.04366135895891965,0.015937790373392158,0.1467005598008333,0.014055987861137709
2022-07-19,0.015574863741417921,-0.04000533461369926,-0.019894726702204046,-0.004185357380193322,0.30376920429848386,0.025587079346301778
2022-07-20,-0.015862041266964333,0.03081288642953517,0.007798323897708848,-0.023337928432461075,0.14353129533273457,0.02139089129067262
2022-07-21,-0.05926126247971908,0.0526775601239029,-0.026677578051649498,-0.03336240826633552,0.00012115849661675782,0.01406049185670799
2022-07-22,-0.007443317566603547,0.032022440568406196,-0.055027999426617846,0.019466862775873395,-0.09372848530795874,-0.02837755693401256
2022-07-25,0.021464831392082218,0.03220314049463502,0.013581604116843948,0.04707108493520362,-0.023628176511211407,0.011467232616630518
2022-07-26,-0.02115784750632521,0.10465604222256264,-0.00844356674963187,-0.006249090414948588,-0.31520458257217676,-0.018682200098528057
2022-07-27,0.023159249155080275,-0.0895130621199991,0.02138724587716201,-0.00328898487545759,0.12465295400375709,0.05488407887950064
2022-07-28,-0.009239796578471626,0.011494379425735168,0.0003647638194737013,-0.0184378806398795,0.015213263979880765,0.05703815488218211
2022-07-29,0.021954778646968265,-0.04919024419077189,0.01654723772321187,-0.004892976122815806,-0.13483755600719327,0.027337575149603666
2022-08-01,-0.04770990687438115,-0.015729301908543825,-0.049826482506090564,-0.03335200820564577,0.0740983654974734,-0.011821738965166695
2022-08-02,0.0056780207263944504,-0.0234433931899396,0.0039510869838945695,0.01697086613454335,0.07155760966609215,0.020588094369780485
2022-08-03,-0.04086917839367388,-0.02528579722867308,-0.04503232898088427,-0.038759616607697556,0.10132631699906014,-0.0016934805063328895
2022-08-04,-0.02124280594693584,0.07282674199767314,-0.038341115826463046,-0.05595865364804453,-0.011824640287494859,0.014093607940543151
2022-08-05,0.005244194253932299,-0.011976191046715545,0.023399958247666497,0.023028447361995052,-0.08142415289420235,0.003756132124460798
2022-08-08,0.01888987033289169,-0.06727318060742515,0.030919673679975723,0.009661910911736848,0.04165517201396618,0.0032407574179389442
2022-08-09,-0.003642210775162802,0.01407572823418457,0.00337724062978495,0.049169023806469925,0.17454466651046907,-0.01954310367932699
2022-08-10,0.015969678257132358,-0.001271455988196557,0.011969310320661286,0.023706662300986947,-0.2522064364162695,0.05415756688074147
2022-08-11,0.024414358171287454,0.08180275506247225,0.020071345177612443,-0.004634644477028216,-0.14160364890310095,-0.00811746344275388
2022-08-12,-0.022515022367634252,0.02317600834792355,-0.03310084546794645,0.005559001344570547,-0.19855825687827888,0.03657566207860352
2022-08-15,-0.028008244488632705,-0.012680285175909578,-0.05398686448611123,-0.026210548797197086,0.006130675005950437,0.003323656392500318
2022-08-16,-0.033176570048743415,0.07377646212250788,-0.029856047432330612,-0.012726866022570116,0.12381851976162306,-0.018708575231979552
2022-08-17,0.017992488930119954,0.024482329759189625,0.019317248300269263,0.01462200240784206,0.024755973171930457,-0.019436611578000473
2022-08-18,0.025537926849366066,-0.00950878796902721,-0.008989056756933955,0.03198533803171699,0.049828650092922366,0.021608436707214018
2022-08-19,0.003748331028552876,-0.030174703122213042,0.0010373444913627239,-0.015088815907199793,0.09690408291273656,-0.03737779628465265
2022-08-22,-0.0013905976461368041,0.07481106971793894,-0.014516468165874485,-0.03729888744785881,-0.09265758039495609,-0.019178131849446167
2022-08-23,0.03202295956686374,-0.010204170174241689,0.04554886541540526,0.012164042429988475,0.0878393016603285,0.007376660559079262
2022-08-24,-0.009792764996533698,-0.050483905431992326,0.0038122036537746595,-0.03200531781599114,0.14759403779607183,0.026049211385554827
2022-08-25,-0.02319405006663633,0.021345527620223237,-0.010670526048171425,-0.004939907954339073,-0.06074376654434577,0.03031680019088956
2022-08-26,0.0032092453731422665,0.0010554090689436357,0.023208003707207325,0.02349210807321156,-0.09047927654354204,-0.03251620176990233
2022-08-31,-0.02184859375027859,-0.01885801863439651,-0.02848730080468087,0.03345236581748301,-0.24373675015651486,0.0032271587202226115
2022-09-01,-0.033867103958700184,0.04916336812972544,-0.04566713291371993,0.01358804471703956,0.030382680442943233,-0.025476929633125422
2022-09-02,0.0022938420426097395,-0.021552558385734333,0.009172891167595232,0.09700306716463802,0.017450262790830173,-0.01671334343329267
2022-09-07,-0.05712474323943084,-0.048086186667637865,-0.05162146810378143,-0.03212785208402913,-0.061253510457813576,0.046879441756929374
2022-09-08,0.018494582636164658,0.018304354862013206,0.013270987584915517,0.03240761149276383,-0.052188361430776986,0.016000528221897348
2022-09-09,0.03771388519842045,0.0048250998317569405,0.0410810813089606,0.00891122577543113,0.09661663519069741,0.014664452836795405
2022-09-12,0.010373418754571873,-0.013325454597149289,0.019122280935142122,-0.01115149554464745,0.049649576151990615,0.013067336575098842
2022-09-15,-0.03620097472599859,-0.01156082240107592,-0.03899236477884038,-0.027494135248280482,-0.010198472375254397,-0.02333574118079973
2022-09-16,-0.0017514161754128565,-0.05866433513214053,0.0016786977250893287,-0.0020561029420109733,0.0237897052777587,-0.007455636656791498
2022-09-21,-0.015589058480856899,-0.002500001302084609,0.0026743942840168344,0.005630933742060362,0.08063595056584827,-0.005311094422580709
2022-09-22,0.007646393288585074,-0.02920842558305603,0.005991363756117529,0.012176710575255267,-0.33533662689869814,-0.05052868301665914
2022-09-23,-0.06072132965840016,-0.13943982931068866,-0.06998103338874007,-0.0296848817979114,-0.24145684850083615,-0.026508332588236705
2022-09-26,-0.024322755613323643,0.0,-0.02085906364325396,0.21866600960129223,-0.06311013757447181,-0.01483272020862092
2022-09-27,0.022297182063431897,0.01178216869826021,0.0405942278202156,0.017586053718040118,-0.23039001425327843,0.01734834694049603
2022-09-28,0.04582277604147045,-0.035771325068282955,0.04079873032036829,-0.06306299008865013,0.1602176070283834,0.023031313281173915
2022-09-29,-0.010098023637917564,-0.0030395160178966485,-0.0015645957594943027,0.060187654363556664,-0.024849768074096446,-0.05700208742113588
2022-09-30,-0.023131713550125,-0.026215842130892897,-0.005720390227367922,-0.007431908691091893,0.07291934300845249,-0.002992306776875786
2022-10-03,0.050510858468252984,-0.12641392485565883,0.019824683119469277,0.028999377428337914,0.0711586780561646,0.01657930959005327
2022-10-04,0.033000888417204166,-0.043485111939738585,0.03318816685523185,-0.013578078703767371,0.021551415060838686,0.05040203462420312
2022-10-05,0.01542094640496483,0.07833184326990672,0.0064862793199989,-0.07497159108453699,-0.0013589396762014871,-0.03198873282880399
2022-10-06,0.00767844784306515,0.16823884093944308,0.01368442407170356,0.00788613068411359,-0.012451954278185795,-0.012943008906435516
2022-10-07,0.04583975567776033,-0.10038817403126843,0.033211297823117825,-0.3339008128590879,0.024616443114132913,-0.048204049292539075
2022-10-12,-0.021624899439363077,0.06252035698133374,-0.018345247004335263,-0.023076622444953232,-0.08878087441611626,-0.02781225672490617
2022-10-17,-0.001162115180177281,-0.0032840752011897845,-0.012878056400539073,-0.1235226809463481,0.2491747061664773,0.03757404175426071
2022-10-18,-0.032018802306257754,0.013072081567352845,-0.017507372373319008,-0.015025984566224504,-0.024860777153815405,0.021259501374890633
2022-10-19,0.032018802306257754,-0.0899673353938295,0.020797209752151602,0.042891564629313095,-0.04505131689033348,-0.016726136879690046
2022-10-20,0.00023253110208276695,-0.09886890242131896,0.001968719874634317,0.0022874581075988942,-0.04560424645101424,-0.018599913287443925
2022-10-21,-0.006414390177663876,-0.13633644355213126,0.003272611189588659,0.06985566241519148,-0.25921329026317075,0.03545517961958922
2022-10-24,0.007576235318236257,0.07779298793952094,-0.0027264317014354944,-0.015748356968139143,-0.1303177682138541,-0.007632855295717
2022-10-25,0.009361524594810433,0.07217560440266801,0.0020727657014747436,0.027398974188114433,0.11309582190037037,0.04988277019829024
2022-10-26,0.0279056220087881,0.021053409197832496,0.0126700487481326,0.020497504155501778,0.061648057455520267,0.01577371423156748
2022-10-27,-0.0036985192062042316,0.0037807228399058257,0.013255137952723928,0.045378311243561065,-0.05798930073640829,-0.0056341236624462
2022-10-28,-0.013679485260450264,-0.05427688685443832,0.004978560148159339,-0.022263753943988718,-0.0027030072855982468,0.007095162883383743
2022-10-31,-0.01502407983636811,0.0,-0.014260111816833287,-0.007758514209059708,-0.0030296784726076,-0.0026802046501215315
2022-11-01,0.02081264375517833,-0.09391672879752444,0.019319144529228005,0.02574101675949203,0.01615801959861418,-0.007182531694192917
2022-11-02,0.019056736321508616,0.0021857932199802477,0.009937840039120793,0.04988966950284901,-0.24422829619489939,-0.04060983830992271
2022-11-03,-0.02154965545958465,0.015168221473171428,-0.00815221906155017,0.0018820582719798473,0.006000017869295604,0.016973692909306948
2022-11-04,0.04914667618928359,-0.1505728584793744,0.04353423289787539,0.05665339410732417,-0.23064267552488182,0.00704836460251812
2022-11-07,-0.008460837976679514,0.14410034397375693,0.003410233997071188,-0.021853885744699042,0.2076485604152447,-0.01067543856454023
2022-11-08,-0.03322564762832059,-0.14410034397375693,-0.030705950402038162,0.06786228911666536,-0.060560197018491024,0.027481631507221493
2022-11-09,-0.0344842004132504,-0.14502577205025768,-0.04002640676474556,0.02264880819456394,0.060560197018491024,-0.0342386042016356
2022-11-10,0.00847315149998451,0.32734732884421236,0.012813843239860567,0.004964158015521747,-0.09923387637296344,0.09377068794370125
2022-11-15,0.011811160928344222,-0.056027831469662503,0.00755764947024673,-0.04174464566982339,0.10882896056330527,0.012301696671007
2022-11-16,-0.014493847555028694,-0.003395589001138344,-0.01808406245723404,-0.006108361703079268,0.018341782380616678,-0.026468281051627685
2022-11-17,-0.046987305363022536,0.05299253014051053,-0.017537620665327935,-0.1582977168733477,-0.020160467244391356,-0.006336400281203858
2022-11-18,-0.020030343269235473,-0.016260520871780537,-0.023009963105301345,-0.11180359271311724,-0.005704801575013185,-0.004233466484047987
2022-11-21,-0.004129910131332792,0.021087561620096285,-0.005525187422303013,0.008414016824846104,-0.043616909836265094,-0.019969695596839365
2022-11-22,0.013576841792543703,0.006400021845467618,0.0023716765309718113,-0.009682247812841327,-0.20649997246200957,0.017362684307613563
2022-11-23,-0.03653719589028359,0.0467374778516898,-0.03151220353000728,-0.03267702602630029,-0.2582508531730898,0.013490685588433138
2022-11-30,0.03181283171206939,0.14916313831621908,0.028314395199599218,0.05658443589625095,0.03375367053997724,0.052328500009294565
2022-12-01,0.007180914848733622,-0.10060991289922838,0.00779572276656193,-0.024249055253314333,0.21949426422152296,-0.017923902709890527
2022-12-02,-0.014914519565087048,-0.2519917056518681,0.0030089132757824544,-0.04699631952577421,-0.2005895565577971,0.016456531961521748
2022-12-05,-0.03867991275553173,-0.17020019626160976,-0.03743815679168172,-0.05181999960783834,-0.1006517321455398,-0.02758886526846105
2022-12-06,-0.034696276897501654,0.09859066388348658,-0.04214244366475839,-0.030050644199555165,-0.03649493112409008,-0.044414116243502555
2022-12-07,-0.03120548810277768,-0.019846296371930583,-0.035793160495429355,-0.03204897356915115,-0.061033708981414136,0.0010328993283241772
2022-12-08,-0.008797096459014497,0.06467770966866082,-0.014236510283766712,0.10193768634538414,0.10845400005018302,0.008266519235735181
2022-12-09,-0.0035124728771407376,0.03889947961373785,0.004593485339190906,-0.008230499136515412,0.09086563705097284,-0.01120050667052297
2022-12-12,0.026527491222966937,0.30114525262007485,0.02111887778929855,0.016393809775676504,0.0710967220802603,0.00169158650999357
2022-12-13,0.03342629255912577,0.06750588236537314,0.02706627851840704,0.03570130210772526,0.21570203221124817,0.013154980520198478
2022-12-14,0.022284314454879883,-0.09614386055290236,0.039033523186116525,-0.02902825541987719,0.21869998025133608,-0.006611365713969697
2022-12-15,-0.016337029364260403,0.038985446712953786,-0.011951612052356175,0.039129351406381185,-0.23980114939524633,-0.03460474736753394
2022-12-16,-0.022655553214386615,-0.025317807984289953,-0.026333501469290255,-0.018442200880352533,-0.017994404566871403,-0.021446557899009733
2022-12-19,0.01152518787803647,-0.08660010821969544,0.018040771018960733,0.061363406685794764,0.46177112810651444,-0.02540324032183605
2022-12-20,0.011525596222201173,-0.14107859825990543,-0.027436392908704477,0.015201161332050406,-0.3801240694025445,-0.009590585861823264
2022-12-21,0.029205787930566274,0.14926865222994978,0.010018869027399901,0.01794153209695204,-0.06765134748471713,0.015160376343868798
2022-12-22,-0.0062881182491691945,0.14690003409914976,-0.008383957011342424,0.002536999246588678,-0.14456252196144614,-0.04333907042143892
2022-12-23,0.024039313406373886,0.007017572658646554,0.03542924400682512,0.0657782506660688,0.9668879075553862,-0.008714891577264794
2022-12-29,-0.0058479698824234205,-0.07145896398214502,-0.009098796326801661,0.03666557356381317,-0.45473614851057675,0.0303630200613485
2022-12-30,0.021818130111979528,-0.07126302002149054,0.022714372578265696,0.06163791860767054,-0.23646116729332256,0.0018643867111594048
2023-01-04,-0.05412504061375323,0.029772158333670085,-0.06490361183347382,-0.06918387521210467,0.05836075474664959,0.024733683032487797
2023-01-05,0.010790243323327786,0.007968169649176682,0.018679838076313793,-0.04864690795544879,0.10765023443891586,-0.030888063190395165
2023-01-06,0.0021712588255962118,-0.09716374845364761,-0.0041791885300987985,0.0,0.11816111783561745,0.02244340522370525
2023-01-09,0.012394069472764002,0.06216690641655154,0.014164358699826352,0.013233917795024586,0.07370120803028168,0.024402915481875453
2023-01-10,0.005607491328945002,-0.09476238466600306,0.011545990997061217,0.005919679020299773,-0.09245064155350136,0.01824144481551926
2023-01-11,0.030807968388685936,0.026747508367028328,0.033982330725891075,0.039269356411740675,0.056278716943931606,0.03892141559334572
2023-01-12,0.011041324135648622,0.017442302663342568,0.018082349740372372,0.008476337329713313,-0.22545165858995464,0.021980550010979094
2023-01-18,-0.009012453041081336,-0.0694094513721677,-0.00713609117730396,-0.022367030146896116,-0.1288077101517624,-0.003514019582190997
2023-01-19,0.009759837231326784,-0.09499772862227962,0.015397674813147688,0.03547438819366,-0.06068300875247434,-0.05072302916803473
2023-01-20,0.011882798564743169,0.07924937165414048,0.021856252480917604,0.01558078260662421,0.02466427899711654,0.028599343906614116
2023-01-23,0.004297385212545635,0.08515780834030684,0.006647588949795669,-0.016347066169024704,0.20766291498179967,0.05118800839597881
2023-01-24,-0.021799228342583632,-0.023599915340873467,-0.02650771559912357,0.011433051366595559,-0.06598553215906655,-0.010110386793628301
2023-01-25,-0.0010022551578146022,-0.08078925492732103,-0.0019961258315897012,-0.024938948347252077,-0.010743836851202282,-0.003057469851349026
2023-01-26,0.010721957845797547,-0.1275392106017481,0.014121726188180084,0.029852963149681222,-0.11430676008393004,0.0084604932439305
2023-01-27,-0.011348877808654123,0.039644831347240395,-0.010836109526718651,0.06000336597217981,-0.09478595113494492,0.04197201011920981
2023-01-30,-0.022321789192895736,-0.003539826705124094,-0.00540351367619607,0.020735235953517783,0.10554898935236157,-0.03499710418678337
2023-01-31,0.01249060338014285,-0.062177244951891475,-0.017586004548502565,0.022016713187466674,0.20237668184235336,0.036677007884978075
2023-02-01,-0.03361769338456799,0.0,-0.021936285287647905,-0.03426533526366571,-0.03387958991851825,0.026209195514852013
2023-02-02,-0.006175697967099936,0.007518832414027399,-0.012825431692046863,-0.0021149109046258996,-0.04515587106517316,0.016885324033569127
2023-02-03,-0.03309741372951347,-0.10660973505825833,-0.021579058380057248,-0.05214794765474107,0.9327681441644877,-0.020227515279223063
2023-02-06,0.009626540342797085,-0.1007415698015317,0.020461392942381806,0.024601938427911918,-1.2520103227087223,-0.00705382953278022
2023-02-07,0.040460304506244604,0.07968816060369943,0.029867581216150185,0.041561655615173665,-0.16512881431307047,0.007307215233847586
2023-02-08,0.016705605669869783,0.021053409197832273,0.014962275655905799,-0.0003480076596806825,-0.0716107378846913,-0.01432999051648931
2023-02-09,-0.005494870384470829,0.0,-0.008471088060078458,-0.014373604165679232,-0.07416718270182754,-0.017672523750194458
2023-02-10,0.021549826198298483,-0.01257878220686004,0.023680955052472363,0.025105921131076236,0.13843799531811296,-0.011381853947230347
2023-02-13,0.005003763254789462,0.020877585021555234,0.006066280852256689,0.004466593923034612,0.07108344806064792,0.010417626700601978
2023-02-14,-0.013315106905582574,0.0,-0.011934153574507,0.014971358233869969,-0.20235630264376203,0.015208586583602468
2023-02-15,-0.006470051114686015,0.012320484388040676,-0.0100550915192823,0.03712723402889351,-0.05970203792971107,0.034760825325787614
2023-02-16,-0.0015284680086882219,0.012170535620255052,-0.0032152454016145526,-0.026378054277785834,0.18580472206904197,-0.030426771896377325
2023-02-17,-0.027657487877499776,-0.0840831172105414,-0.02255689390779292,-0.0030115465290474486,0.22693808171990337,-0.017725158651338724
2023-02-22,-0.031021591575409957,-0.02386748140664352,-0.03203935374461686,-0.03204732628717988,0.024703372887942443,0.003923179785632058
2023-02-23,0.01755959600848289,0.047178560275090486,0.03130862663866374,0.038539746153864796,-0.12733305292407193,-5.7371523659810464e-05
2023-02-24,0.01228143531962722,0.08393445148515055,0.002798225562093748,-0.002045687723293055,0.33582747987168426,-0.02540644610377818
2023-02-27,-0.008170841452289856,0.07743174013281606,-0.013084870272368931,0.022275642625996905,-0.1011716676929133,0.02814226916534679
2023-02-28,0.017186385629408107,-0.019802627296179653,0.023959796200154315,0.03250984048158645,-0.05172834337807153,0.005349704259835164
2023-03-01,0.00893498984074359,0.035367143837291226,0.005632467404274699,0.01156453620770903,0.01147500992191297,-0.0042631827370369635
2023-03-02,0.00616889245866048,0.030420596700711844,0.005600920320201652,0.0038253154711620496,-0.06776683813321949,-0.015421360900290004
2023-03-03,0.01991567061073063,-0.0037523496185504213,0.01871854053301636,0.01201785495157659,0.25239527674172635,0.03357355767532155
2023-03-06,0.009624472767697512,-0.07816477284933632,0.001398601626583229,-0.002202990662789839,-0.09997143038533896,-0.004147895795967749
2023-03-07,-0.037257223476991896,0.02409755157906046,-0.03351607452247496,-0.04544039339777317,0.05080701035723134,-0.020282361360212775
2023-03-08,-0.011557819718178486,-0.007968169649176793,-0.011263971815556495,-0.039339414560032315,0.04780825092412222,0.006735190185400697
2023-03-09,-0.01261846395921129,0.0,-0.013488861785943662,-0.07289524362988331,-0.1370870935594981,-0.031438227285159215
2023-03-10,0.012487838918205263,-0.040821994520255256,0.015921953010584744,0.013555803843574576,0.1081744108753151,-0.03325074267581396
2023-03-13,-0.02473180343017045,0.0,-0.03247800429074932,-0.03480543845008732,0.11344874572018515,-0.0016468941475853427
2023-03-14,-0.04800043859147518,0.09909090264423093,-0.03707916455246707,-0.01442150231506345,0.011654738719987456,0.012979318549443342
2023-03-15,-0.054863642103640586,-0.07847161544149506,-0.032702987116094206,-0.04415642114531504,-0.17376190470501296,-0.03385999452940425
2023-03-16,0.011362920164135204,0.0,-0.016009024577818387,0.006371984920835905,-0.09952655282374234,0.00612116814860908
2023-03-17,-0.022856441717453713,-0.012320484388040676,-0.028999604136176416,-0.00477517819431672,-0.11633755064243978,-0.03321068249316106
2023-03-22,0.018700138103390884,0.05051579013690177,0.01723494868816733,0.052791145354450286,-0.14323851659833098,-0.026729150998485274
2023-03-23,-0.013382887665004617,0.02433210065953073,-0.023539886067756477,0.008147474749650718,-0.02477820938751618,0.010399457090326969
2023-03-24,-0.00791427974394665,-0.019418085857101586,-0.009192980788752969,0.01419551940493291,-0.037755652509666504,-0.010399457090326969
2023-03-27,0.05138719347499254,0.0,0.04215208877300114,0.04688358589885033,0.18433462072656592,-0.0014456148322539164
2023-03-28,0.0034248954637039475,-0.009852296443011666,0.016401219978573245,0.01012666881792934,0.036657669221974665,-0.008106062987653928
2023-03-29,-0.0023276521771000702,-0.04040953833787664,-0.007198899838779305,-0.010490239081886843,-0.16753601745726865,0.0340249098620129
2023-03-30,0.01860581953678775,0.005141399500418697,0.01205451888562159,0.015515375284559818,-0.005333537911190955,0.008076551832286505
2023-03-31,0.018133830238040716,0.07410797215372189,0.009388549043278793,0.01774354570582304,-0.07534323146880118,0.026089210447556077
2023-04-03,0.06050025144129734,-0.004773278752657761,0.08028552159670888,0.045720284301982606,0.21421853196728335,-0.02395643703472139
2023-04-04,0.003724399090982544,0.018957913744614086,-0.0012827242152955165,-0.04010820363067058,-0.016087882670271725,-0.020769021097127194
2023-04-05,-0.0001239234154883917,0.018605187831034486,0.0022145821743997374,0.004884866656977849,0.18712237157416922,-0.03227015374554121
2023-04-06,0.0001239234154883917,0.004597709248629567,0.007770407320037975,0.013826697980144909,0.18076565158034263,-0.0070492147236098646
2023-04-12,0.020874544375722337,0.013605652055778794,0.011273819798967466,-0.0006761325477326885,0.040614713025206584,-0.01524106173537021
2023-04-13,-0.013299676146526274,-0.08455738802806312,-0.02059333728842816,-0.016022159686938764,0.17296582857248577,0.02117771903305954
2023-04-14,0.005098954837641223,-0.08701137698962969,0.009204989630433147,0.008895029568867896,0.007737840550077202,-0.012951724943451204
2023-04-17,-0.020182936950333463,0.16705408466316607,-0.01942931478461496,-0.026226485920507914,-0.12738334586618372,0.023154100157761093
2023-04-18,-0.0009889974844954352,0.009009069942365944,-0.0017532585871542494,-0.03269658707633827,-0.00940250817003907,-0.005508899107555365
2023-04-19,-0.02087184434513034,-0.013544225107757102,-0.0016391526910926046,-0.057243422553392764,-0.014426122965741861,-0.014674863342788669
2023-04-20,-0.024417959732492278,-0.0045558165358609015,-0.024314783812604546,-0.02165591204537931,0.1743324867246736,-0.02042520063175246
2023-04-21,0.007606560236816939,0.0045558165358609015,0.0008400840578071112,0.01782302118967194,0.15399460425513034,-0.010819701926791936
2023-04-24,0.009968133656601097,-0.0045558165358609015,0.010382574322215454,0.05054416593461819,-0.20514666447308105,0.005081831442765861
2023-04-25,-0.020425914072785822,0.00909097170125206,-0.025247794575171234,-0.01953979217989521,0.0813389425324127,-0.031346164143222666
2023-04-26,-0.03593992302892257,-0.00909097170125206,-0.0364533295297802,0.002231313681435587,-0.18280617415398748,-0.0451839504878917
2023-04-27,0.005902096274621904,-0.00917437627604123,0.011550662004705003,-0.004840821220009728,0.04640341632640155,0.013808172635503269
2023-04-28,0.026527454560826946,0.045052663940943205,0.014991298533120201,-0.0007468260242562419,-0.0457985494000237,-0.0024469416957009216
2023-05-03,-0.04404617046417947,-0.05328136661293692,-0.05080627415286543,-0.046220804801228366,0.060125957144279596,0.0023578943584565693
2023-05-04,-0.001458363974384369,-0.02519024882855847,0.0012336373300518844,0.003285423899796913,0.0331121344163412,-0.007160708148058248
2023-05-05,0.04005111953901963,-0.057758834152192295,0.03829826464615049,0.035840357050827776,-0.17871886326314268,0.03900916684700029
2023-05-10,-0.01573112257173026,-0.04609110720026699,-0.01372545177897333,0.007289500914340885,-0.045705864387837636,0.007448948981834569
2023-05-11,-0.024000035711638112,-0.02386748140664352,-0.01815600458425859,-0.02987613087241081,0.17076290317598541,-6.686056232219073e-05
2023-05-12,-0.01121931813716337,-0.04445176257083383,-0.010409809737838671,-0.015079650827059532,0.1464453363703937,0.020679325463500042
2023-05-15,0.01488439131228425,0.12783337150988494,0.012266820485051788,0.036124854661045425,-0.3189311718148442,0.012189219812738905
2023-05-16,-0.0031003407021144014,0.0132452267500206,-0.004116598337181365,0.0061514995980640474,0.10131805824371476,-0.018990961250561433
2023-05-17,0.026876226047324536,-0.0132452267500206,0.024059531656616784,0.025729758383624013,-0.17929135383194694,0.02176923437137024
2023-05-18,-0.013278203386077436,0.021978906718775115,-0.016107203466121156,0.02326115586176347,-0.09510416981678826,0.00011290595752200261
2023-05-19,-0.0034869970474300516,0.029980832211935926,-0.0043659525592678605,0.02344561857468075,0.04574827520157321,-0.011664162741701567
2023-05-22,0.003347750371720082,-0.029980832211935926,0.004629944113070827,0.03019892405954927,0.16567171352252696,0.024977933318470313
2023-05-23,0.014653289559964477,-0.035401927050915716,0.011677624009126752,-0.0266402014425553,-0.009728000569434236,-0.00518586461504178
2023-05-24,0.020375603033017775,0.0134230203321406,0.017200553389997708,0.00778489423506068,-0.10101081746065876,-0.017054439278418876
2023-05-25,-0.03684086604853398,-0.008928630744301391,-0.030330994137523604,-0.0024704441715679426,-0.17956346228547782,0.003379095084345529
2023-05-26,0.009303684410817858,-0.17072980863016962,0.008816426605496197,0.02959310814730931,-0.08523400374249768,0.020689784381636933
2023-05-31,-0.0194830239471262,-0.004750602758597733,-0.019263116276251324,-0.024701452799177126,0.17112553840958533,-0.013368313833026946
2023-06-01,0.02865608525900676,-0.17095779814363954,0.030106269410560493,-0.03729433494409551,0.16148479764049295,0.014863682405149348
2023-06-02,0.023547087238307007,-0.017094433359300165,0.02423876822488591,0.024894467824153832,0.16154650347152621,0.013389674383969208
2023-06-05,0.005281457724852778,0.09844007281325251,0.00799427624239879,0.006583783840258706,-0.5206889700283339,-0.006196018888285693
2023-06-06,-0.0059784675809098076,0.015504186535965303,-0.0051037210830156,0.048390799674572715,0.01242810148750717,0.01792201494236423
2023-06-07,0.011232177992167358,0.08829260714567821,0.008231574538890563,0.07072807927961522,-0.09211581289754989,0.006741650097158214
2023-06-08,-0.017246602724096505,-0.014184634991956324,-0.01270232491779133,-0.04602699494885165,-0.07593886514499548,0.0028450386991227816
2023-06-09,-0.015837435098626784,-0.12675170563914384,-0.015137721009475413,-0.028529173223428517,-0.028151540254626184,-0.009126629593883884
2023-06-12,-0.04489241110891928,0.0266682470821612,-0.04013094800315997,-0.03802198978935656,0.09524891789713053,0.01917894046898372
2023-06-13,0.03385682795644929,0.05129329438755059,0.03341861242376698,0.023269351314318287,-0.20638663171139848,0.024807427638311452
2023-06-14,-0.017004987920957504,0.024692612590371477,-0.011515401920974,-0.017851241617777625,0.14293513609164643,-0.014527599567665028
2023-06-15,0.034434000537755693,0.06148508365068095,0.031650757832507814,0.02946087069561676,0.1285736229114791,0.005063527512765731
2023-06-16,0.01685196459397087,-0.023202897079664053,0.013245226750020045,-0.03270821253538592,-0.1358787191328319,-0.010422189179981167
2023-06-21,0.02244152998472071,-0.0606246218164348,0.014799562896641305,0.0025524170648383304,-0.1324676215740368,-0.017377715979828956
2023-06-22,-0.04698614112299815,0.013303965626362824,-0.03964722115157038,-0.04964632080730391,-0.004848104830812439,-0.009593509323451599
2023-06-23,-0.004488532838081483,-0.02227263560912318,-0.0050172998328879,0.02978542524400596,0.15620118390133175,-0.02321985029138318
2023-06-26,0.0026086971315866236,0.16566712188881738,0.0040700096882968495,0.028923854098359847,0.14847601113507292,-0.0012697608207199451
2023-06-27,-0.020619287202735315,0.022642476749759832,-0.027173347509059198,-0.010885448560192357,-0.13227523427695598,0.025976300869152702
2023-06-28,0.02711141128174699,0.011131840368844181,0.024190294449518923,0.03195389433449747,0.04177488185650091,0.0014999345624433502
2023-07-03,-0.013535862432691559,0.0,0.0001342011677518684,-0.0257405515965885,-0.06390019046379614,0.023574530379454117
2023-07-06,-0.00027866796892084267,-0.05826890812397567,-0.0002606542436236481,0.002425083468075684,0.012908707072727843,-0.021666195526464982
2023-07-07,0.029520919046254868,-0.004008021397538752,0.026369783140049563,0.012037978559479079,-0.1423367192859244,0.02844617906889013
2023-07-10,-0.011703998600086862,0.023810648693718406,-0.01200525274393538,0.010542522402135601,-0.03779407383517697,0.02321109589493542
2023-07-11,0.024609138045885715,0.007812539736793633,0.021733078808247264,-0.06751995714467607,0.1296790434569468,0.00272228613156944
2023-07-12,0.011949159700687773,-0.007812539736793633,0.010132052403976743,0.08029324005615734,-0.005766121858619577,0.017098993120915118
2023-07-13,0.014283149193415667,-0.019802627296179653,0.011876918036224815,0.002335280460793232,0.06313244482006652,0.014385953600111634
2023-07-14,-0.018647946811495508,0.0,-0.017493157447517227,-0.05232857290850057,-0.07656712773618413,-0.021972808767381835
2023-07-17,-0.01697788257673505,-0.016129381929883668,-0.02663442158788243,0.0003510619660418435,0.13811239223945648,0.03223770916406554
2023-07-18,0.02121069312935564,0.02409755157906046,0.022118608595198097,0.0035038578244035445,-0.1271272644499737,0.0013028610496110815
2023-07-19,-0.004763173863912229,-0.003976148379639444,-0.0020135924246247328,0.010784588784165994,-0.08731209418903418,-0.0027434114257962605
2023-07-20,0.003310165220455019,0.03906746819090956,0.003018870217252001,-0.008688151957637835,-0.026127667846374436,-0.03270641363560145
2023-07-21,0.01846689896364584,0.0,0.017924303627991023,0.02106795243122961,-0.01332428825190135,-0.007036671752414847
2023-07-24,0.022455553167547215,0.026466573188163367,0.017972242404430183,0.040192951875037464,0.12921360541394478,-0.0013311055804390293
2023-07-25,0.011982233288024169,-0.0074906717291576275,0.011205611558813722,0.013694377689559722,0.15389540993120754,-0.001261937169870997
2023-07-26,-0.008182836620277634,-0.02281467776617141,-0.005767860258684365,0.015743297046011406,0.1004301407928665,0.0023807510607323223
2023-07-27,0.013310091021555337,-0.05129329438755048,0.015544974031266534,0.0170674180875654,0.4788452118196842,-0.018759434880285752
2023-07-28,0.004728729568123313,0.0240011520995429,0.002488595228764545,0.019857928364426014,0.44024242791758095,0.015015705501387089
2023-07-31,0.015399133985718017,0.01957009619409733,0.00860296390701265,-0.018918225867711858,-1.3077013146997754,0.015129478903001647
2023-08-01,-0.005270588900136097,-0.03550668845690974,0.0014071296880882045,-0.02504489755340411,-0.04420550839974258,-0.01944360472357154
2023-08-02,-0.023249633048279428,-0.024391453124159246,-0.015707438383098626,-0.011949116822729033,-0.10413824059546961,-0.046466339225491815
2023-08-03,0.025581924045968485,0.004106781952653349,0.02561832228255234,0.005184716734186745,0.06565481554800101,-0.0017803315519797636
2023-08-04,0.014605907171088006,0.03622126343431831,0.013712261863982,0.01762018996801329,-0.003320989683023079,-0.010824750961432095
2023-08-07,-0.00995758075861719,0.046340337258702013,-0.010468890550950682,-0.007330710119602735,0.11805069308319904,-0.011111563683588344
2023-08-08,0.012130182699509717,0.0442876802011164,0.0175392815058677,0.0015982103449836416,-0.17655645047161173,-0.0027435700457578704
2023-08-09,0.01685735417374179,0.05273629608094321,0.01477664921758759,0.027718309972402544,0.08016900777819647,-0.00827616439949086
2023-08-10,-0.018425981946368353,-0.03130690462504404,-0.021160619827511162,-0.0018656721829495293,-0.028338488055242195,-0.014402867633460659
2023-08-11,0.004337878834987485,-0.08092649032054433,0.005588199522627235,0.02307439706021186,0.14375915696479336,-0.012051668891024825
2023-08-14,-0.008088412539961176,0.048607699065376875,-0.00604576072942109,-0.01594147799768808,0.0031372901614670212,0.00654140588546781
2023-08-15,-0.017608672140472237,-0.03339828040184811,-0.012897461140533473,-0.0184006439088662,0.07651186245303965,-0.02949470881540872
2023-08-16,-0.020691252947072414,-0.03846628082779602,-0.020964637356202687,0.00502355844526603,-0.15570649620782717,-0.020749711520653413
2023-08-17,0.012888872662887074,0.003913899321136394,0.008837623065662825,0.03417294192608655,-0.0843036407454214,-0.020765590173621007
2023-08-18,0.010143580293869192,-0.048009219186360697,0.007945823530138618,-0.009121376709788409,-0.1450875984278044,-0.0018151750180948056
2023-08-21,-0.0066683378735659105,0.06351340572232589,-0.005602255548669888,-0.011983550996079284,0.7679928782132359,0.013576051942974843
2023-08-22,-0.0057157213261556095,-0.007722046093910251,-0.008698773553875938,0.005548719538350566,-0.46206099450297966,-0.008410619984108081
2023-08-25,0.011875881809722877,0.016393809775676393,0.015930480266114877,0.02743694344061831,0.03407328893830375,0.014277104995860768
2023-08-30,0.006143280163342979,-0.008032171697264334,0.0028903424942861022,-0.005745491243249745,-0.07193643427123142,-0.00030502243756735936
2023-08-31,0.023125917099759086,0.03174869831458038,0.007705172960777773,-0.015387152186250086,-0.24161574377310124,-0.0004978680110232503
2023-09-01,0.023305011675386567,0.05324451451881229,0.030351514665768242,-0.01029269489482787,-0.10473876541049076,0.001701363105617304
2023-09-06,0.009294920324640188,-0.04322873455081999,0.005900366768399223,0.006795712369587648,-0.3877995692934837,-0.02169641540029499
2023-09-07,-0.007797310460031959,-0.016194685919980634,-0.006887154853516542,0.0085032032650878,-0.05767891410759152,-0.013244133083498255
2023-09-08,0.0073403242759111365,0.032131278182793044,0.007540607283651468,0.021947170258340032,-0.3918792715807067,-0.008329834243993695
2023-09-11,-0.0024026097021829784,-0.011928570865273658,0.001305625253471554,0.01727354289494132,-0.07054030251482679,0.01118503447054664
2023-09-12,0.017824164904826745,0.08434114843375085,0.017354248523464122,0.0002807017562291847,0.20733145402565345,0.0029131858722308834
2023-09-13,-0.003155643326442359,0.014598799421152497,-0.005787177227661644,0.027952560188184705,-0.20257623424365434,-0.009332205484903433
2023-09-14,0.017234088144377324,0.017953803616596042,0.022950433586911068,0.02612943267631551,-0.13133468976277207,0.019560202695668494
2023-09-15,0.007736554945803498,-0.0252265629456756,0.0036697288889619983,0.13694883817750658,-0.06807979281200183,-0.014235819474515132
2023-09-18,0.007021422154150692,-0.07579383936953366,0.004177551767426735,-0.003018694966189228,0.15798114918356632,-0.020740987466201233
2023-09-19,-0.0033948452907894833,-0.0320027310861738,0.0016661463814839905,-0.031178718248450865,-0.11331364913993003,-0.002680466445011298
2023-09-20,-0.0217351647915196,0.12228957775827409,-0.01625881517740435,-0.06389893045379136,0.07123646476434775,-0.01299474565969394
2023-09-21,0.004027752144589947,-0.029199154692262086,-0.009136364413412146,-0.13331219852727272,0.056531204034186544,-0.029498397223297168
2023-09-22,0.0049008785997113335,-0.0262679268206103,0.003090204387834028,0.0843046194205781,-0.10736515535269753,-0.00936716611635191
2023-09-25,-0.0035618915663606643,0.0,0.00021276595824915034,0.030682121128080775,0.05255146070316297,0.006047056894144198
2023-09-26,0.01932587341243064,-0.030890487019338386,0.004775304877512099,0.009591778009859109,0.13165832305184288,-0.013950674405245778
2023-09-27,0.024204315044704217,0.06453852113757119,0.027564910829307898,0.14191334834146185,-0.07738628823050941,-0.003939147155684886
2023-09-28,-0.021800992935324892,0.0073260400920729385,-0.004748641110774443,-0.10692879199583505,-0.01007397411243538,0.007287846813860632
2023-09-29,-0.009648139747178597,-0.022141125877213508,-0.008103940455019831,-0.019623271184139535,0.020583798905773776,0.0033733501691814993
2023-10-02,-0.021829578268122596,0.0074349784875180625,-0.04972425353941823,-0.14374598603424094,0.3399018737467321,-0.030353027093356744
2023-10-03,0.005054202930710794,0.003696861881326119,0.035011924275904605,-0.14461382280403767,0.1203264922927536,-0.038991771196452696
2023-10-04,-0.0569343744080717,0.07463498138858082,-0.05025746922685581,-0.11482132416205526,0.03654994529676969,0.02313437582382427
2023-10-05,-0.02424797711002835,0.0,-0.017405413852579876,-0.05109319433685777,-0.19202929612818842,-0.04591272310485994
2023-10-06,0.00641920692714848,0.12233885219224416,-0.004768942840902568,0.010746372075483901,-0.2459284649092135,0.021856351864115275
2023-10-11,-0.025828430282704318,-0.0459498901918558,-0.03500469574783871,-0.012611443114323051,0.08273569912093581,0.0047686731613278965
2023-10-12,-0.00996586263447874,-0.00944888919793252,0.009319308270345772,-0.05643408628054192,-0.09270822010032642,-0.017308609148008358
2023-10-13,0.05630665073954333,-0.015949301407677918,0.06492730301816341,0.03187211092010045,0.003079070467862266,-0.018764274020491634
2023-10-16,-0.011702749438878612,-0.04269942567382978,-0.036049662293161866,0.009139439093092672,0.19828442575221672,0.019554996254626644
2023-10-17,0.00011540015014777083,-0.013513719166722726,0.016675226994638415,0.00037900322606410075,0.04499038636242503,0.011581804594873013
2023-10-18,0.019313782453941997,-0.0068259650703998975,-0.005744961874172283,0.024701854777257948,-0.13945826644768644,-0.04834473172761111
2023-10-19,0.011255042839731999,-0.027779564107075716,0.012209108494062093,-0.04808800778144928,-0.006719741033593962,-0.038612530145623936
2023-10-20,-0.002577465426463199,-0.08829260714567833,0.006422629656467116,0.01730479636774107,-0.03140990518754183,-0.03923451222979857
2023-10-23,-0.04158436614083172,0.019048194970694432,-0.019828235818697415,-0.018857591710801813,0.12965142865117052,-0.006202850326320508
2023-10-24,-0.01070157799379956,0.07275935428242841,-0.04314656334269085,-0.04978133120390427,-0.2095292203232173,0.01709659294319188
2023-10-25,0.01746308661703999,0.003502630551202035,0.024027202784295376,0.004887993438888127,-0.08172547267876862,-0.02882361266235378
2023-10-26,-0.02672791117334583,0.0034904049397685988,-0.018926596656707595,0.027651531330510015,0.0948910607835618,-0.0027540521312596766
2023-10-27,0.02637929691149221,0.1212613000327083,0.025450642575743032,0.020732211374274723,0.05561493425117092,-0.02559794115712144
2023-10-30,-0.03561031612558985,-0.02184174191504895,0.0,-0.030662779576875354,0.1297294420881423,-0.04110754958135665
2023-10-31,-0.016882650332295412,0.052239219099419865,-0.04405105331009018,0.0011968882338461162,-0.05406609526820194,0.011632298225997317
2023-11-01,-0.007253089759958975,-0.0459498901918558,0.0011511455167818596,-0.030771658666753687,0.18509061681041317,-0.004929491017337639
2023-11-02,0.024256171235893298,-0.0221879149753621,0.02387290819947907,0.020753542422109028,-0.014118037501363645,0.04941094735634266
2023-11-03,-0.022530332543222897,-0.03922071315328135,-0.016651004855847695,0.004019298015391248,-0.19787099450847911,0.02284054560346238
2023-11-06,0.004301610516751708,-0.10166365377650022,-0.002745054909144784,0.03236272957427866,-0.17696347688351377,-0.02961371489107023
2023-11-07,-0.04489782275174736,-0.3038014543316643,-0.04545704690873276,0.005808341595746835,-0.1321741880955294,0.005051454557905899
2023-11-08,-0.0274381688448182,0.08617769624105243,-0.023895854693717133,-0.013997118101098827,-0.037515171560679406,-0.024152350661960753
2023-11-09,0.006439341522542108,0.21762375809061185,0.003431375915865509,0.020539377341017295,0.05714772771894161,-0.03789246335783858
2023-11-14,0.0005070994023474995,0.03019097227914569,0.0013072674034750875,0.004093028969975099,-0.021579534458264327,0.07780654697343525
2023-11-15,-0.02242964904265854,0.06824910053410682,-0.021609484332855367,0.0014842303281310532,0.029496997162510752,0.019341410767754752
2023-11-16,-0.048466172590379664,0.010362787035546717,-0.05834415367329804,-0.04357575173314221,-0.033449881411338644,-0.023678885384268433
2023-11-17,0.03961310083734304,-0.10497876341039569,0.04392023901602382,-0.036281581947834374,-0.20368856667314983,0.009377732833133479
2023-11-20,0.02109154978950656,-0.050891607296389196,0.024686606602401184,-0.02892847884872618,0.14688914081811877,0.01714117367192891
2023-11-21,0.0031959119563893523,0.05470113571305679,-0.010020002949882034,0.006592524906662955,0.20868146884363092,-0.023184002392433456
2023-11-22,-0.019981328648403185,0.033648034118232806,-0.008039999455276892,-0.004115232145106673,-0.35357342038617645,0.0018124252005495833
2023-11-27,-0.004956805647696072,0.0073260400920729385,-0.004142872035566292,0.012626430372811637,0.4599286340721438,-0.011764338280777054
2023-11-28,0.021654781743860596,0.01449300730256664,0.026933058306408242,0.04137391244901911,0.052639876235311966,0.021393125282711978
2023-11-29,0.019134980186019668,-0.029199154692262086,0.016035329013292632,0.027702602549335653,0.03650693701767782,0.01189144356282501
2023-11-30,-0.024802211169568267,0.01834913866819643,-0.015300844955301152,-0.05908891637000635,-0.35453921170355684,-0.005404798165474567
2023-12-01,-0.026246820009591332,-0.04461706548880673,-0.037401517205423396,-0.028987536873252284,-0.1915989178622608,0.03906698716914203
2023-12-04,-0.013248845028842382,-0.030890487019338386,-0.007139245009470052,-0.008991711191964069,0.09665850175118962,-0.0051040590143038855
2023-12-05,-0.010782520833072518,0.06453852113757119,-0.01145222578903482,-0.027912845743486847,0.07017651792283619,-0.020928619994603714
2023-12-06,-0.04215482582468155,0.014598799421152497,-0.03879114320829036,0.030919075192412993,0.15109056611608462,0.002228091365727103
2023-12-07,0.00028989708856475005,-0.09097177820572655,-0.0016157267551601961,0.027074411764957063,-0.03430580681704232,0.016290766920061373
2023-12-08,0.026740708224904708,0.019646997383796494,0.023044642821614225,0.03445787992368787,-0.29750078102091937,0.000526998552816238
2023-12-11,0.0011281907838869287,-0.07261253296370906,-0.002505110414177558,-0.01257878220686015,0.24698765997176864,0.003923477103594308
2023-12-12,-0.03850497217586213,-0.008403410796379518,-0.021887968426211657,-0.17735229887978698,0.22146714545285828,-0.021524634704276124
2023-12-13,0.011939571070514354,-0.017021687569430566,0.00040472175931860477,0.020270964373619083,-0.22589124690186768,0.05808833752037934
2023-12-14,0.030223255493329937,0.025425098365810084,0.03849936404353915,0.056653960033236195,-0.1264475773683058,0.07371174781883472
2023-12-15,-0.00224940345092417,0.020704673361691128,-0.002729223865769015,-0.01455232592929212,-0.09930626023038602,0.0010298569047897388
2023-12-18,0.015502021211259098,0.059659836406335875,0.02632913920664226,0.004114291517962387,0.10695635898528177,-0.008286914461977268
2023-12-19,0.014719297318610103,-0.059659836406335875,0.011719622513589378,0.013143175826521247,0.23914165175238988,0.02472858509938458
2023-12-20,0.008701618467667593,0.016260520871780315,0.015908861500779636,-0.0063234176376911755,-0.13990329997449358,-0.04473844812840788
2023-12-21,-0.0037976446021383836,0.0,-0.0045727077144430694,-0.009103385579968593,-0.10609434250663696,0.029253413094844305
2023-12-22,-0.004084973000749059,0.023905520853554463,-0.006212743641359708,0.08288765980576773,-0.08731489761285438,0.0036916026545368297
2023-12-28,-0.03130167394864891,-0.030890487019338386,-0.024124662258410368,-0.0024009615375381044,0.03199320471043032,-0.0057309797474118795
2023-12-29,-0.0018066852249489784,0.011696039763191335,-0.017227504477283162,-0.0028084271217262424,0.01209213667361908,-0.01779109282873037
2024-01-03,0.03273500727728873,0.0038986404156572396,0.012254096763526512,0.02339759821403853,0.05321562457178253,-0.0374765632934535
2024-01-04,-0.008118379641932627,0.09637081274801795,-0.01817399828553512,-0.024214258120594634,0.17240022838688862,-0.02361025761914437
2024-01-05,0.02213507506857404,-0.028675799976666472,0.032708950938908465,-0.11274062295544895,0.10649483992249653,-0.0073767682135637
2024-01-08,-0.0405405026112895,-0.010969031370573923,-0.03694008246606906,-0.03726560687257863,-0.2590946211655991,0.012927451867853712
2024-01-09,0.019095987614353938,0.17802311603374021,0.032588911024731715,-0.0318252509943443,-0.12202127517631567,-0.011566034995020402
2024-01-10,-0.011944586456728246,0.0,0.00626480345989755,0.014108723449569927,0.09543810098498096,-0.011781175533338129
2024-01-11,0.008071293469373408,-0.031252543504104446,0.02205925459742719,0.0290427458392023,0.05730997963781714,-0.021843692953364524
2024-01-12,0.010889900160654165,1.4328143767547834,-0.00399750688488254,-0.023262382923702862,-0.1397308975598337,-0.019187808179585986
2024-01-17,0.0022005235120898803,-0.12783337150988494,-0.01597216876118246,0.03141619623337888,0.15605514625632466,-0.026622828403866095
2024-01-18,0.020801511375416304,0.006968669316093301,0.02701514964604801,0.01994962937284883,-0.7949718366762291,-0.004927574767986442
2024-01-19,-0.00851298972667447,-0.06453852113757108,-0.004080376604147062,-0.012014931966817577,-0.09149703415126709,0.0023244605001426777
2024-01-22,0.02108168038638336,-0.13883644485421587,0.012191518529676593,-0.030684493707012206,-0.0388985739468346,0.02479144014838308
2024-01-23,-0.007200991244704191,-0.08894748601649616,0.0041529313382229205,-0.013027928532928224,-0.5721593517317878,0.014277622542073765
2024-01-24,0.010119926579762684,0.1306201824170643,0.0013399112790972723,0.003877852653978886,-0.19709947500105152,-0.02103100076652442
2024-01-25,0.03168659384241668,0.04391923393483543,0.0021887168270575685,0.20014278202769176,-0.12629925166184996,-0.01375418327678446
2024-01-26,0.006907164836275292,-0.08134563945395246,0.012193064683972743,0.015327476331100542,0.044247050436107216,-0.00518232177149347
2024-01-29,-0.015414563401186854,0.020965128465044947,0.007769118143228226,0.01739846709616777,0.2802159786494878,0.032737488907136125
2024-01-30,0.01350068721890274,-0.06426193421836923,0.0017843340248386852,0.00801684003508174,-0.006135260232555062,-0.015070989303310078
2024-01-31,-0.026136822264539283,-0.03146326945578504,-0.013882463257652411,0.01359537556684376,-0.011030971188723093,-0.02151041941930032
2024-02-01,-0.025492617878975388,-0.018433701688837956,-0.009444312842587621,-0.045663025759196896,-0.2669280942259489,0.017777179576696334
2024-02-02,-0.02230171298401995,-0.06733312006858716,-0.03289526228259021,-0.04332807676353678,-0.05593694661844539,-0.014854453869310724
2024-02-05,0.0067155737893278555,0.05328136661293692,-0.0030219111387417286,0.05153926659393149,0.07275141203035185,-0.022097895238474052
2024-02-06,0.008433129412523499,-0.009478743954543845,0.014522037880839278,0.007371517376177472,0.07622293819323112,0.020274940889516202
2024-02-07,0.0058072956778598694,-0.07924937165414059,0.008908744889109421,0.012675414569113364,-0.1015517937223942,0.01600697121963801
2024-02-08,0.03193804882186857,-0.10880285984879912,0.022292171056192522,-0.011902617003604954,-0.1849639831322687,0.01456148747999464
2024-02-09,0.007665859667332242,0.0,0.0068431745528254595,0.009609914432629596,-0.14800420119519853,0.022390883143239115
2024-02-12,0.0010349289410154228,0.011428695823622825,0.0035829490139498432,0.015939616412157243,0.34571275417869796,0.018406378123026812
2024-02-13,0.012080856348724467,-0.08907963005368874,0.009964495259431772,0.006754247065563934,0.19092635094243438,-0.05296022560453295
2024-02-14,-0.01531857205670395,-0.06412452816953873,-0.003665823297522408,-0.02652675433342855,-0.04396983435590407,0.03628285248472629
2024-02-15,0.017742815668210454,0.013158084577511109,-0.0009482044090782793,0.018642350809279784,-0.336129444332681,0.01939607145527944
2024-02-16,0.014925650216675912,0.012987195526811213,0.006500820719177014,-0.001886437080840797,0.04324853025068576,-0.011476797942789219
2024-02-21,0.002157224363000587,0.0519597389307111,-0.0001179593041769067,-0.05427993744388848,-0.14156737969788047,-0.010932557415870292
2024-02-22,0.009462002088997501,0.025001302205417297,0.012543391702128481,0.010454457903858905,0.06052003334995959,-0.039522732708134
2024-02-23,-0.025949052006822626,-0.06371581438610774,-0.019527734980018252,-0.018163970627671167,-0.021018166942638583,-0.0244128777638144
2024-02-26,0.011913290197609783,0.08206495305430411,-0.0020215239656691253,-0.005718969835661003,-0.03820297702662501,0.017312731833681205
2024-02-27,0.016042787068980324,-0.08206495305430411,-0.002502831888718582,0.014640359096399491,-0.05972639625060827,0.013973482377227064
2024-02-28,-0.004521484718845947,0.057523844138186675,0.0033357190806588832,-0.016690800659571847,0.0908240746798592,0.0002872071335477955
2024-02-29,-0.0027732275431464615,0.03658944743229203,0.00581086722543489,0.027931384689177552,0.2542128274288351,0.016322868842953753
2024-03-01,0.020985031870675463,-0.12756122563801886,0.0029517702523138567,0.1131148044378315,-0.059310349098782744,0.018559719756225057
2024-03-04,-0.015320720672171717,0.0067796869853787856,0.02053747796739014,-0.006796663617045562,-0.12798192335594027,-0.024619551710094
2024-03-05,-0.007053814358969568,0.02006756305080931,-0.00881676245045604,-0.020671633631412556,0.02479845396964686,-0.03149411932937074
2024-03-06,0.012186845973659821,0.10071397560183076,0.008932255896331398,-0.00036650174498586985,0.05907318199444456,0.017623966100141608
2024-03-11,-0.0011404677153263876,0.0,-0.010135423316874004,0.024556850626139992,0.3491465759660075,0.0010436144792045354
2024-03-12,-0.004574922199735987,0.0192932029346789,0.0026331553215355186,0.013664362194057755,-0.2533631606013773,-0.01493120543002302
2024-03-13,0.027140753738718715,-0.22793206804600696,0.0034604175094976597,0.023995505556215768,-0.0949097420139835,-0.021042145843717996
2024-03-14,0.01830180667142045,0.007968169649176876,0.025984649324582776,0.013506698839365061,-0.09089742159976755,-0.03857936182571464
2024-03-15,-0.002681293501577642,0.09097177820572658,-0.00897703492861801,0.016377029281322564,0.10391182898629303,-0.0023909436860645172
2024-03-18,0.021012728197887576,0.10969891725642461,0.012568535052824181,0.006745388139531627,0.32876305164726993,0.008017527140373737
2024-03-19,0.008448910853262603,0.006472514505617477,0.010239979024255774,0.00536374065021783,-0.10458031773051069,-0.009497147406322348
2024-03-20,-0.019141630019160694,0.019169916107720175,-0.01836821699426494,0.005002511682971722,0.01640104147235988,0.027836550227107182
2024-03-25,0.016023827653924627,-0.02702867238791934,0.015317458206106416,0.007234493900933003,0.02185132641200127,-0.004874357247108385
2024-03-26,0.0,0.013605652055778628,-0.0031378955377272533,0.02203588839918047,-0.018700340321901265,-0.005709216104024861
2024-03-27,-0.0031599442920144938,-0.03436764350420779,-0.011355111764840053,0.0003204614672511763,0.09687668492363688,0.04817183055875951
2024-03-28,0.021793650469154713,0.07410797215372195,0.01437696436655056,0.005432191022198607,0.011044333305067155,0.0007949301542549136
2024-04-03,0.0031364374901299286,0.11980119981262083,0.033330807981174715,-0.000612182449483134,0.08640333254801646,0.009792027842934203
2024-04-08,-0.005144926457836263,0.09069656147081212,-0.011704913085737623,-0.007922040212396952,-0.047968215416858584,0.02022348272497787
2024-04-09,-0.013850636933899096,0.056194558343641954,0.0043511435992762415,-0.049861401550930884,-0.15579228753971464,0.024557423953736723
2024-04-10,0.010865902769963576,0.03753791931906514,-0.006096916001199659,0.058390237898451325,0.12533706284675006,-0.024851551584622378
2024-04-11,-0.013775757584618908,-0.15942773692810192,-0.0008740304281964484,-0.010059526987733713,-0.03842583924405485,0.0030953131885684826
2024-04-12,0.007779429654611647,-0.17494144949633206,0.017659307291683746,0.003974932614817073,0.0253827529672499,-0.0373699150375808
2024-04-15,-0.002895699017652298,0.036105004642116134,-0.024789266745770533,-0.002750192718921074,0.1911661586505078,-0.03345510273358787
2024-04-16,-0.0006962172478948148,-0.021506205220963637,0.00494153533963182,0.008531435049468739,-0.17812307237370284,-0.0185495989202229
2024-04-17,-0.030285705954169018,0.08338160893905117,-0.019355799764169568,-0.04530715920968342,-0.09217733355587754,0.0044057813984261784
2024-04-23,0.004166920726559553,-0.030962225603966775,0.011276388067933851,0.011897033911846044,-0.10544337988383612,0.02201755670208172
2024-04-24,-0.0009509093786785883,0.00626961301359541,0.008234212674217645,0.0029522737533014265,0.08163414723594942,0.008731336870845041
2024-04-25,0.009821982990248834,-0.09156719352549059,-0.010388530645574434,0.052324534504148534,0.018493008162669078,-0.0025286307815513
2024-04-26,0.005402244494760566,-0.04196419909903215,0.020781427454408252,-0.0015554521723739612,-0.24956446527536746,0.01826105187564675
2024-04-29,-0.013204624778945018,0.10178269430994241,-0.01692960440729685,-0.02938135845884915,0.7957657243026541,0.035804888103086796
2024-04-30,-0.009180392344961597,0.08053886248401221,-0.0023773147552317297,-0.010960780268315151,-0.19170274224462425,-0.02771037671299137
2024-05-01,-0.03398828893000605,-0.0302137785964966,-0.0545017861926107,-0.06876136320949655,-0.17978711838183248,-0.000901435240734827
2024-05-08,0.007474807445306375,0.030305349495328815,-0.003027919711817262,0.0010640185433707927,0.16417577562780394,-0.005417780865307087
2024-05-09,0.003592892423520233,0.009901070982711646,0.010017584225470166,-0.011408323374507257,-0.32244874098832543,0.007032986270065322
2024-05-10,-0.013070454324707548,0.052770035980064245,0.0014400578511661877,-0.027628074968557237,-0.23741227332443327,-0.019737189041129533
2024-05-13,0.011213673448363437,-0.014117881545785083,-0.0025214637841290966,0.004780299597546223,0.12753240595133608,0.015927323093992918
2024-05-14,-0.013597165764108965,0.014117881545785083,-0.026557779642326196,-0.030542411284900983,0.17567405475673148,0.027557309081137404
2024-05-15,0.007632192193392839,-0.009389740349838971,-0.012672551253766429,0.025393448088709247,0.024402325679241166,-0.005086425909428982
2024-05-20,-0.003311870552479057,0.03226086221822144,-0.0040207181793450175,-0.032195195084896655,0.07088723447366174,-0.0005886906164844774
2024-05-21,-0.009009625893728668,0.0,-0.008459561269358318,-0.009066930267557116,0.2896169814926708,0.010586930427105123
2024-05-22,-0.01889800311820089,-0.003976148379639444,-0.016385669485923238,-0.04502118462285243,0.1282187763242355,0.04731031945271802
2024-05-23,-0.0214540216832102,0.050496164014532385,-0.008168440014838296,0.028953509186054216,-0.021356089858807437,-0.028879179787516307
2024-05-24,0.012953050613297101,-0.17327172127403667,-0.004172731602976043,0.027388551061280464,-0.0991982878064297,0.04312353241941391
2024-05-29,-0.008191680410766011,-0.04009445720187799,0.001965119767738166,-0.021053409197832385,-0.2583453803053173,-0.019019367152626643
2024-06-03,-0.03537535215621723,0.35947999486634097,-0.03798737253204809,-0.05876742464564921,0.406926960278565,-0.0029144141362822396
2024-06-04,-0.013241683484086053,0.011696039763191335,-0.014758470537468149,0.004677873722710335,0.1602785588368114,-0.015799221890516968
2024-06-05,0.010847110037103036,-0.12800956744021474,0.001061430376951833,-0.007238694584384087,-0.12972651227124654,0.0238491911638663
2024-06-06,0.018997932853743293,0.013129291441792534,0.02888523372620444,0.016949558313773316,0.0052086805228324096,-0.007784671270711918
2024-06-07,0.0001306762497783609,0.06725222700916755,0.006420980067717963,-0.04468097141929894,-0.32648134266556283,-0.022554942294694236
2024-06-10,0.028595456883912185,0.05918887139033058,0.018642350809280117,0.016125866985217785,-0.07656937147835441,0.019939707067615053
2024-06-11,0.0016494325886373673,0.03759841355700755,0.007011422237804155,-0.0008650519570585491,-0.06104317550162808,0.00334953950680017
2024-06-12,0.00858374369139181,0.03267078228954856,0.00460572171602891,-0.0034677104536955383,0.14376492019421816,0.014734722543244594
2024-06-17,0.02389064727156409,-0.09166718852582378,0.011711735673479495,0.018003759611252113,0.6206825164245355,-0.009549867939845136
2024-06-18,0.01634182708589993,-0.028399474521697998,0.027985562310304246,0.013693327132002442,-0.21981763449320546,-0.003217989175618996
2024-06-21,-0.019752232597691766,0.020704673361691128,0.005802499743232659,0.004329863092068176,0.4275657275433389,-0.006051824590920241
2024-06-24,0.011196417316477358,0.05579135962841564,0.0038112883231811168,0.00039269586210533003,-0.5068903983136464,0.002819874197177441
2024-06-25,-0.008019484048154446,0.01156082240107592,0.0006914035767477955,0.025965419204710183,-0.32873938941067493,-0.010296502823370801
2024-06-26,0.0026803134954693775,-0.0632621967779663,-0.012169125081224585,-0.030293578627050732,0.029128281152997815,0.01921429364087146
2024-07-01,0.02232528704783654,-0.09077502463893361,-0.007938832467782042,0.022356220512315672,0.016461266589255175,-0.004951396504002226
2024-07-02,-0.007227947813202462,-0.07028653272817165,0.019560246160853723,0.0015779095976067303,0.14554718338671524,0.021030846784555912
2024-07-03,0.012996402209942914,-0.019608471388376403,-0.0003398855751299834,0.02721785433421997,0.2043847723208767,0.03142485103370696
2024-07-08,-0.009638915586685393,0.03883983331626395,-0.017178057350877296,-0.014738366762621302,0.22290431358725638,0.020621042440144954
2024-07-09,-0.010215821072848463,0.1418301954392177,-0.007717598635077927,-0.006037450417984314,0.5025233146657406,-0.0061269523198914655
2024-07-10,0.00734191177830823,-0.008298802814695194,0.0008091082912660141,-0.023280610338627383,-0.11347541991785626,0.02416163093657353
2024-07-15,-0.0032391606511144033,-0.023311078868446966,-0.010703906076278358,-0.01052419732558485,1.4292133611562612,-0.028853037377134072
2024-07-16,-0.01574454226359734,-0.009478743954543845,0.002080685064601795,-0.02095436943328588,-0.19401736791941815,0.0348216855403054
2024-07-17,0.026976587698202437,-0.058840500022933506,-0.009747118245897468,-0.00519931847179389,-0.597365882954823,-0.03814038458155444
2024-07-18,0.00011881423408510727,0.010050335853501458,0.005813293897205085,0.0004343105388571189,-0.6682696995179,-0.01622496665716433
2024-07-19,-0.03309480774444484,-0.06187540371808753,-0.012481935164947444,-0.09657020039205144,-0.05547137235915134,-0.022163418405458657
2024-07-22,-0.002212934269193667,0.15262976698655162,-0.020756245362232306,0.03570130210772526,0.33577202766651215,0.024570851743423106
2024-07-23,-0.03774979548328439,-0.027779564107075716,-0.014972508630382464,-0.019571920177841706,0.03627917279666626,-0.005419732388878273
2024-07-24,0.0068781318161974525,-0.06297479916138837,0.009805780404809283,0.0084349141150597,-0.11283454860905007,-0.03216805108406984
2024-07-29,-0.01681143218482095,-0.041242958534049134,-0.005052694217327236,0.026858517546603622,0.34608108724405806,0.0027764941482919525
2024-07-30,-0.014338097560796292,-0.04852704089466031,-0.020974551685430498,-0.007481331652288814,-0.044608916322652625,-0.02462434908270339
2024-07-31,0.041026778591921165,0.06936112779750236,0.026518827576661685,0.024723138086794827,0.5336843705740808,0.030509367690604527
2024-08-01,-0.0206245375525409,0.005141399500418697,-0.0002457606303849502,-0.03226086221822144,0.21039623197497193,-0.0412014159593328
2024-08-02,-0.03601515411077916,-0.031252543504104446,-0.03782068590653598,-0.058865975782749436,-0.16243161426586905,-0.05388953084641557
2024-08-05,-0.0070927028687268745,-0.03226086221822144,-0.010779008508609245,0.018551768808096947,0.07560007253172785,-0.029598991360058946
2024-08-06,0.0018784387651447076,0.0,-0.011548821020917366,-0.012772690710355805,-0.47869995229282036,0.0020086259485614377
2024-08-07,0.02750041096772815,0.06862850638909623,0.021178477509763205,0.02451961717431861,-0.47513472034295656,-0.024736877026118265
2024-08-12,0.03969719252017878,0.07924937165414059,0.024250259202991842,0.01725268966290705,-0.10243760738174679,-0.014337078485553434
2024-08-13,-0.020340525160136735,0.0281708769666964,-0.006643740086355265,0.0033319481054772115,0.03766034639260596,0.03545302188179544
2024-08-14,-0.01693242374853554,0.009216655104923976,-0.004372653632974455,0.00910602318673992,0.14226765733353197,-0.01886717224478396
2024-08-15,0.015051191614116277,0.004576667027411663,0.011377513193612465,0.0032908297900887673,-0.06756684568113513,0.042174441898190196
2024-08-16,-0.020417930792056893,-0.08576682175742512,-0.018585411970635235,-0.02959165699070143,0.05902962501911979,-0.0019085475015199194
2024-08-19,-0.028987536873252395,0.05328136661293692,-0.00577929674978872,-0.020081854093612517,-0.1583921252776248,0.022050237681280116
2024-08-20,-0.007280461041747621,0.027908788117076533,-0.028012335547418665,-0.005192569001627234,-0.2914505764700732,-0.01700611906496796
2024-08-21,-0.03391529539651916,-0.018519047767237562,-0.0010150996938147472,-0.002171553513508062,-0.12326805185146172,0.019947749618988375
2024-08-28,-0.013290543680956723,-0.010526412986987421,-0.018199202390833946,-0.01791325157748691,0.3386469513906336,-0.019293765033691734
2024-08-29,0.018505679360065308,-0.021391189981317504,0.018689819351490833,0.014046270733990673,-0.7043205399214028,0.008480026211678648
2024-08-30,-0.03143833077821068,0.04233436382656064,-0.016692814194554373,-0.017983283693330243,-0.2859556657908815,0.00806157273512298
2024-09-04,-0.01655034594367777,0.06031979023352263,-0.023689323220656533,-0.017334317651556908,0.0012089386921254608,0.012078542468363374
2024-09-09,0.015481753191040504,-0.029128272923023668,-0.006198793869250707,0.011404558666640585,-0.1568604410229284,-0.0013693780914518783
2024-09-10,-0.04282807331029925,0.048086186667637754,-0.02845122183220017,-0.011404558666640585,0.32279583520385646,0.012514103557097478
2024-09-11,0.022522807149553792,0.0,-0.00042659083476603854,0.006351916338563468,0.22419086919644116,0.051653713807677804
2024-09-12,0.023745143423968607,0.0,0.048580187570890665,0.038912193961752384,0.017056158861267434,-0.006178895903136805
2024-09-13,-0.004301698632279027,0.05480823649499511,-0.0017628318349096617,0.0012172856037517832,-0.15070892925932267,0.012341869209959277
2024-09-16,0.02146645795243618,-0.008928630744301391,0.0037930145718725328,-0.01676588035270621,0.021472176505128893,-0.0029994288289252324
2024-09-17,0.01479853894517369,0.04386668210558187,0.007945634691823855,0.010256500167189264,-0.00929011706490357,0.014625048265964224
2024-09-18,-0.0040269442740168415,-0.008620743043907031,-0.00040249547735982105,-0.07718963869113016,-0.048584689989475294,-0.00609152238963695
2024-09-23,-0.019299453579276538,0.08701137698962957,-0.013385661395478365,0.005333345975362391,-0.2591211071735575,0.01263349553310178
2024-09-24,0.014060230234004933,0.08388148398070217,0.004526099313424403,0.025816353902385014,0.12348271242917708,0.008779573737153434
2024-09-25,-0.02689991279704529,0.0038240964384035347,0.0014599511518795794,0.0034497662500747595,0.17067313408372176,-0.01930368833826268
2024-09-26,-0.030860415800666452,0.007604599385219291,-0.031526253646774194,-0.010820274361708182,-0.019379293432018052,0.025677715992177497
2024-09-27,0.006423379749760372,-0.04255961441879608,-0.019767040740775954,0.012970350442627399,-0.2919152119056241,0.0181258473611976
2024-09-30,0.00043645887068066713,0.046340337258702013,0.010001472451132365,-0.005599842330993976,0.19006903153984922,-0.011898486652164308
2024-10-01,0.023858561984360982,0.007518832414027399,0.03996468172835499,-0.025816353902385014,0.22631012569141262,-0.02214144319534217
2024-10-02,0.004675885246292921,0.036768847787089,-0.005860432329564347,0.00706716722309253,-0.2225202281986869,-0.008206427826515927
2024-10-07,0.03707281577596433,0.008000042667076102,0.030053174484536704,0.024652693227479316,0.07052347567459805,0.0005006475872137983
2024-10-08,-0.046054711403249016,0.0,-0.04440171599970899,-0.06089911058283404,-0.17931456874694884,-0.012085268378456249
2024-10-09,-0.005536439771545609,-0.03239149579123535,-0.014557422938411335,-0.016253565680599547,-0.07422871972566636,0.013194506706534881
2024-10-10,0.03473171929087826,-0.0725264440682627,0.03054355378471385,0.04014906440194532,-0.09565062076518682,-0.027704556502953004
2024-10-11,-0.004588065988967216,0.021882711249507802,0.010268059160760679,0.036204889774297366,-0.02016708856962257,0.01268018277789107
2024-10-16,-0.0035164253127399903,-0.06989743961737838,-0.00040724903841216076,-0.07594191999806088,0.10453516874959767,0.019976728829709245
2024-10-21,0.01958342703900673,-0.03352269203864355,0.007395267886156631,0.004580860048966184,0.04977583152602705,-0.012517232162001513
2024-10-22,0.02333439206177257,0.0,0.03089982536632707,0.02214779794825772,0.12450145808655488,0.0010529208077683094
2024-10-23,-0.020387641876431495,0.07654007712233424,-0.012111680630563448,-0.023519853960439097,-0.15937847976314323,-0.02598030273834251
2024-10-24,-0.011130794735851879,0.07109592168373036,-0.005505216992316875,-0.004127499553857272,-0.05835858442774544,0.029793571581747003
2024-10-25,0.020197039973605335,-0.05542980493933092,0.0180136967815816,0.020018866890491926,0.0013055494213922714,0.011443457720060835
2024-10-28,-0.06259650360393199,0.05051579013690177,-0.050861866982435444,-0.01955941363177771,0.08019816467944008,0.015493440853172835
2024-10-29,-0.002516096939030099,-0.1091992919649919,-0.010912251538959694,-0.015741065760970563,-0.2335918585444654,-0.010078123204969813
2024-10-30,0.02097004769134969,0.1091992919649919,0.029385343717159174,0.02169482733696948,0.07385878923761524,-0.013968567059357895
2024-11-05,0.005968509632784169,0.18232155679395462,0.027525277594324216,-0.007690605649968596,-0.13260159437381702,0.02070476516055919
2024-11-06,-0.0038824230686094197,0.10536051565782628,-0.005993503283548307,0.043108207480556215,0.24580544797112758,-0.029410938056065206
2024-11-07,0.00981552084565962,-0.18901054494475128,-0.0103777614463203,0.003907102864808554,0.07524504418300104,0.003676184521017589
2024-11-08,-0.027899703313681634,-0.20815576034871808,-0.022568895420434387,-0.013961832381768624,-0.2721442915721788,0.003909414523478816
2024-11-13,0.004810855550242188,0.07038079676179965,0.004125985773535845,-0.0029013560004511607,0.24130887851128335,0.0056240289067126525
2024-11-18,0.031145144758737864,0.23159260580073748,0.012178770286277008,0.03942321869986398,-0.18101551672684746,0.018439680202274822
2024-11-19,0.00416637338554704,0.009569451016150698,-0.00040357840058113936,0.00275735468819005,-0.06443923222051762,-0.00011477234917212087
2024-11-20,-0.007194275634026859,0.0996298409488412,0.00013454423161984863,-0.03788154598837734,0.03817416918448302,0.004763440509767847
2024-11-21,0.016328062552592115,0.20223686649489614,0.010172755374590281,0.04337355063922399,0.2496364431375966,0.006013411588177142
2024-11-22,0.018160561046634882,-0.16417730467055103,0.013360870755847465,-0.0105529770359295,0.2056776596273462,0.025360387810826168
2024-11-25,-0.03218081931518224,0.1428241801999819,-0.024341163186434756,-0.00230893660647824,-0.46754504027768373,0.028957804179654545
2024-11-26,-0.00520006949619134,0.1375699890942077,0.003897068696129935,-0.006028304831350195,0.11960812167022006,-0.018934037925219194
2024-11-27,-0.00028968713991694983,0.06080900459560579,-0.008756033580540112,-0.012166738759878948,0.18755377573633947,0.0076210394079065935
2024-12-03,0.025994243378510973,-0.03673200926872999,0.026964576573812238,-0.03288639919082892,-0.02669099116354623,-0.017236098346670836
2024-12-04,-0.01928672333408077,-0.06680866967211041,-0.001605566306909445,-0.032457210147381566,-0.2796457476501688,-0.01257387360368778
2024-12-05,-0.0033481361796150466,0.07020425867324853,-0.012124626504992797,0.03991436625546374,0.20279648489275814,-0.0055347264003486885
2024-12-06,0.0,-0.04152845869658206,0.0,-0.04871587272405775,0.06357028494421968,0.017634533582763012
2024-12-09,0.0010201851792066563,0.07486487896417393,-0.000677920166970658,0.03675758373518412,-0.5116574542402281,0.026270561143855176
2024-12-10,0.0029090929606834237,-0.050430853626892036,-0.0012214156366816553,0.0015026298845348673,-0.06379643623260378,-0.018926271469870137
2024-12-11,0.02467489983807436,0.0,0.009998732132046939,0.034435276419821026,0.16132737385906992,0.01391700017685693
2024-12-16,-0.007154410821152979,-0.0930904230660119,-0.007909418537562551,-0.01223880651505449,-0.36885212007135415,0.011818501319471153
2024-12-17,-0.01018828679864825,-0.006993035490970634,-0.015462128201048309,-0.014470536739004225,-0.08366840233350814,-0.002768283964879714
2024-12-18,0.006944964488603489,0.05462108448022507,0.019089458033038298,-0.00783907855440924,0.07532048277956793,-0.0562385033953392
2024-12-19,-0.009936206659129532,0.04546237407675746,-0.011057286335773853,0.02487174838858064,0.026528065737768003,-0.011462147766653885
2024-12-20,-0.005579014542236749,-0.016000341346441127,-0.007622195606793447,0.07301071883416832,0.06273589697105475,0.019890748551083526
2024-12-23,-0.0030170269275613393,-0.07014560936675984,-0.014727401278019414,0.04693079536544664,0.6647192659834156,0.01404376138296648
2024-12-24,0.019520460251418292,0.020548668227387656,0.018954007883674073,-0.019711846124132237,-0.7060112062462771,0.01776207390789253
2024-12-30,0.006293286975789236,0.15267684020895778,0.006350943581733937,0.013059887114609259,-0.05126693942844174,-0.01837212426771906
2024-12-31,0.009849562876869555,0.0029455102297566427,0.004569286272730011,-0.013059887114609259,-0.11520787181181236,-0.01488162602537546
2025-01-03,0.011453335468813108,-0.07095173597228444,0.007588679620831762,-0.007359738832080187,0.04570621815113807,0.049834530835966895
2025-01-06,-0.0044310243697101015,0.17494144949633217,0.007143351370309858,-0.003700281742855971,0.36918249763294586,0.01300244809435025
2025-01-07,0.009109239143919368,-0.06371581438610785,0.00734965593225656,-0.042116468072536994,0.2632924143441686,-0.007067462768353572
2025-01-08,-0.013424822375838197,-0.013245226750020489,-0.006056329316385778,-0.007763260726609489,0.07404583708118917,-0.035649792474306885
2025-01-13,0.029331355443950713,0.0633271339512742,0.03607655008049271,0.011244313044452059,-0.0907531368726886,-0.003341802334703381
2025-01-14,-0.01736748983817815,-0.018349138668196652,-0.003634605406576341,0.04142463253773543,0.21382574519270126,-0.0013622002754010154
2025-01-15,0.03184060585565884,0.029648693922129876,0.013143011881501465,0.026692795091932675,0.04987697907672484,0.02229704896504181
2025-01-16,-0.017241806434506124,-0.03428907347863208,-0.013143011881501465,0.03349274878111441,-0.14033153786857433,0.004165355115789637
2025-01-17,-0.010005782926207907,0.8298711459150272,0.007617472297393846,-0.042616899670723574,-0.22631291234127726,0.004949645395115887
2025-01-22,-0.008763380914503571,-0.11806716692694108,-0.00709973711522327,0.034580333596779034,-0.26335058174401116,-0.027805807532134352
2025-01-23,-0.014423008870311449,0.0,-0.017400514680167234,-0.00044732722732065966,-0.8108785466438002,0.012854280676318552
2025-01-24,-0.000800000042667115,-0.018065007397638944,0.0011440921606444832,-0.0022396425935047315,-0.3488934838484168,0.00040043603569461794
2025-01-27,-0.01966658212897432,-0.0344404899802917,-0.018076256560981996,0.033946393719589185,-0.32198840189501876,-0.028814195188558323
2025-01-28,0.008668617197945316,-0.08725644499722818,0.00914306800684539,0.028206998262010008,-0.1828482499294477,-0.01953345124792616
2025-01-29,-0.01645288320340743,-0.005899722127188367,-0.012771895213458784,-0.005493358416107874,-0.08722126741030145,0.008785237901308918
2025-01-30,0.002191181375199136,-0.08004270767353616,0.005180016762738937,-0.01623273576181894,0.11894208236316928,0.017615134372629626
2025-01-31,-0.0035631118963257435,-0.06283057879241505,-0.00401217130463305,0.023410305102356976,-0.1245254555354407,-0.0009553488887110717
2025-02-03,0.009292223188023918,0.11892004544345847,-0.008072960511094074,0.03594685729321656,0.059489759471964554,-0.02633247994642751
2025-02-04,-0.006550241760717945,-0.015267472130788384,0.0011759327153733068,-0.008150004361924479,0.0922427852063814,0.01920688454776709
2025-02-05,-0.02284943277234408,-0.00927363678532922,-0.024721994061438046,0.023054610586133117,0.18614800832853096,-0.006530560369307992
2025-02-06,-0.005900550977477437,0.02756682983265457,-0.0022780579365972997,0.012713719124056166,-0.0968226494111537,0.010465051674165338
2025-02-07,0.004919540458047322,0.003016593539425516,0.001876424622409445,0.016833437222569136,-0.10257978669503132,-0.017921378913866803
2025-02-10,0.01957716117150987,0.047067510857985884,0.020542767326659828,0.019223967638497208,0.27098440679630453,-0.009364085844758563
2025-02-11,0.0128417065282731,0.04769487380801718,0.01845646359451436,0.043954933983034405,0.12337905063631638,-0.024870935975608965
2025-02-12,-0.026826011957790108,0.08403892710469907,-0.029669561755707008,-0.022853925004152065,0.0527293994036695,0.003721180185563888
2025-02-13,-0.0008369368601242044,0.10963348935794515,0.0030465617311890014,-0.04616497764209859,-0.2891075535830101,0.03244113902347401
2025-02-14,-0.008548857333698479,0.03765671943800486,-0.005570306180242568,-0.005874307082173513,0.09801455455469554,0.011004713611868056
2025-02-19,0.00511086132183447,0.11081436634029007,-0.0015706809511835118,-0.0007843137656960986,0.31593902333008383,0.00499984225987582
2025-02-20,0.004124851166777965,-0.24078069280031666,0.00795881296780454,-0.0023566389539956267,0.13291438795157262,-0.0030462561355060203
2025-02-21,-0.030085834622314955,-0.23793207984855536,-0.027269028115551208,-0.02226732161871503,-0.42047156260166574,-0.02973536627232054
2025-02-24,0.004796172263493048,-0.1377324005803049,0.00013353809193894506,-0.0008045052726756152,-0.4308665197996735,-0.023783640791956273
2025-02-25,-0.027246532482113395,0.005167970158442614,-0.024055213956051702,-0.1626372937045769,-0.2058611852557224,-0.02589203469092638
2025-02-26,-0.004057388554159935,0.005141399500418586,0.005184186235555721,-0.010949883269586458,-0.07416114882687364,0.0018198808754785745
2025-02-27,0.025092720943632685,0.0025608208616738626,0.020472095440765337,0.007154812301034763,0.02616061987975815,-0.03264922323825559
2025-02-28,-0.009246811742435135,0.0,-0.003338455394183093,-0.02113431207397365,0.020931163816968912,-0.004468439718246842
2025-03-03,-0.019336821837261375,-0.028536307264934502,-0.025880449946148687,0.10366004154467834,0.3762446536762498,-0.04392354704662349
2025-03-04,-0.0023340637875719494,0.14432816035473994,-0.007440100454353171,-0.006145761222746793,-0.2958976633165866,0.0017860899894230897
2025-03-05,-0.027991460986092953,0.0022753138371356396,-0.01940995098085274,-0.0030871027824849184,0.100528271116465,0.025955299594532022
2025-03-06,0.0006006006186547452,-0.0022753138371356396,0.002253522080443382,-0.053527516132429676,0.11102322796430553,-0.01704638014277826
2025-03-07,0.010006804434693706,0.0,0.019642618026335157,-0.008893107990406657,0.08840078054333844,0.023088232486299987
2025-03-10,-0.014670921819450733,-0.037127234028893286,-0.019642618026335157,-0.0471694753744224,-0.09021073373864663,-0.0333626983687374
2025-03-11,0.0031619389439505596,0.07731121184792666,0.006031296773853612,0.005896822984030048,-0.17918222044420418,-0.00028910469733656186
2025-03-12,0.016844700292070414,-0.08920195836944833,0.011816360466790243,0.04736594520605242,0.051616202750965456,0.0035161411192925485
2025-03-13,-0.012344917688187351,-0.07190208890631,-0.021512213843337236,0.04834502728249124,0.10084347686865858,-0.016400087643863692
2025-03-14,0.009087585817880495,0.0,0.015690991583720226,0.018964184654178373,-0.015416837657300952,0.020321456257637927
2025-03-17,0.006061968737157031,0.064699176612252,-0.0001390143882131767,0.013452144707788771,-0.022935508883494826,0.019072316794768618
2025-03-18,-0.005172552728332391,0.004807701568103173,0.0,0.00043094161408152587,0.04843156620147582,-0.010990677278345906
2025-03-19,-0.00133442083705404,0.009546611883579859,0.0001390143882131767,0.0012917116973646392,-0.04371667063253515,0.013930164346033003
2025-03-20,0.016918388090061853,0.004739345363896641,0.00927021512467796,0.029257969936571482,0.07989421118070705,-0.011990951575586273
2025-03-21,-0.0004377325524034248,-0.07356256717701681,0.0004130809008824343,0.009151478178299866,-0.026198877794943343,0.006821923459023438
2025-03-24,0.013625373860008061,0.025126950077421828,0.018008672225885647,0.0074257766968494066,-0.006913383359520964,0.021899148403162094
2025-03-25,0.00028789405697704495,-0.02258565264874912,-0.0024367143503942756,0.0016427108416836589,0.1446924214000882,0.004632710152439046
2025-03-26,0.008170331410111586,-0.023107575010149706,0.011052815041185937,0.03150502890863349,-0.01655610890177961,-0.026557514382681724
2025-03-27,0.003562526033602964,0.007762005335489208,0.001607286710871847,0.022411002823670367,-0.1163715051287939,-0.0032121730326677422
2025-03-28,-0.007997757569113695,0.0025740039951729354,-0.0004015795516121301,0.07704743795677904,-0.2366365410215039,-0.029145009558122936
2025-03-31,0.030084890232846107,0.05501387087778831,0.03344176821219769,0.03814021601952722,0.2291474039144994,-0.006727049125550444
2025-04-01,-0.0036242024615029678,-0.03717900324175405,0.007096346146428623,0.006217636610870381,-0.09834055886532589,0.01774310465691542
2025-04-02,0.007096669316267956,0.020000666706669445,-0.006578546782108674,-0.036469679781391484,-0.016271066923156496,0.0018068271540281344
2025-04-03,-0.06724137558862608,0.041217955721231325,-0.0631676480907366,-0.07218674197582786,0.1532695830661659,-0.0599740473100665
2025-04-04,-0.07720428590385708,-0.041217955721231325,-0.05935027560736561,-0.034762336367136215,-0.10111214041735384,-0.05995987531116409
2025-04-07,-0.022192536285920106,-0.017478597273959506,-0.033165356560819426,0.004758137446416955,0.20815367787643346,-0.00041302809178134225
2025-04-08,-0.016682193791452526,-0.03069294639940634,-0.019391400807399428,-0.024425638737391342,0.2362025623169437,-0.05694840765180409
2025-04-09,0.04223338977206037,-0.11843259722517896,0.036929135771510246,0.029161243483225574,-0.027273000285598314,0.1136477012236945
2025-04-10,-0.03344467554446506,0.07869226857566503,-0.029096799026043563,-0.11370670950505335,-0.3112908810522912,-0.059832054143234004
2025-04-11,0.021881996538284376,-0.0728613482648719,0.022088643898340088,0.01705705032147542,0.07168785221524487,0.017982561165651667
2025-04-14,0.0012913641826877154,0.0370941244062406,0.005223502661168666,0.007345031941404789,-0.053947195417544336,0.025234219190227947
2025-04-15,-0.004041062639815074,-0.0877756108823855,-0.00897135203726851,-0.030153038170687485,0.037330097411489405,-0.015570630982895572
2025-04-16,0.018296129046937892,-0.006134988567515931,0.020220730585559288,0.0323031142516067,-0.06878307093524416,-0.023451661035049476
2025-04-23,-0.030810359106007823,0.0,-0.009767553418999597,-0.020478531343540718,-0.20226707619758866,0.006110532005270564
2025-04-24,0.014422945952914823,-0.08352097204986131,-0.01119634560007654,0.011570731190667871,0.12287929133123043,0.042120756240920265
2025-04-25,0.004709584843085146,-0.05736339487992026,-0.007584243358308207,0.007640105075010006,0.022375849819399996,0.022740438522331985
2025-04-28,-0.008651253328417319,0.0882406334443594,-0.01292085283360489,0.004640379556501983,-0.0578746082750774,0.009632109101613828
2025-04-29,-0.023334924870964002,0.06854231955322021,-0.03211461355805678,-0.01355952978563224,0.05074411738055851,-0.0033444847228469854
2025-04-30,-0.0377341084778573,-0.015898586067798037,-0.010517324793088534,-0.018515060661537297,0.003673458139912711,-0.019974468936425183
2025-05-07,-0.016689305924064257,0.03195159980660245,-0.03358646307513613,-0.01659621172340764,-0.03777307817276743,0.00035824021767272285
2025-05-08,0.030332979390374604,0.015600940442479505,0.0311785640065958,0.04937308461729917,-0.08258591936139847,0.03330073752690055
2025-05-09,0.018120541113194832,-0.0031007776782481233,0.03226086221822122,0.03661736323822329,-0.20917918703501037,0.027986533500983235
2025-05-12,0.01511684447477979,-0.009360442759563714,0.01574835696813892,-0.00940740710189547,0.281001590856901,0.051145572989837795
2025-05-13,0.026801230226744188,0.024769068112408865,0.024961586456699436,0.011652076955719348,0.06290938482387354,0.03875752192801496
2025-05-14,-0.008647367041182186,0.01215820447980942,-0.015357122047921834,-0.029581224017574348,0.016511323033702396,0.007715486867374111
2025-05-19,0.0021905813798186458,-0.0167508104248153,0.015975995933724008,0.019079799034979916,-0.6047586690273068,-0.02071990116672584
2025-05-20,-0.0001563110593263417,0.06221318450157276,0.010211832246219466,0.00777577071101665,-0.12014871105937974,0.010048192228481412
2025-05-21,-0.0163912259232033,0.015748356968139143,-0.016116020164332667,-0.0061337342172722575,0.12731118731840407,-0.0331302173144028
2025-05-22,-0.006056760625922308,-0.06453852113757108,-0.015146009723253862,0.025512620836402045,-0.08925377097049036,-0.027453140527539333
2025-05-23,0.005420931642492022,-0.023609865639133698,0.00828988474815695,0.004388596710470316,-0.09708229194706242,-0.0020815315544613355
2025-05-28,0.01498215700321559,-0.0349797188960268,0.02153266829835676,-0.013652089168327386,0.25620709308257084,-0.006722548240677639
2025-06-02,0.029024726456454708,0.04779066383634856,0.0340829199704098,0.019149995137055842,-0.09663463941050399,-0.014741531036893463
2025-06-03,0.013033080767830718,-0.05480823649499511,0.013877712836646516,0.006594879914492036,-0.08516933742160226,0.04066193246508565
2025-06-04,-0.008302702978306264,-0.014184634991956546,-0.01177624103355246,-0.03523218361967795,0.40988329913293686,0.004251404081171195
2025-06-05,0.0076784832326941554,0.0212022076506031,0.006724974907673875,0.008137477092084455,0.07781978304267412,-0.014822771948125535
2025-06-06,0.019171892101373267,-0.06500483030899584,0.01302178802716103,0.017407268371903983,-0.07738595152791294,0.018885231649056422
2025-06-09,0.01051117911294508,0.15521621002929642,0.010384005554464615,0.007493973797408238,-0.22443358039096406,0.024582405147087094
2025-06-10,-0.005013303321883988,-0.11499140871878755,-0.004666772360607752,-0.004401415556210764,0.07122849747096538,0.020613451279712258
2025-06-11,0.04831139329567069,-0.02173998663640586,0.04123705235663078,0.0008818342723128092,0.16033626929387168,-0.003437433963811465
2025-06-16,-0.01790032081927606,0.09015109699429746,-0.012578782206859707,-0.010537505302785743,-0.2037150042902196,0.023991815866499344
2025-06-17,0.04172052908746604,0.0,0.047488597343885885,0.029641076296467617,0.26825277123870706,-0.05102145896280774
2025-06-18,0.0035641249530344865,0.16784952418542032,-0.004074362651872221,-0.015754886407750135,0.11542080686271028,0.011677133336317702
2025-06-23,-0.08773199386883501,0.124591877585714,-0.05737511232726966,-0.04236322267018888,1.6552494406119314,0.008060000085778007
2025-06-24,-0.058023840116377734,-0.058840500022933506,-0.07266037491193256,-0.057763466044158274,0.060309044941491585,0.019130027531825355
2025-06-25,0.008065173444526508,-0.012195273093818404,-0.010615965328668153,0.010386185033147144,-0.13549312642278277,-0.005658123872196441
2025-06-30,-0.005415175687777385,0.009245058144051077,-0.0177433392546682,-0.004504512121104698,0.33430181630360334,0.0031363396101182772
2025-07-01,0.0051151006667709,-0.03750439545845419,-0.007659486555692929,0.02232235543789851,-0.25003489815111735,0.002054347533597678
2025-07-02,0.029861790170958358,-0.012820688429061367,0.045807329112824924,-0.003981425299185104,-0.08446998381793769,0.025124808950726774
2025-07-03,-0.0077491432439691366,0.04417121831313753,-0.005381686972767419,-0.00044336068117067917,0.1387738305793551,0.029114235734593485
2025-07-08,0.005623257554361771,-0.012422519998557258,0.007615128527252324,0.011158914075419357,-0.0375216940182268,0.005041762688665408
2025-07-09,0.0008623168111236978,-0.03822121282019775,-0.007198259209744151,-0.029012643261574156,-0.058927574604068056,0.014266531176414965
2025-07-14,-0.020897582421894434,-0.003110422414392522,-0.015382767318623536,-0.01137668698210792,0.029710724663734922,0.0012105073503336783
2025-07-15,-0.006325876188761903,0.030677252247047093,-0.009771372797217737,-0.005967426475864457,0.1571520236009336,0.010937916673760206
2025-07-16,-0.009341012393139003,0.03269236168554235,-0.008575156162078379,0.00275862243907965,0.10246799109366211,-0.006548383036086847
2025-07-17,0.02399114256398871,0.028820438535491766,0.02340698395291163,0.0018348629001103678,0.2589765373762969,0.025748041942954103
2025-07-18,-0.0033505749169169263,-0.005698021114637575,-0.0036522024020584354,-0.005975655566141769,-0.5879193258152098,0.01917302298000667
2025-07-21,-0.0020449904877271052,0.0,0.012029799570484556,0.009178586695988589,-0.0939668637580846,-0.0020539913324570946
2025-07-22,-0.012210523170405274,-0.10219094089654734,-0.03149755471293769,-0.027792432629383468,-0.1761801178038631,0.024435182888881357
2025-07-23,-0.02260406097126566,-0.025642430613337597,-0.007489592837933934,0.023213670051140278,0.16814075021327213,-0.010041649874595215
2025-07-28,0.021313870403922408,0.00643089033029054,0.02341291813223023,0.05666596258914913,0.07139217638429063,-0.0007022762299619956
2025-07-29,0.03563528850835507,-0.012903404835908017,0.03248481083638666,0.040592792407066036,0.37749999134998635,-0.023287005468943356
2025-07-30,0.011601714737285995,-0.033006296468170104,0.010462762745756748,0.010942870138901717,-0.08590561414004494,-0.007301936457640323
2025-07-31,-0.010321760072034891,0.0033500868852820442,-0.007462214940789025,-0.021151380741630477,-1.1390011996000355,-0.015934025489487524
2025-08-01,-0.028398304759352122,0.0033389012655147265,-0.04001089316469564,-0.05899597870323259,-0.43281970726369057,-0.010072857137482849
2025-08-04,-0.015620712552815164,-0.03735578654376903,-0.014131988812740914,0.0018124155391707752,0.14393500811759452,-0.004580378163231202
2025-08-05,-0.016925439614227322,0.03066679839297226,-0.006056254992603982,-0.0009057971633809059,-0.03895775426251369,0.00021963540611036336
2025-08-06,-0.01246406164689784,0.013333530869465315,-0.01706700313493137,-0.0031767669103289764,0.01977981906687365,-0.013932113896869325
2025-08-11,0.001384935206361071,0.006578971098042619,0.002824650655298022,0.0013006721972410595,0.37479471941751186,0.0022147441470696805
2025-08-12,-0.012534013219692497,-0.040139167590344194,-0.008348289391470587,-0.013961832381768624,0.08746950122689867,0.02457305061030368
2025-08-13,-0.008444147125240775,0.006802747322752323,-0.008267615676269102,0.001317233999462819,-0.10243672268748139,0.019863623741599667
2025-08-14,0.02036287037013018,-0.059354242649182876,0.027835390928156123,0.030678577892520376,0.01284271194579123,-0.013661072210909175
2025-08-15,-0.01879375032434627,0.06947237281476748,-0.012110619143805401,-0.01673499686382396,0.003639257979318522,0.018214908401134267
2025-08-18,0.011380588962238924,-0.006734032181344052,0.01299103005907476,0.0034557269811509306,0.12890967752236993,0.0212913114091009
2025-08-19,-0.017671896281375332,-0.030877238564439136,-0.023146433944223332,-0.003023107463263619,-0.5607558069784462,-0.01906335793464997
2025-08-20,0.01269908106091222,-0.0246926125903717,0.014751068337052864,0.016302377345936647,0.04221825505181087,-0.010668922345879572
2025-08-27,0.013896702676209571,0.021053409197832273,0.012774980629493449,-0.006800177319064571,-0.017648560799778057,0.001240769436132716
2025-08-28,0.007261522831136347,0.006920442844573715,0.012613836942989565,0.004161155994809818,0.013997357573960034,0.010108734148287724
2025-08-29,-0.009279373729239815,-0.006920442844573715,-0.01143372174481172,-0.00795910966756852,0.04470954076397593,-0.018181229239173646
2025-09-03,-0.024404557039140684,0.10536051565782634,-0.004858309151075879,-0.10034168454588355,0.0062931008278912515,0.001887799633158771
2025-09-08,0.006088786636561316,0.016260520871780315,0.007977949648101834,0.033064155119501004,-0.2849389695407387,-0.012207659120148762
2025-09-09,0.00589314439459887,0.00643089033029054,0.03793273906405492,0.011686926941907316,0.09018589377484787,-0.01408086515509499
2025-09-10,0.016380898653260978,-0.07657649969705038,-0.005162634078806683,-0.0015503879074550975,0.09532571077427576,0.012116168291480989
2025-09-11,-0.020518396598983024,-0.02807201877868626,-0.005486778797791914,-0.042390977510522565,0.201500078919449,0.01929643135573489
2025-09-12,0.004931211774199085,0.017637141486106733,0.009177092233718653,0.03107819838750525,-0.05067099695333077,-0.00017899939386900598
2025-09-15,0.010104285524818124,0.04779066383634856,0.00014732965035868517,0.024797861144497113,0.31236811101732886,0.01631569972828295
2025-09-16,0.019137106779131052,0.023065272930995917,0.02631539508440195,-0.004218606448161966,-0.2423008664600106,0.014492725738416645
2025-09-17,-0.007424628074278239,0.03834335519764753,-0.007200491939707732,-0.006554872129921008,-0.018506392166082186,0.01692508440753482
2025-09-22,-0.0004761526952909989,0.0034542348680874913,-0.002688173661800519,0.03666398437159146,-0.17319673514639078,0.024833124858827382
2025-09-23,0.012150050848122262,-0.013889112160667016,0.01616886073784407,0.009950330853167988,0.3587759809381623,-0.016693608986659392
2025-09-24,0.025396223981193344,0.006968669316093301,0.024419818096256485,0.0039525743158234095,-0.1657569892781341,0.0018605674624154744
2025-09-25,0.0016805442806324677,0.034133006369458485,0.011989866727936338,0.004329863092068176,0.07704589973725362,-0.0016232437426220159
2025-09-26,0.0149991449180229,-0.02721256352488477,0.009461342907937542,-0.01384241995976665,0.03272495694998412,0.001987655313077319
2025-09-29,-0.03410898827861342,0.010291686036547842,-0.03068381993860214,-0.002392345638619897,0.16682157073878745,0.0017109578254661528
2025-09-30,-0.017263454472585593,0.06283057879241505,-0.0069808311413401825,0.005176201085327237,-0.20218786499380936,-0.002494606936581434
2025-10-01,-0.009223983973999594,0.03774032798284699,-0.027370596825950777,-0.03146689631704491,-0.3316422716637559,0.028611375496630842
2025-10-06,0.013533314330637758,0.0399438661316438,0.014412499888226016,0.04202127509573739,0.5651753868165308,0.017206831468739026
2025-10-07,0.00047996161228525125,0.0,0.00014904240283897252,0.0003994407882148554,-0.20667338002358626,-0.022849219064731585
2025-10-08,0.013504057782149914,0.008995562908578059,0.004757665828278412,0.0007984032360244253,-0.36725813149332076,0.013863055707585836
2025-10-09,-0.016066519145850222,-0.030305349495328926,-0.002822133324968945,-0.06129823251988242,-0.050156633330363576,0.004032861897911744
2025-10-10,-0.04275485337795537,-0.11394425934921792,-0.04285067592214631,-0.02448050101889021,-0.1320180779319884,-0.0385595501162852
2025-10-15,-0.007419932861657763,-0.01423511582187209,-0.010691875570773668,0.007735320048420591,-0.1534742345784732,0.025070289541969437
2025-10-20,0.0006858710831290082,0.12071374740446428,-0.008528836347520219,-0.05763676830972553,0.13042594456968093,0.01937574138937581
2025-10-21,0.005470099109730064,0.09257003499345728,0.00476543503096849,0.02504265051472032,0.03853098389557896,-0.019762403241596616
2025-10-22,0.010851242454374521,0.05053080864721604,0.020766482792486052,0.014821948049207445,0.023940817849755547,-0.030179118353524714
2025-10-23,0.05159678964355141,-0.03240342405465935,0.06285116386124212,0.008697697312391117,0.10670523770009677,0.02007307185295648
2025-10-24,-0.0027263267628709897,-0.03969986984668461,-0.007871672495768145,-0.002738477293303565,0.1158381190015918,0.02481108927856468
2025-10-27,-0.0022508048087575006,0.027651531330510126,-0.004264398786457235,0.03591050130577067,-0.055602062684986464,0.00014911154399488424
2025-10-28,-0.018847024155878245,0.041549002912872446,-0.023003716014103226,0.0,0.03771786970534574,-0.004233460572368841
2025-10-29,0.004745161484904337,-0.023530497410194195,0.015189380685666443,0.06816948733174621,-0.06499312051968609,0.016205509931968898
2025-11-03,0.0006475635648017786,-0.05765285142727716,0.005334158803414368,0.018053865556429405,0.06539784366594503,0.000263023788729555
2025-11-04,-0.0066574898812978844,-0.005952398527295344,-0.011465385858350885,0.0007776050158545544,-0.09324319102959411,-0.04535993585589715
2025-11-05,-0.016094944250821364,0.04665569164079919,-0.023332836398185286,0.07449654802804972,-0.16206612611676885,0.05946145725038665
2025-11-06,-0.0026525214491313065,0.055415839141569556,-0.002048051129429851,0.013971210596738004,0.1313456399563977,-0.031009215850644978
2025-11-07,0.004967720101935136,0.013387080782459204,0.004876907329907532,-0.006066031089624779,-0.04071198302378676,-0.0007358229005678396
2025-11-10,0.006585469963989787,0.010582109330536937,-0.011205041087883671,-0.11519155035815365,0.4316521556781501,0.030707273744260632
2025-11-18,0.01391526095984208,-0.002699056969164948,0.02655991149173076,0.00524018666355619,0.15251298405887503,0.00010776055614858393
2025-11-19,-0.020365295725324195,0.06284790365966364,-0.016791439297260347,-0.026927250391787783,0.044825688690751875,0.005676898511548956
2025-11-20,-0.0033239186328826165,0.007585371389256634,-0.0021974581123256343,-0.050469425689151914,-0.008917810853830588,-0.04132510623208496
2025-11-21,-0.020348806056743385,0.03951131227384219,-0.01360565205577835,-0.01804417428131644,-0.11450379478464079,0.012465714696828556
2025-11-24,0.004238372030950899,0.004830927269665608,0.03213190777309727,-0.0028790806835663485,-0.21195081722888354,0.025836917424673977
2025-11-25,-0.014656022390467704,-0.007255170881171891,-0.013041638035535819,-0.022844249785129334,-0.09581430502602206,0.015392302185685658
2025-11-26,0.009567816026054388,0.10802686071101864,0.012733091288255949,0.01947481218096747,-0.19037323990361,0.024582477020256732
2025-12-02,-0.011160075246637646,-0.0504647939259093,-0.013324125325942404,-0.02146117437482642,0.10674825680369704,0.008783770436210148
2025-12-03,0.004749796885718638,0.006191970247921175,0.00597862070311006,-0.03280745966282239,-0.07260076265646553,0.014639306837432642
2025-12-04,0.012278347844218551,0.006153865574378026,0.0062549070231092685,0.001638896843209947,0.007462058628478374,0.022622677615132147
2025-12-05,0.006830513853827824,0.05954139369101674,0.004200052841407675,0.00218102594636016,0.20339204704679847,0.0005945597955463455
2025-12-08,-0.019955386763412797,0.0,-0.01753881475292207,-0.021470684396876716,0.12832492732044898,-0.00942229487965296
2025-12-09,-0.010899290458035615,-0.08648602893446866,-0.010800613251871205,-0.01175496323144365,0.17873520619567973,-0.0022525726384863276
2025-12-10,0.0046126331035871715,-0.02985296314968111,0.007952960639359574,-0.02450963383650928,-0.4378781475981084,0.0044169315015025745
2025-12-15,-0.011171350251987455,-0.04266644631890304,-0.009057153940749352,-0.01552201327786118,0.6552789263301335,-0.010322737922682457
2025-12-16,-0.027223458610656337,-0.08561375272299165,-0.026672638160368578,-0.0258230311104799,-0.5329840838393869,-0.005449977185058685
2025-12-17,0.011299555253933669,0.022100347000665987,0.011282681493099744,-0.005963046888246448,-0.4685429761905171,-0.028726571936289247
2025-12-18,0.0026716553428043355,0.055791359628415416,0.0013190438845702701,0.016019328027285118,-0.12788019036824405,0.0350451147654276
2025-12-19,0.01026376024872011,-0.0778917066290814,0.010816231309156876,0.03640968482419282,-0.059001045293493704,0.029834938311453563
2025-12-22,0.024005327339949645,0.024828861653869883,0.014081320312570256,0.02853340425872619,0.20354751109508484,0.018823083856207568
2025-12-23,0.006339436976670498,-0.08231595257155155,0.023508071108626183,0.00878643763601461,-0.3015815425166988,-0.013845571230825193
2025-12-24,0.0028992942625345464,-0.020927520105955777,0.0,-0.01876434746848643,-0.3109864883249003,0.00344663801946421
2025-12-30,-0.0017289077612270276,0.011428695823622936,-0.012759343753760533,0.008893888531516736,0.2168085726995992,-0.015719341998409853
2025-12-31,-0.00921345065971746,-0.09531017980432499,-0.015366254636486332,0.10147916894985387,-0.11227657879424946,-0.007198027265563844
